ISO-10303-21;
HEADER;
/* Generated by software containing ST-Developer
 * from STEP Tools, Inc. (www.steptools.com) 
 */

FILE_DESCRIPTION(
/* description */ (''),
/* implementation_level */ '2;1');

FILE_NAME(
/* name */ 'AssemblyCaseOBD.step',
/* time_stamp */ '2026-08-04T16:01:50+02:00',
/* author */ (''),
/* organization */ (''),
/* preprocessor_version */ 'ST-DEVELOPER v20.1',
/* originating_system */ 'Autodesk Translation Framework v15.8.0.0',
/* authorisation */ '');

FILE_SCHEMA (('AUTOMOTIVE_DESIGN { 1 0 10303 214 3 1 1 }'));
ENDSEC;

DATA;
#10=MECHANICAL_DESIGN_GEOMETRIC_PRESENTATION_REPRESENTATION('',(#421,#422,
#423),#9863);
#11=ITEM_DEFINED_TRANSFORMATION($,$,#5139,#5330);
#12=ITEM_DEFINED_TRANSFORMATION($,$,#5174,#5331);
#13=ITEM_DEFINED_TRANSFORMATION($,$,#5209,#5332);
#14=(
REPRESENTATION_RELATIONSHIP($,$,#9880,#9879)
REPRESENTATION_RELATIONSHIP_WITH_TRANSFORMATION(#11)
SHAPE_REPRESENTATION_RELATIONSHIP()
);
#15=(
REPRESENTATION_RELATIONSHIP($,$,#9881,#9879)
REPRESENTATION_RELATIONSHIP_WITH_TRANSFORMATION(#12)
SHAPE_REPRESENTATION_RELATIONSHIP()
);
#16=(
REPRESENTATION_RELATIONSHIP($,$,#9882,#9879)
REPRESENTATION_RELATIONSHIP_WITH_TRANSFORMATION(#13)
SHAPE_REPRESENTATION_RELATIONSHIP()
);
#17=CONTEXT_DEPENDENT_SHAPE_REPRESENTATION(#14,#9876);
#18=CONTEXT_DEPENDENT_SHAPE_REPRESENTATION(#15,#9877);
#19=CONTEXT_DEPENDENT_SHAPE_REPRESENTATION(#16,#9878);
#20=NEXT_ASSEMBLY_USAGE_OCCURRENCE('ESPBlock v3:1','ESPBlock v3:1',
'ESPBlock v3:1',#9884,#9885,'ESPBlock v3:1');
#21=NEXT_ASSEMBLY_USAGE_OCCURRENCE('MAX485 Block v1:1',
'MAX485 Block v1:1','MAX485 Block v1:1',#9884,#9886,'MAX485 Block v1:1');
#22=NEXT_ASSEMBLY_USAGE_OCCURRENCE('CaseOBDCar v4:1','CaseOBDCar v4:1',
'CaseOBDCar v4:1',#9884,#9887,'CaseOBDCar v4:1');
#23=SPHERICAL_SURFACE('',#5266,5.);
#24=SPHERICAL_SURFACE('',#5270,5.);
#25=SPHERICAL_SURFACE('',#5274,5.);
#26=SPHERICAL_SURFACE('',#5279,5.);
#27=SPHERICAL_SURFACE('',#5283,5.);
#28=SPHERICAL_SURFACE('',#5288,5.);
#29=SPHERICAL_SURFACE('',#5294,5.);
#30=SPHERICAL_SURFACE('',#5300,5.);
#31=B_SPLINE_CURVE_WITH_KNOTS('',3,(#6555,#6556,#6557,#6558,#6559),
 .UNSPECIFIED.,.F.,.F.,(4,1,4),(0.,0.163396283522652,0.306558120700729),
 .UNSPECIFIED.);
#32=B_SPLINE_CURVE_WITH_KNOTS('',3,(#6563,#6564,#6565,#6566,#6567),
 .UNSPECIFIED.,.F.,.F.,(4,1,4),(-0.306558120700729,-0.163396283522652,0.),
 .UNSPECIFIED.);
#33=B_SPLINE_CURVE_WITH_KNOTS('',3,(#6580,#6581,#6582,#6583,#6584),
 .UNSPECIFIED.,.F.,.F.,(4,1,4),(0.,0.134505614362509,0.271294519919361),
 .UNSPECIFIED.);
#34=B_SPLINE_CURVE_WITH_KNOTS('',3,(#6586,#6587,#6588,#6589,#6590),
 .UNSPECIFIED.,.F.,.F.,(4,1,4),(-0.271294519919361,-0.134505614362509,0.),
 .UNSPECIFIED.);
#35=B_SPLINE_CURVE_WITH_KNOTS('',3,(#6603,#6604,#6605,#6606,#6607),
 .UNSPECIFIED.,.F.,.F.,(4,1,4),(0.,0.138679128864697,0.273769819904358),
 .UNSPECIFIED.);
#36=B_SPLINE_CURVE_WITH_KNOTS('',3,(#6609,#6610,#6611,#6612,#6613),
 .UNSPECIFIED.,.F.,.F.,(4,1,4),(-0.273769819904358,-0.138679128864697,0.),
 .UNSPECIFIED.);
#37=B_SPLINE_CURVE_WITH_KNOTS('',3,(#6626,#6627,#6628,#6629,#6630),
 .UNSPECIFIED.,.F.,.F.,(4,1,4),(0.,0.146223284450344,0.318960518019508),
 .UNSPECIFIED.);
#38=B_SPLINE_CURVE_WITH_KNOTS('',3,(#6632,#6633,#6634,#6635,#6636),
 .UNSPECIFIED.,.F.,.F.,(4,1,4),(-0.318960518019508,-0.146223284450344,0.),
 .UNSPECIFIED.);
#39=B_SPLINE_CURVE_WITH_KNOTS('',3,(#6649,#6650,#6651,#6652,#6653),
 .UNSPECIFIED.,.F.,.F.,(4,1,4),(0.,0.114806319220736,0.218363325357027),
 .UNSPECIFIED.);
#40=B_SPLINE_CURVE_WITH_KNOTS('',3,(#6655,#6656,#6657,#6658,#6659),
 .UNSPECIFIED.,.F.,.F.,(4,1,4),(-0.218363325357027,-0.114806319220736,0.),
 .UNSPECIFIED.);
#41=B_SPLINE_CURVE_WITH_KNOTS('',3,(#6672,#6673,#6674,#6675,#6676),
 .UNSPECIFIED.,.F.,.F.,(4,1,4),(0.,0.0954796740791296,0.1878533027369),
 .UNSPECIFIED.);
#42=B_SPLINE_CURVE_WITH_KNOTS('',3,(#6678,#6679,#6680,#6681,#6682),
 .UNSPECIFIED.,.F.,.F.,(4,1,4),(-0.1878533027369,-0.0954796740791296,0.),
 .UNSPECIFIED.);
#43=B_SPLINE_CURVE_WITH_KNOTS('',3,(#6695,#6696,#6697,#6698,#6699),
 .UNSPECIFIED.,.F.,.F.,(4,1,4),(0.,0.0923318709990238,0.187211683013716),
 .UNSPECIFIED.);
#44=B_SPLINE_CURVE_WITH_KNOTS('',3,(#6701,#6702,#6703,#6704,#6705),
 .UNSPECIFIED.,.F.,.F.,(4,1,4),(-0.187211683013716,-0.0923318709990238,
0.),.UNSPECIFIED.);
#45=B_SPLINE_CURVE_WITH_KNOTS('',3,(#6718,#6719,#6720,#6721,#6722),
 .UNSPECIFIED.,.F.,.F.,(4,1,4),(0.,0.13292149632972,0.265526199845713),
 .UNSPECIFIED.);
#46=B_SPLINE_CURVE_WITH_KNOTS('',3,(#6724,#6725,#6726,#6727,#6728),
 .UNSPECIFIED.,.F.,.F.,(4,1,4),(-0.265526199845713,-0.13292149632972,0.),
 .UNSPECIFIED.);
#47=B_SPLINE_CURVE_WITH_KNOTS('',3,(#6740,#6741,#6742,#6743,#6744),
 .UNSPECIFIED.,.F.,.F.,(4,1,4),(0.,0.149568356751179,0.344687408446417),
 .UNSPECIFIED.);
#48=B_SPLINE_CURVE_WITH_KNOTS('',3,(#6745,#6746,#6747,#6748,#6749),
 .UNSPECIFIED.,.F.,.F.,(4,1,4),(-0.344687408446417,-0.149568356751179,0.),
 .UNSPECIFIED.);
#49=B_SPLINE_CURVE_WITH_KNOTS('',3,(#6762,#6763,#6764,#6765,#6766),
 .UNSPECIFIED.,.F.,.F.,(4,1,4),(0.,0.224450158964202,0.420003960197617),
 .UNSPECIFIED.);
#50=B_SPLINE_CURVE_WITH_KNOTS('',3,(#6770,#6771,#6772,#6773,#6774),
 .UNSPECIFIED.,.F.,.F.,(4,1,4),(-0.420003960197617,-0.224450158964202,0.),
 .UNSPECIFIED.);
#51=B_SPLINE_CURVE_WITH_KNOTS('',3,(#6787,#6788,#6789,#6790,#6791),
 .UNSPECIFIED.,.F.,.F.,(4,1,4),(0.,0.186042813046266,0.381264398692081),
 .UNSPECIFIED.);
#52=B_SPLINE_CURVE_WITH_KNOTS('',3,(#6793,#6794,#6795,#6796,#6797),
 .UNSPECIFIED.,.F.,.F.,(4,1,4),(-0.381264398692081,-0.186042813046266,0.),
 .UNSPECIFIED.);
#53=B_SPLINE_CURVE_WITH_KNOTS('',3,(#6810,#6811,#6812,#6813,#6814),
 .UNSPECIFIED.,.F.,.F.,(4,1,4),(0.,0.132685823402027,0.260703561164295),
 .UNSPECIFIED.);
#54=B_SPLINE_CURVE_WITH_KNOTS('',3,(#6816,#6817,#6818,#6819,#6820),
 .UNSPECIFIED.,.F.,.F.,(4,1,4),(-0.260703561164295,-0.132685823402027,0.),
 .UNSPECIFIED.);
#55=B_SPLINE_CURVE_WITH_KNOTS('',3,(#6833,#6834,#6835,#6836,#6837),
 .UNSPECIFIED.,.F.,.F.,(4,1,4),(0.,0.125987396913027,0.253292338097712),
 .UNSPECIFIED.);
#56=B_SPLINE_CURVE_WITH_KNOTS('',3,(#6839,#6840,#6841,#6842,#6843),
 .UNSPECIFIED.,.F.,.F.,(4,1,4),(-0.253292338097712,-0.125987396913027,0.),
 .UNSPECIFIED.);
#57=B_SPLINE_CURVE_WITH_KNOTS('',3,(#6856,#6857,#6858,#6859,#6860),
 .UNSPECIFIED.,.F.,.F.,(4,1,4),(0.,0.133640247415023,0.276524600852059),
 .UNSPECIFIED.);
#58=B_SPLINE_CURVE_WITH_KNOTS('',3,(#6862,#6863,#6864,#6865,#6866),
 .UNSPECIFIED.,.F.,.F.,(4,1,4),(-0.276524600852059,-0.133640247415023,0.),
 .UNSPECIFIED.);
#59=B_SPLINE_CURVE_WITH_KNOTS('',3,(#6879,#6880,#6881,#6882,#6883),
 .UNSPECIFIED.,.F.,.F.,(4,1,4),(0.,0.144914626222532,0.281009553387194),
 .UNSPECIFIED.);
#60=B_SPLINE_CURVE_WITH_KNOTS('',3,(#6885,#6886,#6887,#6888,#6889),
 .UNSPECIFIED.,.F.,.F.,(4,1,4),(-0.281009553387194,-0.144914626222532,0.),
 .UNSPECIFIED.);
#61=B_SPLINE_CURVE_WITH_KNOTS('',3,(#6902,#6903,#6904,#6905,#6906),
 .UNSPECIFIED.,.F.,.F.,(4,1,4),(0.,0.128948340356525,0.254550821891961),
 .UNSPECIFIED.);
#62=B_SPLINE_CURVE_WITH_KNOTS('',3,(#6908,#6909,#6910,#6911,#6912),
 .UNSPECIFIED.,.F.,.F.,(4,1,4),(-0.254550821891961,-0.128948340356525,0.),
 .UNSPECIFIED.);
#63=B_SPLINE_CURVE_WITH_KNOTS('',3,(#6925,#6926,#6927,#6928,#6929),
 .UNSPECIFIED.,.F.,.F.,(4,1,4),(0.,0.125813880290623,0.25260931735288),
 .UNSPECIFIED.);
#64=B_SPLINE_CURVE_WITH_KNOTS('',3,(#6931,#6932,#6933,#6934,#6935),
 .UNSPECIFIED.,.F.,.F.,(4,1,4),(-0.25260931735288,-0.125813880290623,0.),
 .UNSPECIFIED.);
#65=B_SPLINE_CURVE_WITH_KNOTS('',3,(#6948,#6949,#6950,#6951,#6952),
 .UNSPECIFIED.,.F.,.F.,(4,1,4),(0.,0.13478034614094,0.264026942768141),
 .UNSPECIFIED.);
#66=B_SPLINE_CURVE_WITH_KNOTS('',3,(#6954,#6955,#6956,#6957,#6958),
 .UNSPECIFIED.,.F.,.F.,(4,1,4),(-0.264026942768141,-0.13478034614094,0.),
 .UNSPECIFIED.);
#67=B_SPLINE_CURVE_WITH_KNOTS('',3,(#6971,#6972,#6973,#6974,#6975),
 .UNSPECIFIED.,.F.,.F.,(4,1,4),(0.,0.126706370691783,0.253794066094263),
 .UNSPECIFIED.);
#68=B_SPLINE_CURVE_WITH_KNOTS('',3,(#6977,#6978,#6979,#6980,#6981),
 .UNSPECIFIED.,.F.,.F.,(4,1,4),(-0.253794066094263,-0.126706370691783,0.),
 .UNSPECIFIED.);
#69=B_SPLINE_CURVE_WITH_KNOTS('',3,(#6993,#6994,#6995,#6996,#6997),
 .UNSPECIFIED.,.F.,.F.,(4,1,4),(0.,0.128799486392609,0.257837160948841),
 .UNSPECIFIED.);
#70=B_SPLINE_CURVE_WITH_KNOTS('',3,(#6998,#6999,#7000,#7001,#7002),
 .UNSPECIFIED.,.F.,.F.,(4,1,4),(-0.257837160948841,-0.128799486392609,0.),
 .UNSPECIFIED.);
#71=B_SPLINE_CURVE_WITH_KNOTS('',3,(#7019,#7020,#7021,#7022,#7023),
 .UNSPECIFIED.,.F.,.F.,(4,1,4),(0.,0.10289322640633,0.178861352984454),
 .UNSPECIFIED.);
#72=B_SPLINE_CURVE_WITH_KNOTS('',3,(#7025,#7026,#7027,#7028,#7029),
 .UNSPECIFIED.,.F.,.F.,(4,1,4),(0.,0.0843501436133767,0.164427164306191),
 .UNSPECIFIED.);
#73=B_SPLINE_CURVE_WITH_KNOTS('',3,(#7031,#7032,#7033,#7034,#7035),
 .UNSPECIFIED.,.F.,.F.,(4,1,4),(0.,0.102856926397657,0.209601239758494),
 .UNSPECIFIED.);
#74=B_SPLINE_CURVE_WITH_KNOTS('',3,(#7037,#7038,#7039,#7040,#7041),
 .UNSPECIFIED.,.F.,.F.,(4,1,4),(0.,0.11525973337161,0.241918867648667),
 .UNSPECIFIED.);
#75=B_SPLINE_CURVE_WITH_KNOTS('',3,(#7043,#7044,#7045,#7046,#7047),
 .UNSPECIFIED.,.F.,.F.,(4,1,4),(0.,0.107640896872147,0.204199488154567),
 .UNSPECIFIED.);
#76=B_SPLINE_CURVE_WITH_KNOTS('',3,(#7049,#7050,#7051,#7052,#7053),
 .UNSPECIFIED.,.F.,.F.,(4,1,4),(0.,0.0859448795488025,0.161363585149942),
 .UNSPECIFIED.);
#77=B_SPLINE_CURVE_WITH_KNOTS('',3,(#7055,#7056,#7057,#7058,#7059),
 .UNSPECIFIED.,.F.,.F.,(4,1,4),(0.,0.0674592578895477,0.129054523432206),
 .UNSPECIFIED.);
#78=B_SPLINE_CURVE_WITH_KNOTS('',3,(#7061,#7062,#7063,#7064,#7065),
 .UNSPECIFIED.,.F.,.F.,(4,1,4),(0.,0.061833092246103,0.129971734099676),
 .UNSPECIFIED.);
#79=B_SPLINE_CURVE_WITH_KNOTS('',3,(#7067,#7068,#7069,#7070,#7071),
 .UNSPECIFIED.,.F.,.F.,(4,1,4),(0.,0.0762002815957758,0.161828420643666),
 .UNSPECIFIED.);
#80=B_SPLINE_CURVE_WITH_KNOTS('',3,(#7081,#7082,#7083,#7084,#7085),
 .UNSPECIFIED.,.F.,.F.,(4,1,4),(0.,0.103535661499399,0.187266479713226),
 .UNSPECIFIED.);
#81=B_SPLINE_CURVE_WITH_KNOTS('',3,(#7087,#7088,#7089,#7090,#7091),
 .UNSPECIFIED.,.F.,.F.,(4,1,4),(0.,0.072775378727987,0.144876383018),
 .UNSPECIFIED.);
#82=B_SPLINE_CURVE_WITH_KNOTS('',3,(#7093,#7094,#7095,#7096,#7097),
 .UNSPECIFIED.,.F.,.F.,(4,1,4),(0.,0.0709337225182227,0.13908822595535),
 .UNSPECIFIED.);
#83=B_SPLINE_CURVE_WITH_KNOTS('',3,(#7099,#7100,#7101,#7102,#7103),
 .UNSPECIFIED.,.F.,.F.,(4,1,4),(0.,0.0628488669940735,0.126896629267644),
 .UNSPECIFIED.);
#84=B_SPLINE_CURVE_WITH_KNOTS('',3,(#7105,#7106,#7107,#7108,#7109),
 .UNSPECIFIED.,.F.,.F.,(4,1,4),(0.,0.0672545080527228,0.14066199929793),
 .UNSPECIFIED.);
#85=B_SPLINE_CURVE_WITH_KNOTS('',3,(#7111,#7112,#7113,#7114,#7115),
 .UNSPECIFIED.,.F.,.F.,(4,1,4),(0.,0.0879341605591503,0.168608124476617),
 .UNSPECIFIED.);
#86=B_SPLINE_CURVE_WITH_KNOTS('',3,(#7117,#7118,#7119,#7120,#7121),
 .UNSPECIFIED.,.F.,.F.,(4,1,4),(0.,0.0789086902441637,0.161329954756038),
 .UNSPECIFIED.);
#87=B_SPLINE_CURVE_WITH_KNOTS('',3,(#7123,#7124,#7125,#7126,#7127),
 .UNSPECIFIED.,.F.,.F.,(4,1,4),(0.,0.0681912655514869,0.134856435333338),
 .UNSPECIFIED.);
#88=B_SPLINE_CURVE_WITH_KNOTS('',3,(#7129,#7130,#7131,#7132,#7133),
 .UNSPECIFIED.,.F.,.F.,(4,1,4),(0.,0.0629151491600191,0.119349757804905),
 .UNSPECIFIED.);
#89=B_SPLINE_CURVE_WITH_KNOTS('',3,(#7135,#7136,#7137,#7138,#7139),
 .UNSPECIFIED.,.F.,.F.,(4,1,4),(0.,0.0569751134222384,0.120719612229166),
 .UNSPECIFIED.);
#90=B_SPLINE_CURVE_WITH_KNOTS('',3,(#7141,#7142,#7143,#7144,#7145),
 .UNSPECIFIED.,.F.,.F.,(4,1,4),(0.,0.0743083594460864,0.162487087227409),
 .UNSPECIFIED.);
#91=B_SPLINE_CURVE_WITH_KNOTS('',3,(#7167,#7168,#7169,#7170,#7171),
 .UNSPECIFIED.,.F.,.F.,(4,1,4),(0.,0.0756013925206473,0.12699066890258),
 .UNSPECIFIED.);
#92=B_SPLINE_CURVE_WITH_KNOTS('',3,(#7173,#7174,#7175,#7176,#7177),
 .UNSPECIFIED.,.F.,.F.,(4,1,4),(-0.12699066890258,-0.0756013925206473,0.),
 .UNSPECIFIED.);
#93=B_SPLINE_CURVE_WITH_KNOTS('',3,(#7190,#7191,#7192,#7193,#7194),
 .UNSPECIFIED.,.F.,.F.,(4,1,4),(0.,0.0485430696242338,0.0921562550911355),
 .UNSPECIFIED.);
#94=B_SPLINE_CURVE_WITH_KNOTS('',3,(#7196,#7197,#7198,#7199,#7200),
 .UNSPECIFIED.,.F.,.F.,(4,1,4),(-0.0921562550911355,-0.0485430696242338,
0.),.UNSPECIFIED.);
#95=B_SPLINE_CURVE_WITH_KNOTS('',3,(#7213,#7214,#7215,#7216,#7217),
 .UNSPECIFIED.,.F.,.F.,(4,1,4),(0.,0.043663030850733,0.0921763927977131),
 .UNSPECIFIED.);
#96=B_SPLINE_CURVE_WITH_KNOTS('',3,(#7219,#7220,#7221,#7222,#7223),
 .UNSPECIFIED.,.F.,.F.,(4,1,4),(-0.0921763927977131,-0.043663030850733,
0.),.UNSPECIFIED.);
#97=B_SPLINE_CURVE_WITH_KNOTS('',3,(#7236,#7237,#7238,#7239,#7240),
 .UNSPECIFIED.,.F.,.F.,(4,1,4),(0.,0.0471900169200857,0.0917852039600494),
 .UNSPECIFIED.);
#98=B_SPLINE_CURVE_WITH_KNOTS('',3,(#7242,#7243,#7244,#7245,#7246),
 .UNSPECIFIED.,.F.,.F.,(4,1,4),(-0.0917852039600494,-0.0471900169200857,
0.),.UNSPECIFIED.);
#99=B_SPLINE_CURVE_WITH_KNOTS('',3,(#7259,#7260,#7261,#7262,#7263),
 .UNSPECIFIED.,.F.,.F.,(4,1,4),(0.,0.0430974430914114,0.0871028510687134),
 .UNSPECIFIED.);
#100=B_SPLINE_CURVE_WITH_KNOTS('',3,(#7265,#7266,#7267,#7268,#7269),
 .UNSPECIFIED.,.F.,.F.,(4,1,4),(-0.0871028510687134,-0.0430974430914114,
0.),.UNSPECIFIED.);
#101=B_SPLINE_CURVE_WITH_KNOTS('',3,(#7282,#7283,#7284,#7285,#7286),
 .UNSPECIFIED.,.F.,.F.,(4,1,4),(0.,0.0611045935420214,0.153087848321541),
 .UNSPECIFIED.);
#102=B_SPLINE_CURVE_WITH_KNOTS('',3,(#7288,#7289,#7290,#7291,#7292),
 .UNSPECIFIED.,.F.,.F.,(4,1,4),(-0.153087848321541,-0.0611045935420214,
0.),.UNSPECIFIED.);
#103=B_SPLINE_CURVE_WITH_KNOTS('',3,(#7323,#7324,#7325,#7326,#7327),
 .UNSPECIFIED.,.F.,.F.,(4,1,4),(0.,0.0545832536910691,0.0902342988430277),
 .UNSPECIFIED.);
#104=B_SPLINE_CURVE_WITH_KNOTS('',3,(#7329,#7330,#7331,#7332,#7333),
 .UNSPECIFIED.,.F.,.F.,(4,1,4),(-0.0902342988430277,-0.0545832536910691,
0.),.UNSPECIFIED.);
#105=B_SPLINE_CURVE_WITH_KNOTS('',3,(#7346,#7347,#7348,#7349,#7350),
 .UNSPECIFIED.,.F.,.F.,(4,1,4),(0.,0.0433471585419667,0.0814871099789325),
 .UNSPECIFIED.);
#106=B_SPLINE_CURVE_WITH_KNOTS('',3,(#7352,#7353,#7354,#7355,#7356),
 .UNSPECIFIED.,.F.,.F.,(4,1,4),(-0.0814871099789325,-0.0433471585419667,
0.),.UNSPECIFIED.);
#107=B_SPLINE_CURVE_WITH_KNOTS('',3,(#7369,#7370,#7371,#7372,#7373),
 .UNSPECIFIED.,.F.,.F.,(4,1,4),(0.,0.0364962866148891,0.0757396131864631),
 .UNSPECIFIED.);
#108=B_SPLINE_CURVE_WITH_KNOTS('',3,(#7375,#7376,#7377,#7378,#7379),
 .UNSPECIFIED.,.F.,.F.,(4,1,4),(-0.0757396131864631,-0.0364962866148891,
0.),.UNSPECIFIED.);
#109=B_SPLINE_CURVE_WITH_KNOTS('',3,(#7392,#7393,#7394,#7395,#7396),
 .UNSPECIFIED.,.F.,.F.,(4,1,4),(0.,0.0420143202228349,0.0872208501870875),
 .UNSPECIFIED.);
#110=B_SPLINE_CURVE_WITH_KNOTS('',3,(#7398,#7399,#7400,#7401,#7402),
 .UNSPECIFIED.,.F.,.F.,(4,1,4),(-0.0872208501870875,-0.0420143202228349,
0.),.UNSPECIFIED.);
#111=B_SPLINE_CURVE_WITH_KNOTS('',3,(#7415,#7416,#7417,#7418,#7419),
 .UNSPECIFIED.,.F.,.F.,(4,1,4),(0.,0.0527564762417992,0.102564818896448),
 .UNSPECIFIED.);
#112=B_SPLINE_CURVE_WITH_KNOTS('',3,(#7421,#7422,#7423,#7424,#7425),
 .UNSPECIFIED.,.F.,.F.,(4,1,4),(-0.102564818896448,-0.0527564762417992,
0.),.UNSPECIFIED.);
#113=B_SPLINE_CURVE_WITH_KNOTS('',3,(#7438,#7439,#7440,#7441,#7442),
 .UNSPECIFIED.,.F.,.F.,(4,1,4),(0.,0.0490219884901339,0.0997381997555373),
 .UNSPECIFIED.);
#114=B_SPLINE_CURVE_WITH_KNOTS('',3,(#7444,#7445,#7446,#7447,#7448),
 .UNSPECIFIED.,.F.,.F.,(4,1,4),(-0.0997381997555373,-0.0490219884901339,
0.),.UNSPECIFIED.);
#115=B_SPLINE_CURVE_WITH_KNOTS('',3,(#7461,#7462,#7463,#7464,#7465),
 .UNSPECIFIED.,.F.,.F.,(4,1,4),(0.,0.0632426252597424,0.147674237278588),
 .UNSPECIFIED.);
#116=B_SPLINE_CURVE_WITH_KNOTS('',3,(#7467,#7468,#7469,#7470,#7471),
 .UNSPECIFIED.,.F.,.F.,(4,1,4),(-0.147674237278588,-0.0632426252597424,
0.),.UNSPECIFIED.);
#117=B_SPLINE_CURVE_WITH_KNOTS('',3,(#7503,#7504,#7505,#7506,#7507),
 .UNSPECIFIED.,.F.,.F.,(4,1,4),(-0.187266479713226,-0.103535661499399,0.),
 .UNSPECIFIED.);
#118=B_SPLINE_CURVE_WITH_KNOTS('',3,(#7520,#7521,#7522,#7523,#7524),
 .UNSPECIFIED.,.F.,.F.,(4,1,4),(-0.144876383018,-0.072775378727987,0.),
 .UNSPECIFIED.);
#119=B_SPLINE_CURVE_WITH_KNOTS('',3,(#7537,#7538,#7539,#7540,#7541),
 .UNSPECIFIED.,.F.,.F.,(4,1,4),(-0.13908822595535,-0.0709337225182227,0.),
 .UNSPECIFIED.);
#120=B_SPLINE_CURVE_WITH_KNOTS('',3,(#7554,#7555,#7556,#7557,#7558),
 .UNSPECIFIED.,.F.,.F.,(4,1,4),(-0.126896629267644,-0.0628488669940735,
0.),.UNSPECIFIED.);
#121=B_SPLINE_CURVE_WITH_KNOTS('',3,(#7571,#7572,#7573,#7574,#7575),
 .UNSPECIFIED.,.F.,.F.,(4,1,4),(-0.14066199929793,-0.0672545080527228,0.),
 .UNSPECIFIED.);
#122=B_SPLINE_CURVE_WITH_KNOTS('',3,(#7588,#7589,#7590,#7591,#7592),
 .UNSPECIFIED.,.F.,.F.,(4,1,4),(-0.168608124476617,-0.0879341605591503,
0.),.UNSPECIFIED.);
#123=B_SPLINE_CURVE_WITH_KNOTS('',3,(#7605,#7606,#7607,#7608,#7609),
 .UNSPECIFIED.,.F.,.F.,(4,1,4),(-0.161329954756038,-0.0789086902441637,
0.),.UNSPECIFIED.);
#124=B_SPLINE_CURVE_WITH_KNOTS('',3,(#7622,#7623,#7624,#7625,#7626),
 .UNSPECIFIED.,.F.,.F.,(4,1,4),(-0.134856435333338,-0.0681912655514869,
0.),.UNSPECIFIED.);
#125=B_SPLINE_CURVE_WITH_KNOTS('',3,(#7639,#7640,#7641,#7642,#7643),
 .UNSPECIFIED.,.F.,.F.,(4,1,4),(-0.119349757804905,-0.0629151491600191,
0.),.UNSPECIFIED.);
#126=B_SPLINE_CURVE_WITH_KNOTS('',3,(#7656,#7657,#7658,#7659,#7660),
 .UNSPECIFIED.,.F.,.F.,(4,1,4),(-0.120719612229166,-0.0569751134222384,
0.),.UNSPECIFIED.);
#127=B_SPLINE_CURVE_WITH_KNOTS('',3,(#7673,#7674,#7675,#7676,#7677),
 .UNSPECIFIED.,.F.,.F.,(4,1,4),(-0.162487087227409,-0.0743083594460864,
0.),.UNSPECIFIED.);
#128=B_SPLINE_CURVE_WITH_KNOTS('',3,(#7704,#7705,#7706,#7707,#7708),
 .UNSPECIFIED.,.F.,.F.,(4,1,4),(0.,0.0883706675524386,0.156714751865207),
 .UNSPECIFIED.);
#129=B_SPLINE_CURVE_WITH_KNOTS('',3,(#7710,#7711,#7712,#7713,#7714),
 .UNSPECIFIED.,.F.,.F.,(4,1,4),(-0.156714751865207,-0.0883706675524386,
0.),.UNSPECIFIED.);
#130=B_SPLINE_CURVE_WITH_KNOTS('',3,(#7727,#7728,#7729,#7730,#7731),
 .UNSPECIFIED.,.F.,.F.,(4,1,4),(0.,0.0552089604273806,0.104323018280617),
 .UNSPECIFIED.);
#131=B_SPLINE_CURVE_WITH_KNOTS('',3,(#7733,#7734,#7735,#7736,#7737),
 .UNSPECIFIED.,.F.,.F.,(4,1,4),(-0.104323018280617,-0.0552089604273806,
0.),.UNSPECIFIED.);
#132=B_SPLINE_CURVE_WITH_KNOTS('',3,(#7750,#7751,#7752,#7753,#7754),
 .UNSPECIFIED.,.F.,.F.,(4,1,4),(0.,0.0692541262075916,0.147249536150757),
 .UNSPECIFIED.);
#133=B_SPLINE_CURVE_WITH_KNOTS('',3,(#7756,#7757,#7758,#7759,#7760),
 .UNSPECIFIED.,.F.,.F.,(4,1,4),(-0.147249536150757,-0.0692541262075916,
0.),.UNSPECIFIED.);
#134=B_SPLINE_CURVE_WITH_KNOTS('',3,(#7773,#7774,#7775,#7776,#7777),
 .UNSPECIFIED.,.F.,.F.,(4,1,4),(0.,0.090088747032926,0.195086221983945),
 .UNSPECIFIED.);
#135=B_SPLINE_CURVE_WITH_KNOTS('',3,(#7779,#7780,#7781,#7782,#7783),
 .UNSPECIFIED.,.F.,.F.,(4,1,4),(-0.195086221983945,-0.090088747032926,0.),
 .UNSPECIFIED.);
#136=B_SPLINE_CURVE_WITH_KNOTS('',3,(#7796,#7797,#7798,#7799,#7800),
 .UNSPECIFIED.,.F.,.F.,(4,1,4),(0.,0.139324019187302,0.248770968790276),
 .UNSPECIFIED.);
#137=B_SPLINE_CURVE_WITH_KNOTS('',3,(#7802,#7803,#7804,#7805,#7806),
 .UNSPECIFIED.,.F.,.F.,(4,1,4),(-0.248770968790276,-0.139324019187302,0.),
 .UNSPECIFIED.);
#138=B_SPLINE_CURVE_WITH_KNOTS('',3,(#7819,#7820,#7821,#7822,#7823),
 .UNSPECIFIED.,.F.,.F.,(4,1,4),(0.,0.0905661451445674,0.170888535210395),
 .UNSPECIFIED.);
#139=B_SPLINE_CURVE_WITH_KNOTS('',3,(#7825,#7826,#7827,#7828,#7829),
 .UNSPECIFIED.,.F.,.F.,(4,1,4),(-0.170888535210395,-0.0905661451445674,
0.),.UNSPECIFIED.);
#140=B_SPLINE_CURVE_WITH_KNOTS('',3,(#7842,#7843,#7844,#7845,#7846),
 .UNSPECIFIED.,.F.,.F.,(4,1,4),(0.,0.0710832013926428,0.173019254673955),
 .UNSPECIFIED.);
#141=B_SPLINE_CURVE_WITH_KNOTS('',3,(#7848,#7849,#7850,#7851,#7852),
 .UNSPECIFIED.,.F.,.F.,(4,1,4),(-0.173019254673955,-0.0710832013926428,
0.),.UNSPECIFIED.);
#142=B_SPLINE_CURVE_WITH_KNOTS('',3,(#7884,#7885,#7886,#7887,#7888),
 .UNSPECIFIED.,.F.,.F.,(4,1,4),(-0.178861352984454,-0.10289322640633,0.),
 .UNSPECIFIED.);
#143=B_SPLINE_CURVE_WITH_KNOTS('',3,(#7901,#7902,#7903,#7904,#7905),
 .UNSPECIFIED.,.F.,.F.,(4,1,4),(-0.164427164306191,-0.0843501436133767,
0.),.UNSPECIFIED.);
#144=B_SPLINE_CURVE_WITH_KNOTS('',3,(#7918,#7919,#7920,#7921,#7922),
 .UNSPECIFIED.,.F.,.F.,(4,1,4),(-0.209601239758494,-0.102856926397657,0.),
 .UNSPECIFIED.);
#145=B_SPLINE_CURVE_WITH_KNOTS('',3,(#7935,#7936,#7937,#7938,#7939),
 .UNSPECIFIED.,.F.,.F.,(4,1,4),(-0.241918867648667,-0.11525973337161,0.),
 .UNSPECIFIED.);
#146=B_SPLINE_CURVE_WITH_KNOTS('',3,(#7952,#7953,#7954,#7955,#7956),
 .UNSPECIFIED.,.F.,.F.,(4,1,4),(-0.204199488154567,-0.107640896872147,0.),
 .UNSPECIFIED.);
#147=B_SPLINE_CURVE_WITH_KNOTS('',3,(#7969,#7970,#7971,#7972,#7973),
 .UNSPECIFIED.,.F.,.F.,(4,1,4),(-0.161363585149942,-0.0859448795488025,
0.),.UNSPECIFIED.);
#148=B_SPLINE_CURVE_WITH_KNOTS('',3,(#7986,#7987,#7988,#7989,#7990),
 .UNSPECIFIED.,.F.,.F.,(4,1,4),(-0.129054523432206,-0.0674592578895477,
0.),.UNSPECIFIED.);
#149=B_SPLINE_CURVE_WITH_KNOTS('',3,(#8003,#8004,#8005,#8006,#8007),
 .UNSPECIFIED.,.F.,.F.,(4,1,4),(-0.129971734099676,-0.061833092246103,0.),
 .UNSPECIFIED.);
#150=B_SPLINE_CURVE_WITH_KNOTS('',3,(#8020,#8021,#8022,#8023,#8024),
 .UNSPECIFIED.,.F.,.F.,(4,1,4),(-0.161828420643666,-0.0762002815957758,
0.),.UNSPECIFIED.);
#151=B_SPLINE_CURVE_WITH_KNOTS('',3,(#8056,#8057,#8058,#8059,#8060),
 .UNSPECIFIED.,.F.,.F.,(4,1,4),(0.,0.135500510952785,0.242789458896679),
 .UNSPECIFIED.);
#152=B_SPLINE_CURVE_WITH_KNOTS('',3,(#8062,#8063,#8064,#8065,#8066),
 .UNSPECIFIED.,.F.,.F.,(4,1,4),(-0.242789458896679,-0.135500510952785,0.),
 .UNSPECIFIED.);
#153=B_SPLINE_CURVE_WITH_KNOTS('',3,(#8079,#8080,#8081,#8082,#8083),
 .UNSPECIFIED.,.F.,.F.,(4,1,4),(0.,0.0935587246279032,0.192286728740828),
 .UNSPECIFIED.);
#154=B_SPLINE_CURVE_WITH_KNOTS('',3,(#8085,#8086,#8087,#8088,#8089),
 .UNSPECIFIED.,.F.,.F.,(4,1,4),(-0.192286728740828,-0.0935587246279032,
0.),.UNSPECIFIED.);
#155=B_SPLINE_CURVE_WITH_KNOTS('',3,(#8102,#8103,#8104,#8105,#8106),
 .UNSPECIFIED.,.F.,.F.,(4,1,4),(0.,0.111041427644908,0.242491048119086),
 .UNSPECIFIED.);
#156=B_SPLINE_CURVE_WITH_KNOTS('',3,(#8108,#8109,#8110,#8111,#8112),
 .UNSPECIFIED.,.F.,.F.,(4,1,4),(-0.242491048119086,-0.111041427644908,0.),
 .UNSPECIFIED.);
#157=B_SPLINE_CURVE_WITH_KNOTS('',3,(#8125,#8126,#8127,#8128,#8129),
 .UNSPECIFIED.,.F.,.F.,(4,1,4),(0.,0.12830111183327,0.236715788288329),
 .UNSPECIFIED.);
#158=B_SPLINE_CURVE_WITH_KNOTS('',3,(#8131,#8132,#8133,#8134,#8135),
 .UNSPECIFIED.,.F.,.F.,(4,1,4),(-0.236715788288329,-0.12830111183327,0.),
 .UNSPECIFIED.);
#159=B_SPLINE_CURVE_WITH_KNOTS('',3,(#8148,#8149,#8150,#8151,#8152),
 .UNSPECIFIED.,.F.,.F.,(4,1,4),(0.,0.0968221639122162,0.192464861614762),
 .UNSPECIFIED.);
#160=B_SPLINE_CURVE_WITH_KNOTS('',3,(#8154,#8155,#8156,#8157,#8158),
 .UNSPECIFIED.,.F.,.F.,(4,1,4),(-0.192464861614762,-0.0968221639122162,
0.),.UNSPECIFIED.);
#161=B_SPLINE_CURVE_WITH_KNOTS('',3,(#8171,#8172,#8173,#8174,#8175),
 .UNSPECIFIED.,.F.,.F.,(4,1,4),(0.,0.11226089303332,0.254719821976257),
 .UNSPECIFIED.);
#162=B_SPLINE_CURVE_WITH_KNOTS('',3,(#8177,#8178,#8179,#8180,#8181),
 .UNSPECIFIED.,.F.,.F.,(4,1,4),(-0.254719821976257,-0.11226089303332,0.),
 .UNSPECIFIED.);
#163=B_SPLINE_CURVE_WITH_KNOTS('',3,(#8212,#8213,#8214,#8215,#8216),
 .UNSPECIFIED.,.F.,.F.,(4,1,4),(0.,0.113309812749295,0.194244978094453),
 .UNSPECIFIED.);
#164=B_SPLINE_CURVE_WITH_KNOTS('',3,(#8218,#8219,#8220,#8221,#8222),
 .UNSPECIFIED.,.F.,.F.,(4,1,4),(-0.194244978094453,-0.113309812749295,0.),
 .UNSPECIFIED.);
#165=B_SPLINE_CURVE_WITH_KNOTS('',3,(#8235,#8236,#8237,#8238,#8239),
 .UNSPECIFIED.,.F.,.F.,(4,1,4),(0.,0.0638002610045013,0.128384714755181),
 .UNSPECIFIED.);
#166=B_SPLINE_CURVE_WITH_KNOTS('',3,(#8241,#8242,#8243,#8244,#8245),
 .UNSPECIFIED.,.F.,.F.,(4,1,4),(-0.128384714755181,-0.0638002610045013,
0.),.UNSPECIFIED.);
#167=B_SPLINE_CURVE_WITH_KNOTS('',3,(#8258,#8259,#8260,#8261,#8262),
 .UNSPECIFIED.,.F.,.F.,(4,1,4),(0.,0.0701981667067687,0.149341073494905),
 .UNSPECIFIED.);
#168=B_SPLINE_CURVE_WITH_KNOTS('',3,(#8264,#8265,#8266,#8267,#8268),
 .UNSPECIFIED.,.F.,.F.,(4,1,4),(-0.149341073494905,-0.0701981667067687,
0.),.UNSPECIFIED.);
#169=B_SPLINE_CURVE_WITH_KNOTS('',3,(#8281,#8282,#8283,#8284,#8285),
 .UNSPECIFIED.,.F.,.F.,(4,1,4),(0.,0.126089732311045,0.222835733577135),
 .UNSPECIFIED.);
#170=B_SPLINE_CURVE_WITH_KNOTS('',3,(#8287,#8288,#8289,#8290,#8291),
 .UNSPECIFIED.,.F.,.F.,(4,1,4),(-0.222835733577135,-0.126089732311045,0.),
 .UNSPECIFIED.);
#171=B_SPLINE_CURVE_WITH_KNOTS('',3,(#8304,#8305,#8306,#8307,#8308),
 .UNSPECIFIED.,.F.,.F.,(4,1,4),(0.,0.10731579009423,0.265819434057792),
 .UNSPECIFIED.);
#172=B_SPLINE_CURVE_WITH_KNOTS('',3,(#8310,#8311,#8312,#8313,#8314),
 .UNSPECIFIED.,.F.,.F.,(4,1,4),(-0.265819434057792,-0.10731579009423,0.),
 .UNSPECIFIED.);
#173=B_SPLINE_CURVE_WITH_KNOTS('',3,(#8340,#8341,#8342,#8343,#8344),
 .UNSPECIFIED.,.F.,.F.,(4,1,4),(0.,0.0698729198047581,0.130775166094772),
 .UNSPECIFIED.);
#174=B_SPLINE_CURVE_WITH_KNOTS('',3,(#8346,#8347,#8348,#8349,#8350),
 .UNSPECIFIED.,.F.,.F.,(4,1,4),(-0.130775166094772,-0.0698729198047581,
0.),.UNSPECIFIED.);
#175=B_SPLINE_CURVE_WITH_KNOTS('',3,(#8363,#8364,#8365,#8366,#8367),
 .UNSPECIFIED.,.F.,.F.,(4,1,4),(0.,0.0600096643542931,0.128468738880183),
 .UNSPECIFIED.);
#176=B_SPLINE_CURVE_WITH_KNOTS('',3,(#8369,#8370,#8371,#8372,#8373),
 .UNSPECIFIED.,.F.,.F.,(4,1,4),(-0.128468738880183,-0.0600096643542931,
0.),.UNSPECIFIED.);
#177=B_SPLINE_CURVE_WITH_KNOTS('',3,(#8386,#8387,#8388,#8389,#8390),
 .UNSPECIFIED.,.F.,.F.,(4,1,4),(0.,0.0758158829845135,0.157157560034864),
 .UNSPECIFIED.);
#178=B_SPLINE_CURVE_WITH_KNOTS('',3,(#8392,#8393,#8394,#8395,#8396),
 .UNSPECIFIED.,.F.,.F.,(4,1,4),(-0.157157560034864,-0.0758158829845135,
0.),.UNSPECIFIED.);
#179=B_SPLINE_CURVE_WITH_KNOTS('',3,(#8409,#8410,#8411,#8412,#8413),
 .UNSPECIFIED.,.F.,.F.,(4,1,4),(0.,0.0715041786668495,0.136162062616529),
 .UNSPECIFIED.);
#180=B_SPLINE_CURVE_WITH_KNOTS('',3,(#8415,#8416,#8417,#8418,#8419),
 .UNSPECIFIED.,.F.,.F.,(4,1,4),(-0.136162062616529,-0.0715041786668495,
0.),.UNSPECIFIED.);
#181=B_SPLINE_CURVE_WITH_KNOTS('',3,(#8432,#8433,#8434,#8435,#8436),
 .UNSPECIFIED.,.F.,.F.,(4,1,4),(0.,0.0571739272925645,0.107218722195866),
 .UNSPECIFIED.);
#182=B_SPLINE_CURVE_WITH_KNOTS('',3,(#8438,#8439,#8440,#8441,#8442),
 .UNSPECIFIED.,.F.,.F.,(4,1,4),(-0.107218722195866,-0.0571739272925645,
0.),.UNSPECIFIED.);
#183=B_SPLINE_CURVE_WITH_KNOTS('',3,(#8455,#8456,#8457,#8458,#8459),
 .UNSPECIFIED.,.F.,.F.,(4,1,4),(0.,0.0461826179071463,0.0913347447813692),
 .UNSPECIFIED.);
#184=B_SPLINE_CURVE_WITH_KNOTS('',3,(#8461,#8462,#8463,#8464,#8465),
 .UNSPECIFIED.,.F.,.F.,(4,1,4),(-0.0913347447813692,-0.0461826179071463,
0.),.UNSPECIFIED.);
#185=B_SPLINE_CURVE_WITH_KNOTS('',3,(#8478,#8479,#8480,#8481,#8482),
 .UNSPECIFIED.,.F.,.F.,(4,1,4),(0.,0.0446072760868398,0.0878673871436695),
 .UNSPECIFIED.);
#186=B_SPLINE_CURVE_WITH_KNOTS('',3,(#8484,#8485,#8486,#8487,#8488),
 .UNSPECIFIED.,.F.,.F.,(4,1,4),(-0.0878673871436695,-0.0446072760868398,
0.),.UNSPECIFIED.);
#187=B_SPLINE_CURVE_WITH_KNOTS('',3,(#8501,#8502,#8503,#8504,#8505),
 .UNSPECIFIED.,.F.,.F.,(4,1,4),(0.,0.0484906382038593,0.1086253737752),
 .UNSPECIFIED.);
#188=B_SPLINE_CURVE_WITH_KNOTS('',3,(#8507,#8508,#8509,#8510,#8511),
 .UNSPECIFIED.,.F.,.F.,(4,1,4),(-0.1086253737752,-0.0484906382038593,0.),
 .UNSPECIFIED.);
#189=B_SPLINE_CURVE_WITH_KNOTS('',3,(#8524,#8525,#8526,#8527,#8528),
 .UNSPECIFIED.,.F.,.F.,(4,1,4),(0.,0.0676664955277013,0.184654115693228),
 .UNSPECIFIED.);
#190=B_SPLINE_CURVE_WITH_KNOTS('',3,(#8530,#8531,#8532,#8533,#8534),
 .UNSPECIFIED.,.F.,.F.,(4,1,4),(-0.184654115693228,-0.0676664955277013,
0.),.UNSPECIFIED.);
#191=B_SPLINE_CURVE_WITH_KNOTS('',3,(#8547,#8548,#8549,#8550,#8551),
 .UNSPECIFIED.,.F.,.F.,(4,1,4),(0.,0.121485591167769,0.203186497456345),
 .UNSPECIFIED.);
#192=B_SPLINE_CURVE_WITH_KNOTS('',3,(#8553,#8554,#8555,#8556,#8557),
 .UNSPECIFIED.,.F.,.F.,(4,1,4),(-0.203186497456345,-0.121485591167769,0.),
 .UNSPECIFIED.);
#193=B_SPLINE_CURVE_WITH_KNOTS('',3,(#8570,#8571,#8572,#8573,#8574),
 .UNSPECIFIED.,.F.,.F.,(4,1,4),(0.,0.0753212458063606,0.14290022563587),
 .UNSPECIFIED.);
#194=B_SPLINE_CURVE_WITH_KNOTS('',3,(#8576,#8577,#8578,#8579,#8580),
 .UNSPECIFIED.,.F.,.F.,(4,1,4),(-0.14290022563587,-0.0753212458063606,0.),
 .UNSPECIFIED.);
#195=B_SPLINE_CURVE_WITH_KNOTS('',3,(#8593,#8594,#8595,#8596,#8597),
 .UNSPECIFIED.,.F.,.F.,(4,1,4),(0.,0.0645414736921776,0.130696654163142),
 .UNSPECIFIED.);
#196=B_SPLINE_CURVE_WITH_KNOTS('',3,(#8599,#8600,#8601,#8602,#8603),
 .UNSPECIFIED.,.F.,.F.,(4,1,4),(-0.130696654163142,-0.0645414736921776,
0.),.UNSPECIFIED.);
#197=B_SPLINE_CURVE_WITH_KNOTS('',3,(#8616,#8617,#8618,#8619,#8620),
 .UNSPECIFIED.,.F.,.F.,(4,1,4),(0.,0.0740272441962973,0.149548334624698),
 .UNSPECIFIED.);
#198=B_SPLINE_CURVE_WITH_KNOTS('',3,(#8622,#8623,#8624,#8625,#8626),
 .UNSPECIFIED.,.F.,.F.,(4,1,4),(-0.149548334624698,-0.0740272441962973,
0.),.UNSPECIFIED.);
#199=B_SPLINE_CURVE_WITH_KNOTS('',3,(#8639,#8640,#8641,#8642,#8643),
 .UNSPECIFIED.,.F.,.F.,(4,1,4),(0.,0.0784002500842333,0.162332193708764),
 .UNSPECIFIED.);
#200=B_SPLINE_CURVE_WITH_KNOTS('',3,(#8645,#8646,#8647,#8648,#8649),
 .UNSPECIFIED.,.F.,.F.,(4,1,4),(-0.162332193708764,-0.0784002500842333,
0.),.UNSPECIFIED.);
#201=B_SPLINE_CURVE_WITH_KNOTS('',3,(#8662,#8663,#8664,#8665,#8666),
 .UNSPECIFIED.,.F.,.F.,(4,1,4),(0.,0.0908187765500606,0.1875458767593),
 .UNSPECIFIED.);
#202=B_SPLINE_CURVE_WITH_KNOTS('',3,(#8668,#8669,#8670,#8671,#8672),
 .UNSPECIFIED.,.F.,.F.,(4,1,4),(-0.1875458767593,-0.0908187765500606,0.),
 .UNSPECIFIED.);
#203=B_SPLINE_CURVE_WITH_KNOTS('',3,(#8685,#8686,#8687,#8688,#8689),
 .UNSPECIFIED.,.F.,.F.,(4,1,4),(0.,0.10500378186879,0.200355281000504),
 .UNSPECIFIED.);
#204=B_SPLINE_CURVE_WITH_KNOTS('',3,(#8691,#8692,#8693,#8694,#8695),
 .UNSPECIFIED.,.F.,.F.,(4,1,4),(-0.200355281000504,-0.10500378186879,0.),
 .UNSPECIFIED.);
#205=B_SPLINE_CURVE_WITH_KNOTS('',3,(#8708,#8709,#8710,#8711,#8712),
 .UNSPECIFIED.,.F.,.F.,(4,1,4),(0.,0.0871851663170577,0.169760801241613),
 .UNSPECIFIED.);
#206=B_SPLINE_CURVE_WITH_KNOTS('',3,(#8714,#8715,#8716,#8717,#8718),
 .UNSPECIFIED.,.F.,.F.,(4,1,4),(-0.169760801241613,-0.0871851663170577,
0.),.UNSPECIFIED.);
#207=B_SPLINE_CURVE_WITH_KNOTS('',3,(#8731,#8732,#8733,#8734,#8735),
 .UNSPECIFIED.,.F.,.F.,(4,1,4),(0.,0.0820789440905017,0.166633498766793),
 .UNSPECIFIED.);
#208=B_SPLINE_CURVE_WITH_KNOTS('',3,(#8737,#8738,#8739,#8740,#8741),
 .UNSPECIFIED.,.F.,.F.,(4,1,4),(-0.166633498766793,-0.0820789440905017,
0.),.UNSPECIFIED.);
#209=B_SPLINE_CURVE_WITH_KNOTS('',3,(#8760,#8761,#8762,#8763,#8764),
 .UNSPECIFIED.,.F.,.F.,(4,1,4),(0.,0.0861880626069617,0.162309998918738),
 .UNSPECIFIED.);
#210=B_SPLINE_CURVE_WITH_KNOTS('',3,(#8766,#8767,#8768,#8769,#8770),
 .UNSPECIFIED.,.F.,.F.,(4,1,4),(-0.162309998918738,-0.0861880626069617,
0.),.UNSPECIFIED.);
#211=B_SPLINE_CURVE_WITH_KNOTS('',3,(#8783,#8784,#8785,#8786,#8787),
 .UNSPECIFIED.,.F.,.F.,(4,1,4),(0.,0.0816030314738908,0.183535396653877),
 .UNSPECIFIED.);
#212=B_SPLINE_CURVE_WITH_KNOTS('',3,(#8789,#8790,#8791,#8792,#8793),
 .UNSPECIFIED.,.F.,.F.,(4,1,4),(-0.183535396653877,-0.0816030314738908,
0.),.UNSPECIFIED.);
#213=B_SPLINE_CURVE_WITH_KNOTS('',3,(#8806,#8807,#8808,#8809,#8810),
 .UNSPECIFIED.,.F.,.F.,(4,1,4),(0.,0.10435015206108,0.182822441567005),
 .UNSPECIFIED.);
#214=B_SPLINE_CURVE_WITH_KNOTS('',3,(#8812,#8813,#8814,#8815,#8816),
 .UNSPECIFIED.,.F.,.F.,(4,1,4),(-0.182822441567005,-0.10435015206108,0.),
 .UNSPECIFIED.);
#215=B_SPLINE_CURVE_WITH_KNOTS('',3,(#8829,#8830,#8831,#8832,#8833),
 .UNSPECIFIED.,.F.,.F.,(4,1,4),(0.,0.0636388944127795,0.122808038516091),
 .UNSPECIFIED.);
#216=B_SPLINE_CURVE_WITH_KNOTS('',3,(#8835,#8836,#8837,#8838,#8839),
 .UNSPECIFIED.,.F.,.F.,(4,1,4),(-0.122808038516091,-0.0636388944127795,
0.),.UNSPECIFIED.);
#217=B_SPLINE_CURVE_WITH_KNOTS('',3,(#8852,#8853,#8854,#8855,#8856),
 .UNSPECIFIED.,.F.,.F.,(4,1,4),(0.,0.0500658233076409,0.0992148471462806),
 .UNSPECIFIED.);
#218=B_SPLINE_CURVE_WITH_KNOTS('',3,(#8858,#8859,#8860,#8861,#8862),
 .UNSPECIFIED.,.F.,.F.,(4,1,4),(-0.0992148471462806,-0.0500658233076409,
0.),.UNSPECIFIED.);
#219=B_SPLINE_CURVE_WITH_KNOTS('',3,(#8875,#8876,#8877,#8878,#8879),
 .UNSPECIFIED.,.F.,.F.,(4,1,4),(0.,0.0774490773667732,0.212882271059074),
 .UNSPECIFIED.);
#220=B_SPLINE_CURVE_WITH_KNOTS('',3,(#8881,#8882,#8883,#8884,#8885),
 .UNSPECIFIED.,.F.,.F.,(4,1,4),(-0.212882271059074,-0.0774490773667732,
0.),.UNSPECIFIED.);
#221=B_SPLINE_CURVE_WITH_KNOTS('',3,(#8898,#8899,#8900,#8901,#8902),
 .UNSPECIFIED.,.F.,.F.,(4,1,4),(0.,0.140231557811943,0.230565597463492),
 .UNSPECIFIED.);
#222=B_SPLINE_CURVE_WITH_KNOTS('',3,(#8904,#8905,#8906,#8907,#8908),
 .UNSPECIFIED.,.F.,.F.,(4,1,4),(-0.230565597463492,-0.140231557811943,0.),
 .UNSPECIFIED.);
#223=B_SPLINE_CURVE_WITH_KNOTS('',3,(#8921,#8922,#8923,#8924,#8925),
 .UNSPECIFIED.,.F.,.F.,(4,1,4),(0.,0.0885424536600803,0.16593290724396),
 .UNSPECIFIED.);
#224=B_SPLINE_CURVE_WITH_KNOTS('',3,(#8927,#8928,#8929,#8930,#8931),
 .UNSPECIFIED.,.F.,.F.,(4,1,4),(-0.16593290724396,-0.0885424536600803,0.),
 .UNSPECIFIED.);
#225=B_SPLINE_CURVE_WITH_KNOTS('',3,(#8944,#8945,#8946,#8947,#8948),
 .UNSPECIFIED.,.F.,.F.,(4,1,4),(0.,0.0733882288739154,0.149900050551446),
 .UNSPECIFIED.);
#226=B_SPLINE_CURVE_WITH_KNOTS('',3,(#8950,#8951,#8952,#8953,#8954),
 .UNSPECIFIED.,.F.,.F.,(4,1,4),(-0.149900050551446,-0.0733882288739154,
0.),.UNSPECIFIED.);
#227=B_SPLINE_CURVE_WITH_KNOTS('',3,(#8967,#8968,#8969,#8970,#8971),
 .UNSPECIFIED.,.F.,.F.,(4,1,4),(0.,0.0783444218198397,0.158902896720277),
 .UNSPECIFIED.);
#228=B_SPLINE_CURVE_WITH_KNOTS('',3,(#8973,#8974,#8975,#8976,#8977),
 .UNSPECIFIED.,.F.,.F.,(4,1,4),(-0.158902896720277,-0.0783444218198397,
0.),.UNSPECIFIED.);
#229=B_SPLINE_CURVE_WITH_KNOTS('',3,(#8990,#8991,#8992,#8993,#8994),
 .UNSPECIFIED.,.F.,.F.,(4,1,4),(0.,0.0838952548243414,0.172975820440142),
 .UNSPECIFIED.);
#230=B_SPLINE_CURVE_WITH_KNOTS('',3,(#8996,#8997,#8998,#8999,#9000),
 .UNSPECIFIED.,.F.,.F.,(4,1,4),(-0.172975820440142,-0.0838952548243414,
0.),.UNSPECIFIED.);
#231=B_SPLINE_CURVE_WITH_KNOTS('',3,(#9013,#9014,#9015,#9016,#9017),
 .UNSPECIFIED.,.F.,.F.,(4,1,4),(0.,0.0956163141254841,0.197810186071685),
 .UNSPECIFIED.);
#232=B_SPLINE_CURVE_WITH_KNOTS('',3,(#9019,#9020,#9021,#9022,#9023),
 .UNSPECIFIED.,.F.,.F.,(4,1,4),(-0.197810186071685,-0.0956163141254841,
0.),.UNSPECIFIED.);
#233=B_SPLINE_CURVE_WITH_KNOTS('',3,(#9036,#9037,#9038,#9039,#9040),
 .UNSPECIFIED.,.F.,.F.,(4,1,4),(0.,0.125135804556514,0.232080225103104),
 .UNSPECIFIED.);
#234=B_SPLINE_CURVE_WITH_KNOTS('',3,(#9042,#9043,#9044,#9045,#9046),
 .UNSPECIFIED.,.F.,.F.,(4,1,4),(-0.232080225103104,-0.125135804556514,0.),
 .UNSPECIFIED.);
#235=B_SPLINE_CURVE_WITH_KNOTS('',3,(#9059,#9060,#9061,#9062,#9063),
 .UNSPECIFIED.,.F.,.F.,(4,1,4),(0.,0.0956789332345534,0.188857512654499),
 .UNSPECIFIED.);
#236=B_SPLINE_CURVE_WITH_KNOTS('',3,(#9065,#9066,#9067,#9068,#9069),
 .UNSPECIFIED.,.F.,.F.,(4,1,4),(-0.188857512654499,-0.0956789332345534,
0.),.UNSPECIFIED.);
#237=B_SPLINE_CURVE_WITH_KNOTS('',3,(#9081,#9082,#9083,#9084,#9085),
 .UNSPECIFIED.,.F.,.F.,(4,1,4),(0.,0.0935652223288269,0.189827223855839),
 .UNSPECIFIED.);
#238=B_SPLINE_CURVE_WITH_KNOTS('',3,(#9086,#9087,#9088,#9089,#9090),
 .UNSPECIFIED.,.F.,.F.,(4,1,4),(-0.189827223855839,-0.0935652223288269,
0.),.UNSPECIFIED.);
#239=B_SPLINE_CURVE_WITH_KNOTS('',3,(#9112,#9113,#9114,#9115,#9116),
 .UNSPECIFIED.,.F.,.F.,(4,1,4),(0.,0.0756013925206473,0.126990903881931),
 .UNSPECIFIED.);
#240=B_SPLINE_CURVE_WITH_KNOTS('',3,(#9118,#9119,#9120,#9121,#9122),
 .UNSPECIFIED.,.F.,.F.,(4,1,4),(-0.126990903881931,-0.0756013925206473,
0.),.UNSPECIFIED.);
#241=B_SPLINE_CURVE_WITH_KNOTS('',3,(#9135,#9136,#9137,#9138,#9139),
 .UNSPECIFIED.,.F.,.F.,(4,1,4),(0.,0.0485428767747446,0.0921560622416463),
 .UNSPECIFIED.);
#242=B_SPLINE_CURVE_WITH_KNOTS('',3,(#9141,#9142,#9143,#9144,#9145),
 .UNSPECIFIED.,.F.,.F.,(4,1,4),(-0.0921560622416463,-0.0485428767747446,
0.),.UNSPECIFIED.);
#243=B_SPLINE_CURVE_WITH_KNOTS('',3,(#9158,#9159,#9160,#9161,#9162),
 .UNSPECIFIED.,.F.,.F.,(4,1,4),(0.,0.0436631379360844,0.0921764407985227),
 .UNSPECIFIED.);
#244=B_SPLINE_CURVE_WITH_KNOTS('',3,(#9164,#9165,#9166,#9167,#9168),
 .UNSPECIFIED.,.F.,.F.,(4,1,4),(-0.0921764407985227,-0.0436631379360844,
0.),.UNSPECIFIED.);
#245=B_SPLINE_CURVE_WITH_KNOTS('',3,(#9181,#9182,#9183,#9184,#9185),
 .UNSPECIFIED.,.F.,.F.,(4,1,4),(0.,0.0471900760460592,0.0917850035893218),
 .UNSPECIFIED.);
#246=B_SPLINE_CURVE_WITH_KNOTS('',3,(#9187,#9188,#9189,#9190,#9191),
 .UNSPECIFIED.,.F.,.F.,(4,1,4),(-0.0917850035893218,-0.0471900760460592,
0.),.UNSPECIFIED.);
#247=B_SPLINE_CURVE_WITH_KNOTS('',3,(#9204,#9205,#9206,#9207,#9208),
 .UNSPECIFIED.,.F.,.F.,(4,1,4),(0.,0.0430976475733108,0.0871030555506128),
 .UNSPECIFIED.);
#248=B_SPLINE_CURVE_WITH_KNOTS('',3,(#9210,#9211,#9212,#9213,#9214),
 .UNSPECIFIED.,.F.,.F.,(4,1,4),(-0.0871030555506128,-0.0430976475733108,
0.),.UNSPECIFIED.);
#249=B_SPLINE_CURVE_WITH_KNOTS('',3,(#9227,#9228,#9229,#9230,#9231),
 .UNSPECIFIED.,.F.,.F.,(4,1,4),(0.,0.0611045935420214,0.153087610075212),
 .UNSPECIFIED.);
#250=B_SPLINE_CURVE_WITH_KNOTS('',3,(#9233,#9234,#9235,#9236,#9237),
 .UNSPECIFIED.,.F.,.F.,(4,1,4),(-0.153087610075212,-0.0611045935420214,
0.),.UNSPECIFIED.);
#251=B_SPLINE_CURVE_WITH_KNOTS('',3,(#9268,#9269,#9270,#9271,#9272),
 .UNSPECIFIED.,.F.,.F.,(4,1,4),(0.,0.0545832510840351,0.0902340709982438),
 .UNSPECIFIED.);
#252=B_SPLINE_CURVE_WITH_KNOTS('',3,(#9274,#9275,#9276,#9277,#9278),
 .UNSPECIFIED.,.F.,.F.,(4,1,4),(-0.0902340709982438,-0.0545832510840351,
0.),.UNSPECIFIED.);
#253=B_SPLINE_CURVE_WITH_KNOTS('',3,(#9291,#9292,#9293,#9294,#9295),
 .UNSPECIFIED.,.F.,.F.,(4,1,4),(0.,0.0433471585419667,0.0814871099789325),
 .UNSPECIFIED.);
#254=B_SPLINE_CURVE_WITH_KNOTS('',3,(#9297,#9298,#9299,#9300,#9301),
 .UNSPECIFIED.,.F.,.F.,(4,1,4),(-0.0814871099789325,-0.0433471585419667,
0.),.UNSPECIFIED.);
#255=B_SPLINE_CURVE_WITH_KNOTS('',3,(#9314,#9315,#9316,#9317,#9318),
 .UNSPECIFIED.,.F.,.F.,(4,1,4),(0.,0.0364962866148891,0.0757396131864631),
 .UNSPECIFIED.);
#256=B_SPLINE_CURVE_WITH_KNOTS('',3,(#9320,#9321,#9322,#9323,#9324),
 .UNSPECIFIED.,.F.,.F.,(4,1,4),(-0.0757396131864631,-0.0364962866148891,
0.),.UNSPECIFIED.);
#257=B_SPLINE_CURVE_WITH_KNOTS('',3,(#9337,#9338,#9339,#9340,#9341),
 .UNSPECIFIED.,.F.,.F.,(4,1,4),(0.,0.0420143202228349,0.0872208501870875),
 .UNSPECIFIED.);
#258=B_SPLINE_CURVE_WITH_KNOTS('',3,(#9343,#9344,#9345,#9346,#9347),
 .UNSPECIFIED.,.F.,.F.,(4,1,4),(-0.0872208501870875,-0.0420143202228349,
0.),.UNSPECIFIED.);
#259=B_SPLINE_CURVE_WITH_KNOTS('',3,(#9360,#9361,#9362,#9363,#9364),
 .UNSPECIFIED.,.F.,.F.,(4,1,4),(0.,0.052756626716062,0.102564812745678),
 .UNSPECIFIED.);
#260=B_SPLINE_CURVE_WITH_KNOTS('',3,(#9366,#9367,#9368,#9369,#9370),
 .UNSPECIFIED.,.F.,.F.,(4,1,4),(-0.102564812745678,-0.052756626716062,0.),
 .UNSPECIFIED.);
#261=B_SPLINE_CURVE_WITH_KNOTS('',3,(#9383,#9384,#9385,#9386,#9387),
 .UNSPECIFIED.,.F.,.F.,(4,1,4),(0.,0.0490219457769162,0.0997379173403205),
 .UNSPECIFIED.);
#262=B_SPLINE_CURVE_WITH_KNOTS('',3,(#9389,#9390,#9391,#9392,#9393),
 .UNSPECIFIED.,.F.,.F.,(4,1,4),(-0.0997379173403205,-0.0490219457769162,
0.),.UNSPECIFIED.);
#263=B_SPLINE_CURVE_WITH_KNOTS('',3,(#9406,#9407,#9408,#9409,#9410),
 .UNSPECIFIED.,.F.,.F.,(4,1,4),(0.,0.0632428707620104,0.147674482780856),
 .UNSPECIFIED.);
#264=B_SPLINE_CURVE_WITH_KNOTS('',3,(#9412,#9413,#9414,#9415,#9416),
 .UNSPECIFIED.,.F.,.F.,(4,1,4),(-0.147674482780856,-0.0632428707620104,
0.),.UNSPECIFIED.);
#265=B_SPLINE_CURVE_WITH_KNOTS('',3,(#9453,#9454,#9455,#9456,#9457),
 .UNSPECIFIED.,.F.,.F.,(4,1,4),(0.,0.103535661499399,0.187266479713226),
 .UNSPECIFIED.);
#266=B_SPLINE_CURVE_WITH_KNOTS('',3,(#9459,#9460,#9461,#9462,#9463),
 .UNSPECIFIED.,.F.,.F.,(4,1,4),(-0.187266479713226,-0.103535661499399,0.),
 .UNSPECIFIED.);
#267=B_SPLINE_CURVE_WITH_KNOTS('',3,(#9476,#9477,#9478,#9479,#9480),
 .UNSPECIFIED.,.F.,.F.,(4,1,4),(0.,0.0727751764868649,0.144876180776878),
 .UNSPECIFIED.);
#268=B_SPLINE_CURVE_WITH_KNOTS('',3,(#9482,#9483,#9484,#9485,#9486),
 .UNSPECIFIED.,.F.,.F.,(4,1,4),(-0.144876180776878,-0.0727751764868649,
0.),.UNSPECIFIED.);
#269=B_SPLINE_CURVE_WITH_KNOTS('',3,(#9499,#9500,#9501,#9502,#9503),
 .UNSPECIFIED.,.F.,.F.,(4,1,4),(0.,0.0709336682808075,0.139088265004325),
 .UNSPECIFIED.);
#270=B_SPLINE_CURVE_WITH_KNOTS('',3,(#9505,#9506,#9507,#9508,#9509),
 .UNSPECIFIED.,.F.,.F.,(4,1,4),(-0.139088265004325,-0.0709336682808075,
0.),.UNSPECIFIED.);
#271=B_SPLINE_CURVE_WITH_KNOTS('',3,(#9522,#9523,#9524,#9525,#9526),
 .UNSPECIFIED.,.F.,.F.,(4,1,4),(0.,0.0628488340012242,0.12689673609057),
 .UNSPECIFIED.);
#272=B_SPLINE_CURVE_WITH_KNOTS('',3,(#9528,#9529,#9530,#9531,#9532),
 .UNSPECIFIED.,.F.,.F.,(4,1,4),(-0.12689673609057,-0.0628488340012242,0.),
 .UNSPECIFIED.);
#273=B_SPLINE_CURVE_WITH_KNOTS('',3,(#9545,#9546,#9547,#9548,#9549),
 .UNSPECIFIED.,.F.,.F.,(4,1,4),(0.,0.0672545533932565,0.140661845245402),
 .UNSPECIFIED.);
#274=B_SPLINE_CURVE_WITH_KNOTS('',3,(#9551,#9552,#9553,#9554,#9555),
 .UNSPECIFIED.,.F.,.F.,(4,1,4),(-0.140661845245402,-0.0672545533932565,
0.),.UNSPECIFIED.);
#275=B_SPLINE_CURVE_WITH_KNOTS('',3,(#9568,#9569,#9570,#9571,#9572),
 .UNSPECIFIED.,.F.,.F.,(4,1,4),(0.,0.0879341605591503,0.168607949343955),
 .UNSPECIFIED.);
#276=B_SPLINE_CURVE_WITH_KNOTS('',3,(#9574,#9575,#9576,#9577,#9578),
 .UNSPECIFIED.,.F.,.F.,(4,1,4),(-0.168607949343955,-0.0879341605591503,
0.),.UNSPECIFIED.);
#277=B_SPLINE_CURVE_WITH_KNOTS('',3,(#9591,#9592,#9593,#9594,#9595),
 .UNSPECIFIED.,.F.,.F.,(4,1,4),(0.,0.0789086902441637,0.161329954756038),
 .UNSPECIFIED.);
#278=B_SPLINE_CURVE_WITH_KNOTS('',3,(#9597,#9598,#9599,#9600,#9601),
 .UNSPECIFIED.,.F.,.F.,(4,1,4),(-0.161329954756038,-0.0789086902441637,
0.),.UNSPECIFIED.);
#279=B_SPLINE_CURVE_WITH_KNOTS('',3,(#9614,#9615,#9616,#9617,#9618),
 .UNSPECIFIED.,.F.,.F.,(4,1,4),(0.,0.0681912655514869,0.134856435333338),
 .UNSPECIFIED.);
#280=B_SPLINE_CURVE_WITH_KNOTS('',3,(#9620,#9621,#9622,#9623,#9624),
 .UNSPECIFIED.,.F.,.F.,(4,1,4),(-0.134856435333338,-0.0681912655514869,
0.),.UNSPECIFIED.);
#281=B_SPLINE_CURVE_WITH_KNOTS('',3,(#9637,#9638,#9639,#9640,#9641),
 .UNSPECIFIED.,.F.,.F.,(4,1,4),(0.,0.0629151491600191,0.119349588140951),
 .UNSPECIFIED.);
#282=B_SPLINE_CURVE_WITH_KNOTS('',3,(#9643,#9644,#9645,#9646,#9647),
 .UNSPECIFIED.,.F.,.F.,(4,1,4),(-0.119349588140951,-0.0629151491600191,
0.),.UNSPECIFIED.);
#283=B_SPLINE_CURVE_WITH_KNOTS('',3,(#9660,#9661,#9662,#9663,#9664),
 .UNSPECIFIED.,.F.,.F.,(4,1,4),(0.,0.0569753192983927,0.120719818105321),
 .UNSPECIFIED.);
#284=B_SPLINE_CURVE_WITH_KNOTS('',3,(#9666,#9667,#9668,#9669,#9670),
 .UNSPECIFIED.,.F.,.F.,(4,1,4),(-0.120719818105321,-0.0569753192983927,
0.),.UNSPECIFIED.);
#285=B_SPLINE_CURVE_WITH_KNOTS('',3,(#9683,#9684,#9685,#9686,#9687),
 .UNSPECIFIED.,.F.,.F.,(4,1,4),(0.,0.0743083594460864,0.162486849076608),
 .UNSPECIFIED.);
#286=B_SPLINE_CURVE_WITH_KNOTS('',3,(#9689,#9690,#9691,#9692,#9693),
 .UNSPECIFIED.,.F.,.F.,(4,1,4),(-0.162486849076608,-0.0743083594460864,
0.),.UNSPECIFIED.);
#287=B_SPLINE_SURFACE_WITH_KNOTS('',3,1,((#6543,#6544),(#6545,#6546),(#6547,
#6548),(#6549,#6550),(#6551,#6552)),.UNSPECIFIED.,.F.,.F.,.F.,(4,1,4),(2,
2),(-0.306558120700729,-0.163396283522652,0.),(0.,0.2),.UNSPECIFIED.);
#288=B_SPLINE_SURFACE_WITH_KNOTS('',3,1,((#6569,#6570),(#6571,#6572),(#6573,
#6574),(#6575,#6576),(#6577,#6578)),.UNSPECIFIED.,.F.,.F.,.F.,(4,1,4),(2,
2),(-0.271294519919361,-0.134505614362509,0.),(0.,0.2),.UNSPECIFIED.);
#289=B_SPLINE_SURFACE_WITH_KNOTS('',3,1,((#6592,#6593),(#6594,#6595),(#6596,
#6597),(#6598,#6599),(#6600,#6601)),.UNSPECIFIED.,.F.,.F.,.F.,(4,1,4),(2,
2),(-0.273769819904358,-0.138679128864697,0.),(0.,0.2),.UNSPECIFIED.);
#290=B_SPLINE_SURFACE_WITH_KNOTS('',3,1,((#6615,#6616),(#6617,#6618),(#6619,
#6620),(#6621,#6622),(#6623,#6624)),.UNSPECIFIED.,.F.,.F.,.F.,(4,1,4),(2,
2),(-0.318960518019508,-0.146223284450344,0.),(0.,0.2),.UNSPECIFIED.);
#291=B_SPLINE_SURFACE_WITH_KNOTS('',3,1,((#6638,#6639),(#6640,#6641),(#6642,
#6643),(#6644,#6645),(#6646,#6647)),.UNSPECIFIED.,.F.,.F.,.F.,(4,1,4),(2,
2),(-0.218363325357027,-0.114806319220736,0.),(0.,0.2),.UNSPECIFIED.);
#292=B_SPLINE_SURFACE_WITH_KNOTS('',3,1,((#6661,#6662),(#6663,#6664),(#6665,
#6666),(#6667,#6668),(#6669,#6670)),.UNSPECIFIED.,.F.,.F.,.F.,(4,1,4),(2,
2),(-0.1878533027369,-0.0954796740791296,0.),(0.,0.2),.UNSPECIFIED.);
#293=B_SPLINE_SURFACE_WITH_KNOTS('',3,1,((#6684,#6685),(#6686,#6687),(#6688,
#6689),(#6690,#6691),(#6692,#6693)),.UNSPECIFIED.,.F.,.F.,.F.,(4,1,4),(2,
2),(-0.187211683013716,-0.0923318709990238,0.),(0.,0.2),.UNSPECIFIED.);
#294=B_SPLINE_SURFACE_WITH_KNOTS('',3,1,((#6707,#6708),(#6709,#6710),(#6711,
#6712),(#6713,#6714),(#6715,#6716)),.UNSPECIFIED.,.F.,.F.,.F.,(4,1,4),(2,
2),(-0.265526199845713,-0.13292149632972,0.),(0.,0.2),.UNSPECIFIED.);
#295=B_SPLINE_SURFACE_WITH_KNOTS('',3,1,((#6730,#6731),(#6732,#6733),(#6734,
#6735),(#6736,#6737),(#6738,#6739)),.UNSPECIFIED.,.F.,.F.,.F.,(4,1,4),(2,
2),(-0.344687408446417,-0.149568356751179,0.),(0.,0.2),.UNSPECIFIED.);
#296=B_SPLINE_SURFACE_WITH_KNOTS('',3,1,((#6750,#6751),(#6752,#6753),(#6754,
#6755),(#6756,#6757),(#6758,#6759)),.UNSPECIFIED.,.F.,.F.,.F.,(4,1,4),(2,
2),(-0.420003960197617,-0.224450158964202,0.),(0.,0.2),.UNSPECIFIED.);
#297=B_SPLINE_SURFACE_WITH_KNOTS('',3,1,((#6776,#6777),(#6778,#6779),(#6780,
#6781),(#6782,#6783),(#6784,#6785)),.UNSPECIFIED.,.F.,.F.,.F.,(4,1,4),(2,
2),(-0.381264398692081,-0.186042813046266,0.),(0.,0.2),.UNSPECIFIED.);
#298=B_SPLINE_SURFACE_WITH_KNOTS('',3,1,((#6799,#6800),(#6801,#6802),(#6803,
#6804),(#6805,#6806),(#6807,#6808)),.UNSPECIFIED.,.F.,.F.,.F.,(4,1,4),(2,
2),(-0.260703561164295,-0.132685823402027,0.),(0.,0.2),.UNSPECIFIED.);
#299=B_SPLINE_SURFACE_WITH_KNOTS('',3,1,((#6822,#6823),(#6824,#6825),(#6826,
#6827),(#6828,#6829),(#6830,#6831)),.UNSPECIFIED.,.F.,.F.,.F.,(4,1,4),(2,
2),(-0.253292338097712,-0.125987396913027,0.),(0.,0.2),.UNSPECIFIED.);
#300=B_SPLINE_SURFACE_WITH_KNOTS('',3,1,((#6845,#6846),(#6847,#6848),(#6849,
#6850),(#6851,#6852),(#6853,#6854)),.UNSPECIFIED.,.F.,.F.,.F.,(4,1,4),(2,
2),(-0.276524600852059,-0.133640247415023,0.),(0.,0.2),.UNSPECIFIED.);
#301=B_SPLINE_SURFACE_WITH_KNOTS('',3,1,((#6868,#6869),(#6870,#6871),(#6872,
#6873),(#6874,#6875),(#6876,#6877)),.UNSPECIFIED.,.F.,.F.,.F.,(4,1,4),(2,
2),(-0.281009553387194,-0.144914626222532,0.),(0.,0.2),.UNSPECIFIED.);
#302=B_SPLINE_SURFACE_WITH_KNOTS('',3,1,((#6891,#6892),(#6893,#6894),(#6895,
#6896),(#6897,#6898),(#6899,#6900)),.UNSPECIFIED.,.F.,.F.,.F.,(4,1,4),(2,
2),(-0.254550821891961,-0.128948340356525,0.),(0.,0.2),.UNSPECIFIED.);
#303=B_SPLINE_SURFACE_WITH_KNOTS('',3,1,((#6914,#6915),(#6916,#6917),(#6918,
#6919),(#6920,#6921),(#6922,#6923)),.UNSPECIFIED.,.F.,.F.,.F.,(4,1,4),(2,
2),(-0.25260931735288,-0.125813880290623,0.),(0.,0.2),.UNSPECIFIED.);
#304=B_SPLINE_SURFACE_WITH_KNOTS('',3,1,((#6937,#6938),(#6939,#6940),(#6941,
#6942),(#6943,#6944),(#6945,#6946)),.UNSPECIFIED.,.F.,.F.,.F.,(4,1,4),(2,
2),(-0.264026942768141,-0.13478034614094,0.),(0.,0.2),.UNSPECIFIED.);
#305=B_SPLINE_SURFACE_WITH_KNOTS('',3,1,((#6960,#6961),(#6962,#6963),(#6964,
#6965),(#6966,#6967),(#6968,#6969)),.UNSPECIFIED.,.F.,.F.,.F.,(4,1,4),(2,
2),(-0.253794066094263,-0.126706370691783,0.),(0.,0.2),.UNSPECIFIED.);
#306=B_SPLINE_SURFACE_WITH_KNOTS('',3,1,((#6983,#6984),(#6985,#6986),(#6987,
#6988),(#6989,#6990),(#6991,#6992)),.UNSPECIFIED.,.F.,.F.,.F.,(4,1,4),(2,
2),(-0.257837160948841,-0.128799486392609,0.),(0.,0.2),.UNSPECIFIED.);
#307=B_SPLINE_SURFACE_WITH_KNOTS('',3,1,((#7156,#7157),(#7158,#7159),(#7160,
#7161),(#7162,#7163),(#7164,#7165)),.UNSPECIFIED.,.F.,.F.,.F.,(4,1,4),(2,
2),(-0.12699066890258,-0.0756013925206473,0.),(0.,0.2),.UNSPECIFIED.);
#308=B_SPLINE_SURFACE_WITH_KNOTS('',3,1,((#7179,#7180),(#7181,#7182),(#7183,
#7184),(#7185,#7186),(#7187,#7188)),.UNSPECIFIED.,.F.,.F.,.F.,(4,1,4),(2,
2),(-0.0921562550911355,-0.0485430696242338,0.),(0.,0.2),.UNSPECIFIED.);
#309=B_SPLINE_SURFACE_WITH_KNOTS('',3,1,((#7202,#7203),(#7204,#7205),(#7206,
#7207),(#7208,#7209),(#7210,#7211)),.UNSPECIFIED.,.F.,.F.,.F.,(4,1,4),(2,
2),(-0.0921763927977131,-0.043663030850733,0.),(0.,0.2),.UNSPECIFIED.);
#310=B_SPLINE_SURFACE_WITH_KNOTS('',3,1,((#7225,#7226),(#7227,#7228),(#7229,
#7230),(#7231,#7232),(#7233,#7234)),.UNSPECIFIED.,.F.,.F.,.F.,(4,1,4),(2,
2),(-0.0917852039600494,-0.0471900169200857,0.),(0.,0.2),.UNSPECIFIED.);
#311=B_SPLINE_SURFACE_WITH_KNOTS('',3,1,((#7248,#7249),(#7250,#7251),(#7252,
#7253),(#7254,#7255),(#7256,#7257)),.UNSPECIFIED.,.F.,.F.,.F.,(4,1,4),(2,
2),(-0.0871028510687134,-0.0430974430914114,0.),(0.,0.2),.UNSPECIFIED.);
#312=B_SPLINE_SURFACE_WITH_KNOTS('',3,1,((#7271,#7272),(#7273,#7274),(#7275,
#7276),(#7277,#7278),(#7279,#7280)),.UNSPECIFIED.,.F.,.F.,.F.,(4,1,4),(2,
2),(-0.153087848321541,-0.0611045935420214,0.),(0.,0.2),.UNSPECIFIED.);
#313=B_SPLINE_SURFACE_WITH_KNOTS('',3,1,((#7312,#7313),(#7314,#7315),(#7316,
#7317),(#7318,#7319),(#7320,#7321)),.UNSPECIFIED.,.F.,.F.,.F.,(4,1,4),(2,
2),(-0.0902342988430277,-0.0545832536910691,0.),(0.,0.2),.UNSPECIFIED.);
#314=B_SPLINE_SURFACE_WITH_KNOTS('',3,1,((#7335,#7336),(#7337,#7338),(#7339,
#7340),(#7341,#7342),(#7343,#7344)),.UNSPECIFIED.,.F.,.F.,.F.,(4,1,4),(2,
2),(-0.0814871099789325,-0.0433471585419667,0.),(0.,0.2),.UNSPECIFIED.);
#315=B_SPLINE_SURFACE_WITH_KNOTS('',3,1,((#7358,#7359),(#7360,#7361),(#7362,
#7363),(#7364,#7365),(#7366,#7367)),.UNSPECIFIED.,.F.,.F.,.F.,(4,1,4),(2,
2),(-0.0757396131864631,-0.0364962866148891,0.),(0.,0.2),.UNSPECIFIED.);
#316=B_SPLINE_SURFACE_WITH_KNOTS('',3,1,((#7381,#7382),(#7383,#7384),(#7385,
#7386),(#7387,#7388),(#7389,#7390)),.UNSPECIFIED.,.F.,.F.,.F.,(4,1,4),(2,
2),(-0.0872208501870875,-0.0420143202228349,0.),(0.,0.2),.UNSPECIFIED.);
#317=B_SPLINE_SURFACE_WITH_KNOTS('',3,1,((#7404,#7405),(#7406,#7407),(#7408,
#7409),(#7410,#7411),(#7412,#7413)),.UNSPECIFIED.,.F.,.F.,.F.,(4,1,4),(2,
2),(-0.102564818896448,-0.0527564762417992,0.),(0.,0.2),.UNSPECIFIED.);
#318=B_SPLINE_SURFACE_WITH_KNOTS('',3,1,((#7427,#7428),(#7429,#7430),(#7431,
#7432),(#7433,#7434),(#7435,#7436)),.UNSPECIFIED.,.F.,.F.,.F.,(4,1,4),(2,
2),(-0.0997381997555373,-0.0490219884901339,0.),(0.,0.2),.UNSPECIFIED.);
#319=B_SPLINE_SURFACE_WITH_KNOTS('',3,1,((#7450,#7451),(#7452,#7453),(#7454,
#7455),(#7456,#7457),(#7458,#7459)),.UNSPECIFIED.,.F.,.F.,.F.,(4,1,4),(2,
2),(-0.147674237278588,-0.0632426252597424,0.),(0.,0.2),.UNSPECIFIED.);
#320=B_SPLINE_SURFACE_WITH_KNOTS('',3,1,((#7492,#7493),(#7494,#7495),(#7496,
#7497),(#7498,#7499),(#7500,#7501)),.UNSPECIFIED.,.F.,.F.,.F.,(4,1,4),(2,
2),(-0.187266479713226,-0.103535661499399,0.),(0.,0.2),.UNSPECIFIED.);
#321=B_SPLINE_SURFACE_WITH_KNOTS('',3,1,((#7509,#7510),(#7511,#7512),(#7513,
#7514),(#7515,#7516),(#7517,#7518)),.UNSPECIFIED.,.F.,.F.,.F.,(4,1,4),(2,
2),(-0.144876383018,-0.072775378727987,0.),(0.,0.2),.UNSPECIFIED.);
#322=B_SPLINE_SURFACE_WITH_KNOTS('',3,1,((#7526,#7527),(#7528,#7529),(#7530,
#7531),(#7532,#7533),(#7534,#7535)),.UNSPECIFIED.,.F.,.F.,.F.,(4,1,4),(2,
2),(-0.13908822595535,-0.0709337225182227,0.),(0.,0.2),.UNSPECIFIED.);
#323=B_SPLINE_SURFACE_WITH_KNOTS('',3,1,((#7543,#7544),(#7545,#7546),(#7547,
#7548),(#7549,#7550),(#7551,#7552)),.UNSPECIFIED.,.F.,.F.,.F.,(4,1,4),(2,
2),(-0.126896629267644,-0.0628488669940735,0.),(0.,0.2),.UNSPECIFIED.);
#324=B_SPLINE_SURFACE_WITH_KNOTS('',3,1,((#7560,#7561),(#7562,#7563),(#7564,
#7565),(#7566,#7567),(#7568,#7569)),.UNSPECIFIED.,.F.,.F.,.F.,(4,1,4),(2,
2),(-0.14066199929793,-0.0672545080527228,0.),(0.,0.2),.UNSPECIFIED.);
#325=B_SPLINE_SURFACE_WITH_KNOTS('',3,1,((#7577,#7578),(#7579,#7580),(#7581,
#7582),(#7583,#7584),(#7585,#7586)),.UNSPECIFIED.,.F.,.F.,.F.,(4,1,4),(2,
2),(-0.168608124476617,-0.0879341605591503,0.),(0.,0.2),.UNSPECIFIED.);
#326=B_SPLINE_SURFACE_WITH_KNOTS('',3,1,((#7594,#7595),(#7596,#7597),(#7598,
#7599),(#7600,#7601),(#7602,#7603)),.UNSPECIFIED.,.F.,.F.,.F.,(4,1,4),(2,
2),(-0.161329954756038,-0.0789086902441637,0.),(0.,0.2),.UNSPECIFIED.);
#327=B_SPLINE_SURFACE_WITH_KNOTS('',3,1,((#7611,#7612),(#7613,#7614),(#7615,
#7616),(#7617,#7618),(#7619,#7620)),.UNSPECIFIED.,.F.,.F.,.F.,(4,1,4),(2,
2),(-0.134856435333338,-0.0681912655514869,0.),(0.,0.2),.UNSPECIFIED.);
#328=B_SPLINE_SURFACE_WITH_KNOTS('',3,1,((#7628,#7629),(#7630,#7631),(#7632,
#7633),(#7634,#7635),(#7636,#7637)),.UNSPECIFIED.,.F.,.F.,.F.,(4,1,4),(2,
2),(-0.119349757804905,-0.0629151491600191,0.),(0.,0.2),.UNSPECIFIED.);
#329=B_SPLINE_SURFACE_WITH_KNOTS('',3,1,((#7645,#7646),(#7647,#7648),(#7649,
#7650),(#7651,#7652),(#7653,#7654)),.UNSPECIFIED.,.F.,.F.,.F.,(4,1,4),(2,
2),(-0.120719612229166,-0.0569751134222384,0.),(0.,0.2),.UNSPECIFIED.);
#330=B_SPLINE_SURFACE_WITH_KNOTS('',3,1,((#7662,#7663),(#7664,#7665),(#7666,
#7667),(#7668,#7669),(#7670,#7671)),.UNSPECIFIED.,.F.,.F.,.F.,(4,1,4),(2,
2),(-0.162487087227409,-0.0743083594460864,0.),(0.,0.2),.UNSPECIFIED.);
#331=B_SPLINE_SURFACE_WITH_KNOTS('',3,1,((#7693,#7694),(#7695,#7696),(#7697,
#7698),(#7699,#7700),(#7701,#7702)),.UNSPECIFIED.,.F.,.F.,.F.,(4,1,4),(2,
2),(-0.156714751865207,-0.0883706675524386,0.),(0.,0.2),.UNSPECIFIED.);
#332=B_SPLINE_SURFACE_WITH_KNOTS('',3,1,((#7716,#7717),(#7718,#7719),(#7720,
#7721),(#7722,#7723),(#7724,#7725)),.UNSPECIFIED.,.F.,.F.,.F.,(4,1,4),(2,
2),(-0.104323018280617,-0.0552089604273806,0.),(0.,0.2),.UNSPECIFIED.);
#333=B_SPLINE_SURFACE_WITH_KNOTS('',3,1,((#7739,#7740),(#7741,#7742),(#7743,
#7744),(#7745,#7746),(#7747,#7748)),.UNSPECIFIED.,.F.,.F.,.F.,(4,1,4),(2,
2),(-0.147249536150757,-0.0692541262075916,0.),(0.,0.2),.UNSPECIFIED.);
#334=B_SPLINE_SURFACE_WITH_KNOTS('',3,1,((#7762,#7763),(#7764,#7765),(#7766,
#7767),(#7768,#7769),(#7770,#7771)),.UNSPECIFIED.,.F.,.F.,.F.,(4,1,4),(2,
2),(-0.195086221983945,-0.090088747032926,0.),(0.,0.2),.UNSPECIFIED.);
#335=B_SPLINE_SURFACE_WITH_KNOTS('',3,1,((#7785,#7786),(#7787,#7788),(#7789,
#7790),(#7791,#7792),(#7793,#7794)),.UNSPECIFIED.,.F.,.F.,.F.,(4,1,4),(2,
2),(-0.248770968790276,-0.139324019187302,0.),(0.,0.2),.UNSPECIFIED.);
#336=B_SPLINE_SURFACE_WITH_KNOTS('',3,1,((#7808,#7809),(#7810,#7811),(#7812,
#7813),(#7814,#7815),(#7816,#7817)),.UNSPECIFIED.,.F.,.F.,.F.,(4,1,4),(2,
2),(-0.170888535210395,-0.0905661451445674,0.),(0.,0.2),.UNSPECIFIED.);
#337=B_SPLINE_SURFACE_WITH_KNOTS('',3,1,((#7831,#7832),(#7833,#7834),(#7835,
#7836),(#7837,#7838),(#7839,#7840)),.UNSPECIFIED.,.F.,.F.,.F.,(4,1,4),(2,
2),(-0.173019254673955,-0.0710832013926428,0.),(0.,0.2),.UNSPECIFIED.);
#338=B_SPLINE_SURFACE_WITH_KNOTS('',3,1,((#7873,#7874),(#7875,#7876),(#7877,
#7878),(#7879,#7880),(#7881,#7882)),.UNSPECIFIED.,.F.,.F.,.F.,(4,1,4),(2,
2),(-0.178861352984454,-0.10289322640633,0.),(0.,0.2),.UNSPECIFIED.);
#339=B_SPLINE_SURFACE_WITH_KNOTS('',3,1,((#7890,#7891),(#7892,#7893),(#7894,
#7895),(#7896,#7897),(#7898,#7899)),.UNSPECIFIED.,.F.,.F.,.F.,(4,1,4),(2,
2),(-0.164427164306191,-0.0843501436133767,0.),(0.,0.2),.UNSPECIFIED.);
#340=B_SPLINE_SURFACE_WITH_KNOTS('',3,1,((#7907,#7908),(#7909,#7910),(#7911,
#7912),(#7913,#7914),(#7915,#7916)),.UNSPECIFIED.,.F.,.F.,.F.,(4,1,4),(2,
2),(-0.209601239758494,-0.102856926397657,0.),(0.,0.2),.UNSPECIFIED.);
#341=B_SPLINE_SURFACE_WITH_KNOTS('',3,1,((#7924,#7925),(#7926,#7927),(#7928,
#7929),(#7930,#7931),(#7932,#7933)),.UNSPECIFIED.,.F.,.F.,.F.,(4,1,4),(2,
2),(-0.241918867648667,-0.11525973337161,0.),(0.,0.2),.UNSPECIFIED.);
#342=B_SPLINE_SURFACE_WITH_KNOTS('',3,1,((#7941,#7942),(#7943,#7944),(#7945,
#7946),(#7947,#7948),(#7949,#7950)),.UNSPECIFIED.,.F.,.F.,.F.,(4,1,4),(2,
2),(-0.204199488154567,-0.107640896872147,0.),(0.,0.2),.UNSPECIFIED.);
#343=B_SPLINE_SURFACE_WITH_KNOTS('',3,1,((#7958,#7959),(#7960,#7961),(#7962,
#7963),(#7964,#7965),(#7966,#7967)),.UNSPECIFIED.,.F.,.F.,.F.,(4,1,4),(2,
2),(-0.161363585149942,-0.0859448795488025,0.),(0.,0.2),.UNSPECIFIED.);
#344=B_SPLINE_SURFACE_WITH_KNOTS('',3,1,((#7975,#7976),(#7977,#7978),(#7979,
#7980),(#7981,#7982),(#7983,#7984)),.UNSPECIFIED.,.F.,.F.,.F.,(4,1,4),(2,
2),(-0.129054523432206,-0.0674592578895477,0.),(0.,0.2),.UNSPECIFIED.);
#345=B_SPLINE_SURFACE_WITH_KNOTS('',3,1,((#7992,#7993),(#7994,#7995),(#7996,
#7997),(#7998,#7999),(#8000,#8001)),.UNSPECIFIED.,.F.,.F.,.F.,(4,1,4),(2,
2),(-0.129971734099676,-0.061833092246103,0.),(0.,0.2),.UNSPECIFIED.);
#346=B_SPLINE_SURFACE_WITH_KNOTS('',3,1,((#8009,#8010),(#8011,#8012),(#8013,
#8014),(#8015,#8016),(#8017,#8018)),.UNSPECIFIED.,.F.,.F.,.F.,(4,1,4),(2,
2),(-0.161828420643666,-0.0762002815957758,0.),(0.,0.2),.UNSPECIFIED.);
#347=B_SPLINE_SURFACE_WITH_KNOTS('',3,1,((#8045,#8046),(#8047,#8048),(#8049,
#8050),(#8051,#8052),(#8053,#8054)),.UNSPECIFIED.,.F.,.F.,.F.,(4,1,4),(2,
2),(-0.242789458896679,-0.135500510952785,0.),(0.,0.199999999999999),
 .UNSPECIFIED.);
#348=B_SPLINE_SURFACE_WITH_KNOTS('',3,1,((#8068,#8069),(#8070,#8071),(#8072,
#8073),(#8074,#8075),(#8076,#8077)),.UNSPECIFIED.,.F.,.F.,.F.,(4,1,4),(2,
2),(-0.192286728740828,-0.0935587246279032,0.),(0.,0.199999999999999),
 .UNSPECIFIED.);
#349=B_SPLINE_SURFACE_WITH_KNOTS('',3,1,((#8091,#8092),(#8093,#8094),(#8095,
#8096),(#8097,#8098),(#8099,#8100)),.UNSPECIFIED.,.F.,.F.,.F.,(4,1,4),(2,
2),(-0.242491048119086,-0.111041427644908,0.),(0.,0.199999999999999),
 .UNSPECIFIED.);
#350=B_SPLINE_SURFACE_WITH_KNOTS('',3,1,((#8114,#8115),(#8116,#8117),(#8118,
#8119),(#8120,#8121),(#8122,#8123)),.UNSPECIFIED.,.F.,.F.,.F.,(4,1,4),(2,
2),(-0.236715788288329,-0.12830111183327,0.),(0.,0.199999999999999),
 .UNSPECIFIED.);
#351=B_SPLINE_SURFACE_WITH_KNOTS('',3,1,((#8137,#8138),(#8139,#8140),(#8141,
#8142),(#8143,#8144),(#8145,#8146)),.UNSPECIFIED.,.F.,.F.,.F.,(4,1,4),(2,
2),(-0.192464861614762,-0.0968221639122162,0.),(0.,0.199999999999999),
 .UNSPECIFIED.);
#352=B_SPLINE_SURFACE_WITH_KNOTS('',3,1,((#8160,#8161),(#8162,#8163),(#8164,
#8165),(#8166,#8167),(#8168,#8169)),.UNSPECIFIED.,.F.,.F.,.F.,(4,1,4),(2,
2),(-0.254719821976257,-0.11226089303332,0.),(0.,0.199999999999999),
 .UNSPECIFIED.);
#353=B_SPLINE_SURFACE_WITH_KNOTS('',3,1,((#8201,#8202),(#8203,#8204),(#8205,
#8206),(#8207,#8208),(#8209,#8210)),.UNSPECIFIED.,.F.,.F.,.F.,(4,1,4),(2,
2),(-0.194244978094453,-0.113309812749295,0.),(0.,0.199999999999999),
 .UNSPECIFIED.);
#354=B_SPLINE_SURFACE_WITH_KNOTS('',3,1,((#8224,#8225),(#8226,#8227),(#8228,
#8229),(#8230,#8231),(#8232,#8233)),.UNSPECIFIED.,.F.,.F.,.F.,(4,1,4),(2,
2),(-0.128384714755181,-0.0638002610045013,0.),(0.,0.199999999999999),
 .UNSPECIFIED.);
#355=B_SPLINE_SURFACE_WITH_KNOTS('',3,1,((#8247,#8248),(#8249,#8250),(#8251,
#8252),(#8253,#8254),(#8255,#8256)),.UNSPECIFIED.,.F.,.F.,.F.,(4,1,4),(2,
2),(-0.149341073494905,-0.0701981667067687,0.),(0.,0.199999999999999),
 .UNSPECIFIED.);
#356=B_SPLINE_SURFACE_WITH_KNOTS('',3,1,((#8270,#8271),(#8272,#8273),(#8274,
#8275),(#8276,#8277),(#8278,#8279)),.UNSPECIFIED.,.F.,.F.,.F.,(4,1,4),(2,
2),(-0.222835733577135,-0.126089732311045,0.),(0.,0.199999999999999),
 .UNSPECIFIED.);
#357=B_SPLINE_SURFACE_WITH_KNOTS('',3,1,((#8293,#8294),(#8295,#8296),(#8297,
#8298),(#8299,#8300),(#8301,#8302)),.UNSPECIFIED.,.F.,.F.,.F.,(4,1,4),(2,
2),(-0.265819434057792,-0.10731579009423,0.),(0.,0.199999999999999),
 .UNSPECIFIED.);
#358=B_SPLINE_SURFACE_WITH_KNOTS('',3,1,((#8329,#8330),(#8331,#8332),(#8333,
#8334),(#8335,#8336),(#8337,#8338)),.UNSPECIFIED.,.F.,.F.,.F.,(4,1,4),(2,
2),(-0.130775166094772,-0.0698729198047581,0.),(0.,0.199999999999999),
 .UNSPECIFIED.);
#359=B_SPLINE_SURFACE_WITH_KNOTS('',3,1,((#8352,#8353),(#8354,#8355),(#8356,
#8357),(#8358,#8359),(#8360,#8361)),.UNSPECIFIED.,.F.,.F.,.F.,(4,1,4),(2,
2),(-0.128468738880183,-0.0600096643542931,0.),(0.,0.199999999999999),
 .UNSPECIFIED.);
#360=B_SPLINE_SURFACE_WITH_KNOTS('',3,1,((#8375,#8376),(#8377,#8378),(#8379,
#8380),(#8381,#8382),(#8383,#8384)),.UNSPECIFIED.,.F.,.F.,.F.,(4,1,4),(2,
2),(-0.157157560034864,-0.0758158829845135,0.),(0.,0.199999999999999),
 .UNSPECIFIED.);
#361=B_SPLINE_SURFACE_WITH_KNOTS('',3,1,((#8398,#8399),(#8400,#8401),(#8402,
#8403),(#8404,#8405),(#8406,#8407)),.UNSPECIFIED.,.F.,.F.,.F.,(4,1,4),(2,
2),(-0.136162062616529,-0.0715041786668495,0.),(0.,0.199999999999999),
 .UNSPECIFIED.);
#362=B_SPLINE_SURFACE_WITH_KNOTS('',3,1,((#8421,#8422),(#8423,#8424),(#8425,
#8426),(#8427,#8428),(#8429,#8430)),.UNSPECIFIED.,.F.,.F.,.F.,(4,1,4),(2,
2),(-0.107218722195866,-0.0571739272925645,0.),(0.,0.199999999999999),
 .UNSPECIFIED.);
#363=B_SPLINE_SURFACE_WITH_KNOTS('',3,1,((#8444,#8445),(#8446,#8447),(#8448,
#8449),(#8450,#8451),(#8452,#8453)),.UNSPECIFIED.,.F.,.F.,.F.,(4,1,4),(2,
2),(-0.0913347447813692,-0.0461826179071463,0.),(0.,0.199999999999999),
 .UNSPECIFIED.);
#364=B_SPLINE_SURFACE_WITH_KNOTS('',3,1,((#8467,#8468),(#8469,#8470),(#8471,
#8472),(#8473,#8474),(#8475,#8476)),.UNSPECIFIED.,.F.,.F.,.F.,(4,1,4),(2,
2),(-0.0878673871436695,-0.0446072760868398,0.),(0.,0.199999999999999),
 .UNSPECIFIED.);
#365=B_SPLINE_SURFACE_WITH_KNOTS('',3,1,((#8490,#8491),(#8492,#8493),(#8494,
#8495),(#8496,#8497),(#8498,#8499)),.UNSPECIFIED.,.F.,.F.,.F.,(4,1,4),(2,
2),(-0.1086253737752,-0.0484906382038593,0.),(0.,0.199999999999999),
 .UNSPECIFIED.);
#366=B_SPLINE_SURFACE_WITH_KNOTS('',3,1,((#8513,#8514),(#8515,#8516),(#8517,
#8518),(#8519,#8520),(#8521,#8522)),.UNSPECIFIED.,.F.,.F.,.F.,(4,1,4),(2,
2),(-0.184654115693228,-0.0676664955277013,0.),(0.,0.199999999999999),
 .UNSPECIFIED.);
#367=B_SPLINE_SURFACE_WITH_KNOTS('',3,1,((#8536,#8537),(#8538,#8539),(#8540,
#8541),(#8542,#8543),(#8544,#8545)),.UNSPECIFIED.,.F.,.F.,.F.,(4,1,4),(2,
2),(-0.203186497456345,-0.121485591167769,0.),(0.,0.199999999999999),
 .UNSPECIFIED.);
#368=B_SPLINE_SURFACE_WITH_KNOTS('',3,1,((#8559,#8560),(#8561,#8562),(#8563,
#8564),(#8565,#8566),(#8567,#8568)),.UNSPECIFIED.,.F.,.F.,.F.,(4,1,4),(2,
2),(-0.14290022563587,-0.0753212458063606,0.),(0.,0.199999999999999),
 .UNSPECIFIED.);
#369=B_SPLINE_SURFACE_WITH_KNOTS('',3,1,((#8582,#8583),(#8584,#8585),(#8586,
#8587),(#8588,#8589),(#8590,#8591)),.UNSPECIFIED.,.F.,.F.,.F.,(4,1,4),(2,
2),(-0.130696654163142,-0.0645414736921776,0.),(0.,0.199999999999999),
 .UNSPECIFIED.);
#370=B_SPLINE_SURFACE_WITH_KNOTS('',3,1,((#8605,#8606),(#8607,#8608),(#8609,
#8610),(#8611,#8612),(#8613,#8614)),.UNSPECIFIED.,.F.,.F.,.F.,(4,1,4),(2,
2),(-0.149548334624698,-0.0740272441962973,0.),(0.,0.199999999999999),
 .UNSPECIFIED.);
#371=B_SPLINE_SURFACE_WITH_KNOTS('',3,1,((#8628,#8629),(#8630,#8631),(#8632,
#8633),(#8634,#8635),(#8636,#8637)),.UNSPECIFIED.,.F.,.F.,.F.,(4,1,4),(2,
2),(-0.162332193708764,-0.0784002500842333,0.),(0.,0.199999999999999),
 .UNSPECIFIED.);
#372=B_SPLINE_SURFACE_WITH_KNOTS('',3,1,((#8651,#8652),(#8653,#8654),(#8655,
#8656),(#8657,#8658),(#8659,#8660)),.UNSPECIFIED.,.F.,.F.,.F.,(4,1,4),(2,
2),(-0.1875458767593,-0.0908187765500606,0.),(0.,0.199999999999999),
 .UNSPECIFIED.);
#373=B_SPLINE_SURFACE_WITH_KNOTS('',3,1,((#8674,#8675),(#8676,#8677),(#8678,
#8679),(#8680,#8681),(#8682,#8683)),.UNSPECIFIED.,.F.,.F.,.F.,(4,1,4),(2,
2),(-0.200355281000504,-0.10500378186879,0.),(0.,0.199999999999999),
 .UNSPECIFIED.);
#374=B_SPLINE_SURFACE_WITH_KNOTS('',3,1,((#8697,#8698),(#8699,#8700),(#8701,
#8702),(#8703,#8704),(#8705,#8706)),.UNSPECIFIED.,.F.,.F.,.F.,(4,1,4),(2,
2),(-0.169760801241613,-0.0871851663170577,0.),(0.,0.199999999999999),
 .UNSPECIFIED.);
#375=B_SPLINE_SURFACE_WITH_KNOTS('',3,1,((#8720,#8721),(#8722,#8723),(#8724,
#8725),(#8726,#8727),(#8728,#8729)),.UNSPECIFIED.,.F.,.F.,.F.,(4,1,4),(2,
2),(-0.166633498766793,-0.0820789440905017,0.),(0.,0.199999999999999),
 .UNSPECIFIED.);
#376=B_SPLINE_SURFACE_WITH_KNOTS('',3,1,((#8749,#8750),(#8751,#8752),(#8753,
#8754),(#8755,#8756),(#8757,#8758)),.UNSPECIFIED.,.F.,.F.,.F.,(4,1,4),(2,
2),(-0.162309998918738,-0.0861880626069617,0.),(0.,0.199999999999999),
 .UNSPECIFIED.);
#377=B_SPLINE_SURFACE_WITH_KNOTS('',3,1,((#8772,#8773),(#8774,#8775),(#8776,
#8777),(#8778,#8779),(#8780,#8781)),.UNSPECIFIED.,.F.,.F.,.F.,(4,1,4),(2,
2),(-0.183535396653877,-0.0816030314738908,0.),(0.,0.199999999999999),
 .UNSPECIFIED.);
#378=B_SPLINE_SURFACE_WITH_KNOTS('',3,1,((#8795,#8796),(#8797,#8798),(#8799,
#8800),(#8801,#8802),(#8803,#8804)),.UNSPECIFIED.,.F.,.F.,.F.,(4,1,4),(2,
2),(-0.182822441567005,-0.10435015206108,0.),(0.,0.199999999999999),
 .UNSPECIFIED.);
#379=B_SPLINE_SURFACE_WITH_KNOTS('',3,1,((#8818,#8819),(#8820,#8821),(#8822,
#8823),(#8824,#8825),(#8826,#8827)),.UNSPECIFIED.,.F.,.F.,.F.,(4,1,4),(2,
2),(-0.122808038516091,-0.0636388944127795,0.),(0.,0.199999999999999),
 .UNSPECIFIED.);
#380=B_SPLINE_SURFACE_WITH_KNOTS('',3,1,((#8841,#8842),(#8843,#8844),(#8845,
#8846),(#8847,#8848),(#8849,#8850)),.UNSPECIFIED.,.F.,.F.,.F.,(4,1,4),(2,
2),(-0.0992148471462806,-0.0500658233076409,0.),(0.,0.199999999999999),
 .UNSPECIFIED.);
#381=B_SPLINE_SURFACE_WITH_KNOTS('',3,1,((#8864,#8865),(#8866,#8867),(#8868,
#8869),(#8870,#8871),(#8872,#8873)),.UNSPECIFIED.,.F.,.F.,.F.,(4,1,4),(2,
2),(-0.212882271059074,-0.0774490773667732,0.),(0.,0.199999999999999),
 .UNSPECIFIED.);
#382=B_SPLINE_SURFACE_WITH_KNOTS('',3,1,((#8887,#8888),(#8889,#8890),(#8891,
#8892),(#8893,#8894),(#8895,#8896)),.UNSPECIFIED.,.F.,.F.,.F.,(4,1,4),(2,
2),(-0.230565597463492,-0.140231557811943,0.),(0.,0.199999999999999),
 .UNSPECIFIED.);
#383=B_SPLINE_SURFACE_WITH_KNOTS('',3,1,((#8910,#8911),(#8912,#8913),(#8914,
#8915),(#8916,#8917),(#8918,#8919)),.UNSPECIFIED.,.F.,.F.,.F.,(4,1,4),(2,
2),(-0.16593290724396,-0.0885424536600803,0.),(0.,0.199999999999999),
 .UNSPECIFIED.);
#384=B_SPLINE_SURFACE_WITH_KNOTS('',3,1,((#8933,#8934),(#8935,#8936),(#8937,
#8938),(#8939,#8940),(#8941,#8942)),.UNSPECIFIED.,.F.,.F.,.F.,(4,1,4),(2,
2),(-0.149900050551446,-0.0733882288739154,0.),(0.,0.199999999999999),
 .UNSPECIFIED.);
#385=B_SPLINE_SURFACE_WITH_KNOTS('',3,1,((#8956,#8957),(#8958,#8959),(#8960,
#8961),(#8962,#8963),(#8964,#8965)),.UNSPECIFIED.,.F.,.F.,.F.,(4,1,4),(2,
2),(-0.158902896720277,-0.0783444218198397,0.),(0.,0.199999999999999),
 .UNSPECIFIED.);
#386=B_SPLINE_SURFACE_WITH_KNOTS('',3,1,((#8979,#8980),(#8981,#8982),(#8983,
#8984),(#8985,#8986),(#8987,#8988)),.UNSPECIFIED.,.F.,.F.,.F.,(4,1,4),(2,
2),(-0.172975820440142,-0.0838952548243414,0.),(0.,0.199999999999999),
 .UNSPECIFIED.);
#387=B_SPLINE_SURFACE_WITH_KNOTS('',3,1,((#9002,#9003),(#9004,#9005),(#9006,
#9007),(#9008,#9009),(#9010,#9011)),.UNSPECIFIED.,.F.,.F.,.F.,(4,1,4),(2,
2),(-0.197810186071685,-0.0956163141254841,0.),(0.,0.199999999999999),
 .UNSPECIFIED.);
#388=B_SPLINE_SURFACE_WITH_KNOTS('',3,1,((#9025,#9026),(#9027,#9028),(#9029,
#9030),(#9031,#9032),(#9033,#9034)),.UNSPECIFIED.,.F.,.F.,.F.,(4,1,4),(2,
2),(-0.232080225103104,-0.125135804556514,0.),(0.,0.199999999999999),
 .UNSPECIFIED.);
#389=B_SPLINE_SURFACE_WITH_KNOTS('',3,1,((#9048,#9049),(#9050,#9051),(#9052,
#9053),(#9054,#9055),(#9056,#9057)),.UNSPECIFIED.,.F.,.F.,.F.,(4,1,4),(2,
2),(-0.188857512654499,-0.0956789332345534,0.),(0.,0.199999999999999),
 .UNSPECIFIED.);
#390=B_SPLINE_SURFACE_WITH_KNOTS('',3,1,((#9071,#9072),(#9073,#9074),(#9075,
#9076),(#9077,#9078),(#9079,#9080)),.UNSPECIFIED.,.F.,.F.,.F.,(4,1,4),(2,
2),(-0.189827223855839,-0.0935652223288269,0.),(0.,0.199999999999999),
 .UNSPECIFIED.);
#391=B_SPLINE_SURFACE_WITH_KNOTS('',3,1,((#9101,#9102),(#9103,#9104),(#9105,
#9106),(#9107,#9108),(#9109,#9110)),.UNSPECIFIED.,.F.,.F.,.F.,(4,1,4),(2,
2),(-0.126990903881931,-0.0756013925206473,0.),(0.,0.199999999999999),
 .UNSPECIFIED.);
#392=B_SPLINE_SURFACE_WITH_KNOTS('',3,1,((#9124,#9125),(#9126,#9127),(#9128,
#9129),(#9130,#9131),(#9132,#9133)),.UNSPECIFIED.,.F.,.F.,.F.,(4,1,4),(2,
2),(-0.0921560622416463,-0.0485428767747446,0.),(0.,0.199999999999999),
 .UNSPECIFIED.);
#393=B_SPLINE_SURFACE_WITH_KNOTS('',3,1,((#9147,#9148),(#9149,#9150),(#9151,
#9152),(#9153,#9154),(#9155,#9156)),.UNSPECIFIED.,.F.,.F.,.F.,(4,1,4),(2,
2),(-0.0921764407985227,-0.0436631379360844,0.),(0.,0.199999999999999),
 .UNSPECIFIED.);
#394=B_SPLINE_SURFACE_WITH_KNOTS('',3,1,((#9170,#9171),(#9172,#9173),(#9174,
#9175),(#9176,#9177),(#9178,#9179)),.UNSPECIFIED.,.F.,.F.,.F.,(4,1,4),(2,
2),(-0.0917850035893218,-0.0471900760460592,0.),(0.,0.199999999999999),
 .UNSPECIFIED.);
#395=B_SPLINE_SURFACE_WITH_KNOTS('',3,1,((#9193,#9194),(#9195,#9196),(#9197,
#9198),(#9199,#9200),(#9201,#9202)),.UNSPECIFIED.,.F.,.F.,.F.,(4,1,4),(2,
2),(-0.0871030555506128,-0.0430976475733108,0.),(0.,0.199999999999999),
 .UNSPECIFIED.);
#396=B_SPLINE_SURFACE_WITH_KNOTS('',3,1,((#9216,#9217),(#9218,#9219),(#9220,
#9221),(#9222,#9223),(#9224,#9225)),.UNSPECIFIED.,.F.,.F.,.F.,(4,1,4),(2,
2),(-0.153087610075212,-0.0611045935420214,0.),(0.,0.199999999999999),
 .UNSPECIFIED.);
#397=B_SPLINE_SURFACE_WITH_KNOTS('',3,1,((#9257,#9258),(#9259,#9260),(#9261,
#9262),(#9263,#9264),(#9265,#9266)),.UNSPECIFIED.,.F.,.F.,.F.,(4,1,4),(2,
2),(-0.0902340709982438,-0.0545832510840351,0.),(0.,0.199999999999999),
 .UNSPECIFIED.);
#398=B_SPLINE_SURFACE_WITH_KNOTS('',3,1,((#9280,#9281),(#9282,#9283),(#9284,
#9285),(#9286,#9287),(#9288,#9289)),.UNSPECIFIED.,.F.,.F.,.F.,(4,1,4),(2,
2),(-0.0814871099789325,-0.0433471585419667,0.),(0.,0.199999999999999),
 .UNSPECIFIED.);
#399=B_SPLINE_SURFACE_WITH_KNOTS('',3,1,((#9303,#9304),(#9305,#9306),(#9307,
#9308),(#9309,#9310),(#9311,#9312)),.UNSPECIFIED.,.F.,.F.,.F.,(4,1,4),(2,
2),(-0.0757396131864631,-0.0364962866148891,0.),(0.,0.199999999999999),
 .UNSPECIFIED.);
#400=B_SPLINE_SURFACE_WITH_KNOTS('',3,1,((#9326,#9327),(#9328,#9329),(#9330,
#9331),(#9332,#9333),(#9334,#9335)),.UNSPECIFIED.,.F.,.F.,.F.,(4,1,4),(2,
2),(-0.0872208501870875,-0.0420143202228349,0.),(0.,0.199999999999999),
 .UNSPECIFIED.);
#401=B_SPLINE_SURFACE_WITH_KNOTS('',3,1,((#9349,#9350),(#9351,#9352),(#9353,
#9354),(#9355,#9356),(#9357,#9358)),.UNSPECIFIED.,.F.,.F.,.F.,(4,1,4),(2,
2),(-0.102564812745678,-0.052756626716062,0.),(0.,0.199999999999999),
 .UNSPECIFIED.);
#402=B_SPLINE_SURFACE_WITH_KNOTS('',3,1,((#9372,#9373),(#9374,#9375),(#9376,
#9377),(#9378,#9379),(#9380,#9381)),.UNSPECIFIED.,.F.,.F.,.F.,(4,1,4),(2,
2),(-0.0997379173403205,-0.0490219457769162,0.),(0.,0.199999999999999),
 .UNSPECIFIED.);
#403=B_SPLINE_SURFACE_WITH_KNOTS('',3,1,((#9395,#9396),(#9397,#9398),(#9399,
#9400),(#9401,#9402),(#9403,#9404)),.UNSPECIFIED.,.F.,.F.,.F.,(4,1,4),(2,
2),(-0.147674482780856,-0.0632428707620104,0.),(0.,0.199999999999999),
 .UNSPECIFIED.);
#404=B_SPLINE_SURFACE_WITH_KNOTS('',3,1,((#9442,#9443),(#9444,#9445),(#9446,
#9447),(#9448,#9449),(#9450,#9451)),.UNSPECIFIED.,.F.,.F.,.F.,(4,1,4),(2,
2),(-0.187266479713226,-0.103535661499399,0.),(0.,0.199999999999999),
 .UNSPECIFIED.);
#405=B_SPLINE_SURFACE_WITH_KNOTS('',3,1,((#9465,#9466),(#9467,#9468),(#9469,
#9470),(#9471,#9472),(#9473,#9474)),.UNSPECIFIED.,.F.,.F.,.F.,(4,1,4),(2,
2),(-0.144876180776878,-0.0727751764868649,0.),(0.,0.199999999999999),
 .UNSPECIFIED.);
#406=B_SPLINE_SURFACE_WITH_KNOTS('',3,1,((#9488,#9489),(#9490,#9491),(#9492,
#9493),(#9494,#9495),(#9496,#9497)),.UNSPECIFIED.,.F.,.F.,.F.,(4,1,4),(2,
2),(-0.139088265004325,-0.0709336682808075,0.),(0.,0.199999999999999),
 .UNSPECIFIED.);
#407=B_SPLINE_SURFACE_WITH_KNOTS('',3,1,((#9511,#9512),(#9513,#9514),(#9515,
#9516),(#9517,#9518),(#9519,#9520)),.UNSPECIFIED.,.F.,.F.,.F.,(4,1,4),(2,
2),(-0.12689673609057,-0.0628488340012242,0.),(0.,0.199999999999999),
 .UNSPECIFIED.);
#408=B_SPLINE_SURFACE_WITH_KNOTS('',3,1,((#9534,#9535),(#9536,#9537),(#9538,
#9539),(#9540,#9541),(#9542,#9543)),.UNSPECIFIED.,.F.,.F.,.F.,(4,1,4),(2,
2),(-0.140661845245402,-0.0672545533932565,0.),(0.,0.199999999999999),
 .UNSPECIFIED.);
#409=B_SPLINE_SURFACE_WITH_KNOTS('',3,1,((#9557,#9558),(#9559,#9560),(#9561,
#9562),(#9563,#9564),(#9565,#9566)),.UNSPECIFIED.,.F.,.F.,.F.,(4,1,4),(2,
2),(-0.168607949343955,-0.0879341605591503,0.),(0.,0.199999999999999),
 .UNSPECIFIED.);
#410=B_SPLINE_SURFACE_WITH_KNOTS('',3,1,((#9580,#9581),(#9582,#9583),(#9584,
#9585),(#9586,#9587),(#9588,#9589)),.UNSPECIFIED.,.F.,.F.,.F.,(4,1,4),(2,
2),(-0.161329954756038,-0.0789086902441637,0.),(0.,0.199999999999999),
 .UNSPECIFIED.);
#411=B_SPLINE_SURFACE_WITH_KNOTS('',3,1,((#9603,#9604),(#9605,#9606),(#9607,
#9608),(#9609,#9610),(#9611,#9612)),.UNSPECIFIED.,.F.,.F.,.F.,(4,1,4),(2,
2),(-0.134856435333338,-0.0681912655514869,0.),(0.,0.199999999999999),
 .UNSPECIFIED.);
#412=B_SPLINE_SURFACE_WITH_KNOTS('',3,1,((#9626,#9627),(#9628,#9629),(#9630,
#9631),(#9632,#9633),(#9634,#9635)),.UNSPECIFIED.,.F.,.F.,.F.,(4,1,4),(2,
2),(-0.119349588140951,-0.0629151491600191,0.),(0.,0.199999999999999),
 .UNSPECIFIED.);
#413=B_SPLINE_SURFACE_WITH_KNOTS('',3,1,((#9649,#9650),(#9651,#9652),(#9653,
#9654),(#9655,#9656),(#9657,#9658)),.UNSPECIFIED.,.F.,.F.,.F.,(4,1,4),(2,
2),(-0.120719818105321,-0.0569753192983927,0.),(0.,0.199999999999999),
 .UNSPECIFIED.);
#414=B_SPLINE_SURFACE_WITH_KNOTS('',3,1,((#9672,#9673),(#9674,#9675),(#9676,
#9677),(#9678,#9679),(#9680,#9681)),.UNSPECIFIED.,.F.,.F.,.F.,(4,1,4),(2,
2),(-0.162486849076608,-0.0743083594460864,0.),(0.,0.199999999999999),
 .UNSPECIFIED.);
#415=SHAPE_REPRESENTATION_RELATIONSHIP('SRR','None',#9880,#418);
#416=SHAPE_REPRESENTATION_RELATIONSHIP('SRR','None',#9881,#419);
#417=SHAPE_REPRESENTATION_RELATIONSHIP('SRR','None',#9882,#420);
#418=ADVANCED_BREP_SHAPE_REPRESENTATION('',(#424),#9860);
#419=ADVANCED_BREP_SHAPE_REPRESENTATION('',(#425),#9861);
#420=ADVANCED_BREP_SHAPE_REPRESENTATION('',(#426),#9862);
#421=STYLED_ITEM('',(#9903),#424);
#422=STYLED_ITEM('',(#9903),#425);
#423=STYLED_ITEM('',(#9903),#426);
#424=MANIFOLD_SOLID_BREP('Corps1',#5101);
#425=MANIFOLD_SOLID_BREP('Corps1',#5102);
#426=MANIFOLD_SOLID_BREP('Corps1',#5103);
#427=FACE_BOUND('',#891,.T.);
#428=FACE_BOUND('',#896,.T.);
#429=FACE_BOUND('',#901,.T.);
#430=FACE_BOUND('',#907,.T.);
#431=FACE_BOUND('',#926,.T.);
#432=FACE_BOUND('',#927,.T.);
#433=FACE_BOUND('',#930,.T.);
#434=FACE_BOUND('',#931,.T.);
#435=FACE_BOUND('',#937,.T.);
#436=FACE_BOUND('',#938,.T.);
#437=FACE_BOUND('',#942,.T.);
#438=FACE_BOUND('',#943,.T.);
#439=FACE_BOUND('',#982,.T.);
#440=FACE_BOUND('',#984,.T.);
#441=FACE_BOUND('',#985,.T.);
#442=FACE_BOUND('',#986,.T.);
#443=FACE_BOUND('',#987,.T.);
#444=FACE_BOUND('',#1022,.T.);
#445=FACE_BOUND('',#1023,.T.);
#446=FACE_BOUND('',#1049,.T.);
#447=FACE_BOUND('',#1139,.T.);
#448=FACE_BOUND('',#1140,.T.);
#449=FACE_BOUND('',#1142,.T.);
#450=FACE_BOUND('',#1143,.T.);
#451=FACE_BOUND('',#1144,.T.);
#452=FACE_BOUND('',#1145,.T.);
#453=FACE_BOUND('',#1173,.T.);
#454=FACE_BOUND('',#1182,.T.);
#455=FACE_BOUND('',#1185,.T.);
#456=FACE_BOUND('',#1187,.T.);
#457=FACE_BOUND('',#1189,.T.);
#458=FACE_BOUND('',#1190,.T.);
#459=PLANE('',#5156);
#460=PLANE('',#5157);
#461=PLANE('',#5158);
#462=PLANE('',#5159);
#463=PLANE('',#5160);
#464=PLANE('',#5161);
#465=PLANE('',#5162);
#466=PLANE('',#5163);
#467=PLANE('',#5164);
#468=PLANE('',#5165);
#469=PLANE('',#5166);
#470=PLANE('',#5167);
#471=PLANE('',#5168);
#472=PLANE('',#5169);
#473=PLANE('',#5170);
#474=PLANE('',#5171);
#475=PLANE('',#5172);
#476=PLANE('',#5173);
#477=PLANE('',#5175);
#478=PLANE('',#5176);
#479=PLANE('',#5177);
#480=PLANE('',#5178);
#481=PLANE('',#5179);
#482=PLANE('',#5180);
#483=PLANE('',#5181);
#484=PLANE('',#5182);
#485=PLANE('',#5183);
#486=PLANE('',#5184);
#487=PLANE('',#5185);
#488=PLANE('',#5186);
#489=PLANE('',#5187);
#490=PLANE('',#5188);
#491=PLANE('',#5189);
#492=PLANE('',#5190);
#493=PLANE('',#5191);
#494=PLANE('',#5192);
#495=PLANE('',#5193);
#496=PLANE('',#5194);
#497=PLANE('',#5195);
#498=PLANE('',#5196);
#499=PLANE('',#5197);
#500=PLANE('',#5198);
#501=PLANE('',#5199);
#502=PLANE('',#5200);
#503=PLANE('',#5201);
#504=PLANE('',#5202);
#505=PLANE('',#5203);
#506=PLANE('',#5204);
#507=PLANE('',#5205);
#508=PLANE('',#5206);
#509=PLANE('',#5207);
#510=PLANE('',#5208);
#511=PLANE('',#5210);
#512=PLANE('',#5211);
#513=PLANE('',#5212);
#514=PLANE('',#5213);
#515=PLANE('',#5214);
#516=PLANE('',#5215);
#517=PLANE('',#5216);
#518=PLANE('',#5217);
#519=PLANE('',#5218);
#520=PLANE('',#5219);
#521=PLANE('',#5220);
#522=PLANE('',#5221);
#523=PLANE('',#5223);
#524=PLANE('',#5224);
#525=PLANE('',#5225);
#526=PLANE('',#5226);
#527=PLANE('',#5227);
#528=PLANE('',#5228);
#529=PLANE('',#5229);
#530=PLANE('',#5230);
#531=PLANE('',#5231);
#532=PLANE('',#5232);
#533=PLANE('',#5233);
#534=PLANE('',#5234);
#535=PLANE('',#5235);
#536=PLANE('',#5236);
#537=PLANE('',#5237);
#538=PLANE('',#5238);
#539=PLANE('',#5239);
#540=PLANE('',#5240);
#541=PLANE('',#5241);
#542=PLANE('',#5242);
#543=PLANE('',#5243);
#544=PLANE('',#5244);
#545=PLANE('',#5245);
#546=PLANE('',#5246);
#547=PLANE('',#5247);
#548=PLANE('',#5248);
#549=PLANE('',#5249);
#550=PLANE('',#5250);
#551=PLANE('',#5251);
#552=PLANE('',#5252);
#553=PLANE('',#5253);
#554=PLANE('',#5254);
#555=PLANE('',#5255);
#556=PLANE('',#5256);
#557=PLANE('',#5257);
#558=PLANE('',#5258);
#559=PLANE('',#5259);
#560=PLANE('',#5260);
#561=PLANE('',#5261);
#562=PLANE('',#5262);
#563=PLANE('',#5263);
#564=PLANE('',#5265);
#565=PLANE('',#5310);
#566=PLANE('',#5311);
#567=PLANE('',#5312);
#568=PLANE('',#5313);
#569=PLANE('',#5314);
#570=PLANE('',#5315);
#571=PLANE('',#5316);
#572=PLANE('',#5317);
#573=PLANE('',#5318);
#574=PLANE('',#5319);
#575=PLANE('',#5324);
#576=PLANE('',#5325);
#577=PLANE('',#5326);
#578=PLANE('',#5327);
#579=PLANE('',#5328);
#580=PLANE('',#5329);
#581=CYLINDRICAL_SURFACE('',#5142,1.2645);
#582=CYLINDRICAL_SURFACE('',#5146,1.2645);
#583=CYLINDRICAL_SURFACE('',#5150,1.2645);
#584=CYLINDRICAL_SURFACE('',#5154,1.2645);
#585=CYLINDRICAL_SURFACE('',#5278,5.);
#586=CYLINDRICAL_SURFACE('',#5287,5.);
#587=CYLINDRICAL_SURFACE('',#5292,5.);
#588=CYLINDRICAL_SURFACE('',#5293,5.);
#589=CYLINDRICAL_SURFACE('',#5298,5.);
#590=CYLINDRICAL_SURFACE('',#5299,5.);
#591=CYLINDRICAL_SURFACE('',#5304,5.);
#592=CYLINDRICAL_SURFACE('',#5305,5.);
#593=CYLINDRICAL_SURFACE('',#5306,5.);
#594=CYLINDRICAL_SURFACE('',#5307,5.);
#595=CYLINDRICAL_SURFACE('',#5308,5.);
#596=CYLINDRICAL_SURFACE('',#5309,5.);
#597=CYLINDRICAL_SURFACE('',#5320,6.25);
#598=CYLINDRICAL_SURFACE('',#5322,12.5);
#599=FACE_OUTER_BOUND('',#879,.T.);
#600=FACE_OUTER_BOUND('',#880,.T.);
#601=FACE_OUTER_BOUND('',#881,.T.);
#602=FACE_OUTER_BOUND('',#882,.T.);
#603=FACE_OUTER_BOUND('',#883,.T.);
#604=FACE_OUTER_BOUND('',#884,.T.);
#605=FACE_OUTER_BOUND('',#885,.T.);
#606=FACE_OUTER_BOUND('',#886,.T.);
#607=FACE_OUTER_BOUND('',#887,.T.);
#608=FACE_OUTER_BOUND('',#888,.T.);
#609=FACE_OUTER_BOUND('',#889,.T.);
#610=FACE_OUTER_BOUND('',#890,.T.);
#611=FACE_OUTER_BOUND('',#892,.T.);
#612=FACE_OUTER_BOUND('',#893,.T.);
#613=FACE_OUTER_BOUND('',#894,.T.);
#614=FACE_OUTER_BOUND('',#895,.T.);
#615=FACE_OUTER_BOUND('',#897,.T.);
#616=FACE_OUTER_BOUND('',#898,.T.);
#617=FACE_OUTER_BOUND('',#899,.T.);
#618=FACE_OUTER_BOUND('',#900,.T.);
#619=FACE_OUTER_BOUND('',#902,.T.);
#620=FACE_OUTER_BOUND('',#903,.T.);
#621=FACE_OUTER_BOUND('',#904,.T.);
#622=FACE_OUTER_BOUND('',#905,.T.);
#623=FACE_OUTER_BOUND('',#906,.T.);
#624=FACE_OUTER_BOUND('',#908,.T.);
#625=FACE_OUTER_BOUND('',#909,.T.);
#626=FACE_OUTER_BOUND('',#910,.T.);
#627=FACE_OUTER_BOUND('',#911,.T.);
#628=FACE_OUTER_BOUND('',#912,.T.);
#629=FACE_OUTER_BOUND('',#913,.T.);
#630=FACE_OUTER_BOUND('',#914,.T.);
#631=FACE_OUTER_BOUND('',#915,.T.);
#632=FACE_OUTER_BOUND('',#916,.T.);
#633=FACE_OUTER_BOUND('',#917,.T.);
#634=FACE_OUTER_BOUND('',#918,.T.);
#635=FACE_OUTER_BOUND('',#919,.T.);
#636=FACE_OUTER_BOUND('',#920,.T.);
#637=FACE_OUTER_BOUND('',#921,.T.);
#638=FACE_OUTER_BOUND('',#922,.T.);
#639=FACE_OUTER_BOUND('',#923,.T.);
#640=FACE_OUTER_BOUND('',#924,.T.);
#641=FACE_OUTER_BOUND('',#925,.T.);
#642=FACE_OUTER_BOUND('',#928,.T.);
#643=FACE_OUTER_BOUND('',#929,.T.);
#644=FACE_OUTER_BOUND('',#932,.T.);
#645=FACE_OUTER_BOUND('',#933,.T.);
#646=FACE_OUTER_BOUND('',#934,.T.);
#647=FACE_OUTER_BOUND('',#935,.T.);
#648=FACE_OUTER_BOUND('',#936,.T.);
#649=FACE_OUTER_BOUND('',#939,.T.);
#650=FACE_OUTER_BOUND('',#940,.T.);
#651=FACE_OUTER_BOUND('',#941,.T.);
#652=FACE_OUTER_BOUND('',#944,.T.);
#653=FACE_OUTER_BOUND('',#945,.T.);
#654=FACE_OUTER_BOUND('',#946,.T.);
#655=FACE_OUTER_BOUND('',#947,.T.);
#656=FACE_OUTER_BOUND('',#948,.T.);
#657=FACE_OUTER_BOUND('',#949,.T.);
#658=FACE_OUTER_BOUND('',#950,.T.);
#659=FACE_OUTER_BOUND('',#951,.T.);
#660=FACE_OUTER_BOUND('',#952,.T.);
#661=FACE_OUTER_BOUND('',#953,.T.);
#662=FACE_OUTER_BOUND('',#954,.T.);
#663=FACE_OUTER_BOUND('',#955,.T.);
#664=FACE_OUTER_BOUND('',#956,.T.);
#665=FACE_OUTER_BOUND('',#957,.T.);
#666=FACE_OUTER_BOUND('',#958,.T.);
#667=FACE_OUTER_BOUND('',#959,.T.);
#668=FACE_OUTER_BOUND('',#960,.T.);
#669=FACE_OUTER_BOUND('',#961,.T.);
#670=FACE_OUTER_BOUND('',#962,.T.);
#671=FACE_OUTER_BOUND('',#963,.T.);
#672=FACE_OUTER_BOUND('',#964,.T.);
#673=FACE_OUTER_BOUND('',#965,.T.);
#674=FACE_OUTER_BOUND('',#966,.T.);
#675=FACE_OUTER_BOUND('',#967,.T.);
#676=FACE_OUTER_BOUND('',#968,.T.);
#677=FACE_OUTER_BOUND('',#969,.T.);
#678=FACE_OUTER_BOUND('',#970,.T.);
#679=FACE_OUTER_BOUND('',#971,.T.);
#680=FACE_OUTER_BOUND('',#972,.T.);
#681=FACE_OUTER_BOUND('',#973,.T.);
#682=FACE_OUTER_BOUND('',#974,.T.);
#683=FACE_OUTER_BOUND('',#975,.T.);
#684=FACE_OUTER_BOUND('',#976,.T.);
#685=FACE_OUTER_BOUND('',#977,.T.);
#686=FACE_OUTER_BOUND('',#978,.T.);
#687=FACE_OUTER_BOUND('',#979,.T.);
#688=FACE_OUTER_BOUND('',#980,.T.);
#689=FACE_OUTER_BOUND('',#981,.T.);
#690=FACE_OUTER_BOUND('',#983,.T.);
#691=FACE_OUTER_BOUND('',#988,.T.);
#692=FACE_OUTER_BOUND('',#989,.T.);
#693=FACE_OUTER_BOUND('',#990,.T.);
#694=FACE_OUTER_BOUND('',#991,.T.);
#695=FACE_OUTER_BOUND('',#992,.T.);
#696=FACE_OUTER_BOUND('',#993,.T.);
#697=FACE_OUTER_BOUND('',#994,.T.);
#698=FACE_OUTER_BOUND('',#995,.T.);
#699=FACE_OUTER_BOUND('',#996,.T.);
#700=FACE_OUTER_BOUND('',#997,.T.);
#701=FACE_OUTER_BOUND('',#998,.T.);
#702=FACE_OUTER_BOUND('',#999,.T.);
#703=FACE_OUTER_BOUND('',#1000,.T.);
#704=FACE_OUTER_BOUND('',#1001,.T.);
#705=FACE_OUTER_BOUND('',#1002,.T.);
#706=FACE_OUTER_BOUND('',#1003,.T.);
#707=FACE_OUTER_BOUND('',#1004,.T.);
#708=FACE_OUTER_BOUND('',#1005,.T.);
#709=FACE_OUTER_BOUND('',#1006,.T.);
#710=FACE_OUTER_BOUND('',#1007,.T.);
#711=FACE_OUTER_BOUND('',#1008,.T.);
#712=FACE_OUTER_BOUND('',#1009,.T.);
#713=FACE_OUTER_BOUND('',#1010,.T.);
#714=FACE_OUTER_BOUND('',#1011,.T.);
#715=FACE_OUTER_BOUND('',#1012,.T.);
#716=FACE_OUTER_BOUND('',#1013,.T.);
#717=FACE_OUTER_BOUND('',#1014,.T.);
#718=FACE_OUTER_BOUND('',#1015,.T.);
#719=FACE_OUTER_BOUND('',#1016,.T.);
#720=FACE_OUTER_BOUND('',#1017,.T.);
#721=FACE_OUTER_BOUND('',#1018,.T.);
#722=FACE_OUTER_BOUND('',#1019,.T.);
#723=FACE_OUTER_BOUND('',#1020,.T.);
#724=FACE_OUTER_BOUND('',#1021,.T.);
#725=FACE_OUTER_BOUND('',#1024,.T.);
#726=FACE_OUTER_BOUND('',#1025,.T.);
#727=FACE_OUTER_BOUND('',#1026,.T.);
#728=FACE_OUTER_BOUND('',#1027,.T.);
#729=FACE_OUTER_BOUND('',#1028,.T.);
#730=FACE_OUTER_BOUND('',#1029,.T.);
#731=FACE_OUTER_BOUND('',#1030,.T.);
#732=FACE_OUTER_BOUND('',#1031,.T.);
#733=FACE_OUTER_BOUND('',#1032,.T.);
#734=FACE_OUTER_BOUND('',#1033,.T.);
#735=FACE_OUTER_BOUND('',#1034,.T.);
#736=FACE_OUTER_BOUND('',#1035,.T.);
#737=FACE_OUTER_BOUND('',#1036,.T.);
#738=FACE_OUTER_BOUND('',#1037,.T.);
#739=FACE_OUTER_BOUND('',#1038,.T.);
#740=FACE_OUTER_BOUND('',#1039,.T.);
#741=FACE_OUTER_BOUND('',#1040,.T.);
#742=FACE_OUTER_BOUND('',#1041,.T.);
#743=FACE_OUTER_BOUND('',#1042,.T.);
#744=FACE_OUTER_BOUND('',#1043,.T.);
#745=FACE_OUTER_BOUND('',#1044,.T.);
#746=FACE_OUTER_BOUND('',#1045,.T.);
#747=FACE_OUTER_BOUND('',#1046,.T.);
#748=FACE_OUTER_BOUND('',#1047,.T.);
#749=FACE_OUTER_BOUND('',#1048,.T.);
#750=FACE_OUTER_BOUND('',#1050,.T.);
#751=FACE_OUTER_BOUND('',#1051,.T.);
#752=FACE_OUTER_BOUND('',#1052,.T.);
#753=FACE_OUTER_BOUND('',#1053,.T.);
#754=FACE_OUTER_BOUND('',#1054,.T.);
#755=FACE_OUTER_BOUND('',#1055,.T.);
#756=FACE_OUTER_BOUND('',#1056,.T.);
#757=FACE_OUTER_BOUND('',#1057,.T.);
#758=FACE_OUTER_BOUND('',#1058,.T.);
#759=FACE_OUTER_BOUND('',#1059,.T.);
#760=FACE_OUTER_BOUND('',#1060,.T.);
#761=FACE_OUTER_BOUND('',#1061,.T.);
#762=FACE_OUTER_BOUND('',#1062,.T.);
#763=FACE_OUTER_BOUND('',#1063,.T.);
#764=FACE_OUTER_BOUND('',#1064,.T.);
#765=FACE_OUTER_BOUND('',#1065,.T.);
#766=FACE_OUTER_BOUND('',#1066,.T.);
#767=FACE_OUTER_BOUND('',#1067,.T.);
#768=FACE_OUTER_BOUND('',#1068,.T.);
#769=FACE_OUTER_BOUND('',#1069,.T.);
#770=FACE_OUTER_BOUND('',#1070,.T.);
#771=FACE_OUTER_BOUND('',#1071,.T.);
#772=FACE_OUTER_BOUND('',#1072,.T.);
#773=FACE_OUTER_BOUND('',#1073,.T.);
#774=FACE_OUTER_BOUND('',#1074,.T.);
#775=FACE_OUTER_BOUND('',#1075,.T.);
#776=FACE_OUTER_BOUND('',#1076,.T.);
#777=FACE_OUTER_BOUND('',#1077,.T.);
#778=FACE_OUTER_BOUND('',#1078,.T.);
#779=FACE_OUTER_BOUND('',#1079,.T.);
#780=FACE_OUTER_BOUND('',#1080,.T.);
#781=FACE_OUTER_BOUND('',#1081,.T.);
#782=FACE_OUTER_BOUND('',#1082,.T.);
#783=FACE_OUTER_BOUND('',#1083,.T.);
#784=FACE_OUTER_BOUND('',#1084,.T.);
#785=FACE_OUTER_BOUND('',#1085,.T.);
#786=FACE_OUTER_BOUND('',#1086,.T.);
#787=FACE_OUTER_BOUND('',#1087,.T.);
#788=FACE_OUTER_BOUND('',#1088,.T.);
#789=FACE_OUTER_BOUND('',#1089,.T.);
#790=FACE_OUTER_BOUND('',#1090,.T.);
#791=FACE_OUTER_BOUND('',#1091,.T.);
#792=FACE_OUTER_BOUND('',#1092,.T.);
#793=FACE_OUTER_BOUND('',#1093,.T.);
#794=FACE_OUTER_BOUND('',#1094,.T.);
#795=FACE_OUTER_BOUND('',#1095,.T.);
#796=FACE_OUTER_BOUND('',#1096,.T.);
#797=FACE_OUTER_BOUND('',#1097,.T.);
#798=FACE_OUTER_BOUND('',#1098,.T.);
#799=FACE_OUTER_BOUND('',#1099,.T.);
#800=FACE_OUTER_BOUND('',#1100,.T.);
#801=FACE_OUTER_BOUND('',#1101,.T.);
#802=FACE_OUTER_BOUND('',#1102,.T.);
#803=FACE_OUTER_BOUND('',#1103,.T.);
#804=FACE_OUTER_BOUND('',#1104,.T.);
#805=FACE_OUTER_BOUND('',#1105,.T.);
#806=FACE_OUTER_BOUND('',#1106,.T.);
#807=FACE_OUTER_BOUND('',#1107,.T.);
#808=FACE_OUTER_BOUND('',#1108,.T.);
#809=FACE_OUTER_BOUND('',#1109,.T.);
#810=FACE_OUTER_BOUND('',#1110,.T.);
#811=FACE_OUTER_BOUND('',#1111,.T.);
#812=FACE_OUTER_BOUND('',#1112,.T.);
#813=FACE_OUTER_BOUND('',#1113,.T.);
#814=FACE_OUTER_BOUND('',#1114,.T.);
#815=FACE_OUTER_BOUND('',#1115,.T.);
#816=FACE_OUTER_BOUND('',#1116,.T.);
#817=FACE_OUTER_BOUND('',#1117,.T.);
#818=FACE_OUTER_BOUND('',#1118,.T.);
#819=FACE_OUTER_BOUND('',#1119,.T.);
#820=FACE_OUTER_BOUND('',#1120,.T.);
#821=FACE_OUTER_BOUND('',#1121,.T.);
#822=FACE_OUTER_BOUND('',#1122,.T.);
#823=FACE_OUTER_BOUND('',#1123,.T.);
#824=FACE_OUTER_BOUND('',#1124,.T.);
#825=FACE_OUTER_BOUND('',#1125,.T.);
#826=FACE_OUTER_BOUND('',#1126,.T.);
#827=FACE_OUTER_BOUND('',#1127,.T.);
#828=FACE_OUTER_BOUND('',#1128,.T.);
#829=FACE_OUTER_BOUND('',#1129,.T.);
#830=FACE_OUTER_BOUND('',#1130,.T.);
#831=FACE_OUTER_BOUND('',#1131,.T.);
#832=FACE_OUTER_BOUND('',#1132,.T.);
#833=FACE_OUTER_BOUND('',#1133,.T.);
#834=FACE_OUTER_BOUND('',#1134,.T.);
#835=FACE_OUTER_BOUND('',#1135,.T.);
#836=FACE_OUTER_BOUND('',#1136,.T.);
#837=FACE_OUTER_BOUND('',#1137,.T.);
#838=FACE_OUTER_BOUND('',#1138,.T.);
#839=FACE_OUTER_BOUND('',#1141,.T.);
#840=FACE_OUTER_BOUND('',#1146,.T.);
#841=FACE_OUTER_BOUND('',#1147,.T.);
#842=FACE_OUTER_BOUND('',#1148,.T.);
#843=FACE_OUTER_BOUND('',#1149,.T.);
#844=FACE_OUTER_BOUND('',#1150,.T.);
#845=FACE_OUTER_BOUND('',#1151,.T.);
#846=FACE_OUTER_BOUND('',#1152,.T.);
#847=FACE_OUTER_BOUND('',#1153,.T.);
#848=FACE_OUTER_BOUND('',#1154,.T.);
#849=FACE_OUTER_BOUND('',#1155,.T.);
#850=FACE_OUTER_BOUND('',#1156,.T.);
#851=FACE_OUTER_BOUND('',#1157,.T.);
#852=FACE_OUTER_BOUND('',#1158,.T.);
#853=FACE_OUTER_BOUND('',#1159,.T.);
#854=FACE_OUTER_BOUND('',#1160,.T.);
#855=FACE_OUTER_BOUND('',#1161,.T.);
#856=FACE_OUTER_BOUND('',#1162,.T.);
#857=FACE_OUTER_BOUND('',#1163,.T.);
#858=FACE_OUTER_BOUND('',#1164,.T.);
#859=FACE_OUTER_BOUND('',#1165,.T.);
#860=FACE_OUTER_BOUND('',#1166,.T.);
#861=FACE_OUTER_BOUND('',#1167,.T.);
#862=FACE_OUTER_BOUND('',#1168,.T.);
#863=FACE_OUTER_BOUND('',#1169,.T.);
#864=FACE_OUTER_BOUND('',#1170,.T.);
#865=FACE_OUTER_BOUND('',#1171,.T.);
#866=FACE_OUTER_BOUND('',#1172,.T.);
#867=FACE_OUTER_BOUND('',#1174,.T.);
#868=FACE_OUTER_BOUND('',#1175,.T.);
#869=FACE_OUTER_BOUND('',#1176,.T.);
#870=FACE_OUTER_BOUND('',#1177,.T.);
#871=FACE_OUTER_BOUND('',#1178,.T.);
#872=FACE_OUTER_BOUND('',#1179,.T.);
#873=FACE_OUTER_BOUND('',#1180,.T.);
#874=FACE_OUTER_BOUND('',#1181,.T.);
#875=FACE_OUTER_BOUND('',#1183,.T.);
#876=FACE_OUTER_BOUND('',#1184,.T.);
#877=FACE_OUTER_BOUND('',#1186,.T.);
#878=FACE_OUTER_BOUND('',#1188,.T.);
#879=EDGE_LOOP('',(#3341,#3342,#3343));
#880=EDGE_LOOP('',(#3344,#3345,#3346,#3347));
#881=EDGE_LOOP('',(#3348,#3349,#3350));
#882=EDGE_LOOP('',(#3351,#3352,#3353,#3354));
#883=EDGE_LOOP('',(#3355,#3356,#3357));
#884=EDGE_LOOP('',(#3358,#3359,#3360,#3361));
#885=EDGE_LOOP('',(#3362,#3363,#3364));
#886=EDGE_LOOP('',(#3365,#3366,#3367,#3368));
#887=EDGE_LOOP('',(#3369,#3370,#3371,#3372,#3373,#3374,#3375,#3376,#3377,
#3378,#3379,#3380));
#888=EDGE_LOOP('',(#3381,#3382,#3383,#3384));
#889=EDGE_LOOP('',(#3385,#3386,#3387,#3388));
#890=EDGE_LOOP('',(#3389,#3390,#3391,#3392));
#891=EDGE_LOOP('',(#3393));
#892=EDGE_LOOP('',(#3394,#3395,#3396,#3397));
#893=EDGE_LOOP('',(#3398,#3399,#3400,#3401));
#894=EDGE_LOOP('',(#3402,#3403,#3404,#3405,#3406,#3407,#3408,#3409));
#895=EDGE_LOOP('',(#3410,#3411,#3412,#3413));
#896=EDGE_LOOP('',(#3414));
#897=EDGE_LOOP('',(#3415,#3416,#3417,#3418));
#898=EDGE_LOOP('',(#3419,#3420,#3421,#3422));
#899=EDGE_LOOP('',(#3423,#3424,#3425,#3426,#3427,#3428,#3429,#3430));
#900=EDGE_LOOP('',(#3431,#3432,#3433,#3434));
#901=EDGE_LOOP('',(#3435));
#902=EDGE_LOOP('',(#3436,#3437,#3438,#3439));
#903=EDGE_LOOP('',(#3440,#3441,#3442,#3443));
#904=EDGE_LOOP('',(#3444,#3445,#3446,#3447,#3448,#3449,#3450,#3451));
#905=EDGE_LOOP('',(#3452,#3453,#3454,#3455,#3456,#3457,#3458,#3459));
#906=EDGE_LOOP('',(#3460,#3461,#3462,#3463));
#907=EDGE_LOOP('',(#3464));
#908=EDGE_LOOP('',(#3465,#3466,#3467,#3468));
#909=EDGE_LOOP('',(#3469,#3470,#3471,#3472));
#910=EDGE_LOOP('',(#3473,#3474,#3475,#3476));
#911=EDGE_LOOP('',(#3477,#3478,#3479,#3480));
#912=EDGE_LOOP('',(#3481,#3482,#3483,#3484));
#913=EDGE_LOOP('',(#3485,#3486,#3487,#3488));
#914=EDGE_LOOP('',(#3489,#3490,#3491,#3492));
#915=EDGE_LOOP('',(#3493,#3494,#3495,#3496));
#916=EDGE_LOOP('',(#3497,#3498,#3499,#3500));
#917=EDGE_LOOP('',(#3501,#3502,#3503,#3504));
#918=EDGE_LOOP('',(#3505,#3506,#3507,#3508));
#919=EDGE_LOOP('',(#3509,#3510,#3511,#3512));
#920=EDGE_LOOP('',(#3513,#3514,#3515,#3516));
#921=EDGE_LOOP('',(#3517,#3518,#3519,#3520));
#922=EDGE_LOOP('',(#3521,#3522,#3523,#3524));
#923=EDGE_LOOP('',(#3525,#3526,#3527,#3528));
#924=EDGE_LOOP('',(#3529,#3530,#3531,#3532));
#925=EDGE_LOOP('',(#3533,#3534,#3535,#3536));
#926=EDGE_LOOP('',(#3537,#3538,#3539,#3540));
#927=EDGE_LOOP('',(#3541,#3542,#3543,#3544));
#928=EDGE_LOOP('',(#3545,#3546,#3547,#3548,#3549));
#929=EDGE_LOOP('',(#3550,#3551,#3552,#3553));
#930=EDGE_LOOP('',(#3554,#3555,#3556,#3557));
#931=EDGE_LOOP('',(#3558,#3559,#3560,#3561));
#932=EDGE_LOOP('',(#3562,#3563,#3564,#3565,#3566));
#933=EDGE_LOOP('',(#3567,#3568,#3569,#3570));
#934=EDGE_LOOP('',(#3571,#3572,#3573,#3574));
#935=EDGE_LOOP('',(#3575,#3576,#3577,#3578));
#936=EDGE_LOOP('',(#3579,#3580,#3581,#3582));
#937=EDGE_LOOP('',(#3583,#3584,#3585,#3586));
#938=EDGE_LOOP('',(#3587,#3588,#3589,#3590));
#939=EDGE_LOOP('',(#3591,#3592,#3593,#3594,#3595));
#940=EDGE_LOOP('',(#3596,#3597,#3598,#3599,#3600));
#941=EDGE_LOOP('',(#3601,#3602,#3603,#3604));
#942=EDGE_LOOP('',(#3605,#3606,#3607,#3608));
#943=EDGE_LOOP('',(#3609,#3610,#3611,#3612));
#944=EDGE_LOOP('',(#3613,#3614,#3615,#3616));
#945=EDGE_LOOP('',(#3617,#3618,#3619,#3620));
#946=EDGE_LOOP('',(#3621,#3622,#3623,#3624));
#947=EDGE_LOOP('',(#3625,#3626,#3627,#3628));
#948=EDGE_LOOP('',(#3629,#3630,#3631,#3632));
#949=EDGE_LOOP('',(#3633,#3634,#3635,#3636,#3637,#3638,#3639,#3640));
#950=EDGE_LOOP('',(#3641,#3642,#3643,#3644,#3645,#3646,#3647,#3648,#3649,
#3650,#3651,#3652));
#951=EDGE_LOOP('',(#3653,#3654,#3655,#3656));
#952=EDGE_LOOP('',(#3657,#3658,#3659,#3660));
#953=EDGE_LOOP('',(#3661,#3662,#3663,#3664));
#954=EDGE_LOOP('',(#3665,#3666,#3667,#3668));
#955=EDGE_LOOP('',(#3669,#3670,#3671,#3672));
#956=EDGE_LOOP('',(#3673,#3674,#3675,#3676));
#957=EDGE_LOOP('',(#3677,#3678,#3679,#3680));
#958=EDGE_LOOP('',(#3681,#3682,#3683,#3684));
#959=EDGE_LOOP('',(#3685,#3686,#3687,#3688));
#960=EDGE_LOOP('',(#3689,#3690,#3691,#3692));
#961=EDGE_LOOP('',(#3693,#3694,#3695,#3696));
#962=EDGE_LOOP('',(#3697,#3698,#3699,#3700));
#963=EDGE_LOOP('',(#3701,#3702,#3703,#3704));
#964=EDGE_LOOP('',(#3705,#3706,#3707,#3708));
#965=EDGE_LOOP('',(#3709,#3710,#3711,#3712));
#966=EDGE_LOOP('',(#3713,#3714,#3715,#3716));
#967=EDGE_LOOP('',(#3717,#3718,#3719,#3720));
#968=EDGE_LOOP('',(#3721,#3722,#3723,#3724));
#969=EDGE_LOOP('',(#3725,#3726,#3727,#3728));
#970=EDGE_LOOP('',(#3729,#3730,#3731,#3732));
#971=EDGE_LOOP('',(#3733,#3734,#3735,#3736));
#972=EDGE_LOOP('',(#3737,#3738,#3739,#3740));
#973=EDGE_LOOP('',(#3741,#3742,#3743,#3744));
#974=EDGE_LOOP('',(#3745,#3746,#3747,#3748));
#975=EDGE_LOOP('',(#3749,#3750,#3751,#3752));
#976=EDGE_LOOP('',(#3753,#3754,#3755,#3756));
#977=EDGE_LOOP('',(#3757,#3758,#3759,#3760));
#978=EDGE_LOOP('',(#3761,#3762,#3763,#3764));
#979=EDGE_LOOP('',(#3765,#3766,#3767,#3768));
#980=EDGE_LOOP('',(#3769,#3770,#3771,#3772));
#981=EDGE_LOOP('',(#3773,#3774,#3775,#3776,#3777,#3778,#3779,#3780,#3781,
#3782,#3783));
#982=EDGE_LOOP('',(#3784,#3785,#3786,#3787,#3788,#3789,#3790,#3791,#3792));
#983=EDGE_LOOP('',(#3793,#3794,#3795,#3796));
#984=EDGE_LOOP('',(#3797,#3798,#3799,#3800,#3801,#3802,#3803,#3804,#3805,
#3806,#3807,#3808));
#985=EDGE_LOOP('',(#3809));
#986=EDGE_LOOP('',(#3810,#3811,#3812,#3813,#3814,#3815,#3816,#3817,#3818,
#3819,#3820,#3821,#3822,#3823));
#987=EDGE_LOOP('',(#3824,#3825,#3826,#3827,#3828,#3829,#3830,#3831,#3832,
#3833,#3834));
#988=EDGE_LOOP('',(#3835,#3836,#3837,#3838));
#989=EDGE_LOOP('',(#3839,#3840,#3841,#3842));
#990=EDGE_LOOP('',(#3843,#3844,#3845,#3846));
#991=EDGE_LOOP('',(#3847,#3848,#3849,#3850));
#992=EDGE_LOOP('',(#3851,#3852,#3853,#3854));
#993=EDGE_LOOP('',(#3855,#3856,#3857,#3858));
#994=EDGE_LOOP('',(#3859,#3860,#3861,#3862));
#995=EDGE_LOOP('',(#3863,#3864,#3865,#3866));
#996=EDGE_LOOP('',(#3867,#3868,#3869,#3870));
#997=EDGE_LOOP('',(#3871,#3872,#3873,#3874));
#998=EDGE_LOOP('',(#3875,#3876,#3877,#3878));
#999=EDGE_LOOP('',(#3879,#3880,#3881,#3882));
#1000=EDGE_LOOP('',(#3883,#3884,#3885,#3886));
#1001=EDGE_LOOP('',(#3887,#3888,#3889,#3890));
#1002=EDGE_LOOP('',(#3891,#3892,#3893,#3894));
#1003=EDGE_LOOP('',(#3895,#3896,#3897,#3898));
#1004=EDGE_LOOP('',(#3899,#3900,#3901,#3902));
#1005=EDGE_LOOP('',(#3903,#3904,#3905,#3906));
#1006=EDGE_LOOP('',(#3907,#3908,#3909,#3910));
#1007=EDGE_LOOP('',(#3911,#3912,#3913,#3914));
#1008=EDGE_LOOP('',(#3915,#3916,#3917,#3918));
#1009=EDGE_LOOP('',(#3919,#3920,#3921,#3922));
#1010=EDGE_LOOP('',(#3923,#3924,#3925,#3926));
#1011=EDGE_LOOP('',(#3927,#3928,#3929,#3930));
#1012=EDGE_LOOP('',(#3931,#3932,#3933,#3934));
#1013=EDGE_LOOP('',(#3935,#3936,#3937,#3938));
#1014=EDGE_LOOP('',(#3939,#3940,#3941,#3942));
#1015=EDGE_LOOP('',(#3943,#3944,#3945,#3946));
#1016=EDGE_LOOP('',(#3947,#3948,#3949,#3950));
#1017=EDGE_LOOP('',(#3951,#3952,#3953,#3954));
#1018=EDGE_LOOP('',(#3955,#3956,#3957,#3958));
#1019=EDGE_LOOP('',(#3959,#3960,#3961,#3962));
#1020=EDGE_LOOP('',(#3963,#3964,#3965,#3966));
#1021=EDGE_LOOP('',(#3967,#3968,#3969,#3970,#3971,#3972,#3973,#3974,#3975,
#3976,#3977,#3978,#3979,#3980));
#1022=EDGE_LOOP('',(#3981,#3982,#3983,#3984,#3985,#3986,#3987,#3988,#3989,
#3990));
#1023=EDGE_LOOP('',(#3991,#3992,#3993,#3994,#3995,#3996,#3997,#3998,#3999));
#1024=EDGE_LOOP('',(#4000,#4001,#4002,#4003,#4004,#4005,#4006,#4007,#4008));
#1025=EDGE_LOOP('',(#4009,#4010,#4011,#4012,#4013,#4014,#4015,#4016,#4017,
#4018));
#1026=EDGE_LOOP('',(#4019,#4020,#4021,#4022));
#1027=EDGE_LOOP('',(#4023,#4024,#4025,#4026));
#1028=EDGE_LOOP('',(#4027,#4028,#4029,#4030));
#1029=EDGE_LOOP('',(#4031,#4032,#4033,#4034));
#1030=EDGE_LOOP('',(#4035,#4036,#4037,#4038));
#1031=EDGE_LOOP('',(#4039,#4040,#4041,#4042));
#1032=EDGE_LOOP('',(#4043,#4044,#4045,#4046));
#1033=EDGE_LOOP('',(#4047,#4048,#4049,#4050));
#1034=EDGE_LOOP('',(#4051,#4052,#4053,#4054));
#1035=EDGE_LOOP('',(#4055,#4056,#4057,#4058));
#1036=EDGE_LOOP('',(#4059,#4060,#4061,#4062));
#1037=EDGE_LOOP('',(#4063,#4064,#4065,#4066));
#1038=EDGE_LOOP('',(#4067,#4068,#4069,#4070));
#1039=EDGE_LOOP('',(#4071,#4072,#4073,#4074));
#1040=EDGE_LOOP('',(#4075,#4076,#4077,#4078));
#1041=EDGE_LOOP('',(#4079,#4080,#4081,#4082));
#1042=EDGE_LOOP('',(#4083,#4084,#4085,#4086));
#1043=EDGE_LOOP('',(#4087,#4088,#4089,#4090));
#1044=EDGE_LOOP('',(#4091,#4092,#4093,#4094));
#1045=EDGE_LOOP('',(#4095,#4096,#4097,#4098));
#1046=EDGE_LOOP('',(#4099,#4100,#4101,#4102));
#1047=EDGE_LOOP('',(#4103,#4104,#4105,#4106));
#1048=EDGE_LOOP('',(#4107,#4108,#4109,#4110,#4111,#4112,#4113,#4114,#4115,
#4116,#4117,#4118));
#1049=EDGE_LOOP('',(#4119,#4120,#4121,#4122,#4123,#4124,#4125,#4126,#4127,
#4128));
#1050=EDGE_LOOP('',(#4129,#4130,#4131,#4132,#4133,#4134,#4135,#4136,#4137));
#1051=EDGE_LOOP('',(#4138,#4139,#4140,#4141));
#1052=EDGE_LOOP('',(#4142,#4143,#4144,#4145));
#1053=EDGE_LOOP('',(#4146,#4147,#4148,#4149));
#1054=EDGE_LOOP('',(#4150,#4151,#4152,#4153));
#1055=EDGE_LOOP('',(#4154,#4155,#4156,#4157));
#1056=EDGE_LOOP('',(#4158,#4159,#4160,#4161));
#1057=EDGE_LOOP('',(#4162,#4163,#4164,#4165));
#1058=EDGE_LOOP('',(#4166,#4167,#4168,#4169));
#1059=EDGE_LOOP('',(#4170,#4171,#4172,#4173));
#1060=EDGE_LOOP('',(#4174,#4175,#4176,#4177));
#1061=EDGE_LOOP('',(#4178,#4179,#4180,#4181));
#1062=EDGE_LOOP('',(#4182,#4183,#4184,#4185));
#1063=EDGE_LOOP('',(#4186,#4187,#4188,#4189));
#1064=EDGE_LOOP('',(#4190,#4191,#4192,#4193));
#1065=EDGE_LOOP('',(#4194,#4195,#4196,#4197));
#1066=EDGE_LOOP('',(#4198,#4199,#4200,#4201));
#1067=EDGE_LOOP('',(#4202,#4203,#4204,#4205));
#1068=EDGE_LOOP('',(#4206,#4207,#4208,#4209,#4210,#4211,#4212,#4213,#4214,
#4215,#4216,#4217,#4218,#4219,#4220,#4221,#4222));
#1069=EDGE_LOOP('',(#4223,#4224,#4225,#4226));
#1070=EDGE_LOOP('',(#4227,#4228,#4229,#4230));
#1071=EDGE_LOOP('',(#4231,#4232,#4233,#4234));
#1072=EDGE_LOOP('',(#4235,#4236,#4237,#4238));
#1073=EDGE_LOOP('',(#4239,#4240,#4241,#4242));
#1074=EDGE_LOOP('',(#4243,#4244,#4245,#4246));
#1075=EDGE_LOOP('',(#4247,#4248,#4249,#4250));
#1076=EDGE_LOOP('',(#4251,#4252,#4253,#4254));
#1077=EDGE_LOOP('',(#4255,#4256,#4257,#4258));
#1078=EDGE_LOOP('',(#4259,#4260,#4261,#4262));
#1079=EDGE_LOOP('',(#4263,#4264,#4265,#4266));
#1080=EDGE_LOOP('',(#4267,#4268,#4269,#4270));
#1081=EDGE_LOOP('',(#4271,#4272,#4273,#4274));
#1082=EDGE_LOOP('',(#4275,#4276,#4277,#4278));
#1083=EDGE_LOOP('',(#4279,#4280,#4281,#4282));
#1084=EDGE_LOOP('',(#4283,#4284,#4285,#4286));
#1085=EDGE_LOOP('',(#4287,#4288,#4289,#4290));
#1086=EDGE_LOOP('',(#4291,#4292,#4293,#4294));
#1087=EDGE_LOOP('',(#4295,#4296,#4297,#4298));
#1088=EDGE_LOOP('',(#4299,#4300,#4301,#4302));
#1089=EDGE_LOOP('',(#4303,#4304,#4305,#4306));
#1090=EDGE_LOOP('',(#4307,#4308,#4309,#4310));
#1091=EDGE_LOOP('',(#4311,#4312,#4313,#4314));
#1092=EDGE_LOOP('',(#4315,#4316,#4317,#4318));
#1093=EDGE_LOOP('',(#4319,#4320,#4321,#4322));
#1094=EDGE_LOOP('',(#4323,#4324,#4325,#4326));
#1095=EDGE_LOOP('',(#4327,#4328,#4329,#4330));
#1096=EDGE_LOOP('',(#4331,#4332,#4333,#4334));
#1097=EDGE_LOOP('',(#4335,#4336,#4337,#4338));
#1098=EDGE_LOOP('',(#4339,#4340,#4341,#4342));
#1099=EDGE_LOOP('',(#4343,#4344,#4345,#4346));
#1100=EDGE_LOOP('',(#4347,#4348,#4349,#4350));
#1101=EDGE_LOOP('',(#4351,#4352,#4353,#4354));
#1102=EDGE_LOOP('',(#4355,#4356,#4357,#4358));
#1103=EDGE_LOOP('',(#4359,#4360,#4361,#4362));
#1104=EDGE_LOOP('',(#4363,#4364,#4365,#4366,#4367,#4368,#4369,#4370,#4371,
#4372,#4373,#4374,#4375,#4376,#4377,#4378,#4379,#4380,#4381,#4382,#4383,
#4384,#4385,#4386,#4387,#4388,#4389,#4390,#4391,#4392,#4393,#4394,#4395,
#4396,#4397));
#1105=EDGE_LOOP('',(#4398,#4399,#4400,#4401));
#1106=EDGE_LOOP('',(#4402,#4403,#4404,#4405));
#1107=EDGE_LOOP('',(#4406,#4407,#4408,#4409));
#1108=EDGE_LOOP('',(#4410,#4411,#4412,#4413));
#1109=EDGE_LOOP('',(#4414,#4415,#4416,#4417));
#1110=EDGE_LOOP('',(#4418,#4419,#4420,#4421));
#1111=EDGE_LOOP('',(#4422,#4423,#4424,#4425));
#1112=EDGE_LOOP('',(#4426,#4427,#4428,#4429));
#1113=EDGE_LOOP('',(#4430,#4431,#4432,#4433));
#1114=EDGE_LOOP('',(#4434,#4435,#4436,#4437));
#1115=EDGE_LOOP('',(#4438,#4439,#4440,#4441));
#1116=EDGE_LOOP('',(#4442,#4443,#4444,#4445));
#1117=EDGE_LOOP('',(#4446,#4447,#4448,#4449));
#1118=EDGE_LOOP('',(#4450,#4451,#4452,#4453));
#1119=EDGE_LOOP('',(#4454,#4455,#4456,#4457));
#1120=EDGE_LOOP('',(#4458,#4459,#4460,#4461));
#1121=EDGE_LOOP('',(#4462,#4463,#4464,#4465));
#1122=EDGE_LOOP('',(#4466,#4467,#4468,#4469));
#1123=EDGE_LOOP('',(#4470,#4471,#4472,#4473));
#1124=EDGE_LOOP('',(#4474,#4475,#4476,#4477));
#1125=EDGE_LOOP('',(#4478,#4479,#4480,#4481));
#1126=EDGE_LOOP('',(#4482,#4483,#4484,#4485));
#1127=EDGE_LOOP('',(#4486,#4487,#4488,#4489));
#1128=EDGE_LOOP('',(#4490,#4491,#4492,#4493));
#1129=EDGE_LOOP('',(#4494,#4495,#4496,#4497));
#1130=EDGE_LOOP('',(#4498,#4499,#4500,#4501));
#1131=EDGE_LOOP('',(#4502,#4503,#4504,#4505));
#1132=EDGE_LOOP('',(#4506,#4507,#4508,#4509));
#1133=EDGE_LOOP('',(#4510,#4511,#4512,#4513));
#1134=EDGE_LOOP('',(#4514,#4515,#4516,#4517));
#1135=EDGE_LOOP('',(#4518,#4519,#4520,#4521));
#1136=EDGE_LOOP('',(#4522,#4523,#4524,#4525));
#1137=EDGE_LOOP('',(#4526,#4527,#4528,#4529));
#1138=EDGE_LOOP('',(#4530,#4531,#4532,#4533,#4534,#4535,#4536,#4537,#4538,
#4539,#4540,#4541,#4542,#4543));
#1139=EDGE_LOOP('',(#4544,#4545,#4546,#4547,#4548,#4549,#4550,#4551,#4552,
#4553));
#1140=EDGE_LOOP('',(#4554,#4555,#4556,#4557,#4558,#4559,#4560,#4561,#4562));
#1141=EDGE_LOOP('',(#4563,#4564,#4565,#4566));
#1142=EDGE_LOOP('',(#4567,#4568,#4569,#4570,#4571,#4572,#4573,#4574,#4575,
#4576,#4577,#4578,#4579,#4580,#4581,#4582,#4583));
#1143=EDGE_LOOP('',(#4584,#4585,#4586,#4587,#4588,#4589,#4590,#4591,#4592,
#4593,#4594,#4595,#4596,#4597,#4598,#4599,#4600,#4601,#4602,#4603,#4604,
#4605,#4606,#4607,#4608,#4609,#4610,#4611,#4612,#4613,#4614,#4615,#4616,
#4617,#4618));
#1144=EDGE_LOOP('',(#4619,#4620,#4621,#4622,#4623,#4624,#4625,#4626,#4627,
#4628,#4629,#4630,#4631,#4632));
#1145=EDGE_LOOP('',(#4633));
#1146=EDGE_LOOP('',(#4634,#4635,#4636,#4637,#4638,#4639,#4640,#4641,#4642,
#4643));
#1147=EDGE_LOOP('',(#4644,#4645,#4646));
#1148=EDGE_LOOP('',(#4647,#4648,#4649));
#1149=EDGE_LOOP('',(#4650,#4651,#4652));
#1150=EDGE_LOOP('',(#4653,#4654,#4655,#4656));
#1151=EDGE_LOOP('',(#4657,#4658,#4659));
#1152=EDGE_LOOP('',(#4660,#4661,#4662));
#1153=EDGE_LOOP('',(#4663,#4664,#4665,#4666));
#1154=EDGE_LOOP('',(#4667,#4668,#4669));
#1155=EDGE_LOOP('',(#4670,#4671,#4672,#4673));
#1156=EDGE_LOOP('',(#4674,#4675,#4676,#4677));
#1157=EDGE_LOOP('',(#4678,#4679,#4680));
#1158=EDGE_LOOP('',(#4681,#4682,#4683,#4684));
#1159=EDGE_LOOP('',(#4685,#4686,#4687,#4688));
#1160=EDGE_LOOP('',(#4689,#4690,#4691));
#1161=EDGE_LOOP('',(#4692,#4693,#4694,#4695));
#1162=EDGE_LOOP('',(#4696,#4697,#4698,#4699));
#1163=EDGE_LOOP('',(#4700,#4701,#4702,#4703));
#1164=EDGE_LOOP('',(#4704,#4705,#4706,#4707));
#1165=EDGE_LOOP('',(#4708,#4709,#4710,#4711));
#1166=EDGE_LOOP('',(#4712,#4713,#4714,#4715));
#1167=EDGE_LOOP('',(#4716,#4717,#4718,#4719));
#1168=EDGE_LOOP('',(#4720,#4721,#4722,#4723,#4724,#4725,#4726,#4727,#4728,
#4729));
#1169=EDGE_LOOP('',(#4730,#4731,#4732,#4733));
#1170=EDGE_LOOP('',(#4734,#4735,#4736,#4737));
#1171=EDGE_LOOP('',(#4738,#4739,#4740,#4741,#4742,#4743,#4744,#4745,#4746));
#1172=EDGE_LOOP('',(#4747,#4748,#4749,#4750));
#1173=EDGE_LOOP('',(#4751,#4752,#4753,#4754));
#1174=EDGE_LOOP('',(#4755,#4756,#4757,#4758));
#1175=EDGE_LOOP('',(#4759,#4760,#4761,#4762));
#1176=EDGE_LOOP('',(#4763,#4764,#4765,#4766));
#1177=EDGE_LOOP('',(#4767,#4768,#4769,#4770));
#1178=EDGE_LOOP('',(#4771,#4772,#4773,#4774));
#1179=EDGE_LOOP('',(#4775,#4776,#4777,#4778));
#1180=EDGE_LOOP('',(#4779,#4780,#4781,#4782));
#1181=EDGE_LOOP('',(#4783,#4784,#4785,#4786));
#1182=EDGE_LOOP('',(#4787));
#1183=EDGE_LOOP('',(#4788,#4789,#4790,#4791));
#1184=EDGE_LOOP('',(#4792,#4793,#4794,#4795));
#1185=EDGE_LOOP('',(#4796));
#1186=EDGE_LOOP('',(#4797,#4798,#4799,#4800));
#1187=EDGE_LOOP('',(#4801,#4802,#4803,#4804));
#1188=EDGE_LOOP('',(#4805,#4806,#4807,#4808));
#1189=EDGE_LOOP('',(#4809,#4810,#4811,#4812));
#1190=EDGE_LOOP('',(#4813,#4814,#4815,#4816));
#1191=LINE('',#6175,#1637);
#1192=LINE('',#6179,#1638);
#1193=LINE('',#6184,#1639);
#1194=LINE('',#6188,#1640);
#1195=LINE('',#6193,#1641);
#1196=LINE('',#6197,#1642);
#1197=LINE('',#6202,#1643);
#1198=LINE('',#6206,#1644);
#1199=LINE('',#6210,#1645);
#1200=LINE('',#6212,#1646);
#1201=LINE('',#6214,#1647);
#1202=LINE('',#6216,#1648);
#1203=LINE('',#6218,#1649);
#1204=LINE('',#6220,#1650);
#1205=LINE('',#6222,#1651);
#1206=LINE('',#6224,#1652);
#1207=LINE('',#6226,#1653);
#1208=LINE('',#6228,#1654);
#1209=LINE('',#6230,#1655);
#1210=LINE('',#6231,#1656);
#1211=LINE('',#6234,#1657);
#1212=LINE('',#6236,#1658);
#1213=LINE('',#6237,#1659);
#1214=LINE('',#6240,#1660);
#1215=LINE('',#6241,#1661);
#1216=LINE('',#6244,#1662);
#1217=LINE('',#6245,#1663);
#1218=LINE('',#6248,#1664);
#1219=LINE('',#6250,#1665);
#1220=LINE('',#6251,#1666);
#1221=LINE('',#6254,#1667);
#1222=LINE('',#6255,#1668);
#1223=LINE('',#6258,#1669);
#1224=LINE('',#6260,#1670);
#1225=LINE('',#6262,#1671);
#1226=LINE('',#6263,#1672);
#1227=LINE('',#6265,#1673);
#1228=LINE('',#6268,#1674);
#1229=LINE('',#6270,#1675);
#1230=LINE('',#6271,#1676);
#1231=LINE('',#6274,#1677);
#1232=LINE('',#6275,#1678);
#1233=LINE('',#6278,#1679);
#1234=LINE('',#6280,#1680);
#1235=LINE('',#6281,#1681);
#1236=LINE('',#6283,#1682);
#1237=LINE('',#6286,#1683);
#1238=LINE('',#6288,#1684);
#1239=LINE('',#6289,#1685);
#1240=LINE('',#6292,#1686);
#1241=LINE('',#6293,#1687);
#1242=LINE('',#6296,#1688);
#1243=LINE('',#6298,#1689);
#1244=LINE('',#6299,#1690);
#1245=LINE('',#6301,#1691);
#1246=LINE('',#6302,#1692);
#1247=LINE('',#6309,#1693);
#1248=LINE('',#6311,#1694);
#1249=LINE('',#6313,#1695);
#1250=LINE('',#6314,#1696);
#1251=LINE('',#6318,#1697);
#1252=LINE('',#6320,#1698);
#1253=LINE('',#6322,#1699);
#1254=LINE('',#6323,#1700);
#1255=LINE('',#6326,#1701);
#1256=LINE('',#6328,#1702);
#1257=LINE('',#6329,#1703);
#1258=LINE('',#6332,#1704);
#1259=LINE('',#6334,#1705);
#1260=LINE('',#6335,#1706);
#1261=LINE('',#6338,#1707);
#1262=LINE('',#6340,#1708);
#1263=LINE('',#6341,#1709);
#1264=LINE('',#6343,#1710);
#1265=LINE('',#6344,#1711);
#1266=LINE('',#6347,#1712);
#1267=LINE('',#6349,#1713);
#1268=LINE('',#6350,#1714);
#1269=LINE('',#6352,#1715);
#1270=LINE('',#6353,#1716);
#1271=LINE('',#6357,#1717);
#1272=LINE('',#6359,#1718);
#1273=LINE('',#6361,#1719);
#1274=LINE('',#6362,#1720);
#1275=LINE('',#6366,#1721);
#1276=LINE('',#6368,#1722);
#1277=LINE('',#6370,#1723);
#1278=LINE('',#6371,#1724);
#1279=LINE('',#6374,#1725);
#1280=LINE('',#6376,#1726);
#1281=LINE('',#6377,#1727);
#1282=LINE('',#6380,#1728);
#1283=LINE('',#6382,#1729);
#1284=LINE('',#6383,#1730);
#1285=LINE('',#6386,#1731);
#1286=LINE('',#6388,#1732);
#1287=LINE('',#6389,#1733);
#1288=LINE('',#6391,#1734);
#1289=LINE('',#6392,#1735);
#1290=LINE('',#6395,#1736);
#1291=LINE('',#6397,#1737);
#1292=LINE('',#6398,#1738);
#1293=LINE('',#6400,#1739);
#1294=LINE('',#6401,#1740);
#1295=LINE('',#6405,#1741);
#1296=LINE('',#6407,#1742);
#1297=LINE('',#6409,#1743);
#1298=LINE('',#6410,#1744);
#1299=LINE('',#6414,#1745);
#1300=LINE('',#6415,#1746);
#1301=LINE('',#6417,#1747);
#1302=LINE('',#6418,#1748);
#1303=LINE('',#6421,#1749);
#1304=LINE('',#6423,#1750);
#1305=LINE('',#6424,#1751);
#1306=LINE('',#6427,#1752);
#1307=LINE('',#6428,#1753);
#1308=LINE('',#6429,#1754);
#1309=LINE('',#6433,#1755);
#1310=LINE('',#6435,#1756);
#1311=LINE('',#6436,#1757);
#1312=LINE('',#6439,#1758);
#1313=LINE('',#6441,#1759);
#1314=LINE('',#6442,#1760);
#1315=LINE('',#6446,#1761);
#1316=LINE('',#6448,#1762);
#1317=LINE('',#6450,#1763);
#1318=LINE('',#6451,#1764);
#1319=LINE('',#6455,#1765);
#1320=LINE('',#6457,#1766);
#1321=LINE('',#6458,#1767);
#1322=LINE('',#6459,#1768);
#1323=LINE('',#6463,#1769);
#1324=LINE('',#6464,#1770);
#1325=LINE('',#6466,#1771);
#1326=LINE('',#6467,#1772);
#1327=LINE('',#6469,#1773);
#1328=LINE('',#6470,#1774);
#1329=LINE('',#6474,#1775);
#1330=LINE('',#6476,#1776);
#1331=LINE('',#6477,#1777);
#1332=LINE('',#6480,#1778);
#1333=LINE('',#6482,#1779);
#1334=LINE('',#6483,#1780);
#1335=LINE('',#6485,#1781);
#1336=LINE('',#6486,#1782);
#1337=LINE('',#6488,#1783);
#1338=LINE('',#6489,#1784);
#1339=LINE('',#6496,#1785);
#1340=LINE('',#6498,#1786);
#1341=LINE('',#6500,#1787);
#1342=LINE('',#6501,#1788);
#1343=LINE('',#6504,#1789);
#1344=LINE('',#6506,#1790);
#1345=LINE('',#6507,#1791);
#1346=LINE('',#6510,#1792);
#1347=LINE('',#6512,#1793);
#1348=LINE('',#6513,#1794);
#1349=LINE('',#6515,#1795);
#1350=LINE('',#6516,#1796);
#1351=LINE('',#6521,#1797);
#1352=LINE('',#6523,#1798);
#1353=LINE('',#6525,#1799);
#1354=LINE('',#6526,#1800);
#1355=LINE('',#6529,#1801);
#1356=LINE('',#6531,#1802);
#1357=LINE('',#6532,#1803);
#1358=LINE('',#6535,#1804);
#1359=LINE('',#6537,#1805);
#1360=LINE('',#6538,#1806);
#1361=LINE('',#6540,#1807);
#1362=LINE('',#6541,#1808);
#1363=LINE('',#6561,#1809);
#1364=LINE('',#6568,#1810);
#1365=LINE('',#6591,#1811);
#1366=LINE('',#6614,#1812);
#1367=LINE('',#6637,#1813);
#1368=LINE('',#6660,#1814);
#1369=LINE('',#6683,#1815);
#1370=LINE('',#6706,#1816);
#1371=LINE('',#6729,#1817);
#1372=LINE('',#6768,#1818);
#1373=LINE('',#6775,#1819);
#1374=LINE('',#6798,#1820);
#1375=LINE('',#6821,#1821);
#1376=LINE('',#6844,#1822);
#1377=LINE('',#6867,#1823);
#1378=LINE('',#6890,#1824);
#1379=LINE('',#6913,#1825);
#1380=LINE('',#6936,#1826);
#1381=LINE('',#6959,#1827);
#1382=LINE('',#6982,#1828);
#1383=LINE('',#7007,#1829);
#1384=LINE('',#7009,#1830);
#1385=LINE('',#7011,#1831);
#1386=LINE('',#7012,#1832);
#1387=LINE('',#7015,#1833);
#1388=LINE('',#7017,#1834);
#1389=LINE('',#7072,#1835);
#1390=LINE('',#7077,#1836);
#1391=LINE('',#7079,#1837);
#1392=LINE('',#7146,#1838);
#1393=LINE('',#7150,#1839);
#1394=LINE('',#7152,#1840);
#1395=LINE('',#7154,#1841);
#1396=LINE('',#7155,#1842);
#1397=LINE('',#7178,#1843);
#1398=LINE('',#7201,#1844);
#1399=LINE('',#7224,#1845);
#1400=LINE('',#7247,#1846);
#1401=LINE('',#7270,#1847);
#1402=LINE('',#7293,#1848);
#1403=LINE('',#7296,#1849);
#1404=LINE('',#7298,#1850);
#1405=LINE('',#7299,#1851);
#1406=LINE('',#7301,#1852);
#1407=LINE('',#7302,#1853);
#1408=LINE('',#7306,#1854);
#1409=LINE('',#7308,#1855);
#1410=LINE('',#7310,#1856);
#1411=LINE('',#7311,#1857);
#1412=LINE('',#7334,#1858);
#1413=LINE('',#7357,#1859);
#1414=LINE('',#7380,#1860);
#1415=LINE('',#7403,#1861);
#1416=LINE('',#7426,#1862);
#1417=LINE('',#7449,#1863);
#1418=LINE('',#7472,#1864);
#1419=LINE('',#7475,#1865);
#1420=LINE('',#7477,#1866);
#1421=LINE('',#7478,#1867);
#1422=LINE('',#7480,#1868);
#1423=LINE('',#7481,#1869);
#1424=LINE('',#7484,#1870);
#1425=LINE('',#7486,#1871);
#1426=LINE('',#7487,#1872);
#1427=LINE('',#7490,#1873);
#1428=LINE('',#7491,#1874);
#1429=LINE('',#7508,#1875);
#1430=LINE('',#7525,#1876);
#1431=LINE('',#7542,#1877);
#1432=LINE('',#7559,#1878);
#1433=LINE('',#7576,#1879);
#1434=LINE('',#7593,#1880);
#1435=LINE('',#7610,#1881);
#1436=LINE('',#7627,#1882);
#1437=LINE('',#7644,#1883);
#1438=LINE('',#7661,#1884);
#1439=LINE('',#7678,#1885);
#1440=LINE('',#7680,#1886);
#1441=LINE('',#7687,#1887);
#1442=LINE('',#7689,#1888);
#1443=LINE('',#7691,#1889);
#1444=LINE('',#7692,#1890);
#1445=LINE('',#7715,#1891);
#1446=LINE('',#7738,#1892);
#1447=LINE('',#7761,#1893);
#1448=LINE('',#7784,#1894);
#1449=LINE('',#7807,#1895);
#1450=LINE('',#7830,#1896);
#1451=LINE('',#7853,#1897);
#1452=LINE('',#7856,#1898);
#1453=LINE('',#7858,#1899);
#1454=LINE('',#7859,#1900);
#1455=LINE('',#7861,#1901);
#1456=LINE('',#7862,#1902);
#1457=LINE('',#7865,#1903);
#1458=LINE('',#7867,#1904);
#1459=LINE('',#7868,#1905);
#1460=LINE('',#7871,#1906);
#1461=LINE('',#7872,#1907);
#1462=LINE('',#7889,#1908);
#1463=LINE('',#7906,#1909);
#1464=LINE('',#7923,#1910);
#1465=LINE('',#7940,#1911);
#1466=LINE('',#7957,#1912);
#1467=LINE('',#7974,#1913);
#1468=LINE('',#7991,#1914);
#1469=LINE('',#8008,#1915);
#1470=LINE('',#8025,#1916);
#1471=LINE('',#8027,#1917);
#1472=LINE('',#8033,#1918);
#1473=LINE('',#8035,#1919);
#1474=LINE('',#8037,#1920);
#1475=LINE('',#8038,#1921);
#1476=LINE('',#8041,#1922);
#1477=LINE('',#8043,#1923);
#1478=LINE('',#8044,#1924);
#1479=LINE('',#8067,#1925);
#1480=LINE('',#8090,#1926);
#1481=LINE('',#8113,#1927);
#1482=LINE('',#8136,#1928);
#1483=LINE('',#8159,#1929);
#1484=LINE('',#8182,#1930);
#1485=LINE('',#8185,#1931);
#1486=LINE('',#8187,#1932);
#1487=LINE('',#8188,#1933);
#1488=LINE('',#8191,#1934);
#1489=LINE('',#8193,#1935);
#1490=LINE('',#8194,#1936);
#1491=LINE('',#8197,#1937);
#1492=LINE('',#8199,#1938);
#1493=LINE('',#8200,#1939);
#1494=LINE('',#8223,#1940);
#1495=LINE('',#8246,#1941);
#1496=LINE('',#8269,#1942);
#1497=LINE('',#8292,#1943);
#1498=LINE('',#8315,#1944);
#1499=LINE('',#8317,#1945);
#1500=LINE('',#8318,#1946);
#1501=LINE('',#8323,#1947);
#1502=LINE('',#8325,#1948);
#1503=LINE('',#8327,#1949);
#1504=LINE('',#8328,#1950);
#1505=LINE('',#8351,#1951);
#1506=LINE('',#8374,#1952);
#1507=LINE('',#8397,#1953);
#1508=LINE('',#8420,#1954);
#1509=LINE('',#8443,#1955);
#1510=LINE('',#8466,#1956);
#1511=LINE('',#8489,#1957);
#1512=LINE('',#8512,#1958);
#1513=LINE('',#8535,#1959);
#1514=LINE('',#8558,#1960);
#1515=LINE('',#8581,#1961);
#1516=LINE('',#8604,#1962);
#1517=LINE('',#8627,#1963);
#1518=LINE('',#8650,#1964);
#1519=LINE('',#8673,#1965);
#1520=LINE('',#8696,#1966);
#1521=LINE('',#8719,#1967);
#1522=LINE('',#8742,#1968);
#1523=LINE('',#8745,#1969);
#1524=LINE('',#8747,#1970);
#1525=LINE('',#8748,#1971);
#1526=LINE('',#8771,#1972);
#1527=LINE('',#8794,#1973);
#1528=LINE('',#8817,#1974);
#1529=LINE('',#8840,#1975);
#1530=LINE('',#8863,#1976);
#1531=LINE('',#8886,#1977);
#1532=LINE('',#8909,#1978);
#1533=LINE('',#8932,#1979);
#1534=LINE('',#8955,#1980);
#1535=LINE('',#8978,#1981);
#1536=LINE('',#9001,#1982);
#1537=LINE('',#9024,#1983);
#1538=LINE('',#9047,#1984);
#1539=LINE('',#9070,#1985);
#1540=LINE('',#9095,#1986);
#1541=LINE('',#9097,#1987);
#1542=LINE('',#9099,#1988);
#1543=LINE('',#9100,#1989);
#1544=LINE('',#9123,#1990);
#1545=LINE('',#9146,#1991);
#1546=LINE('',#9169,#1992);
#1547=LINE('',#9192,#1993);
#1548=LINE('',#9215,#1994);
#1549=LINE('',#9238,#1995);
#1550=LINE('',#9241,#1996);
#1551=LINE('',#9243,#1997);
#1552=LINE('',#9244,#1998);
#1553=LINE('',#9246,#1999);
#1554=LINE('',#9247,#2000);
#1555=LINE('',#9251,#2001);
#1556=LINE('',#9253,#2002);
#1557=LINE('',#9255,#2003);
#1558=LINE('',#9256,#2004);
#1559=LINE('',#9279,#2005);
#1560=LINE('',#9302,#2006);
#1561=LINE('',#9325,#2007);
#1562=LINE('',#9348,#2008);
#1563=LINE('',#9371,#2009);
#1564=LINE('',#9394,#2010);
#1565=LINE('',#9417,#2011);
#1566=LINE('',#9420,#2012);
#1567=LINE('',#9422,#2013);
#1568=LINE('',#9423,#2014);
#1569=LINE('',#9425,#2015);
#1570=LINE('',#9426,#2016);
#1571=LINE('',#9430,#2017);
#1572=LINE('',#9432,#2018);
#1573=LINE('',#9434,#2019);
#1574=LINE('',#9435,#2020);
#1575=LINE('',#9438,#2021);
#1576=LINE('',#9440,#2022);
#1577=LINE('',#9441,#2023);
#1578=LINE('',#9464,#2024);
#1579=LINE('',#9487,#2025);
#1580=LINE('',#9510,#2026);
#1581=LINE('',#9533,#2027);
#1582=LINE('',#9556,#2028);
#1583=LINE('',#9579,#2029);
#1584=LINE('',#9602,#2030);
#1585=LINE('',#9625,#2031);
#1586=LINE('',#9648,#2032);
#1587=LINE('',#9671,#2033);
#1588=LINE('',#9694,#2034);
#1589=LINE('',#9696,#2035);
#1590=LINE('',#9697,#2036);
#1591=LINE('',#9702,#2037);
#1592=LINE('',#9704,#2038);
#1593=LINE('',#9706,#2039);
#1594=LINE('',#9707,#2040);
#1595=LINE('',#9730,#2041);
#1596=LINE('',#9744,#2042);
#1597=LINE('',#9752,#2043);
#1598=LINE('',#9754,#2044);
#1599=LINE('',#9755,#2045);
#1600=LINE('',#9763,#2046);
#1601=LINE('',#9765,#2047);
#1602=LINE('',#9773,#2048);
#1603=LINE('',#9775,#2049);
#1604=LINE('',#9776,#2050);
#1605=LINE('',#9778,#2051);
#1606=LINE('',#9780,#2052);
#1607=LINE('',#9781,#2053);
#1608=LINE('',#9783,#2054);
#1609=LINE('',#9785,#2055);
#1610=LINE('',#9786,#2056);
#1611=LINE('',#9795,#2057);
#1612=LINE('',#9797,#2058);
#1613=LINE('',#9799,#2059);
#1614=LINE('',#9800,#2060);
#1615=LINE('',#9804,#2061);
#1616=LINE('',#9805,#2062);
#1617=LINE('',#9806,#2063);
#1618=LINE('',#9809,#2064);
#1619=LINE('',#9810,#2065);
#1620=LINE('',#9813,#2066);
#1621=LINE('',#9814,#2067);
#1622=LINE('',#9816,#2068);
#1623=LINE('',#9819,#2069);
#1624=LINE('',#9823,#2070);
#1625=LINE('',#9828,#2071);
#1626=LINE('',#9830,#2072);
#1627=LINE('',#9832,#2073);
#1628=LINE('',#9833,#2074);
#1629=LINE('',#9836,#2075);
#1630=LINE('',#9838,#2076);
#1631=LINE('',#9839,#2077);
#1632=LINE('',#9842,#2078);
#1633=LINE('',#9844,#2079);
#1634=LINE('',#9845,#2080);
#1635=LINE('',#9847,#2081);
#1636=LINE('',#9848,#2082);
#1637=VECTOR('',#5341,0.63225);
#1638=VECTOR('',#5346,1.2645);
#1639=VECTOR('',#5351,0.63225);
#1640=VECTOR('',#5356,1.2645);
#1641=VECTOR('',#5361,0.63225);
#1642=VECTOR('',#5366,1.2645);
#1643=VECTOR('',#5371,0.63225);
#1644=VECTOR('',#5376,1.2645);
#1645=VECTOR('',#5379,10.);
#1646=VECTOR('',#5380,10.);
#1647=VECTOR('',#5381,10.);
#1648=VECTOR('',#5382,10.);
#1649=VECTOR('',#5383,10.);
#1650=VECTOR('',#5384,10.);
#1651=VECTOR('',#5385,10.);
#1652=VECTOR('',#5386,10.);
#1653=VECTOR('',#5387,10.);
#1654=VECTOR('',#5388,10.);
#1655=VECTOR('',#5389,10.);
#1656=VECTOR('',#5390,10.);
#1657=VECTOR('',#5393,10.);
#1658=VECTOR('',#5394,10.);
#1659=VECTOR('',#5395,10.);
#1660=VECTOR('',#5398,10.);
#1661=VECTOR('',#5399,10.);
#1662=VECTOR('',#5402,10.);
#1663=VECTOR('',#5403,10.);
#1664=VECTOR('',#5406,10.);
#1665=VECTOR('',#5407,10.);
#1666=VECTOR('',#5408,10.);
#1667=VECTOR('',#5411,10.);
#1668=VECTOR('',#5412,10.);
#1669=VECTOR('',#5415,10.);
#1670=VECTOR('',#5416,10.);
#1671=VECTOR('',#5417,10.);
#1672=VECTOR('',#5418,10.);
#1673=VECTOR('',#5421,10.);
#1674=VECTOR('',#5424,10.);
#1675=VECTOR('',#5425,10.);
#1676=VECTOR('',#5426,10.);
#1677=VECTOR('',#5429,10.);
#1678=VECTOR('',#5430,10.);
#1679=VECTOR('',#5433,10.);
#1680=VECTOR('',#5434,10.);
#1681=VECTOR('',#5435,10.);
#1682=VECTOR('',#5438,10.);
#1683=VECTOR('',#5441,10.);
#1684=VECTOR('',#5442,10.);
#1685=VECTOR('',#5443,10.);
#1686=VECTOR('',#5446,10.);
#1687=VECTOR('',#5447,10.);
#1688=VECTOR('',#5450,10.);
#1689=VECTOR('',#5451,10.);
#1690=VECTOR('',#5452,10.);
#1691=VECTOR('',#5455,10.);
#1692=VECTOR('',#5456,10.);
#1693=VECTOR('',#5465,10.);
#1694=VECTOR('',#5466,10.);
#1695=VECTOR('',#5467,10.);
#1696=VECTOR('',#5468,10.);
#1697=VECTOR('',#5471,10.);
#1698=VECTOR('',#5472,10.);
#1699=VECTOR('',#5473,10.);
#1700=VECTOR('',#5474,10.);
#1701=VECTOR('',#5477,10.);
#1702=VECTOR('',#5478,10.);
#1703=VECTOR('',#5479,10.);
#1704=VECTOR('',#5482,10.);
#1705=VECTOR('',#5483,10.);
#1706=VECTOR('',#5484,10.);
#1707=VECTOR('',#5487,10.);
#1708=VECTOR('',#5488,10.);
#1709=VECTOR('',#5489,10.);
#1710=VECTOR('',#5492,10.);
#1711=VECTOR('',#5493,10.);
#1712=VECTOR('',#5496,10.);
#1713=VECTOR('',#5497,10.);
#1714=VECTOR('',#5498,10.);
#1715=VECTOR('',#5501,10.);
#1716=VECTOR('',#5502,10.);
#1717=VECTOR('',#5505,10.);
#1718=VECTOR('',#5506,10.);
#1719=VECTOR('',#5507,10.);
#1720=VECTOR('',#5508,10.);
#1721=VECTOR('',#5511,10.);
#1722=VECTOR('',#5512,10.);
#1723=VECTOR('',#5513,10.);
#1724=VECTOR('',#5514,10.);
#1725=VECTOR('',#5517,10.);
#1726=VECTOR('',#5518,10.);
#1727=VECTOR('',#5519,10.);
#1728=VECTOR('',#5522,10.);
#1729=VECTOR('',#5523,10.);
#1730=VECTOR('',#5524,10.);
#1731=VECTOR('',#5527,10.);
#1732=VECTOR('',#5528,10.);
#1733=VECTOR('',#5529,10.);
#1734=VECTOR('',#5532,10.);
#1735=VECTOR('',#5533,10.);
#1736=VECTOR('',#5536,10.);
#1737=VECTOR('',#5537,10.);
#1738=VECTOR('',#5538,10.);
#1739=VECTOR('',#5541,10.);
#1740=VECTOR('',#5542,10.);
#1741=VECTOR('',#5545,10.);
#1742=VECTOR('',#5546,10.);
#1743=VECTOR('',#5547,10.);
#1744=VECTOR('',#5548,10.);
#1745=VECTOR('',#5551,10.);
#1746=VECTOR('',#5552,10.);
#1747=VECTOR('',#5553,10.);
#1748=VECTOR('',#5554,10.);
#1749=VECTOR('',#5557,10.);
#1750=VECTOR('',#5558,10.);
#1751=VECTOR('',#5559,10.);
#1752=VECTOR('',#5562,10.);
#1753=VECTOR('',#5563,10.);
#1754=VECTOR('',#5564,10.);
#1755=VECTOR('',#5569,10.);
#1756=VECTOR('',#5570,10.);
#1757=VECTOR('',#5571,10.);
#1758=VECTOR('',#5574,10.);
#1759=VECTOR('',#5575,10.);
#1760=VECTOR('',#5576,10.);
#1761=VECTOR('',#5579,10.);
#1762=VECTOR('',#5580,10.);
#1763=VECTOR('',#5581,10.);
#1764=VECTOR('',#5582,10.);
#1765=VECTOR('',#5585,10.);
#1766=VECTOR('',#5586,10.);
#1767=VECTOR('',#5587,10.);
#1768=VECTOR('',#5588,10.);
#1769=VECTOR('',#5591,10.);
#1770=VECTOR('',#5592,10.);
#1771=VECTOR('',#5593,10.);
#1772=VECTOR('',#5594,10.);
#1773=VECTOR('',#5597,10.);
#1774=VECTOR('',#5598,10.);
#1775=VECTOR('',#5603,10.);
#1776=VECTOR('',#5604,10.);
#1777=VECTOR('',#5605,10.);
#1778=VECTOR('',#5608,10.);
#1779=VECTOR('',#5609,10.);
#1780=VECTOR('',#5610,10.);
#1781=VECTOR('',#5613,10.);
#1782=VECTOR('',#5614,10.);
#1783=VECTOR('',#5617,10.);
#1784=VECTOR('',#5618,10.);
#1785=VECTOR('',#5627,10.);
#1786=VECTOR('',#5628,10.);
#1787=VECTOR('',#5629,10.);
#1788=VECTOR('',#5630,10.);
#1789=VECTOR('',#5633,10.);
#1790=VECTOR('',#5634,10.);
#1791=VECTOR('',#5635,10.);
#1792=VECTOR('',#5638,10.);
#1793=VECTOR('',#5639,10.);
#1794=VECTOR('',#5640,10.);
#1795=VECTOR('',#5643,10.);
#1796=VECTOR('',#5644,10.);
#1797=VECTOR('',#5649,10.);
#1798=VECTOR('',#5650,10.);
#1799=VECTOR('',#5651,10.);
#1800=VECTOR('',#5652,10.);
#1801=VECTOR('',#5655,10.);
#1802=VECTOR('',#5656,10.);
#1803=VECTOR('',#5657,10.);
#1804=VECTOR('',#5660,10.);
#1805=VECTOR('',#5661,10.);
#1806=VECTOR('',#5662,10.);
#1807=VECTOR('',#5665,10.);
#1808=VECTOR('',#5666,10.);
#1809=VECTOR('',#5669,10.);
#1810=VECTOR('',#5670,10.);
#1811=VECTOR('',#5671,10.);
#1812=VECTOR('',#5672,10.);
#1813=VECTOR('',#5673,10.);
#1814=VECTOR('',#5674,10.);
#1815=VECTOR('',#5675,10.);
#1816=VECTOR('',#5676,10.);
#1817=VECTOR('',#5677,10.);
#1818=VECTOR('',#5678,10.);
#1819=VECTOR('',#5679,10.);
#1820=VECTOR('',#5680,10.);
#1821=VECTOR('',#5681,10.);
#1822=VECTOR('',#5682,10.);
#1823=VECTOR('',#5683,10.);
#1824=VECTOR('',#5684,10.);
#1825=VECTOR('',#5685,10.);
#1826=VECTOR('',#5686,10.);
#1827=VECTOR('',#5687,10.);
#1828=VECTOR('',#5688,10.);
#1829=VECTOR('',#5693,10.);
#1830=VECTOR('',#5694,10.);
#1831=VECTOR('',#5695,10.);
#1832=VECTOR('',#5696,10.);
#1833=VECTOR('',#5697,10.);
#1834=VECTOR('',#5698,10.);
#1835=VECTOR('',#5699,10.);
#1836=VECTOR('',#5702,10.);
#1837=VECTOR('',#5703,10.);
#1838=VECTOR('',#5704,10.);
#1839=VECTOR('',#5707,10.);
#1840=VECTOR('',#5708,10.);
#1841=VECTOR('',#5709,10.);
#1842=VECTOR('',#5710,10.);
#1843=VECTOR('',#5711,10.);
#1844=VECTOR('',#5712,10.);
#1845=VECTOR('',#5713,10.);
#1846=VECTOR('',#5714,10.);
#1847=VECTOR('',#5715,10.);
#1848=VECTOR('',#5716,10.);
#1849=VECTOR('',#5719,10.);
#1850=VECTOR('',#5720,10.);
#1851=VECTOR('',#5721,10.);
#1852=VECTOR('',#5724,10.);
#1853=VECTOR('',#5725,10.);
#1854=VECTOR('',#5728,10.);
#1855=VECTOR('',#5729,10.);
#1856=VECTOR('',#5730,10.);
#1857=VECTOR('',#5731,10.);
#1858=VECTOR('',#5732,10.);
#1859=VECTOR('',#5733,10.);
#1860=VECTOR('',#5734,10.);
#1861=VECTOR('',#5735,10.);
#1862=VECTOR('',#5736,10.);
#1863=VECTOR('',#5737,10.);
#1864=VECTOR('',#5738,10.);
#1865=VECTOR('',#5741,10.);
#1866=VECTOR('',#5742,10.);
#1867=VECTOR('',#5743,10.);
#1868=VECTOR('',#5746,10.);
#1869=VECTOR('',#5747,10.);
#1870=VECTOR('',#5750,10.);
#1871=VECTOR('',#5751,10.);
#1872=VECTOR('',#5752,10.);
#1873=VECTOR('',#5755,10.);
#1874=VECTOR('',#5756,10.);
#1875=VECTOR('',#5757,10.);
#1876=VECTOR('',#5758,10.);
#1877=VECTOR('',#5759,10.);
#1878=VECTOR('',#5760,10.);
#1879=VECTOR('',#5761,10.);
#1880=VECTOR('',#5762,10.);
#1881=VECTOR('',#5763,10.);
#1882=VECTOR('',#5764,10.);
#1883=VECTOR('',#5765,10.);
#1884=VECTOR('',#5766,10.);
#1885=VECTOR('',#5767,10.);
#1886=VECTOR('',#5770,10.);
#1887=VECTOR('',#5779,10.);
#1888=VECTOR('',#5780,10.);
#1889=VECTOR('',#5781,10.);
#1890=VECTOR('',#5782,10.);
#1891=VECTOR('',#5783,10.);
#1892=VECTOR('',#5784,10.);
#1893=VECTOR('',#5785,10.);
#1894=VECTOR('',#5786,10.);
#1895=VECTOR('',#5787,10.);
#1896=VECTOR('',#5788,10.);
#1897=VECTOR('',#5789,10.);
#1898=VECTOR('',#5792,10.);
#1899=VECTOR('',#5793,10.);
#1900=VECTOR('',#5794,10.);
#1901=VECTOR('',#5797,10.);
#1902=VECTOR('',#5798,10.);
#1903=VECTOR('',#5801,10.);
#1904=VECTOR('',#5802,10.);
#1905=VECTOR('',#5803,10.);
#1906=VECTOR('',#5806,10.);
#1907=VECTOR('',#5807,10.);
#1908=VECTOR('',#5808,10.);
#1909=VECTOR('',#5809,10.);
#1910=VECTOR('',#5810,10.);
#1911=VECTOR('',#5811,10.);
#1912=VECTOR('',#5812,10.);
#1913=VECTOR('',#5813,10.);
#1914=VECTOR('',#5814,10.);
#1915=VECTOR('',#5815,10.);
#1916=VECTOR('',#5816,10.);
#1917=VECTOR('',#5819,10.);
#1918=VECTOR('',#5826,10.);
#1919=VECTOR('',#5827,10.);
#1920=VECTOR('',#5828,10.);
#1921=VECTOR('',#5829,10.);
#1922=VECTOR('',#5832,10.);
#1923=VECTOR('',#5833,10.);
#1924=VECTOR('',#5834,10.);
#1925=VECTOR('',#5835,10.);
#1926=VECTOR('',#5836,10.);
#1927=VECTOR('',#5837,10.);
#1928=VECTOR('',#5838,10.);
#1929=VECTOR('',#5839,10.);
#1930=VECTOR('',#5840,10.);
#1931=VECTOR('',#5843,10.);
#1932=VECTOR('',#5844,10.);
#1933=VECTOR('',#5845,10.);
#1934=VECTOR('',#5848,10.);
#1935=VECTOR('',#5849,10.);
#1936=VECTOR('',#5850,10.);
#1937=VECTOR('',#5853,10.);
#1938=VECTOR('',#5854,10.);
#1939=VECTOR('',#5855,10.);
#1940=VECTOR('',#5856,10.);
#1941=VECTOR('',#5857,10.);
#1942=VECTOR('',#5858,10.);
#1943=VECTOR('',#5859,10.);
#1944=VECTOR('',#5860,10.);
#1945=VECTOR('',#5863,10.);
#1946=VECTOR('',#5864,10.);
#1947=VECTOR('',#5869,10.);
#1948=VECTOR('',#5870,10.);
#1949=VECTOR('',#5871,10.);
#1950=VECTOR('',#5872,10.);
#1951=VECTOR('',#5873,10.);
#1952=VECTOR('',#5874,10.);
#1953=VECTOR('',#5875,10.);
#1954=VECTOR('',#5876,10.);
#1955=VECTOR('',#5877,10.);
#1956=VECTOR('',#5878,10.);
#1957=VECTOR('',#5879,10.);
#1958=VECTOR('',#5880,10.);
#1959=VECTOR('',#5881,10.);
#1960=VECTOR('',#5882,10.);
#1961=VECTOR('',#5883,10.);
#1962=VECTOR('',#5884,10.);
#1963=VECTOR('',#5885,10.);
#1964=VECTOR('',#5886,10.);
#1965=VECTOR('',#5887,10.);
#1966=VECTOR('',#5888,10.);
#1967=VECTOR('',#5889,10.);
#1968=VECTOR('',#5890,10.);
#1969=VECTOR('',#5893,10.);
#1970=VECTOR('',#5894,10.);
#1971=VECTOR('',#5895,10.);
#1972=VECTOR('',#5896,10.);
#1973=VECTOR('',#5897,10.);
#1974=VECTOR('',#5898,10.);
#1975=VECTOR('',#5899,10.);
#1976=VECTOR('',#5900,10.);
#1977=VECTOR('',#5901,10.);
#1978=VECTOR('',#5902,10.);
#1979=VECTOR('',#5903,10.);
#1980=VECTOR('',#5904,10.);
#1981=VECTOR('',#5905,10.);
#1982=VECTOR('',#5906,10.);
#1983=VECTOR('',#5907,10.);
#1984=VECTOR('',#5908,10.);
#1985=VECTOR('',#5909,10.);
#1986=VECTOR('',#5914,10.);
#1987=VECTOR('',#5915,10.);
#1988=VECTOR('',#5916,10.);
#1989=VECTOR('',#5917,10.);
#1990=VECTOR('',#5918,10.);
#1991=VECTOR('',#5919,10.);
#1992=VECTOR('',#5920,10.);
#1993=VECTOR('',#5921,10.);
#1994=VECTOR('',#5922,10.);
#1995=VECTOR('',#5923,10.);
#1996=VECTOR('',#5926,10.);
#1997=VECTOR('',#5927,10.);
#1998=VECTOR('',#5928,10.);
#1999=VECTOR('',#5931,10.);
#2000=VECTOR('',#5932,10.);
#2001=VECTOR('',#5935,10.);
#2002=VECTOR('',#5936,10.);
#2003=VECTOR('',#5937,10.);
#2004=VECTOR('',#5938,10.);
#2005=VECTOR('',#5939,10.);
#2006=VECTOR('',#5940,10.);
#2007=VECTOR('',#5941,10.);
#2008=VECTOR('',#5942,10.);
#2009=VECTOR('',#5943,10.);
#2010=VECTOR('',#5944,10.);
#2011=VECTOR('',#5945,10.);
#2012=VECTOR('',#5948,10.);
#2013=VECTOR('',#5949,10.);
#2014=VECTOR('',#5950,10.);
#2015=VECTOR('',#5953,10.);
#2016=VECTOR('',#5954,10.);
#2017=VECTOR('',#5957,10.);
#2018=VECTOR('',#5958,10.);
#2019=VECTOR('',#5959,10.);
#2020=VECTOR('',#5960,10.);
#2021=VECTOR('',#5963,10.);
#2022=VECTOR('',#5964,10.);
#2023=VECTOR('',#5965,10.);
#2024=VECTOR('',#5966,10.);
#2025=VECTOR('',#5967,10.);
#2026=VECTOR('',#5968,10.);
#2027=VECTOR('',#5969,10.);
#2028=VECTOR('',#5970,10.);
#2029=VECTOR('',#5971,10.);
#2030=VECTOR('',#5972,10.);
#2031=VECTOR('',#5973,10.);
#2032=VECTOR('',#5974,10.);
#2033=VECTOR('',#5975,10.);
#2034=VECTOR('',#5976,10.);
#2035=VECTOR('',#5979,10.);
#2036=VECTOR('',#5980,10.);
#2037=VECTOR('',#5985,10.);
#2038=VECTOR('',#5986,10.);
#2039=VECTOR('',#5987,10.);
#2040=VECTOR('',#5988,10.);
#2041=VECTOR('',#6019,10.);
#2042=VECTOR('',#6038,10.);
#2043=VECTOR('',#6049,10.);
#2044=VECTOR('',#6052,10.);
#2045=VECTOR('',#6053,10.);
#2046=VECTOR('',#6064,10.);
#2047=VECTOR('',#6067,10.);
#2048=VECTOR('',#6078,10.);
#2049=VECTOR('',#6081,10.);
#2050=VECTOR('',#6082,10.);
#2051=VECTOR('',#6085,10.);
#2052=VECTOR('',#6088,10.);
#2053=VECTOR('',#6089,10.);
#2054=VECTOR('',#6092,10.);
#2055=VECTOR('',#6095,10.);
#2056=VECTOR('',#6096,10.);
#2057=VECTOR('',#6109,10.);
#2058=VECTOR('',#6110,10.);
#2059=VECTOR('',#6111,10.);
#2060=VECTOR('',#6112,10.);
#2061=VECTOR('',#6115,10.);
#2062=VECTOR('',#6116,10.);
#2063=VECTOR('',#6117,10.);
#2064=VECTOR('',#6120,10.);
#2065=VECTOR('',#6121,10.);
#2066=VECTOR('',#6124,10.);
#2067=VECTOR('',#6125,10.);
#2068=VECTOR('',#6128,10.);
#2069=VECTOR('',#6131,6.25);
#2070=VECTOR('',#6136,12.5);
#2071=VECTOR('',#6141,10.);
#2072=VECTOR('',#6142,10.);
#2073=VECTOR('',#6143,10.);
#2074=VECTOR('',#6144,10.);
#2075=VECTOR('',#6147,10.);
#2076=VECTOR('',#6148,10.);
#2077=VECTOR('',#6149,10.);
#2078=VECTOR('',#6152,10.);
#2079=VECTOR('',#6153,10.);
#2080=VECTOR('',#6154,10.);
#2081=VECTOR('',#6157,10.);
#2082=VECTOR('',#6158,10.);
#2083=CIRCLE('',#5141,1.2645);
#2084=CIRCLE('',#5143,1.2645);
#2085=CIRCLE('',#5145,1.2645);
#2086=CIRCLE('',#5147,1.2645);
#2087=CIRCLE('',#5149,1.2645);
#2088=CIRCLE('',#5151,1.2645);
#2089=CIRCLE('',#5153,1.2645);
#2090=CIRCLE('',#5155,1.2645);
#2091=CIRCLE('',#5222,12.5);
#2092=CIRCLE('',#5264,6.25);
#2093=CIRCLE('',#5267,5.);
#2094=CIRCLE('',#5268,5.);
#2095=CIRCLE('',#5269,5.);
#2096=CIRCLE('',#5271,5.);
#2097=CIRCLE('',#5272,5.);
#2098=CIRCLE('',#5273,5.);
#2099=CIRCLE('',#5275,5.);
#2100=CIRCLE('',#5276,5.);
#2101=CIRCLE('',#5277,5.);
#2102=CIRCLE('',#5280,5.);
#2103=CIRCLE('',#5281,5.);
#2104=CIRCLE('',#5282,5.);
#2105=CIRCLE('',#5284,5.);
#2106=CIRCLE('',#5285,5.);
#2107=CIRCLE('',#5286,5.);
#2108=CIRCLE('',#5289,5.);
#2109=CIRCLE('',#5290,5.);
#2110=CIRCLE('',#5291,5.);
#2111=CIRCLE('',#5295,5.);
#2112=CIRCLE('',#5296,5.);
#2113=CIRCLE('',#5297,5.);
#2114=CIRCLE('',#5301,5.);
#2115=CIRCLE('',#5302,5.);
#2116=CIRCLE('',#5303,5.);
#2117=CIRCLE('',#5321,6.25);
#2118=CIRCLE('',#5323,12.5);
#2119=VERTEX_POINT('',#6172);
#2120=VERTEX_POINT('',#6174);
#2121=VERTEX_POINT('',#6177);
#2122=VERTEX_POINT('',#6181);
#2123=VERTEX_POINT('',#6183);
#2124=VERTEX_POINT('',#6186);
#2125=VERTEX_POINT('',#6190);
#2126=VERTEX_POINT('',#6192);
#2127=VERTEX_POINT('',#6195);
#2128=VERTEX_POINT('',#6199);
#2129=VERTEX_POINT('',#6201);
#2130=VERTEX_POINT('',#6204);
#2131=VERTEX_POINT('',#6208);
#2132=VERTEX_POINT('',#6209);
#2133=VERTEX_POINT('',#6211);
#2134=VERTEX_POINT('',#6213);
#2135=VERTEX_POINT('',#6215);
#2136=VERTEX_POINT('',#6217);
#2137=VERTEX_POINT('',#6219);
#2138=VERTEX_POINT('',#6221);
#2139=VERTEX_POINT('',#6223);
#2140=VERTEX_POINT('',#6225);
#2141=VERTEX_POINT('',#6227);
#2142=VERTEX_POINT('',#6229);
#2143=VERTEX_POINT('',#6233);
#2144=VERTEX_POINT('',#6235);
#2145=VERTEX_POINT('',#6239);
#2146=VERTEX_POINT('',#6243);
#2147=VERTEX_POINT('',#6247);
#2148=VERTEX_POINT('',#6249);
#2149=VERTEX_POINT('',#6253);
#2150=VERTEX_POINT('',#6257);
#2151=VERTEX_POINT('',#6259);
#2152=VERTEX_POINT('',#6261);
#2153=VERTEX_POINT('',#6267);
#2154=VERTEX_POINT('',#6269);
#2155=VERTEX_POINT('',#6273);
#2156=VERTEX_POINT('',#6277);
#2157=VERTEX_POINT('',#6279);
#2158=VERTEX_POINT('',#6285);
#2159=VERTEX_POINT('',#6287);
#2160=VERTEX_POINT('',#6291);
#2161=VERTEX_POINT('',#6295);
#2162=VERTEX_POINT('',#6297);
#2163=VERTEX_POINT('',#6307);
#2164=VERTEX_POINT('',#6308);
#2165=VERTEX_POINT('',#6310);
#2166=VERTEX_POINT('',#6312);
#2167=VERTEX_POINT('',#6316);
#2168=VERTEX_POINT('',#6317);
#2169=VERTEX_POINT('',#6319);
#2170=VERTEX_POINT('',#6321);
#2171=VERTEX_POINT('',#6325);
#2172=VERTEX_POINT('',#6327);
#2173=VERTEX_POINT('',#6331);
#2174=VERTEX_POINT('',#6333);
#2175=VERTEX_POINT('',#6337);
#2176=VERTEX_POINT('',#6339);
#2177=VERTEX_POINT('',#6346);
#2178=VERTEX_POINT('',#6348);
#2179=VERTEX_POINT('',#6355);
#2180=VERTEX_POINT('',#6356);
#2181=VERTEX_POINT('',#6358);
#2182=VERTEX_POINT('',#6360);
#2183=VERTEX_POINT('',#6364);
#2184=VERTEX_POINT('',#6365);
#2185=VERTEX_POINT('',#6367);
#2186=VERTEX_POINT('',#6369);
#2187=VERTEX_POINT('',#6373);
#2188=VERTEX_POINT('',#6375);
#2189=VERTEX_POINT('',#6379);
#2190=VERTEX_POINT('',#6381);
#2191=VERTEX_POINT('',#6385);
#2192=VERTEX_POINT('',#6387);
#2193=VERTEX_POINT('',#6394);
#2194=VERTEX_POINT('',#6396);
#2195=VERTEX_POINT('',#6403);
#2196=VERTEX_POINT('',#6404);
#2197=VERTEX_POINT('',#6406);
#2198=VERTEX_POINT('',#6408);
#2199=VERTEX_POINT('',#6412);
#2200=VERTEX_POINT('',#6413);
#2201=VERTEX_POINT('',#6416);
#2202=VERTEX_POINT('',#6420);
#2203=VERTEX_POINT('',#6422);
#2204=VERTEX_POINT('',#6426);
#2205=VERTEX_POINT('',#6432);
#2206=VERTEX_POINT('',#6434);
#2207=VERTEX_POINT('',#6438);
#2208=VERTEX_POINT('',#6440);
#2209=VERTEX_POINT('',#6444);
#2210=VERTEX_POINT('',#6445);
#2211=VERTEX_POINT('',#6447);
#2212=VERTEX_POINT('',#6449);
#2213=VERTEX_POINT('',#6453);
#2214=VERTEX_POINT('',#6454);
#2215=VERTEX_POINT('',#6456);
#2216=VERTEX_POINT('',#6461);
#2217=VERTEX_POINT('',#6462);
#2218=VERTEX_POINT('',#6465);
#2219=VERTEX_POINT('',#6473);
#2220=VERTEX_POINT('',#6475);
#2221=VERTEX_POINT('',#6479);
#2222=VERTEX_POINT('',#6481);
#2223=VERTEX_POINT('',#6494);
#2224=VERTEX_POINT('',#6495);
#2225=VERTEX_POINT('',#6497);
#2226=VERTEX_POINT('',#6499);
#2227=VERTEX_POINT('',#6503);
#2228=VERTEX_POINT('',#6505);
#2229=VERTEX_POINT('',#6509);
#2230=VERTEX_POINT('',#6511);
#2231=VERTEX_POINT('',#6519);
#2232=VERTEX_POINT('',#6520);
#2233=VERTEX_POINT('',#6522);
#2234=VERTEX_POINT('',#6524);
#2235=VERTEX_POINT('',#6528);
#2236=VERTEX_POINT('',#6530);
#2237=VERTEX_POINT('',#6534);
#2238=VERTEX_POINT('',#6536);
#2239=VERTEX_POINT('',#6553);
#2240=VERTEX_POINT('',#6554);
#2241=VERTEX_POINT('',#6560);
#2242=VERTEX_POINT('',#6562);
#2243=VERTEX_POINT('',#6579);
#2244=VERTEX_POINT('',#6585);
#2245=VERTEX_POINT('',#6602);
#2246=VERTEX_POINT('',#6608);
#2247=VERTEX_POINT('',#6625);
#2248=VERTEX_POINT('',#6631);
#2249=VERTEX_POINT('',#6648);
#2250=VERTEX_POINT('',#6654);
#2251=VERTEX_POINT('',#6671);
#2252=VERTEX_POINT('',#6677);
#2253=VERTEX_POINT('',#6694);
#2254=VERTEX_POINT('',#6700);
#2255=VERTEX_POINT('',#6717);
#2256=VERTEX_POINT('',#6723);
#2257=VERTEX_POINT('',#6760);
#2258=VERTEX_POINT('',#6761);
#2259=VERTEX_POINT('',#6767);
#2260=VERTEX_POINT('',#6769);
#2261=VERTEX_POINT('',#6786);
#2262=VERTEX_POINT('',#6792);
#2263=VERTEX_POINT('',#6809);
#2264=VERTEX_POINT('',#6815);
#2265=VERTEX_POINT('',#6832);
#2266=VERTEX_POINT('',#6838);
#2267=VERTEX_POINT('',#6855);
#2268=VERTEX_POINT('',#6861);
#2269=VERTEX_POINT('',#6878);
#2270=VERTEX_POINT('',#6884);
#2271=VERTEX_POINT('',#6901);
#2272=VERTEX_POINT('',#6907);
#2273=VERTEX_POINT('',#6924);
#2274=VERTEX_POINT('',#6930);
#2275=VERTEX_POINT('',#6947);
#2276=VERTEX_POINT('',#6953);
#2277=VERTEX_POINT('',#6970);
#2278=VERTEX_POINT('',#6976);
#2279=VERTEX_POINT('',#7005);
#2280=VERTEX_POINT('',#7006);
#2281=VERTEX_POINT('',#7008);
#2282=VERTEX_POINT('',#7010);
#2283=VERTEX_POINT('',#7013);
#2284=VERTEX_POINT('',#7014);
#2285=VERTEX_POINT('',#7016);
#2286=VERTEX_POINT('',#7018);
#2287=VERTEX_POINT('',#7024);
#2288=VERTEX_POINT('',#7030);
#2289=VERTEX_POINT('',#7036);
#2290=VERTEX_POINT('',#7042);
#2291=VERTEX_POINT('',#7048);
#2292=VERTEX_POINT('',#7054);
#2293=VERTEX_POINT('',#7060);
#2294=VERTEX_POINT('',#7066);
#2295=VERTEX_POINT('',#7073);
#2296=VERTEX_POINT('',#7075);
#2297=VERTEX_POINT('',#7076);
#2298=VERTEX_POINT('',#7078);
#2299=VERTEX_POINT('',#7080);
#2300=VERTEX_POINT('',#7086);
#2301=VERTEX_POINT('',#7092);
#2302=VERTEX_POINT('',#7098);
#2303=VERTEX_POINT('',#7104);
#2304=VERTEX_POINT('',#7110);
#2305=VERTEX_POINT('',#7116);
#2306=VERTEX_POINT('',#7122);
#2307=VERTEX_POINT('',#7128);
#2308=VERTEX_POINT('',#7134);
#2309=VERTEX_POINT('',#7140);
#2310=VERTEX_POINT('',#7148);
#2311=VERTEX_POINT('',#7149);
#2312=VERTEX_POINT('',#7151);
#2313=VERTEX_POINT('',#7153);
#2314=VERTEX_POINT('',#7166);
#2315=VERTEX_POINT('',#7172);
#2316=VERTEX_POINT('',#7189);
#2317=VERTEX_POINT('',#7195);
#2318=VERTEX_POINT('',#7212);
#2319=VERTEX_POINT('',#7218);
#2320=VERTEX_POINT('',#7235);
#2321=VERTEX_POINT('',#7241);
#2322=VERTEX_POINT('',#7258);
#2323=VERTEX_POINT('',#7264);
#2324=VERTEX_POINT('',#7281);
#2325=VERTEX_POINT('',#7287);
#2326=VERTEX_POINT('',#7295);
#2327=VERTEX_POINT('',#7297);
#2328=VERTEX_POINT('',#7304);
#2329=VERTEX_POINT('',#7305);
#2330=VERTEX_POINT('',#7307);
#2331=VERTEX_POINT('',#7309);
#2332=VERTEX_POINT('',#7322);
#2333=VERTEX_POINT('',#7328);
#2334=VERTEX_POINT('',#7345);
#2335=VERTEX_POINT('',#7351);
#2336=VERTEX_POINT('',#7368);
#2337=VERTEX_POINT('',#7374);
#2338=VERTEX_POINT('',#7391);
#2339=VERTEX_POINT('',#7397);
#2340=VERTEX_POINT('',#7414);
#2341=VERTEX_POINT('',#7420);
#2342=VERTEX_POINT('',#7437);
#2343=VERTEX_POINT('',#7443);
#2344=VERTEX_POINT('',#7460);
#2345=VERTEX_POINT('',#7466);
#2346=VERTEX_POINT('',#7474);
#2347=VERTEX_POINT('',#7476);
#2348=VERTEX_POINT('',#7483);
#2349=VERTEX_POINT('',#7485);
#2350=VERTEX_POINT('',#7489);
#2351=VERTEX_POINT('',#7502);
#2352=VERTEX_POINT('',#7519);
#2353=VERTEX_POINT('',#7536);
#2354=VERTEX_POINT('',#7553);
#2355=VERTEX_POINT('',#7570);
#2356=VERTEX_POINT('',#7587);
#2357=VERTEX_POINT('',#7604);
#2358=VERTEX_POINT('',#7621);
#2359=VERTEX_POINT('',#7638);
#2360=VERTEX_POINT('',#7655);
#2361=VERTEX_POINT('',#7672);
#2362=VERTEX_POINT('',#7685);
#2363=VERTEX_POINT('',#7686);
#2364=VERTEX_POINT('',#7688);
#2365=VERTEX_POINT('',#7690);
#2366=VERTEX_POINT('',#7703);
#2367=VERTEX_POINT('',#7709);
#2368=VERTEX_POINT('',#7726);
#2369=VERTEX_POINT('',#7732);
#2370=VERTEX_POINT('',#7749);
#2371=VERTEX_POINT('',#7755);
#2372=VERTEX_POINT('',#7772);
#2373=VERTEX_POINT('',#7778);
#2374=VERTEX_POINT('',#7795);
#2375=VERTEX_POINT('',#7801);
#2376=VERTEX_POINT('',#7818);
#2377=VERTEX_POINT('',#7824);
#2378=VERTEX_POINT('',#7841);
#2379=VERTEX_POINT('',#7847);
#2380=VERTEX_POINT('',#7855);
#2381=VERTEX_POINT('',#7857);
#2382=VERTEX_POINT('',#7864);
#2383=VERTEX_POINT('',#7866);
#2384=VERTEX_POINT('',#7870);
#2385=VERTEX_POINT('',#7883);
#2386=VERTEX_POINT('',#7900);
#2387=VERTEX_POINT('',#7917);
#2388=VERTEX_POINT('',#7934);
#2389=VERTEX_POINT('',#7951);
#2390=VERTEX_POINT('',#7968);
#2391=VERTEX_POINT('',#7985);
#2392=VERTEX_POINT('',#8002);
#2393=VERTEX_POINT('',#8019);
#2394=VERTEX_POINT('',#8031);
#2395=VERTEX_POINT('',#8032);
#2396=VERTEX_POINT('',#8034);
#2397=VERTEX_POINT('',#8036);
#2398=VERTEX_POINT('',#8040);
#2399=VERTEX_POINT('',#8042);
#2400=VERTEX_POINT('',#8055);
#2401=VERTEX_POINT('',#8061);
#2402=VERTEX_POINT('',#8078);
#2403=VERTEX_POINT('',#8084);
#2404=VERTEX_POINT('',#8101);
#2405=VERTEX_POINT('',#8107);
#2406=VERTEX_POINT('',#8124);
#2407=VERTEX_POINT('',#8130);
#2408=VERTEX_POINT('',#8147);
#2409=VERTEX_POINT('',#8153);
#2410=VERTEX_POINT('',#8170);
#2411=VERTEX_POINT('',#8176);
#2412=VERTEX_POINT('',#8184);
#2413=VERTEX_POINT('',#8186);
#2414=VERTEX_POINT('',#8190);
#2415=VERTEX_POINT('',#8192);
#2416=VERTEX_POINT('',#8196);
#2417=VERTEX_POINT('',#8198);
#2418=VERTEX_POINT('',#8211);
#2419=VERTEX_POINT('',#8217);
#2420=VERTEX_POINT('',#8234);
#2421=VERTEX_POINT('',#8240);
#2422=VERTEX_POINT('',#8257);
#2423=VERTEX_POINT('',#8263);
#2424=VERTEX_POINT('',#8280);
#2425=VERTEX_POINT('',#8286);
#2426=VERTEX_POINT('',#8303);
#2427=VERTEX_POINT('',#8309);
#2428=VERTEX_POINT('',#8321);
#2429=VERTEX_POINT('',#8322);
#2430=VERTEX_POINT('',#8324);
#2431=VERTEX_POINT('',#8326);
#2432=VERTEX_POINT('',#8339);
#2433=VERTEX_POINT('',#8345);
#2434=VERTEX_POINT('',#8362);
#2435=VERTEX_POINT('',#8368);
#2436=VERTEX_POINT('',#8385);
#2437=VERTEX_POINT('',#8391);
#2438=VERTEX_POINT('',#8408);
#2439=VERTEX_POINT('',#8414);
#2440=VERTEX_POINT('',#8431);
#2441=VERTEX_POINT('',#8437);
#2442=VERTEX_POINT('',#8454);
#2443=VERTEX_POINT('',#8460);
#2444=VERTEX_POINT('',#8477);
#2445=VERTEX_POINT('',#8483);
#2446=VERTEX_POINT('',#8500);
#2447=VERTEX_POINT('',#8506);
#2448=VERTEX_POINT('',#8523);
#2449=VERTEX_POINT('',#8529);
#2450=VERTEX_POINT('',#8546);
#2451=VERTEX_POINT('',#8552);
#2452=VERTEX_POINT('',#8569);
#2453=VERTEX_POINT('',#8575);
#2454=VERTEX_POINT('',#8592);
#2455=VERTEX_POINT('',#8598);
#2456=VERTEX_POINT('',#8615);
#2457=VERTEX_POINT('',#8621);
#2458=VERTEX_POINT('',#8638);
#2459=VERTEX_POINT('',#8644);
#2460=VERTEX_POINT('',#8661);
#2461=VERTEX_POINT('',#8667);
#2462=VERTEX_POINT('',#8684);
#2463=VERTEX_POINT('',#8690);
#2464=VERTEX_POINT('',#8707);
#2465=VERTEX_POINT('',#8713);
#2466=VERTEX_POINT('',#8730);
#2467=VERTEX_POINT('',#8736);
#2468=VERTEX_POINT('',#8744);
#2469=VERTEX_POINT('',#8746);
#2470=VERTEX_POINT('',#8759);
#2471=VERTEX_POINT('',#8765);
#2472=VERTEX_POINT('',#8782);
#2473=VERTEX_POINT('',#8788);
#2474=VERTEX_POINT('',#8805);
#2475=VERTEX_POINT('',#8811);
#2476=VERTEX_POINT('',#8828);
#2477=VERTEX_POINT('',#8834);
#2478=VERTEX_POINT('',#8851);
#2479=VERTEX_POINT('',#8857);
#2480=VERTEX_POINT('',#8874);
#2481=VERTEX_POINT('',#8880);
#2482=VERTEX_POINT('',#8897);
#2483=VERTEX_POINT('',#8903);
#2484=VERTEX_POINT('',#8920);
#2485=VERTEX_POINT('',#8926);
#2486=VERTEX_POINT('',#8943);
#2487=VERTEX_POINT('',#8949);
#2488=VERTEX_POINT('',#8966);
#2489=VERTEX_POINT('',#8972);
#2490=VERTEX_POINT('',#8989);
#2491=VERTEX_POINT('',#8995);
#2492=VERTEX_POINT('',#9012);
#2493=VERTEX_POINT('',#9018);
#2494=VERTEX_POINT('',#9035);
#2495=VERTEX_POINT('',#9041);
#2496=VERTEX_POINT('',#9058);
#2497=VERTEX_POINT('',#9064);
#2498=VERTEX_POINT('',#9093);
#2499=VERTEX_POINT('',#9094);
#2500=VERTEX_POINT('',#9096);
#2501=VERTEX_POINT('',#9098);
#2502=VERTEX_POINT('',#9111);
#2503=VERTEX_POINT('',#9117);
#2504=VERTEX_POINT('',#9134);
#2505=VERTEX_POINT('',#9140);
#2506=VERTEX_POINT('',#9157);
#2507=VERTEX_POINT('',#9163);
#2508=VERTEX_POINT('',#9180);
#2509=VERTEX_POINT('',#9186);
#2510=VERTEX_POINT('',#9203);
#2511=VERTEX_POINT('',#9209);
#2512=VERTEX_POINT('',#9226);
#2513=VERTEX_POINT('',#9232);
#2514=VERTEX_POINT('',#9240);
#2515=VERTEX_POINT('',#9242);
#2516=VERTEX_POINT('',#9249);
#2517=VERTEX_POINT('',#9250);
#2518=VERTEX_POINT('',#9252);
#2519=VERTEX_POINT('',#9254);
#2520=VERTEX_POINT('',#9267);
#2521=VERTEX_POINT('',#9273);
#2522=VERTEX_POINT('',#9290);
#2523=VERTEX_POINT('',#9296);
#2524=VERTEX_POINT('',#9313);
#2525=VERTEX_POINT('',#9319);
#2526=VERTEX_POINT('',#9336);
#2527=VERTEX_POINT('',#9342);
#2528=VERTEX_POINT('',#9359);
#2529=VERTEX_POINT('',#9365);
#2530=VERTEX_POINT('',#9382);
#2531=VERTEX_POINT('',#9388);
#2532=VERTEX_POINT('',#9405);
#2533=VERTEX_POINT('',#9411);
#2534=VERTEX_POINT('',#9419);
#2535=VERTEX_POINT('',#9421);
#2536=VERTEX_POINT('',#9428);
#2537=VERTEX_POINT('',#9429);
#2538=VERTEX_POINT('',#9431);
#2539=VERTEX_POINT('',#9433);
#2540=VERTEX_POINT('',#9437);
#2541=VERTEX_POINT('',#9439);
#2542=VERTEX_POINT('',#9452);
#2543=VERTEX_POINT('',#9458);
#2544=VERTEX_POINT('',#9475);
#2545=VERTEX_POINT('',#9481);
#2546=VERTEX_POINT('',#9498);
#2547=VERTEX_POINT('',#9504);
#2548=VERTEX_POINT('',#9521);
#2549=VERTEX_POINT('',#9527);
#2550=VERTEX_POINT('',#9544);
#2551=VERTEX_POINT('',#9550);
#2552=VERTEX_POINT('',#9567);
#2553=VERTEX_POINT('',#9573);
#2554=VERTEX_POINT('',#9590);
#2555=VERTEX_POINT('',#9596);
#2556=VERTEX_POINT('',#9613);
#2557=VERTEX_POINT('',#9619);
#2558=VERTEX_POINT('',#9636);
#2559=VERTEX_POINT('',#9642);
#2560=VERTEX_POINT('',#9659);
#2561=VERTEX_POINT('',#9665);
#2562=VERTEX_POINT('',#9682);
#2563=VERTEX_POINT('',#9688);
#2564=VERTEX_POINT('',#9700);
#2565=VERTEX_POINT('',#9701);
#2566=VERTEX_POINT('',#9703);
#2567=VERTEX_POINT('',#9705);
#2568=VERTEX_POINT('',#9708);
#2569=VERTEX_POINT('',#9712);
#2570=VERTEX_POINT('',#9714);
#2571=VERTEX_POINT('',#9718);
#2572=VERTEX_POINT('',#9719);
#2573=VERTEX_POINT('',#9724);
#2574=VERTEX_POINT('',#9726);
#2575=VERTEX_POINT('',#9732);
#2576=VERTEX_POINT('',#9734);
#2577=VERTEX_POINT('',#9738);
#2578=VERTEX_POINT('',#9739);
#2579=VERTEX_POINT('',#9746);
#2580=VERTEX_POINT('',#9748);
#2581=VERTEX_POINT('',#9757);
#2582=VERTEX_POINT('',#9758);
#2583=VERTEX_POINT('',#9767);
#2584=VERTEX_POINT('',#9769);
#2585=VERTEX_POINT('',#9793);
#2586=VERTEX_POINT('',#9794);
#2587=VERTEX_POINT('',#9796);
#2588=VERTEX_POINT('',#9798);
#2589=VERTEX_POINT('',#9802);
#2590=VERTEX_POINT('',#9803);
#2591=VERTEX_POINT('',#9808);
#2592=VERTEX_POINT('',#9812);
#2593=VERTEX_POINT('',#9818);
#2594=VERTEX_POINT('',#9822);
#2595=VERTEX_POINT('',#9826);
#2596=VERTEX_POINT('',#9827);
#2597=VERTEX_POINT('',#9829);
#2598=VERTEX_POINT('',#9831);
#2599=VERTEX_POINT('',#9835);
#2600=VERTEX_POINT('',#9837);
#2601=VERTEX_POINT('',#9841);
#2602=VERTEX_POINT('',#9843);
#2603=EDGE_CURVE('',#2119,#2119,#2083,.T.);
#2604=EDGE_CURVE('',#2119,#2120,#1191,.T.);
#2605=EDGE_CURVE('',#2121,#2121,#2084,.T.);
#2606=EDGE_CURVE('',#2121,#2119,#1192,.T.);
#2607=EDGE_CURVE('',#2122,#2122,#2085,.T.);
#2608=EDGE_CURVE('',#2122,#2123,#1193,.T.);
#2609=EDGE_CURVE('',#2124,#2124,#2086,.T.);
#2610=EDGE_CURVE('',#2124,#2122,#1194,.T.);
#2611=EDGE_CURVE('',#2125,#2125,#2087,.T.);
#2612=EDGE_CURVE('',#2125,#2126,#1195,.T.);
#2613=EDGE_CURVE('',#2127,#2127,#2088,.T.);
#2614=EDGE_CURVE('',#2127,#2125,#1196,.T.);
#2615=EDGE_CURVE('',#2128,#2128,#2089,.T.);
#2616=EDGE_CURVE('',#2128,#2129,#1197,.T.);
#2617=EDGE_CURVE('',#2130,#2130,#2090,.T.);
#2618=EDGE_CURVE('',#2130,#2128,#1198,.T.);
#2619=EDGE_CURVE('',#2131,#2132,#1199,.T.);
#2620=EDGE_CURVE('',#2131,#2133,#1200,.T.);
#2621=EDGE_CURVE('',#2134,#2133,#1201,.T.);
#2622=EDGE_CURVE('',#2135,#2134,#1202,.T.);
#2623=EDGE_CURVE('',#2135,#2136,#1203,.T.);
#2624=EDGE_CURVE('',#2137,#2136,#1204,.T.);
#2625=EDGE_CURVE('',#2138,#2137,#1205,.T.);
#2626=EDGE_CURVE('',#2138,#2139,#1206,.T.);
#2627=EDGE_CURVE('',#2140,#2139,#1207,.T.);
#2628=EDGE_CURVE('',#2141,#2140,#1208,.T.);
#2629=EDGE_CURVE('',#2141,#2142,#1209,.T.);
#2630=EDGE_CURVE('',#2132,#2142,#1210,.T.);
#2631=EDGE_CURVE('',#2139,#2143,#1211,.T.);
#2632=EDGE_CURVE('',#2144,#2143,#1212,.T.);
#2633=EDGE_CURVE('',#2140,#2144,#1213,.T.);
#2634=EDGE_CURVE('',#2145,#2144,#1214,.T.);
#2635=EDGE_CURVE('',#2141,#2145,#1215,.T.);
#2636=EDGE_CURVE('',#2143,#2146,#1216,.T.);
#2637=EDGE_CURVE('',#2146,#2145,#1217,.T.);
#2638=EDGE_CURVE('',#2137,#2147,#1218,.T.);
#2639=EDGE_CURVE('',#2148,#2147,#1219,.T.);
#2640=EDGE_CURVE('',#2138,#2148,#1220,.T.);
#2641=EDGE_CURVE('',#2136,#2149,#1221,.T.);
#2642=EDGE_CURVE('',#2147,#2149,#1222,.T.);
#2643=EDGE_CURVE('',#2150,#2148,#1223,.T.);
#2644=EDGE_CURVE('',#2151,#2150,#1224,.T.);
#2645=EDGE_CURVE('',#2151,#2152,#1225,.T.);
#2646=EDGE_CURVE('',#2152,#2146,#1226,.T.);
#2647=EDGE_CURVE('',#2149,#2150,#1227,.T.);
#2648=EDGE_CURVE('',#2134,#2153,#1228,.T.);
#2649=EDGE_CURVE('',#2154,#2153,#1229,.T.);
#2650=EDGE_CURVE('',#2135,#2154,#1230,.T.);
#2651=EDGE_CURVE('',#2133,#2155,#1231,.T.);
#2652=EDGE_CURVE('',#2153,#2155,#1232,.T.);
#2653=EDGE_CURVE('',#2156,#2154,#1233,.T.);
#2654=EDGE_CURVE('',#2157,#2156,#1234,.T.);
#2655=EDGE_CURVE('',#2151,#2157,#1235,.T.);
#2656=EDGE_CURVE('',#2155,#2156,#1236,.T.);
#2657=EDGE_CURVE('',#2132,#2158,#1237,.T.);
#2658=EDGE_CURVE('',#2159,#2158,#1238,.T.);
#2659=EDGE_CURVE('',#2131,#2159,#1239,.T.);
#2660=EDGE_CURVE('',#2142,#2160,#1240,.T.);
#2661=EDGE_CURVE('',#2158,#2160,#1241,.T.);
#2662=EDGE_CURVE('',#2161,#2159,#1242,.T.);
#2663=EDGE_CURVE('',#2162,#2161,#1243,.T.);
#2664=EDGE_CURVE('',#2162,#2157,#1244,.T.);
#2665=EDGE_CURVE('',#2160,#2161,#1245,.T.);
#2666=EDGE_CURVE('',#2152,#2162,#1246,.T.);
#2667=EDGE_CURVE('',#2163,#2164,#1247,.T.);
#2668=EDGE_CURVE('',#2165,#2163,#1248,.T.);
#2669=EDGE_CURVE('',#2166,#2165,#1249,.T.);
#2670=EDGE_CURVE('',#2166,#2164,#1250,.T.);
#2671=EDGE_CURVE('',#2167,#2168,#1251,.T.);
#2672=EDGE_CURVE('',#2167,#2169,#1252,.T.);
#2673=EDGE_CURVE('',#2170,#2169,#1253,.T.);
#2674=EDGE_CURVE('',#2168,#2170,#1254,.T.);
#2675=EDGE_CURVE('',#2171,#2163,#1255,.T.);
#2676=EDGE_CURVE('',#2172,#2171,#1256,.T.);
#2677=EDGE_CURVE('',#2165,#2172,#1257,.T.);
#2678=EDGE_CURVE('',#2168,#2173,#1258,.T.);
#2679=EDGE_CURVE('',#2174,#2170,#1259,.T.);
#2680=EDGE_CURVE('',#2173,#2174,#1260,.T.);
#2681=EDGE_CURVE('',#2164,#2175,#1261,.T.);
#2682=EDGE_CURVE('',#2176,#2166,#1262,.T.);
#2683=EDGE_CURVE('',#2176,#2175,#1263,.T.);
#2684=EDGE_CURVE('',#2175,#2171,#1264,.T.);
#2685=EDGE_CURVE('',#2172,#2176,#1265,.T.);
#2686=EDGE_CURVE('',#2173,#2177,#1266,.T.);
#2687=EDGE_CURVE('',#2178,#2174,#1267,.T.);
#2688=EDGE_CURVE('',#2177,#2178,#1268,.T.);
#2689=EDGE_CURVE('',#2177,#2167,#1269,.T.);
#2690=EDGE_CURVE('',#2169,#2178,#1270,.T.);
#2691=EDGE_CURVE('',#2179,#2180,#1271,.T.);
#2692=EDGE_CURVE('',#2181,#2179,#1272,.T.);
#2693=EDGE_CURVE('',#2182,#2181,#1273,.T.);
#2694=EDGE_CURVE('',#2182,#2180,#1274,.T.);
#2695=EDGE_CURVE('',#2183,#2184,#1275,.T.);
#2696=EDGE_CURVE('',#2183,#2185,#1276,.T.);
#2697=EDGE_CURVE('',#2186,#2185,#1277,.T.);
#2698=EDGE_CURVE('',#2184,#2186,#1278,.T.);
#2699=EDGE_CURVE('',#2187,#2179,#1279,.T.);
#2700=EDGE_CURVE('',#2188,#2187,#1280,.T.);
#2701=EDGE_CURVE('',#2181,#2188,#1281,.T.);
#2702=EDGE_CURVE('',#2184,#2189,#1282,.T.);
#2703=EDGE_CURVE('',#2190,#2186,#1283,.T.);
#2704=EDGE_CURVE('',#2189,#2190,#1284,.T.);
#2705=EDGE_CURVE('',#2180,#2191,#1285,.T.);
#2706=EDGE_CURVE('',#2192,#2182,#1286,.T.);
#2707=EDGE_CURVE('',#2192,#2191,#1287,.T.);
#2708=EDGE_CURVE('',#2191,#2187,#1288,.T.);
#2709=EDGE_CURVE('',#2188,#2192,#1289,.T.);
#2710=EDGE_CURVE('',#2189,#2193,#1290,.T.);
#2711=EDGE_CURVE('',#2194,#2190,#1291,.T.);
#2712=EDGE_CURVE('',#2193,#2194,#1292,.T.);
#2713=EDGE_CURVE('',#2193,#2183,#1293,.T.);
#2714=EDGE_CURVE('',#2185,#2194,#1294,.T.);
#2715=EDGE_CURVE('',#2195,#2196,#1295,.T.);
#2716=EDGE_CURVE('',#2195,#2197,#1296,.T.);
#2717=EDGE_CURVE('',#2198,#2197,#1297,.T.);
#2718=EDGE_CURVE('',#2196,#2198,#1298,.T.);
#2719=EDGE_CURVE('',#2199,#2200,#1299,.T.);
#2720=EDGE_CURVE('',#2196,#2200,#1300,.T.);
#2721=EDGE_CURVE('',#2201,#2198,#1301,.T.);
#2722=EDGE_CURVE('',#2199,#2201,#1302,.T.);
#2723=EDGE_CURVE('',#2202,#2199,#1303,.T.);
#2724=EDGE_CURVE('',#2203,#2201,#1304,.T.);
#2725=EDGE_CURVE('',#2202,#2203,#1305,.T.);
#2726=EDGE_CURVE('',#2204,#2202,#1306,.T.);
#2727=EDGE_CURVE('',#2197,#2203,#1307,.T.);
#2728=EDGE_CURVE('',#2204,#2195,#1308,.T.);
#2729=EDGE_CURVE('',#2205,#2195,#1309,.T.);
#2730=EDGE_CURVE('',#2206,#2205,#1310,.T.);
#2731=EDGE_CURVE('',#2206,#2204,#1311,.T.);
#2732=EDGE_CURVE('',#2200,#2207,#1312,.T.);
#2733=EDGE_CURVE('',#2207,#2208,#1313,.T.);
#2734=EDGE_CURVE('',#2196,#2208,#1314,.T.);
#2735=EDGE_CURVE('',#2209,#2210,#1315,.T.);
#2736=EDGE_CURVE('',#2209,#2211,#1316,.T.);
#2737=EDGE_CURVE('',#2212,#2211,#1317,.T.);
#2738=EDGE_CURVE('',#2210,#2212,#1318,.T.);
#2739=EDGE_CURVE('',#2213,#2214,#1319,.T.);
#2740=EDGE_CURVE('',#2213,#2215,#1320,.T.);
#2741=EDGE_CURVE('',#2211,#2215,#1321,.T.);
#2742=EDGE_CURVE('',#2214,#2209,#1322,.T.);
#2743=EDGE_CURVE('',#2216,#2217,#1323,.T.);
#2744=EDGE_CURVE('',#2210,#2216,#1324,.T.);
#2745=EDGE_CURVE('',#2218,#2212,#1325,.T.);
#2746=EDGE_CURVE('',#2217,#2218,#1326,.T.);
#2747=EDGE_CURVE('',#2217,#2213,#1327,.T.);
#2748=EDGE_CURVE('',#2215,#2218,#1328,.T.);
#2749=EDGE_CURVE('',#2219,#2209,#1329,.T.);
#2750=EDGE_CURVE('',#2220,#2219,#1330,.T.);
#2751=EDGE_CURVE('',#2220,#2214,#1331,.T.);
#2752=EDGE_CURVE('',#2216,#2221,#1332,.T.);
#2753=EDGE_CURVE('',#2221,#2222,#1333,.T.);
#2754=EDGE_CURVE('',#2210,#2222,#1334,.T.);
#2755=EDGE_CURVE('',#2221,#2206,#1335,.T.);
#2756=EDGE_CURVE('',#2222,#2205,#1336,.T.);
#2757=EDGE_CURVE('',#2207,#2220,#1337,.T.);
#2758=EDGE_CURVE('',#2208,#2219,#1338,.T.);
#2759=EDGE_CURVE('',#2223,#2224,#1339,.T.);
#2760=EDGE_CURVE('',#2223,#2225,#1340,.T.);
#2761=EDGE_CURVE('',#2225,#2226,#1341,.T.);
#2762=EDGE_CURVE('',#2224,#2226,#1342,.T.);
#2763=EDGE_CURVE('',#2227,#2223,#1343,.T.);
#2764=EDGE_CURVE('',#2227,#2228,#1344,.T.);
#2765=EDGE_CURVE('',#2228,#2225,#1345,.T.);
#2766=EDGE_CURVE('',#2229,#2227,#1346,.T.);
#2767=EDGE_CURVE('',#2229,#2230,#1347,.T.);
#2768=EDGE_CURVE('',#2230,#2228,#1348,.T.);
#2769=EDGE_CURVE('',#2224,#2229,#1349,.T.);
#2770=EDGE_CURVE('',#2226,#2230,#1350,.T.);
#2771=EDGE_CURVE('',#2231,#2232,#1351,.T.);
#2772=EDGE_CURVE('',#2231,#2233,#1352,.T.);
#2773=EDGE_CURVE('',#2233,#2234,#1353,.T.);
#2774=EDGE_CURVE('',#2232,#2234,#1354,.T.);
#2775=EDGE_CURVE('',#2235,#2231,#1355,.T.);
#2776=EDGE_CURVE('',#2235,#2236,#1356,.T.);
#2777=EDGE_CURVE('',#2236,#2233,#1357,.T.);
#2778=EDGE_CURVE('',#2237,#2235,#1358,.T.);
#2779=EDGE_CURVE('',#2237,#2238,#1359,.T.);
#2780=EDGE_CURVE('',#2238,#2236,#1360,.T.);
#2781=EDGE_CURVE('',#2232,#2237,#1361,.T.);
#2782=EDGE_CURVE('',#2234,#2238,#1362,.T.);
#2783=EDGE_CURVE('',#2239,#2240,#31,.T.);
#2784=EDGE_CURVE('',#2239,#2241,#1363,.T.);
#2785=EDGE_CURVE('',#2242,#2241,#32,.T.);
#2786=EDGE_CURVE('',#2240,#2242,#1364,.T.);
#2787=EDGE_CURVE('',#2240,#2243,#33,.T.);
#2788=EDGE_CURVE('',#2244,#2242,#34,.T.);
#2789=EDGE_CURVE('',#2243,#2244,#1365,.T.);
#2790=EDGE_CURVE('',#2243,#2245,#35,.T.);
#2791=EDGE_CURVE('',#2246,#2244,#36,.T.);
#2792=EDGE_CURVE('',#2245,#2246,#1366,.T.);
#2793=EDGE_CURVE('',#2245,#2247,#37,.T.);
#2794=EDGE_CURVE('',#2248,#2246,#38,.T.);
#2795=EDGE_CURVE('',#2247,#2248,#1367,.T.);
#2796=EDGE_CURVE('',#2247,#2249,#39,.T.);
#2797=EDGE_CURVE('',#2250,#2248,#40,.T.);
#2798=EDGE_CURVE('',#2249,#2250,#1368,.T.);
#2799=EDGE_CURVE('',#2249,#2251,#41,.T.);
#2800=EDGE_CURVE('',#2252,#2250,#42,.T.);
#2801=EDGE_CURVE('',#2251,#2252,#1369,.T.);
#2802=EDGE_CURVE('',#2251,#2253,#43,.T.);
#2803=EDGE_CURVE('',#2254,#2252,#44,.T.);
#2804=EDGE_CURVE('',#2253,#2254,#1370,.T.);
#2805=EDGE_CURVE('',#2253,#2255,#45,.T.);
#2806=EDGE_CURVE('',#2256,#2254,#46,.T.);
#2807=EDGE_CURVE('',#2255,#2256,#1371,.T.);
#2808=EDGE_CURVE('',#2255,#2239,#47,.T.);
#2809=EDGE_CURVE('',#2241,#2256,#48,.T.);
#2810=EDGE_CURVE('',#2257,#2258,#49,.T.);
#2811=EDGE_CURVE('',#2257,#2259,#1372,.T.);
#2812=EDGE_CURVE('',#2260,#2259,#50,.T.);
#2813=EDGE_CURVE('',#2258,#2260,#1373,.T.);
#2814=EDGE_CURVE('',#2258,#2261,#51,.T.);
#2815=EDGE_CURVE('',#2262,#2260,#52,.T.);
#2816=EDGE_CURVE('',#2261,#2262,#1374,.T.);
#2817=EDGE_CURVE('',#2261,#2263,#53,.T.);
#2818=EDGE_CURVE('',#2264,#2262,#54,.T.);
#2819=EDGE_CURVE('',#2263,#2264,#1375,.T.);
#2820=EDGE_CURVE('',#2263,#2265,#55,.T.);
#2821=EDGE_CURVE('',#2266,#2264,#56,.T.);
#2822=EDGE_CURVE('',#2265,#2266,#1376,.T.);
#2823=EDGE_CURVE('',#2265,#2267,#57,.T.);
#2824=EDGE_CURVE('',#2268,#2266,#58,.T.);
#2825=EDGE_CURVE('',#2267,#2268,#1377,.T.);
#2826=EDGE_CURVE('',#2267,#2269,#59,.T.);
#2827=EDGE_CURVE('',#2270,#2268,#60,.T.);
#2828=EDGE_CURVE('',#2269,#2270,#1378,.T.);
#2829=EDGE_CURVE('',#2269,#2271,#61,.T.);
#2830=EDGE_CURVE('',#2272,#2270,#62,.T.);
#2831=EDGE_CURVE('',#2271,#2272,#1379,.T.);
#2832=EDGE_CURVE('',#2271,#2273,#63,.T.);
#2833=EDGE_CURVE('',#2274,#2272,#64,.T.);
#2834=EDGE_CURVE('',#2273,#2274,#1380,.T.);
#2835=EDGE_CURVE('',#2273,#2275,#65,.T.);
#2836=EDGE_CURVE('',#2276,#2274,#66,.T.);
#2837=EDGE_CURVE('',#2275,#2276,#1381,.T.);
#2838=EDGE_CURVE('',#2275,#2277,#67,.T.);
#2839=EDGE_CURVE('',#2278,#2276,#68,.T.);
#2840=EDGE_CURVE('',#2277,#2278,#1382,.T.);
#2841=EDGE_CURVE('',#2277,#2257,#69,.T.);
#2842=EDGE_CURVE('',#2259,#2278,#70,.T.);
#2843=EDGE_CURVE('',#2279,#2280,#1383,.T.);
#2844=EDGE_CURVE('',#2281,#2279,#1384,.T.);
#2845=EDGE_CURVE('',#2282,#2281,#1385,.T.);
#2846=EDGE_CURVE('',#2280,#2282,#1386,.T.);
#2847=EDGE_CURVE('',#2283,#2284,#1387,.T.);
#2848=EDGE_CURVE('',#2284,#2285,#1388,.T.);
#2849=EDGE_CURVE('',#2285,#2286,#71,.T.);
#2850=EDGE_CURVE('',#2286,#2287,#72,.T.);
#2851=EDGE_CURVE('',#2287,#2288,#73,.T.);
#2852=EDGE_CURVE('',#2288,#2289,#74,.T.);
#2853=EDGE_CURVE('',#2289,#2290,#75,.T.);
#2854=EDGE_CURVE('',#2290,#2291,#76,.T.);
#2855=EDGE_CURVE('',#2291,#2292,#77,.T.);
#2856=EDGE_CURVE('',#2292,#2293,#78,.T.);
#2857=EDGE_CURVE('',#2293,#2294,#79,.T.);
#2858=EDGE_CURVE('',#2294,#2283,#1389,.T.);
#2859=EDGE_CURVE('',#2295,#2295,#2091,.T.);
#2860=EDGE_CURVE('',#2296,#2297,#1390,.T.);
#2861=EDGE_CURVE('',#2297,#2298,#1391,.T.);
#2862=EDGE_CURVE('',#2298,#2299,#80,.T.);
#2863=EDGE_CURVE('',#2299,#2300,#81,.T.);
#2864=EDGE_CURVE('',#2300,#2301,#82,.T.);
#2865=EDGE_CURVE('',#2301,#2302,#83,.T.);
#2866=EDGE_CURVE('',#2302,#2303,#84,.T.);
#2867=EDGE_CURVE('',#2303,#2304,#85,.T.);
#2868=EDGE_CURVE('',#2304,#2305,#86,.T.);
#2869=EDGE_CURVE('',#2305,#2306,#87,.T.);
#2870=EDGE_CURVE('',#2306,#2307,#88,.T.);
#2871=EDGE_CURVE('',#2307,#2308,#89,.T.);
#2872=EDGE_CURVE('',#2308,#2309,#90,.T.);
#2873=EDGE_CURVE('',#2309,#2296,#1392,.T.);
#2874=EDGE_CURVE('',#2310,#2311,#1393,.T.);
#2875=EDGE_CURVE('',#2310,#2312,#1394,.T.);
#2876=EDGE_CURVE('',#2313,#2312,#1395,.T.);
#2877=EDGE_CURVE('',#2311,#2313,#1396,.T.);
#2878=EDGE_CURVE('',#2311,#2314,#91,.T.);
#2879=EDGE_CURVE('',#2315,#2313,#92,.T.);
#2880=EDGE_CURVE('',#2314,#2315,#1397,.T.);
#2881=EDGE_CURVE('',#2314,#2316,#93,.T.);
#2882=EDGE_CURVE('',#2317,#2315,#94,.T.);
#2883=EDGE_CURVE('',#2316,#2317,#1398,.T.);
#2884=EDGE_CURVE('',#2316,#2318,#95,.T.);
#2885=EDGE_CURVE('',#2319,#2317,#96,.T.);
#2886=EDGE_CURVE('',#2318,#2319,#1399,.T.);
#2887=EDGE_CURVE('',#2318,#2320,#97,.T.);
#2888=EDGE_CURVE('',#2321,#2319,#98,.T.);
#2889=EDGE_CURVE('',#2320,#2321,#1400,.T.);
#2890=EDGE_CURVE('',#2320,#2322,#99,.T.);
#2891=EDGE_CURVE('',#2323,#2321,#100,.T.);
#2892=EDGE_CURVE('',#2322,#2323,#1401,.T.);
#2893=EDGE_CURVE('',#2322,#2324,#101,.T.);
#2894=EDGE_CURVE('',#2325,#2323,#102,.T.);
#2895=EDGE_CURVE('',#2324,#2325,#1402,.T.);
#2896=EDGE_CURVE('',#2324,#2326,#1403,.T.);
#2897=EDGE_CURVE('',#2327,#2325,#1404,.T.);
#2898=EDGE_CURVE('',#2326,#2327,#1405,.T.);
#2899=EDGE_CURVE('',#2326,#2310,#1406,.T.);
#2900=EDGE_CURVE('',#2312,#2327,#1407,.T.);
#2901=EDGE_CURVE('',#2328,#2329,#1408,.T.);
#2902=EDGE_CURVE('',#2328,#2330,#1409,.T.);
#2903=EDGE_CURVE('',#2331,#2330,#1410,.T.);
#2904=EDGE_CURVE('',#2329,#2331,#1411,.T.);
#2905=EDGE_CURVE('',#2329,#2332,#103,.T.);
#2906=EDGE_CURVE('',#2333,#2331,#104,.T.);
#2907=EDGE_CURVE('',#2332,#2333,#1412,.T.);
#2908=EDGE_CURVE('',#2332,#2334,#105,.T.);
#2909=EDGE_CURVE('',#2335,#2333,#106,.T.);
#2910=EDGE_CURVE('',#2334,#2335,#1413,.T.);
#2911=EDGE_CURVE('',#2334,#2336,#107,.T.);
#2912=EDGE_CURVE('',#2337,#2335,#108,.T.);
#2913=EDGE_CURVE('',#2336,#2337,#1414,.T.);
#2914=EDGE_CURVE('',#2336,#2338,#109,.T.);
#2915=EDGE_CURVE('',#2339,#2337,#110,.T.);
#2916=EDGE_CURVE('',#2338,#2339,#1415,.T.);
#2917=EDGE_CURVE('',#2338,#2340,#111,.T.);
#2918=EDGE_CURVE('',#2341,#2339,#112,.T.);
#2919=EDGE_CURVE('',#2340,#2341,#1416,.T.);
#2920=EDGE_CURVE('',#2340,#2342,#113,.T.);
#2921=EDGE_CURVE('',#2343,#2341,#114,.T.);
#2922=EDGE_CURVE('',#2342,#2343,#1417,.T.);
#2923=EDGE_CURVE('',#2342,#2344,#115,.T.);
#2924=EDGE_CURVE('',#2345,#2343,#116,.T.);
#2925=EDGE_CURVE('',#2344,#2345,#1418,.T.);
#2926=EDGE_CURVE('',#2344,#2346,#1419,.T.);
#2927=EDGE_CURVE('',#2347,#2345,#1420,.T.);
#2928=EDGE_CURVE('',#2346,#2347,#1421,.T.);
#2929=EDGE_CURVE('',#2346,#2328,#1422,.T.);
#2930=EDGE_CURVE('',#2330,#2347,#1423,.T.);
#2931=EDGE_CURVE('',#2296,#2348,#1424,.T.);
#2932=EDGE_CURVE('',#2349,#2348,#1425,.T.);
#2933=EDGE_CURVE('',#2297,#2349,#1426,.T.);
#2934=EDGE_CURVE('',#2350,#2349,#1427,.T.);
#2935=EDGE_CURVE('',#2298,#2350,#1428,.T.);
#2936=EDGE_CURVE('',#2351,#2350,#117,.T.);
#2937=EDGE_CURVE('',#2299,#2351,#1429,.T.);
#2938=EDGE_CURVE('',#2352,#2351,#118,.T.);
#2939=EDGE_CURVE('',#2300,#2352,#1430,.T.);
#2940=EDGE_CURVE('',#2353,#2352,#119,.T.);
#2941=EDGE_CURVE('',#2301,#2353,#1431,.T.);
#2942=EDGE_CURVE('',#2354,#2353,#120,.T.);
#2943=EDGE_CURVE('',#2302,#2354,#1432,.T.);
#2944=EDGE_CURVE('',#2355,#2354,#121,.T.);
#2945=EDGE_CURVE('',#2303,#2355,#1433,.T.);
#2946=EDGE_CURVE('',#2356,#2355,#122,.T.);
#2947=EDGE_CURVE('',#2304,#2356,#1434,.T.);
#2948=EDGE_CURVE('',#2357,#2356,#123,.T.);
#2949=EDGE_CURVE('',#2305,#2357,#1435,.T.);
#2950=EDGE_CURVE('',#2358,#2357,#124,.T.);
#2951=EDGE_CURVE('',#2306,#2358,#1436,.T.);
#2952=EDGE_CURVE('',#2359,#2358,#125,.T.);
#2953=EDGE_CURVE('',#2307,#2359,#1437,.T.);
#2954=EDGE_CURVE('',#2360,#2359,#126,.T.);
#2955=EDGE_CURVE('',#2308,#2360,#1438,.T.);
#2956=EDGE_CURVE('',#2361,#2360,#127,.T.);
#2957=EDGE_CURVE('',#2309,#2361,#1439,.T.);
#2958=EDGE_CURVE('',#2348,#2361,#1440,.T.);
#2959=EDGE_CURVE('',#2362,#2363,#1441,.T.);
#2960=EDGE_CURVE('',#2362,#2364,#1442,.T.);
#2961=EDGE_CURVE('',#2365,#2364,#1443,.T.);
#2962=EDGE_CURVE('',#2363,#2365,#1444,.T.);
#2963=EDGE_CURVE('',#2363,#2366,#128,.T.);
#2964=EDGE_CURVE('',#2367,#2365,#129,.T.);
#2965=EDGE_CURVE('',#2366,#2367,#1445,.T.);
#2966=EDGE_CURVE('',#2366,#2368,#130,.T.);
#2967=EDGE_CURVE('',#2369,#2367,#131,.T.);
#2968=EDGE_CURVE('',#2368,#2369,#1446,.T.);
#2969=EDGE_CURVE('',#2368,#2370,#132,.T.);
#2970=EDGE_CURVE('',#2371,#2369,#133,.T.);
#2971=EDGE_CURVE('',#2370,#2371,#1447,.T.);
#2972=EDGE_CURVE('',#2370,#2372,#134,.T.);
#2973=EDGE_CURVE('',#2373,#2371,#135,.T.);
#2974=EDGE_CURVE('',#2372,#2373,#1448,.T.);
#2975=EDGE_CURVE('',#2372,#2374,#136,.T.);
#2976=EDGE_CURVE('',#2375,#2373,#137,.T.);
#2977=EDGE_CURVE('',#2374,#2375,#1449,.T.);
#2978=EDGE_CURVE('',#2374,#2376,#138,.T.);
#2979=EDGE_CURVE('',#2377,#2375,#139,.T.);
#2980=EDGE_CURVE('',#2376,#2377,#1450,.T.);
#2981=EDGE_CURVE('',#2376,#2378,#140,.T.);
#2982=EDGE_CURVE('',#2379,#2377,#141,.T.);
#2983=EDGE_CURVE('',#2378,#2379,#1451,.T.);
#2984=EDGE_CURVE('',#2378,#2380,#1452,.T.);
#2985=EDGE_CURVE('',#2381,#2379,#1453,.T.);
#2986=EDGE_CURVE('',#2380,#2381,#1454,.T.);
#2987=EDGE_CURVE('',#2380,#2362,#1455,.T.);
#2988=EDGE_CURVE('',#2364,#2381,#1456,.T.);
#2989=EDGE_CURVE('',#2283,#2382,#1457,.T.);
#2990=EDGE_CURVE('',#2383,#2382,#1458,.T.);
#2991=EDGE_CURVE('',#2284,#2383,#1459,.T.);
#2992=EDGE_CURVE('',#2384,#2383,#1460,.T.);
#2993=EDGE_CURVE('',#2285,#2384,#1461,.T.);
#2994=EDGE_CURVE('',#2385,#2384,#142,.T.);
#2995=EDGE_CURVE('',#2286,#2385,#1462,.T.);
#2996=EDGE_CURVE('',#2386,#2385,#143,.T.);
#2997=EDGE_CURVE('',#2287,#2386,#1463,.T.);
#2998=EDGE_CURVE('',#2387,#2386,#144,.T.);
#2999=EDGE_CURVE('',#2288,#2387,#1464,.T.);
#3000=EDGE_CURVE('',#2388,#2387,#145,.T.);
#3001=EDGE_CURVE('',#2289,#2388,#1465,.T.);
#3002=EDGE_CURVE('',#2389,#2388,#146,.T.);
#3003=EDGE_CURVE('',#2290,#2389,#1466,.T.);
#3004=EDGE_CURVE('',#2390,#2389,#147,.T.);
#3005=EDGE_CURVE('',#2291,#2390,#1467,.T.);
#3006=EDGE_CURVE('',#2391,#2390,#148,.T.);
#3007=EDGE_CURVE('',#2292,#2391,#1468,.T.);
#3008=EDGE_CURVE('',#2392,#2391,#149,.T.);
#3009=EDGE_CURVE('',#2293,#2392,#1469,.T.);
#3010=EDGE_CURVE('',#2393,#2392,#150,.T.);
#3011=EDGE_CURVE('',#2294,#2393,#1470,.T.);
#3012=EDGE_CURVE('',#2382,#2393,#1471,.T.);
#3013=EDGE_CURVE('',#2394,#2395,#1472,.T.);
#3014=EDGE_CURVE('',#2394,#2396,#1473,.T.);
#3015=EDGE_CURVE('',#2397,#2396,#1474,.T.);
#3016=EDGE_CURVE('',#2395,#2397,#1475,.T.);
#3017=EDGE_CURVE('',#2395,#2398,#1476,.T.);
#3018=EDGE_CURVE('',#2399,#2397,#1477,.T.);
#3019=EDGE_CURVE('',#2398,#2399,#1478,.T.);
#3020=EDGE_CURVE('',#2398,#2400,#151,.T.);
#3021=EDGE_CURVE('',#2401,#2399,#152,.T.);
#3022=EDGE_CURVE('',#2400,#2401,#1479,.T.);
#3023=EDGE_CURVE('',#2400,#2402,#153,.T.);
#3024=EDGE_CURVE('',#2403,#2401,#154,.T.);
#3025=EDGE_CURVE('',#2402,#2403,#1480,.T.);
#3026=EDGE_CURVE('',#2402,#2404,#155,.T.);
#3027=EDGE_CURVE('',#2405,#2403,#156,.T.);
#3028=EDGE_CURVE('',#2404,#2405,#1481,.T.);
#3029=EDGE_CURVE('',#2404,#2406,#157,.T.);
#3030=EDGE_CURVE('',#2407,#2405,#158,.T.);
#3031=EDGE_CURVE('',#2406,#2407,#1482,.T.);
#3032=EDGE_CURVE('',#2406,#2408,#159,.T.);
#3033=EDGE_CURVE('',#2409,#2407,#160,.T.);
#3034=EDGE_CURVE('',#2408,#2409,#1483,.T.);
#3035=EDGE_CURVE('',#2408,#2410,#161,.T.);
#3036=EDGE_CURVE('',#2411,#2409,#162,.T.);
#3037=EDGE_CURVE('',#2410,#2411,#1484,.T.);
#3038=EDGE_CURVE('',#2410,#2412,#1485,.T.);
#3039=EDGE_CURVE('',#2413,#2411,#1486,.T.);
#3040=EDGE_CURVE('',#2412,#2413,#1487,.T.);
#3041=EDGE_CURVE('',#2412,#2414,#1488,.T.);
#3042=EDGE_CURVE('',#2415,#2413,#1489,.T.);
#3043=EDGE_CURVE('',#2414,#2415,#1490,.T.);
#3044=EDGE_CURVE('',#2414,#2416,#1491,.T.);
#3045=EDGE_CURVE('',#2417,#2415,#1492,.T.);
#3046=EDGE_CURVE('',#2416,#2417,#1493,.T.);
#3047=EDGE_CURVE('',#2416,#2418,#163,.T.);
#3048=EDGE_CURVE('',#2419,#2417,#164,.T.);
#3049=EDGE_CURVE('',#2418,#2419,#1494,.T.);
#3050=EDGE_CURVE('',#2418,#2420,#165,.T.);
#3051=EDGE_CURVE('',#2421,#2419,#166,.T.);
#3052=EDGE_CURVE('',#2420,#2421,#1495,.T.);
#3053=EDGE_CURVE('',#2420,#2422,#167,.T.);
#3054=EDGE_CURVE('',#2423,#2421,#168,.T.);
#3055=EDGE_CURVE('',#2422,#2423,#1496,.T.);
#3056=EDGE_CURVE('',#2422,#2424,#169,.T.);
#3057=EDGE_CURVE('',#2425,#2423,#170,.T.);
#3058=EDGE_CURVE('',#2424,#2425,#1497,.T.);
#3059=EDGE_CURVE('',#2424,#2426,#171,.T.);
#3060=EDGE_CURVE('',#2427,#2425,#172,.T.);
#3061=EDGE_CURVE('',#2426,#2427,#1498,.T.);
#3062=EDGE_CURVE('',#2426,#2394,#1499,.T.);
#3063=EDGE_CURVE('',#2396,#2427,#1500,.T.);
#3064=EDGE_CURVE('',#2428,#2429,#1501,.T.);
#3065=EDGE_CURVE('',#2428,#2430,#1502,.T.);
#3066=EDGE_CURVE('',#2431,#2430,#1503,.T.);
#3067=EDGE_CURVE('',#2429,#2431,#1504,.T.);
#3068=EDGE_CURVE('',#2429,#2432,#173,.T.);
#3069=EDGE_CURVE('',#2433,#2431,#174,.T.);
#3070=EDGE_CURVE('',#2432,#2433,#1505,.T.);
#3071=EDGE_CURVE('',#2432,#2434,#175,.T.);
#3072=EDGE_CURVE('',#2435,#2433,#176,.T.);
#3073=EDGE_CURVE('',#2434,#2435,#1506,.T.);
#3074=EDGE_CURVE('',#2434,#2436,#177,.T.);
#3075=EDGE_CURVE('',#2437,#2435,#178,.T.);
#3076=EDGE_CURVE('',#2436,#2437,#1507,.T.);
#3077=EDGE_CURVE('',#2436,#2438,#179,.T.);
#3078=EDGE_CURVE('',#2439,#2437,#180,.T.);
#3079=EDGE_CURVE('',#2438,#2439,#1508,.T.);
#3080=EDGE_CURVE('',#2438,#2440,#181,.T.);
#3081=EDGE_CURVE('',#2441,#2439,#182,.T.);
#3082=EDGE_CURVE('',#2440,#2441,#1509,.T.);
#3083=EDGE_CURVE('',#2440,#2442,#183,.T.);
#3084=EDGE_CURVE('',#2443,#2441,#184,.T.);
#3085=EDGE_CURVE('',#2442,#2443,#1510,.T.);
#3086=EDGE_CURVE('',#2442,#2444,#185,.T.);
#3087=EDGE_CURVE('',#2445,#2443,#186,.T.);
#3088=EDGE_CURVE('',#2444,#2445,#1511,.T.);
#3089=EDGE_CURVE('',#2444,#2446,#187,.T.);
#3090=EDGE_CURVE('',#2447,#2445,#188,.T.);
#3091=EDGE_CURVE('',#2446,#2447,#1512,.T.);
#3092=EDGE_CURVE('',#2446,#2448,#189,.T.);
#3093=EDGE_CURVE('',#2449,#2447,#190,.T.);
#3094=EDGE_CURVE('',#2448,#2449,#1513,.T.);
#3095=EDGE_CURVE('',#2448,#2450,#191,.T.);
#3096=EDGE_CURVE('',#2451,#2449,#192,.T.);
#3097=EDGE_CURVE('',#2450,#2451,#1514,.T.);
#3098=EDGE_CURVE('',#2450,#2452,#193,.T.);
#3099=EDGE_CURVE('',#2453,#2451,#194,.T.);
#3100=EDGE_CURVE('',#2452,#2453,#1515,.T.);
#3101=EDGE_CURVE('',#2452,#2454,#195,.T.);
#3102=EDGE_CURVE('',#2455,#2453,#196,.T.);
#3103=EDGE_CURVE('',#2454,#2455,#1516,.T.);
#3104=EDGE_CURVE('',#2454,#2456,#197,.T.);
#3105=EDGE_CURVE('',#2457,#2455,#198,.T.);
#3106=EDGE_CURVE('',#2456,#2457,#1517,.T.);
#3107=EDGE_CURVE('',#2456,#2458,#199,.T.);
#3108=EDGE_CURVE('',#2459,#2457,#200,.T.);
#3109=EDGE_CURVE('',#2458,#2459,#1518,.T.);
#3110=EDGE_CURVE('',#2458,#2460,#201,.T.);
#3111=EDGE_CURVE('',#2461,#2459,#202,.T.);
#3112=EDGE_CURVE('',#2460,#2461,#1519,.T.);
#3113=EDGE_CURVE('',#2460,#2462,#203,.T.);
#3114=EDGE_CURVE('',#2463,#2461,#204,.T.);
#3115=EDGE_CURVE('',#2462,#2463,#1520,.T.);
#3116=EDGE_CURVE('',#2462,#2464,#205,.T.);
#3117=EDGE_CURVE('',#2465,#2463,#206,.T.);
#3118=EDGE_CURVE('',#2464,#2465,#1521,.T.);
#3119=EDGE_CURVE('',#2464,#2466,#207,.T.);
#3120=EDGE_CURVE('',#2467,#2465,#208,.T.);
#3121=EDGE_CURVE('',#2466,#2467,#1522,.T.);
#3122=EDGE_CURVE('',#2466,#2468,#1523,.T.);
#3123=EDGE_CURVE('',#2469,#2467,#1524,.T.);
#3124=EDGE_CURVE('',#2468,#2469,#1525,.T.);
#3125=EDGE_CURVE('',#2468,#2470,#209,.T.);
#3126=EDGE_CURVE('',#2471,#2469,#210,.T.);
#3127=EDGE_CURVE('',#2470,#2471,#1526,.T.);
#3128=EDGE_CURVE('',#2470,#2472,#211,.T.);
#3129=EDGE_CURVE('',#2473,#2471,#212,.T.);
#3130=EDGE_CURVE('',#2472,#2473,#1527,.T.);
#3131=EDGE_CURVE('',#2472,#2474,#213,.T.);
#3132=EDGE_CURVE('',#2475,#2473,#214,.T.);
#3133=EDGE_CURVE('',#2474,#2475,#1528,.T.);
#3134=EDGE_CURVE('',#2474,#2476,#215,.T.);
#3135=EDGE_CURVE('',#2477,#2475,#216,.T.);
#3136=EDGE_CURVE('',#2476,#2477,#1529,.T.);
#3137=EDGE_CURVE('',#2476,#2478,#217,.T.);
#3138=EDGE_CURVE('',#2479,#2477,#218,.T.);
#3139=EDGE_CURVE('',#2478,#2479,#1530,.T.);
#3140=EDGE_CURVE('',#2478,#2480,#219,.T.);
#3141=EDGE_CURVE('',#2481,#2479,#220,.T.);
#3142=EDGE_CURVE('',#2480,#2481,#1531,.T.);
#3143=EDGE_CURVE('',#2480,#2482,#221,.T.);
#3144=EDGE_CURVE('',#2483,#2481,#222,.T.);
#3145=EDGE_CURVE('',#2482,#2483,#1532,.T.);
#3146=EDGE_CURVE('',#2482,#2484,#223,.T.);
#3147=EDGE_CURVE('',#2485,#2483,#224,.T.);
#3148=EDGE_CURVE('',#2484,#2485,#1533,.T.);
#3149=EDGE_CURVE('',#2484,#2486,#225,.T.);
#3150=EDGE_CURVE('',#2487,#2485,#226,.T.);
#3151=EDGE_CURVE('',#2486,#2487,#1534,.T.);
#3152=EDGE_CURVE('',#2486,#2488,#227,.T.);
#3153=EDGE_CURVE('',#2489,#2487,#228,.T.);
#3154=EDGE_CURVE('',#2488,#2489,#1535,.T.);
#3155=EDGE_CURVE('',#2488,#2490,#229,.T.);
#3156=EDGE_CURVE('',#2491,#2489,#230,.T.);
#3157=EDGE_CURVE('',#2490,#2491,#1536,.T.);
#3158=EDGE_CURVE('',#2490,#2492,#231,.T.);
#3159=EDGE_CURVE('',#2493,#2491,#232,.T.);
#3160=EDGE_CURVE('',#2492,#2493,#1537,.T.);
#3161=EDGE_CURVE('',#2492,#2494,#233,.T.);
#3162=EDGE_CURVE('',#2495,#2493,#234,.T.);
#3163=EDGE_CURVE('',#2494,#2495,#1538,.T.);
#3164=EDGE_CURVE('',#2494,#2496,#235,.T.);
#3165=EDGE_CURVE('',#2497,#2495,#236,.T.);
#3166=EDGE_CURVE('',#2496,#2497,#1539,.T.);
#3167=EDGE_CURVE('',#2496,#2428,#237,.T.);
#3168=EDGE_CURVE('',#2430,#2497,#238,.T.);
#3169=EDGE_CURVE('',#2498,#2499,#1540,.T.);
#3170=EDGE_CURVE('',#2498,#2500,#1541,.T.);
#3171=EDGE_CURVE('',#2501,#2500,#1542,.T.);
#3172=EDGE_CURVE('',#2499,#2501,#1543,.T.);
#3173=EDGE_CURVE('',#2499,#2502,#239,.T.);
#3174=EDGE_CURVE('',#2503,#2501,#240,.T.);
#3175=EDGE_CURVE('',#2502,#2503,#1544,.T.);
#3176=EDGE_CURVE('',#2502,#2504,#241,.T.);
#3177=EDGE_CURVE('',#2505,#2503,#242,.T.);
#3178=EDGE_CURVE('',#2504,#2505,#1545,.T.);
#3179=EDGE_CURVE('',#2504,#2506,#243,.T.);
#3180=EDGE_CURVE('',#2507,#2505,#244,.T.);
#3181=EDGE_CURVE('',#2506,#2507,#1546,.T.);
#3182=EDGE_CURVE('',#2506,#2508,#245,.T.);
#3183=EDGE_CURVE('',#2509,#2507,#246,.T.);
#3184=EDGE_CURVE('',#2508,#2509,#1547,.T.);
#3185=EDGE_CURVE('',#2508,#2510,#247,.T.);
#3186=EDGE_CURVE('',#2511,#2509,#248,.T.);
#3187=EDGE_CURVE('',#2510,#2511,#1548,.T.);
#3188=EDGE_CURVE('',#2510,#2512,#249,.T.);
#3189=EDGE_CURVE('',#2513,#2511,#250,.T.);
#3190=EDGE_CURVE('',#2512,#2513,#1549,.T.);
#3191=EDGE_CURVE('',#2512,#2514,#1550,.T.);
#3192=EDGE_CURVE('',#2515,#2513,#1551,.T.);
#3193=EDGE_CURVE('',#2514,#2515,#1552,.T.);
#3194=EDGE_CURVE('',#2514,#2498,#1553,.T.);
#3195=EDGE_CURVE('',#2500,#2515,#1554,.T.);
#3196=EDGE_CURVE('',#2516,#2517,#1555,.T.);
#3197=EDGE_CURVE('',#2516,#2518,#1556,.T.);
#3198=EDGE_CURVE('',#2519,#2518,#1557,.T.);
#3199=EDGE_CURVE('',#2517,#2519,#1558,.T.);
#3200=EDGE_CURVE('',#2517,#2520,#251,.T.);
#3201=EDGE_CURVE('',#2521,#2519,#252,.T.);
#3202=EDGE_CURVE('',#2520,#2521,#1559,.T.);
#3203=EDGE_CURVE('',#2520,#2522,#253,.T.);
#3204=EDGE_CURVE('',#2523,#2521,#254,.T.);
#3205=EDGE_CURVE('',#2522,#2523,#1560,.T.);
#3206=EDGE_CURVE('',#2522,#2524,#255,.T.);
#3207=EDGE_CURVE('',#2525,#2523,#256,.T.);
#3208=EDGE_CURVE('',#2524,#2525,#1561,.T.);
#3209=EDGE_CURVE('',#2524,#2526,#257,.T.);
#3210=EDGE_CURVE('',#2527,#2525,#258,.T.);
#3211=EDGE_CURVE('',#2526,#2527,#1562,.T.);
#3212=EDGE_CURVE('',#2526,#2528,#259,.T.);
#3213=EDGE_CURVE('',#2529,#2527,#260,.T.);
#3214=EDGE_CURVE('',#2528,#2529,#1563,.T.);
#3215=EDGE_CURVE('',#2528,#2530,#261,.T.);
#3216=EDGE_CURVE('',#2531,#2529,#262,.T.);
#3217=EDGE_CURVE('',#2530,#2531,#1564,.T.);
#3218=EDGE_CURVE('',#2530,#2532,#263,.T.);
#3219=EDGE_CURVE('',#2533,#2531,#264,.T.);
#3220=EDGE_CURVE('',#2532,#2533,#1565,.T.);
#3221=EDGE_CURVE('',#2532,#2534,#1566,.T.);
#3222=EDGE_CURVE('',#2535,#2533,#1567,.T.);
#3223=EDGE_CURVE('',#2534,#2535,#1568,.T.);
#3224=EDGE_CURVE('',#2534,#2516,#1569,.T.);
#3225=EDGE_CURVE('',#2518,#2535,#1570,.T.);
#3226=EDGE_CURVE('',#2536,#2537,#1571,.T.);
#3227=EDGE_CURVE('',#2536,#2538,#1572,.T.);
#3228=EDGE_CURVE('',#2539,#2538,#1573,.T.);
#3229=EDGE_CURVE('',#2537,#2539,#1574,.T.);
#3230=EDGE_CURVE('',#2537,#2540,#1575,.T.);
#3231=EDGE_CURVE('',#2541,#2539,#1576,.T.);
#3232=EDGE_CURVE('',#2540,#2541,#1577,.T.);
#3233=EDGE_CURVE('',#2540,#2542,#265,.T.);
#3234=EDGE_CURVE('',#2543,#2541,#266,.T.);
#3235=EDGE_CURVE('',#2542,#2543,#1578,.T.);
#3236=EDGE_CURVE('',#2542,#2544,#267,.T.);
#3237=EDGE_CURVE('',#2545,#2543,#268,.T.);
#3238=EDGE_CURVE('',#2544,#2545,#1579,.T.);
#3239=EDGE_CURVE('',#2544,#2546,#269,.T.);
#3240=EDGE_CURVE('',#2547,#2545,#270,.T.);
#3241=EDGE_CURVE('',#2546,#2547,#1580,.T.);
#3242=EDGE_CURVE('',#2546,#2548,#271,.T.);
#3243=EDGE_CURVE('',#2549,#2547,#272,.T.);
#3244=EDGE_CURVE('',#2548,#2549,#1581,.T.);
#3245=EDGE_CURVE('',#2548,#2550,#273,.T.);
#3246=EDGE_CURVE('',#2551,#2549,#274,.T.);
#3247=EDGE_CURVE('',#2550,#2551,#1582,.T.);
#3248=EDGE_CURVE('',#2550,#2552,#275,.T.);
#3249=EDGE_CURVE('',#2553,#2551,#276,.T.);
#3250=EDGE_CURVE('',#2552,#2553,#1583,.T.);
#3251=EDGE_CURVE('',#2552,#2554,#277,.T.);
#3252=EDGE_CURVE('',#2555,#2553,#278,.T.);
#3253=EDGE_CURVE('',#2554,#2555,#1584,.T.);
#3254=EDGE_CURVE('',#2554,#2556,#279,.T.);
#3255=EDGE_CURVE('',#2557,#2555,#280,.T.);
#3256=EDGE_CURVE('',#2556,#2557,#1585,.T.);
#3257=EDGE_CURVE('',#2556,#2558,#281,.T.);
#3258=EDGE_CURVE('',#2559,#2557,#282,.T.);
#3259=EDGE_CURVE('',#2558,#2559,#1586,.T.);
#3260=EDGE_CURVE('',#2558,#2560,#283,.T.);
#3261=EDGE_CURVE('',#2561,#2559,#284,.T.);
#3262=EDGE_CURVE('',#2560,#2561,#1587,.T.);
#3263=EDGE_CURVE('',#2560,#2562,#285,.T.);
#3264=EDGE_CURVE('',#2563,#2561,#286,.T.);
#3265=EDGE_CURVE('',#2562,#2563,#1588,.T.);
#3266=EDGE_CURVE('',#2562,#2536,#1589,.T.);
#3267=EDGE_CURVE('',#2538,#2563,#1590,.T.);
#3268=EDGE_CURVE('',#2564,#2565,#1591,.T.);
#3269=EDGE_CURVE('',#2566,#2564,#1592,.T.);
#3270=EDGE_CURVE('',#2567,#2566,#1593,.T.);
#3271=EDGE_CURVE('',#2565,#2567,#1594,.T.);
#3272=EDGE_CURVE('',#2568,#2568,#2092,.T.);
#3273=EDGE_CURVE('',#2566,#2569,#2093,.F.);
#3274=EDGE_CURVE('',#2570,#2566,#2094,.F.);
#3275=EDGE_CURVE('',#2569,#2570,#2095,.F.);
#3276=EDGE_CURVE('',#2571,#2572,#2096,.F.);
#3277=EDGE_CURVE('',#2279,#2571,#2097,.F.);
#3278=EDGE_CURVE('',#2572,#2279,#2098,.F.);
#3279=EDGE_CURVE('',#2567,#2573,#2099,.F.);
#3280=EDGE_CURVE('',#2574,#2567,#2100,.F.);
#3281=EDGE_CURVE('',#2573,#2574,#2101,.F.);
#3282=EDGE_CURVE('',#2569,#2574,#1595,.T.);
#3283=EDGE_CURVE('',#2575,#2564,#2102,.F.);
#3284=EDGE_CURVE('',#2576,#2575,#2103,.F.);
#3285=EDGE_CURVE('',#2564,#2576,#2104,.F.);
#3286=EDGE_CURVE('',#2577,#2578,#2105,.F.);
#3287=EDGE_CURVE('',#2280,#2577,#2106,.F.);
#3288=EDGE_CURVE('',#2578,#2280,#2107,.F.);
#3289=EDGE_CURVE('',#2577,#2572,#1596,.T.);
#3290=EDGE_CURVE('',#2281,#2579,#2108,.F.);
#3291=EDGE_CURVE('',#2580,#2281,#2109,.F.);
#3292=EDGE_CURVE('',#2579,#2580,#2110,.F.);
#3293=EDGE_CURVE('',#2571,#2580,#1597,.T.);
#3294=EDGE_CURVE('',#2575,#2579,#1598,.T.);
#3295=EDGE_CURVE('',#2580,#2576,#1599,.T.);
#3296=EDGE_CURVE('',#2581,#2582,#2111,.F.);
#3297=EDGE_CURVE('',#2565,#2581,#2112,.F.);
#3298=EDGE_CURVE('',#2582,#2565,#2113,.F.);
#3299=EDGE_CURVE('',#2581,#2575,#1600,.T.);
#3300=EDGE_CURVE('',#2573,#2582,#1601,.T.);
#3301=EDGE_CURVE('',#2282,#2583,#2114,.F.);
#3302=EDGE_CURVE('',#2584,#2282,#2115,.F.);
#3303=EDGE_CURVE('',#2583,#2584,#2116,.F.);
#3304=EDGE_CURVE('',#2579,#2584,#1602,.T.);
#3305=EDGE_CURVE('',#2582,#2583,#1603,.T.);
#3306=EDGE_CURVE('',#2584,#2581,#1604,.T.);
#3307=EDGE_CURVE('',#2583,#2578,#1605,.T.);
#3308=EDGE_CURVE('',#2578,#2573,#1606,.T.);
#3309=EDGE_CURVE('',#2574,#2577,#1607,.T.);
#3310=EDGE_CURVE('',#2576,#2570,#1608,.T.);
#3311=EDGE_CURVE('',#2572,#2569,#1609,.T.);
#3312=EDGE_CURVE('',#2570,#2571,#1610,.T.);
#3313=EDGE_CURVE('',#2585,#2586,#1611,.T.);
#3314=EDGE_CURVE('',#2586,#2587,#1612,.T.);
#3315=EDGE_CURVE('',#2587,#2588,#1613,.T.);
#3316=EDGE_CURVE('',#2588,#2585,#1614,.T.);
#3317=EDGE_CURVE('',#2589,#2590,#1615,.T.);
#3318=EDGE_CURVE('',#2588,#2589,#1616,.T.);
#3319=EDGE_CURVE('',#2587,#2590,#1617,.T.);
#3320=EDGE_CURVE('',#2590,#2591,#1618,.T.);
#3321=EDGE_CURVE('',#2586,#2591,#1619,.T.);
#3322=EDGE_CURVE('',#2591,#2592,#1620,.T.);
#3323=EDGE_CURVE('',#2585,#2592,#1621,.T.);
#3324=EDGE_CURVE('',#2592,#2589,#1622,.T.);
#3325=EDGE_CURVE('',#2568,#2593,#1623,.T.);
#3326=EDGE_CURVE('',#2593,#2593,#2117,.T.);
#3327=EDGE_CURVE('',#2295,#2594,#1624,.T.);
#3328=EDGE_CURVE('',#2594,#2594,#2118,.T.);
#3329=EDGE_CURVE('',#2595,#2596,#1625,.F.);
#3330=EDGE_CURVE('',#2595,#2597,#1626,.F.);
#3331=EDGE_CURVE('',#2597,#2598,#1627,.F.);
#3332=EDGE_CURVE('',#2596,#2598,#1628,.T.);
#3333=EDGE_CURVE('',#2599,#2595,#1629,.F.);
#3334=EDGE_CURVE('',#2599,#2600,#1630,.F.);
#3335=EDGE_CURVE('',#2600,#2597,#1631,.F.);
#3336=EDGE_CURVE('',#2601,#2599,#1632,.F.);
#3337=EDGE_CURVE('',#2601,#2602,#1633,.F.);
#3338=EDGE_CURVE('',#2602,#2600,#1634,.F.);
#3339=EDGE_CURVE('',#2596,#2601,#1635,.F.);
#3340=EDGE_CURVE('',#2598,#2602,#1636,.F.);
#3341=ORIENTED_EDGE('',*,*,#2603,.F.);
#3342=ORIENTED_EDGE('',*,*,#2604,.T.);
#3343=ORIENTED_EDGE('',*,*,#2604,.F.);
#3344=ORIENTED_EDGE('',*,*,#2605,.F.);
#3345=ORIENTED_EDGE('',*,*,#2606,.T.);
#3346=ORIENTED_EDGE('',*,*,#2603,.T.);
#3347=ORIENTED_EDGE('',*,*,#2606,.F.);
#3348=ORIENTED_EDGE('',*,*,#2607,.F.);
#3349=ORIENTED_EDGE('',*,*,#2608,.T.);
#3350=ORIENTED_EDGE('',*,*,#2608,.F.);
#3351=ORIENTED_EDGE('',*,*,#2609,.F.);
#3352=ORIENTED_EDGE('',*,*,#2610,.T.);
#3353=ORIENTED_EDGE('',*,*,#2607,.T.);
#3354=ORIENTED_EDGE('',*,*,#2610,.F.);
#3355=ORIENTED_EDGE('',*,*,#2611,.F.);
#3356=ORIENTED_EDGE('',*,*,#2612,.T.);
#3357=ORIENTED_EDGE('',*,*,#2612,.F.);
#3358=ORIENTED_EDGE('',*,*,#2613,.F.);
#3359=ORIENTED_EDGE('',*,*,#2614,.T.);
#3360=ORIENTED_EDGE('',*,*,#2611,.T.);
#3361=ORIENTED_EDGE('',*,*,#2614,.F.);
#3362=ORIENTED_EDGE('',*,*,#2615,.F.);
#3363=ORIENTED_EDGE('',*,*,#2616,.T.);
#3364=ORIENTED_EDGE('',*,*,#2616,.F.);
#3365=ORIENTED_EDGE('',*,*,#2617,.F.);
#3366=ORIENTED_EDGE('',*,*,#2618,.T.);
#3367=ORIENTED_EDGE('',*,*,#2615,.T.);
#3368=ORIENTED_EDGE('',*,*,#2618,.F.);
#3369=ORIENTED_EDGE('',*,*,#2619,.F.);
#3370=ORIENTED_EDGE('',*,*,#2620,.T.);
#3371=ORIENTED_EDGE('',*,*,#2621,.F.);
#3372=ORIENTED_EDGE('',*,*,#2622,.F.);
#3373=ORIENTED_EDGE('',*,*,#2623,.T.);
#3374=ORIENTED_EDGE('',*,*,#2624,.F.);
#3375=ORIENTED_EDGE('',*,*,#2625,.F.);
#3376=ORIENTED_EDGE('',*,*,#2626,.T.);
#3377=ORIENTED_EDGE('',*,*,#2627,.F.);
#3378=ORIENTED_EDGE('',*,*,#2628,.F.);
#3379=ORIENTED_EDGE('',*,*,#2629,.T.);
#3380=ORIENTED_EDGE('',*,*,#2630,.F.);
#3381=ORIENTED_EDGE('',*,*,#2627,.T.);
#3382=ORIENTED_EDGE('',*,*,#2631,.T.);
#3383=ORIENTED_EDGE('',*,*,#2632,.F.);
#3384=ORIENTED_EDGE('',*,*,#2633,.F.);
#3385=ORIENTED_EDGE('',*,*,#2628,.T.);
#3386=ORIENTED_EDGE('',*,*,#2633,.T.);
#3387=ORIENTED_EDGE('',*,*,#2634,.F.);
#3388=ORIENTED_EDGE('',*,*,#2635,.F.);
#3389=ORIENTED_EDGE('',*,*,#2634,.T.);
#3390=ORIENTED_EDGE('',*,*,#2632,.T.);
#3391=ORIENTED_EDGE('',*,*,#2636,.T.);
#3392=ORIENTED_EDGE('',*,*,#2637,.T.);
#3393=ORIENTED_EDGE('',*,*,#2609,.T.);
#3394=ORIENTED_EDGE('',*,*,#2625,.T.);
#3395=ORIENTED_EDGE('',*,*,#2638,.T.);
#3396=ORIENTED_EDGE('',*,*,#2639,.F.);
#3397=ORIENTED_EDGE('',*,*,#2640,.F.);
#3398=ORIENTED_EDGE('',*,*,#2624,.T.);
#3399=ORIENTED_EDGE('',*,*,#2641,.T.);
#3400=ORIENTED_EDGE('',*,*,#2642,.F.);
#3401=ORIENTED_EDGE('',*,*,#2638,.F.);
#3402=ORIENTED_EDGE('',*,*,#2640,.T.);
#3403=ORIENTED_EDGE('',*,*,#2643,.F.);
#3404=ORIENTED_EDGE('',*,*,#2644,.F.);
#3405=ORIENTED_EDGE('',*,*,#2645,.T.);
#3406=ORIENTED_EDGE('',*,*,#2646,.T.);
#3407=ORIENTED_EDGE('',*,*,#2636,.F.);
#3408=ORIENTED_EDGE('',*,*,#2631,.F.);
#3409=ORIENTED_EDGE('',*,*,#2626,.F.);
#3410=ORIENTED_EDGE('',*,*,#2647,.T.);
#3411=ORIENTED_EDGE('',*,*,#2643,.T.);
#3412=ORIENTED_EDGE('',*,*,#2639,.T.);
#3413=ORIENTED_EDGE('',*,*,#2642,.T.);
#3414=ORIENTED_EDGE('',*,*,#2605,.T.);
#3415=ORIENTED_EDGE('',*,*,#2622,.T.);
#3416=ORIENTED_EDGE('',*,*,#2648,.T.);
#3417=ORIENTED_EDGE('',*,*,#2649,.F.);
#3418=ORIENTED_EDGE('',*,*,#2650,.F.);
#3419=ORIENTED_EDGE('',*,*,#2621,.T.);
#3420=ORIENTED_EDGE('',*,*,#2651,.T.);
#3421=ORIENTED_EDGE('',*,*,#2652,.F.);
#3422=ORIENTED_EDGE('',*,*,#2648,.F.);
#3423=ORIENTED_EDGE('',*,*,#2650,.T.);
#3424=ORIENTED_EDGE('',*,*,#2653,.F.);
#3425=ORIENTED_EDGE('',*,*,#2654,.F.);
#3426=ORIENTED_EDGE('',*,*,#2655,.F.);
#3427=ORIENTED_EDGE('',*,*,#2644,.T.);
#3428=ORIENTED_EDGE('',*,*,#2647,.F.);
#3429=ORIENTED_EDGE('',*,*,#2641,.F.);
#3430=ORIENTED_EDGE('',*,*,#2623,.F.);
#3431=ORIENTED_EDGE('',*,*,#2649,.T.);
#3432=ORIENTED_EDGE('',*,*,#2652,.T.);
#3433=ORIENTED_EDGE('',*,*,#2656,.T.);
#3434=ORIENTED_EDGE('',*,*,#2653,.T.);
#3435=ORIENTED_EDGE('',*,*,#2617,.T.);
#3436=ORIENTED_EDGE('',*,*,#2619,.T.);
#3437=ORIENTED_EDGE('',*,*,#2657,.T.);
#3438=ORIENTED_EDGE('',*,*,#2658,.F.);
#3439=ORIENTED_EDGE('',*,*,#2659,.F.);
#3440=ORIENTED_EDGE('',*,*,#2630,.T.);
#3441=ORIENTED_EDGE('',*,*,#2660,.T.);
#3442=ORIENTED_EDGE('',*,*,#2661,.F.);
#3443=ORIENTED_EDGE('',*,*,#2657,.F.);
#3444=ORIENTED_EDGE('',*,*,#2659,.T.);
#3445=ORIENTED_EDGE('',*,*,#2662,.F.);
#3446=ORIENTED_EDGE('',*,*,#2663,.F.);
#3447=ORIENTED_EDGE('',*,*,#2664,.T.);
#3448=ORIENTED_EDGE('',*,*,#2654,.T.);
#3449=ORIENTED_EDGE('',*,*,#2656,.F.);
#3450=ORIENTED_EDGE('',*,*,#2651,.F.);
#3451=ORIENTED_EDGE('',*,*,#2620,.F.);
#3452=ORIENTED_EDGE('',*,*,#2663,.T.);
#3453=ORIENTED_EDGE('',*,*,#2665,.F.);
#3454=ORIENTED_EDGE('',*,*,#2660,.F.);
#3455=ORIENTED_EDGE('',*,*,#2629,.F.);
#3456=ORIENTED_EDGE('',*,*,#2635,.T.);
#3457=ORIENTED_EDGE('',*,*,#2637,.F.);
#3458=ORIENTED_EDGE('',*,*,#2646,.F.);
#3459=ORIENTED_EDGE('',*,*,#2666,.T.);
#3460=ORIENTED_EDGE('',*,*,#2665,.T.);
#3461=ORIENTED_EDGE('',*,*,#2662,.T.);
#3462=ORIENTED_EDGE('',*,*,#2658,.T.);
#3463=ORIENTED_EDGE('',*,*,#2661,.T.);
#3464=ORIENTED_EDGE('',*,*,#2613,.T.);
#3465=ORIENTED_EDGE('',*,*,#2666,.F.);
#3466=ORIENTED_EDGE('',*,*,#2645,.F.);
#3467=ORIENTED_EDGE('',*,*,#2655,.T.);
#3468=ORIENTED_EDGE('',*,*,#2664,.F.);
#3469=ORIENTED_EDGE('',*,*,#2667,.F.);
#3470=ORIENTED_EDGE('',*,*,#2668,.F.);
#3471=ORIENTED_EDGE('',*,*,#2669,.F.);
#3472=ORIENTED_EDGE('',*,*,#2670,.T.);
#3473=ORIENTED_EDGE('',*,*,#2671,.F.);
#3474=ORIENTED_EDGE('',*,*,#2672,.T.);
#3475=ORIENTED_EDGE('',*,*,#2673,.F.);
#3476=ORIENTED_EDGE('',*,*,#2674,.F.);
#3477=ORIENTED_EDGE('',*,*,#2675,.F.);
#3478=ORIENTED_EDGE('',*,*,#2676,.F.);
#3479=ORIENTED_EDGE('',*,*,#2677,.F.);
#3480=ORIENTED_EDGE('',*,*,#2668,.T.);
#3481=ORIENTED_EDGE('',*,*,#2678,.F.);
#3482=ORIENTED_EDGE('',*,*,#2674,.T.);
#3483=ORIENTED_EDGE('',*,*,#2679,.F.);
#3484=ORIENTED_EDGE('',*,*,#2680,.F.);
#3485=ORIENTED_EDGE('',*,*,#2681,.F.);
#3486=ORIENTED_EDGE('',*,*,#2670,.F.);
#3487=ORIENTED_EDGE('',*,*,#2682,.F.);
#3488=ORIENTED_EDGE('',*,*,#2683,.T.);
#3489=ORIENTED_EDGE('',*,*,#2684,.F.);
#3490=ORIENTED_EDGE('',*,*,#2683,.F.);
#3491=ORIENTED_EDGE('',*,*,#2685,.F.);
#3492=ORIENTED_EDGE('',*,*,#2676,.T.);
#3493=ORIENTED_EDGE('',*,*,#2686,.F.);
#3494=ORIENTED_EDGE('',*,*,#2680,.T.);
#3495=ORIENTED_EDGE('',*,*,#2687,.F.);
#3496=ORIENTED_EDGE('',*,*,#2688,.F.);
#3497=ORIENTED_EDGE('',*,*,#2689,.F.);
#3498=ORIENTED_EDGE('',*,*,#2688,.T.);
#3499=ORIENTED_EDGE('',*,*,#2690,.F.);
#3500=ORIENTED_EDGE('',*,*,#2672,.F.);
#3501=ORIENTED_EDGE('',*,*,#2691,.F.);
#3502=ORIENTED_EDGE('',*,*,#2692,.F.);
#3503=ORIENTED_EDGE('',*,*,#2693,.F.);
#3504=ORIENTED_EDGE('',*,*,#2694,.T.);
#3505=ORIENTED_EDGE('',*,*,#2695,.F.);
#3506=ORIENTED_EDGE('',*,*,#2696,.T.);
#3507=ORIENTED_EDGE('',*,*,#2697,.F.);
#3508=ORIENTED_EDGE('',*,*,#2698,.F.);
#3509=ORIENTED_EDGE('',*,*,#2699,.F.);
#3510=ORIENTED_EDGE('',*,*,#2700,.F.);
#3511=ORIENTED_EDGE('',*,*,#2701,.F.);
#3512=ORIENTED_EDGE('',*,*,#2692,.T.);
#3513=ORIENTED_EDGE('',*,*,#2702,.F.);
#3514=ORIENTED_EDGE('',*,*,#2698,.T.);
#3515=ORIENTED_EDGE('',*,*,#2703,.F.);
#3516=ORIENTED_EDGE('',*,*,#2704,.F.);
#3517=ORIENTED_EDGE('',*,*,#2705,.F.);
#3518=ORIENTED_EDGE('',*,*,#2694,.F.);
#3519=ORIENTED_EDGE('',*,*,#2706,.F.);
#3520=ORIENTED_EDGE('',*,*,#2707,.T.);
#3521=ORIENTED_EDGE('',*,*,#2708,.F.);
#3522=ORIENTED_EDGE('',*,*,#2707,.F.);
#3523=ORIENTED_EDGE('',*,*,#2709,.F.);
#3524=ORIENTED_EDGE('',*,*,#2700,.T.);
#3525=ORIENTED_EDGE('',*,*,#2710,.F.);
#3526=ORIENTED_EDGE('',*,*,#2704,.T.);
#3527=ORIENTED_EDGE('',*,*,#2711,.F.);
#3528=ORIENTED_EDGE('',*,*,#2712,.F.);
#3529=ORIENTED_EDGE('',*,*,#2713,.F.);
#3530=ORIENTED_EDGE('',*,*,#2712,.T.);
#3531=ORIENTED_EDGE('',*,*,#2714,.F.);
#3532=ORIENTED_EDGE('',*,*,#2696,.F.);
#3533=ORIENTED_EDGE('',*,*,#2715,.F.);
#3534=ORIENTED_EDGE('',*,*,#2716,.T.);
#3535=ORIENTED_EDGE('',*,*,#2717,.F.);
#3536=ORIENTED_EDGE('',*,*,#2718,.F.);
#3537=ORIENTED_EDGE('',*,*,#2686,.T.);
#3538=ORIENTED_EDGE('',*,*,#2689,.T.);
#3539=ORIENTED_EDGE('',*,*,#2671,.T.);
#3540=ORIENTED_EDGE('',*,*,#2678,.T.);
#3541=ORIENTED_EDGE('',*,*,#2710,.T.);
#3542=ORIENTED_EDGE('',*,*,#2713,.T.);
#3543=ORIENTED_EDGE('',*,*,#2695,.T.);
#3544=ORIENTED_EDGE('',*,*,#2702,.T.);
#3545=ORIENTED_EDGE('',*,*,#2719,.T.);
#3546=ORIENTED_EDGE('',*,*,#2720,.F.);
#3547=ORIENTED_EDGE('',*,*,#2718,.T.);
#3548=ORIENTED_EDGE('',*,*,#2721,.F.);
#3549=ORIENTED_EDGE('',*,*,#2722,.F.);
#3550=ORIENTED_EDGE('',*,*,#2723,.T.);
#3551=ORIENTED_EDGE('',*,*,#2722,.T.);
#3552=ORIENTED_EDGE('',*,*,#2724,.F.);
#3553=ORIENTED_EDGE('',*,*,#2725,.F.);
#3554=ORIENTED_EDGE('',*,*,#2687,.T.);
#3555=ORIENTED_EDGE('',*,*,#2679,.T.);
#3556=ORIENTED_EDGE('',*,*,#2673,.T.);
#3557=ORIENTED_EDGE('',*,*,#2690,.T.);
#3558=ORIENTED_EDGE('',*,*,#2711,.T.);
#3559=ORIENTED_EDGE('',*,*,#2703,.T.);
#3560=ORIENTED_EDGE('',*,*,#2697,.T.);
#3561=ORIENTED_EDGE('',*,*,#2714,.T.);
#3562=ORIENTED_EDGE('',*,*,#2726,.T.);
#3563=ORIENTED_EDGE('',*,*,#2725,.T.);
#3564=ORIENTED_EDGE('',*,*,#2727,.F.);
#3565=ORIENTED_EDGE('',*,*,#2716,.F.);
#3566=ORIENTED_EDGE('',*,*,#2728,.F.);
#3567=ORIENTED_EDGE('',*,*,#2727,.T.);
#3568=ORIENTED_EDGE('',*,*,#2724,.T.);
#3569=ORIENTED_EDGE('',*,*,#2721,.T.);
#3570=ORIENTED_EDGE('',*,*,#2717,.T.);
#3571=ORIENTED_EDGE('',*,*,#2728,.T.);
#3572=ORIENTED_EDGE('',*,*,#2729,.F.);
#3573=ORIENTED_EDGE('',*,*,#2730,.F.);
#3574=ORIENTED_EDGE('',*,*,#2731,.T.);
#3575=ORIENTED_EDGE('',*,*,#2720,.T.);
#3576=ORIENTED_EDGE('',*,*,#2732,.T.);
#3577=ORIENTED_EDGE('',*,*,#2733,.T.);
#3578=ORIENTED_EDGE('',*,*,#2734,.F.);
#3579=ORIENTED_EDGE('',*,*,#2735,.F.);
#3580=ORIENTED_EDGE('',*,*,#2736,.T.);
#3581=ORIENTED_EDGE('',*,*,#2737,.F.);
#3582=ORIENTED_EDGE('',*,*,#2738,.F.);
#3583=ORIENTED_EDGE('',*,*,#2684,.T.);
#3584=ORIENTED_EDGE('',*,*,#2675,.T.);
#3585=ORIENTED_EDGE('',*,*,#2667,.T.);
#3586=ORIENTED_EDGE('',*,*,#2681,.T.);
#3587=ORIENTED_EDGE('',*,*,#2708,.T.);
#3588=ORIENTED_EDGE('',*,*,#2699,.T.);
#3589=ORIENTED_EDGE('',*,*,#2691,.T.);
#3590=ORIENTED_EDGE('',*,*,#2705,.T.);
#3591=ORIENTED_EDGE('',*,*,#2739,.F.);
#3592=ORIENTED_EDGE('',*,*,#2740,.T.);
#3593=ORIENTED_EDGE('',*,*,#2741,.F.);
#3594=ORIENTED_EDGE('',*,*,#2736,.F.);
#3595=ORIENTED_EDGE('',*,*,#2742,.F.);
#3596=ORIENTED_EDGE('',*,*,#2743,.F.);
#3597=ORIENTED_EDGE('',*,*,#2744,.F.);
#3598=ORIENTED_EDGE('',*,*,#2738,.T.);
#3599=ORIENTED_EDGE('',*,*,#2745,.F.);
#3600=ORIENTED_EDGE('',*,*,#2746,.F.);
#3601=ORIENTED_EDGE('',*,*,#2747,.F.);
#3602=ORIENTED_EDGE('',*,*,#2746,.T.);
#3603=ORIENTED_EDGE('',*,*,#2748,.F.);
#3604=ORIENTED_EDGE('',*,*,#2740,.F.);
#3605=ORIENTED_EDGE('',*,*,#2685,.T.);
#3606=ORIENTED_EDGE('',*,*,#2682,.T.);
#3607=ORIENTED_EDGE('',*,*,#2669,.T.);
#3608=ORIENTED_EDGE('',*,*,#2677,.T.);
#3609=ORIENTED_EDGE('',*,*,#2709,.T.);
#3610=ORIENTED_EDGE('',*,*,#2706,.T.);
#3611=ORIENTED_EDGE('',*,*,#2693,.T.);
#3612=ORIENTED_EDGE('',*,*,#2701,.T.);
#3613=ORIENTED_EDGE('',*,*,#2748,.T.);
#3614=ORIENTED_EDGE('',*,*,#2745,.T.);
#3615=ORIENTED_EDGE('',*,*,#2737,.T.);
#3616=ORIENTED_EDGE('',*,*,#2741,.T.);
#3617=ORIENTED_EDGE('',*,*,#2742,.T.);
#3618=ORIENTED_EDGE('',*,*,#2749,.F.);
#3619=ORIENTED_EDGE('',*,*,#2750,.F.);
#3620=ORIENTED_EDGE('',*,*,#2751,.T.);
#3621=ORIENTED_EDGE('',*,*,#2744,.T.);
#3622=ORIENTED_EDGE('',*,*,#2752,.T.);
#3623=ORIENTED_EDGE('',*,*,#2753,.T.);
#3624=ORIENTED_EDGE('',*,*,#2754,.F.);
#3625=ORIENTED_EDGE('',*,*,#2755,.T.);
#3626=ORIENTED_EDGE('',*,*,#2730,.T.);
#3627=ORIENTED_EDGE('',*,*,#2756,.F.);
#3628=ORIENTED_EDGE('',*,*,#2753,.F.);
#3629=ORIENTED_EDGE('',*,*,#2757,.T.);
#3630=ORIENTED_EDGE('',*,*,#2750,.T.);
#3631=ORIENTED_EDGE('',*,*,#2758,.F.);
#3632=ORIENTED_EDGE('',*,*,#2733,.F.);
#3633=ORIENTED_EDGE('',*,*,#2729,.T.);
#3634=ORIENTED_EDGE('',*,*,#2715,.T.);
#3635=ORIENTED_EDGE('',*,*,#2734,.T.);
#3636=ORIENTED_EDGE('',*,*,#2758,.T.);
#3637=ORIENTED_EDGE('',*,*,#2749,.T.);
#3638=ORIENTED_EDGE('',*,*,#2735,.T.);
#3639=ORIENTED_EDGE('',*,*,#2754,.T.);
#3640=ORIENTED_EDGE('',*,*,#2756,.T.);
#3641=ORIENTED_EDGE('',*,*,#2731,.F.);
#3642=ORIENTED_EDGE('',*,*,#2755,.F.);
#3643=ORIENTED_EDGE('',*,*,#2752,.F.);
#3644=ORIENTED_EDGE('',*,*,#2743,.T.);
#3645=ORIENTED_EDGE('',*,*,#2747,.T.);
#3646=ORIENTED_EDGE('',*,*,#2739,.T.);
#3647=ORIENTED_EDGE('',*,*,#2751,.F.);
#3648=ORIENTED_EDGE('',*,*,#2757,.F.);
#3649=ORIENTED_EDGE('',*,*,#2732,.F.);
#3650=ORIENTED_EDGE('',*,*,#2719,.F.);
#3651=ORIENTED_EDGE('',*,*,#2723,.F.);
#3652=ORIENTED_EDGE('',*,*,#2726,.F.);
#3653=ORIENTED_EDGE('',*,*,#2759,.F.);
#3654=ORIENTED_EDGE('',*,*,#2760,.T.);
#3655=ORIENTED_EDGE('',*,*,#2761,.T.);
#3656=ORIENTED_EDGE('',*,*,#2762,.F.);
#3657=ORIENTED_EDGE('',*,*,#2763,.F.);
#3658=ORIENTED_EDGE('',*,*,#2764,.T.);
#3659=ORIENTED_EDGE('',*,*,#2765,.T.);
#3660=ORIENTED_EDGE('',*,*,#2760,.F.);
#3661=ORIENTED_EDGE('',*,*,#2766,.F.);
#3662=ORIENTED_EDGE('',*,*,#2767,.T.);
#3663=ORIENTED_EDGE('',*,*,#2768,.T.);
#3664=ORIENTED_EDGE('',*,*,#2764,.F.);
#3665=ORIENTED_EDGE('',*,*,#2769,.F.);
#3666=ORIENTED_EDGE('',*,*,#2762,.T.);
#3667=ORIENTED_EDGE('',*,*,#2770,.T.);
#3668=ORIENTED_EDGE('',*,*,#2767,.F.);
#3669=ORIENTED_EDGE('',*,*,#2770,.F.);
#3670=ORIENTED_EDGE('',*,*,#2761,.F.);
#3671=ORIENTED_EDGE('',*,*,#2765,.F.);
#3672=ORIENTED_EDGE('',*,*,#2768,.F.);
#3673=ORIENTED_EDGE('',*,*,#2771,.F.);
#3674=ORIENTED_EDGE('',*,*,#2772,.T.);
#3675=ORIENTED_EDGE('',*,*,#2773,.T.);
#3676=ORIENTED_EDGE('',*,*,#2774,.F.);
#3677=ORIENTED_EDGE('',*,*,#2775,.F.);
#3678=ORIENTED_EDGE('',*,*,#2776,.T.);
#3679=ORIENTED_EDGE('',*,*,#2777,.T.);
#3680=ORIENTED_EDGE('',*,*,#2772,.F.);
#3681=ORIENTED_EDGE('',*,*,#2778,.F.);
#3682=ORIENTED_EDGE('',*,*,#2779,.T.);
#3683=ORIENTED_EDGE('',*,*,#2780,.T.);
#3684=ORIENTED_EDGE('',*,*,#2776,.F.);
#3685=ORIENTED_EDGE('',*,*,#2781,.F.);
#3686=ORIENTED_EDGE('',*,*,#2774,.T.);
#3687=ORIENTED_EDGE('',*,*,#2782,.T.);
#3688=ORIENTED_EDGE('',*,*,#2779,.F.);
#3689=ORIENTED_EDGE('',*,*,#2782,.F.);
#3690=ORIENTED_EDGE('',*,*,#2773,.F.);
#3691=ORIENTED_EDGE('',*,*,#2777,.F.);
#3692=ORIENTED_EDGE('',*,*,#2780,.F.);
#3693=ORIENTED_EDGE('',*,*,#2783,.F.);
#3694=ORIENTED_EDGE('',*,*,#2784,.T.);
#3695=ORIENTED_EDGE('',*,*,#2785,.F.);
#3696=ORIENTED_EDGE('',*,*,#2786,.F.);
#3697=ORIENTED_EDGE('',*,*,#2787,.F.);
#3698=ORIENTED_EDGE('',*,*,#2786,.T.);
#3699=ORIENTED_EDGE('',*,*,#2788,.F.);
#3700=ORIENTED_EDGE('',*,*,#2789,.F.);
#3701=ORIENTED_EDGE('',*,*,#2790,.F.);
#3702=ORIENTED_EDGE('',*,*,#2789,.T.);
#3703=ORIENTED_EDGE('',*,*,#2791,.F.);
#3704=ORIENTED_EDGE('',*,*,#2792,.F.);
#3705=ORIENTED_EDGE('',*,*,#2793,.F.);
#3706=ORIENTED_EDGE('',*,*,#2792,.T.);
#3707=ORIENTED_EDGE('',*,*,#2794,.F.);
#3708=ORIENTED_EDGE('',*,*,#2795,.F.);
#3709=ORIENTED_EDGE('',*,*,#2796,.F.);
#3710=ORIENTED_EDGE('',*,*,#2795,.T.);
#3711=ORIENTED_EDGE('',*,*,#2797,.F.);
#3712=ORIENTED_EDGE('',*,*,#2798,.F.);
#3713=ORIENTED_EDGE('',*,*,#2799,.F.);
#3714=ORIENTED_EDGE('',*,*,#2798,.T.);
#3715=ORIENTED_EDGE('',*,*,#2800,.F.);
#3716=ORIENTED_EDGE('',*,*,#2801,.F.);
#3717=ORIENTED_EDGE('',*,*,#2802,.F.);
#3718=ORIENTED_EDGE('',*,*,#2801,.T.);
#3719=ORIENTED_EDGE('',*,*,#2803,.F.);
#3720=ORIENTED_EDGE('',*,*,#2804,.F.);
#3721=ORIENTED_EDGE('',*,*,#2805,.F.);
#3722=ORIENTED_EDGE('',*,*,#2804,.T.);
#3723=ORIENTED_EDGE('',*,*,#2806,.F.);
#3724=ORIENTED_EDGE('',*,*,#2807,.F.);
#3725=ORIENTED_EDGE('',*,*,#2808,.F.);
#3726=ORIENTED_EDGE('',*,*,#2807,.T.);
#3727=ORIENTED_EDGE('',*,*,#2809,.F.);
#3728=ORIENTED_EDGE('',*,*,#2784,.F.);
#3729=ORIENTED_EDGE('',*,*,#2810,.F.);
#3730=ORIENTED_EDGE('',*,*,#2811,.T.);
#3731=ORIENTED_EDGE('',*,*,#2812,.F.);
#3732=ORIENTED_EDGE('',*,*,#2813,.F.);
#3733=ORIENTED_EDGE('',*,*,#2814,.F.);
#3734=ORIENTED_EDGE('',*,*,#2813,.T.);
#3735=ORIENTED_EDGE('',*,*,#2815,.F.);
#3736=ORIENTED_EDGE('',*,*,#2816,.F.);
#3737=ORIENTED_EDGE('',*,*,#2817,.F.);
#3738=ORIENTED_EDGE('',*,*,#2816,.T.);
#3739=ORIENTED_EDGE('',*,*,#2818,.F.);
#3740=ORIENTED_EDGE('',*,*,#2819,.F.);
#3741=ORIENTED_EDGE('',*,*,#2820,.F.);
#3742=ORIENTED_EDGE('',*,*,#2819,.T.);
#3743=ORIENTED_EDGE('',*,*,#2821,.F.);
#3744=ORIENTED_EDGE('',*,*,#2822,.F.);
#3745=ORIENTED_EDGE('',*,*,#2823,.F.);
#3746=ORIENTED_EDGE('',*,*,#2822,.T.);
#3747=ORIENTED_EDGE('',*,*,#2824,.F.);
#3748=ORIENTED_EDGE('',*,*,#2825,.F.);
#3749=ORIENTED_EDGE('',*,*,#2826,.F.);
#3750=ORIENTED_EDGE('',*,*,#2825,.T.);
#3751=ORIENTED_EDGE('',*,*,#2827,.F.);
#3752=ORIENTED_EDGE('',*,*,#2828,.F.);
#3753=ORIENTED_EDGE('',*,*,#2829,.F.);
#3754=ORIENTED_EDGE('',*,*,#2828,.T.);
#3755=ORIENTED_EDGE('',*,*,#2830,.F.);
#3756=ORIENTED_EDGE('',*,*,#2831,.F.);
#3757=ORIENTED_EDGE('',*,*,#2832,.F.);
#3758=ORIENTED_EDGE('',*,*,#2831,.T.);
#3759=ORIENTED_EDGE('',*,*,#2833,.F.);
#3760=ORIENTED_EDGE('',*,*,#2834,.F.);
#3761=ORIENTED_EDGE('',*,*,#2835,.F.);
#3762=ORIENTED_EDGE('',*,*,#2834,.T.);
#3763=ORIENTED_EDGE('',*,*,#2836,.F.);
#3764=ORIENTED_EDGE('',*,*,#2837,.F.);
#3765=ORIENTED_EDGE('',*,*,#2838,.F.);
#3766=ORIENTED_EDGE('',*,*,#2837,.T.);
#3767=ORIENTED_EDGE('',*,*,#2839,.F.);
#3768=ORIENTED_EDGE('',*,*,#2840,.F.);
#3769=ORIENTED_EDGE('',*,*,#2841,.F.);
#3770=ORIENTED_EDGE('',*,*,#2840,.T.);
#3771=ORIENTED_EDGE('',*,*,#2842,.F.);
#3772=ORIENTED_EDGE('',*,*,#2811,.F.);
#3773=ORIENTED_EDGE('',*,*,#2842,.T.);
#3774=ORIENTED_EDGE('',*,*,#2839,.T.);
#3775=ORIENTED_EDGE('',*,*,#2836,.T.);
#3776=ORIENTED_EDGE('',*,*,#2833,.T.);
#3777=ORIENTED_EDGE('',*,*,#2830,.T.);
#3778=ORIENTED_EDGE('',*,*,#2827,.T.);
#3779=ORIENTED_EDGE('',*,*,#2824,.T.);
#3780=ORIENTED_EDGE('',*,*,#2821,.T.);
#3781=ORIENTED_EDGE('',*,*,#2818,.T.);
#3782=ORIENTED_EDGE('',*,*,#2815,.T.);
#3783=ORIENTED_EDGE('',*,*,#2812,.T.);
#3784=ORIENTED_EDGE('',*,*,#2809,.T.);
#3785=ORIENTED_EDGE('',*,*,#2806,.T.);
#3786=ORIENTED_EDGE('',*,*,#2803,.T.);
#3787=ORIENTED_EDGE('',*,*,#2800,.T.);
#3788=ORIENTED_EDGE('',*,*,#2797,.T.);
#3789=ORIENTED_EDGE('',*,*,#2794,.T.);
#3790=ORIENTED_EDGE('',*,*,#2791,.T.);
#3791=ORIENTED_EDGE('',*,*,#2788,.T.);
#3792=ORIENTED_EDGE('',*,*,#2785,.T.);
#3793=ORIENTED_EDGE('',*,*,#2843,.F.);
#3794=ORIENTED_EDGE('',*,*,#2844,.F.);
#3795=ORIENTED_EDGE('',*,*,#2845,.F.);
#3796=ORIENTED_EDGE('',*,*,#2846,.F.);
#3797=ORIENTED_EDGE('',*,*,#2847,.T.);
#3798=ORIENTED_EDGE('',*,*,#2848,.T.);
#3799=ORIENTED_EDGE('',*,*,#2849,.T.);
#3800=ORIENTED_EDGE('',*,*,#2850,.T.);
#3801=ORIENTED_EDGE('',*,*,#2851,.T.);
#3802=ORIENTED_EDGE('',*,*,#2852,.T.);
#3803=ORIENTED_EDGE('',*,*,#2853,.T.);
#3804=ORIENTED_EDGE('',*,*,#2854,.T.);
#3805=ORIENTED_EDGE('',*,*,#2855,.T.);
#3806=ORIENTED_EDGE('',*,*,#2856,.T.);
#3807=ORIENTED_EDGE('',*,*,#2857,.T.);
#3808=ORIENTED_EDGE('',*,*,#2858,.T.);
#3809=ORIENTED_EDGE('',*,*,#2859,.T.);
#3810=ORIENTED_EDGE('',*,*,#2860,.T.);
#3811=ORIENTED_EDGE('',*,*,#2861,.T.);
#3812=ORIENTED_EDGE('',*,*,#2862,.T.);
#3813=ORIENTED_EDGE('',*,*,#2863,.T.);
#3814=ORIENTED_EDGE('',*,*,#2864,.T.);
#3815=ORIENTED_EDGE('',*,*,#2865,.T.);
#3816=ORIENTED_EDGE('',*,*,#2866,.T.);
#3817=ORIENTED_EDGE('',*,*,#2867,.T.);
#3818=ORIENTED_EDGE('',*,*,#2868,.T.);
#3819=ORIENTED_EDGE('',*,*,#2869,.T.);
#3820=ORIENTED_EDGE('',*,*,#2870,.T.);
#3821=ORIENTED_EDGE('',*,*,#2871,.T.);
#3822=ORIENTED_EDGE('',*,*,#2872,.T.);
#3823=ORIENTED_EDGE('',*,*,#2873,.T.);
#3824=ORIENTED_EDGE('',*,*,#2810,.T.);
#3825=ORIENTED_EDGE('',*,*,#2814,.T.);
#3826=ORIENTED_EDGE('',*,*,#2817,.T.);
#3827=ORIENTED_EDGE('',*,*,#2820,.T.);
#3828=ORIENTED_EDGE('',*,*,#2823,.T.);
#3829=ORIENTED_EDGE('',*,*,#2826,.T.);
#3830=ORIENTED_EDGE('',*,*,#2829,.T.);
#3831=ORIENTED_EDGE('',*,*,#2832,.T.);
#3832=ORIENTED_EDGE('',*,*,#2835,.T.);
#3833=ORIENTED_EDGE('',*,*,#2838,.T.);
#3834=ORIENTED_EDGE('',*,*,#2841,.T.);
#3835=ORIENTED_EDGE('',*,*,#2874,.F.);
#3836=ORIENTED_EDGE('',*,*,#2875,.T.);
#3837=ORIENTED_EDGE('',*,*,#2876,.F.);
#3838=ORIENTED_EDGE('',*,*,#2877,.F.);
#3839=ORIENTED_EDGE('',*,*,#2878,.F.);
#3840=ORIENTED_EDGE('',*,*,#2877,.T.);
#3841=ORIENTED_EDGE('',*,*,#2879,.F.);
#3842=ORIENTED_EDGE('',*,*,#2880,.F.);
#3843=ORIENTED_EDGE('',*,*,#2881,.F.);
#3844=ORIENTED_EDGE('',*,*,#2880,.T.);
#3845=ORIENTED_EDGE('',*,*,#2882,.F.);
#3846=ORIENTED_EDGE('',*,*,#2883,.F.);
#3847=ORIENTED_EDGE('',*,*,#2884,.F.);
#3848=ORIENTED_EDGE('',*,*,#2883,.T.);
#3849=ORIENTED_EDGE('',*,*,#2885,.F.);
#3850=ORIENTED_EDGE('',*,*,#2886,.F.);
#3851=ORIENTED_EDGE('',*,*,#2887,.F.);
#3852=ORIENTED_EDGE('',*,*,#2886,.T.);
#3853=ORIENTED_EDGE('',*,*,#2888,.F.);
#3854=ORIENTED_EDGE('',*,*,#2889,.F.);
#3855=ORIENTED_EDGE('',*,*,#2890,.F.);
#3856=ORIENTED_EDGE('',*,*,#2889,.T.);
#3857=ORIENTED_EDGE('',*,*,#2891,.F.);
#3858=ORIENTED_EDGE('',*,*,#2892,.F.);
#3859=ORIENTED_EDGE('',*,*,#2893,.F.);
#3860=ORIENTED_EDGE('',*,*,#2892,.T.);
#3861=ORIENTED_EDGE('',*,*,#2894,.F.);
#3862=ORIENTED_EDGE('',*,*,#2895,.F.);
#3863=ORIENTED_EDGE('',*,*,#2896,.F.);
#3864=ORIENTED_EDGE('',*,*,#2895,.T.);
#3865=ORIENTED_EDGE('',*,*,#2897,.F.);
#3866=ORIENTED_EDGE('',*,*,#2898,.F.);
#3867=ORIENTED_EDGE('',*,*,#2899,.F.);
#3868=ORIENTED_EDGE('',*,*,#2898,.T.);
#3869=ORIENTED_EDGE('',*,*,#2900,.F.);
#3870=ORIENTED_EDGE('',*,*,#2875,.F.);
#3871=ORIENTED_EDGE('',*,*,#2901,.F.);
#3872=ORIENTED_EDGE('',*,*,#2902,.T.);
#3873=ORIENTED_EDGE('',*,*,#2903,.F.);
#3874=ORIENTED_EDGE('',*,*,#2904,.F.);
#3875=ORIENTED_EDGE('',*,*,#2905,.F.);
#3876=ORIENTED_EDGE('',*,*,#2904,.T.);
#3877=ORIENTED_EDGE('',*,*,#2906,.F.);
#3878=ORIENTED_EDGE('',*,*,#2907,.F.);
#3879=ORIENTED_EDGE('',*,*,#2908,.F.);
#3880=ORIENTED_EDGE('',*,*,#2907,.T.);
#3881=ORIENTED_EDGE('',*,*,#2909,.F.);
#3882=ORIENTED_EDGE('',*,*,#2910,.F.);
#3883=ORIENTED_EDGE('',*,*,#2911,.F.);
#3884=ORIENTED_EDGE('',*,*,#2910,.T.);
#3885=ORIENTED_EDGE('',*,*,#2912,.F.);
#3886=ORIENTED_EDGE('',*,*,#2913,.F.);
#3887=ORIENTED_EDGE('',*,*,#2914,.F.);
#3888=ORIENTED_EDGE('',*,*,#2913,.T.);
#3889=ORIENTED_EDGE('',*,*,#2915,.F.);
#3890=ORIENTED_EDGE('',*,*,#2916,.F.);
#3891=ORIENTED_EDGE('',*,*,#2917,.F.);
#3892=ORIENTED_EDGE('',*,*,#2916,.T.);
#3893=ORIENTED_EDGE('',*,*,#2918,.F.);
#3894=ORIENTED_EDGE('',*,*,#2919,.F.);
#3895=ORIENTED_EDGE('',*,*,#2920,.F.);
#3896=ORIENTED_EDGE('',*,*,#2919,.T.);
#3897=ORIENTED_EDGE('',*,*,#2921,.F.);
#3898=ORIENTED_EDGE('',*,*,#2922,.F.);
#3899=ORIENTED_EDGE('',*,*,#2923,.F.);
#3900=ORIENTED_EDGE('',*,*,#2922,.T.);
#3901=ORIENTED_EDGE('',*,*,#2924,.F.);
#3902=ORIENTED_EDGE('',*,*,#2925,.F.);
#3903=ORIENTED_EDGE('',*,*,#2926,.F.);
#3904=ORIENTED_EDGE('',*,*,#2925,.T.);
#3905=ORIENTED_EDGE('',*,*,#2927,.F.);
#3906=ORIENTED_EDGE('',*,*,#2928,.F.);
#3907=ORIENTED_EDGE('',*,*,#2929,.F.);
#3908=ORIENTED_EDGE('',*,*,#2928,.T.);
#3909=ORIENTED_EDGE('',*,*,#2930,.F.);
#3910=ORIENTED_EDGE('',*,*,#2902,.F.);
#3911=ORIENTED_EDGE('',*,*,#2860,.F.);
#3912=ORIENTED_EDGE('',*,*,#2931,.T.);
#3913=ORIENTED_EDGE('',*,*,#2932,.F.);
#3914=ORIENTED_EDGE('',*,*,#2933,.F.);
#3915=ORIENTED_EDGE('',*,*,#2861,.F.);
#3916=ORIENTED_EDGE('',*,*,#2933,.T.);
#3917=ORIENTED_EDGE('',*,*,#2934,.F.);
#3918=ORIENTED_EDGE('',*,*,#2935,.F.);
#3919=ORIENTED_EDGE('',*,*,#2862,.F.);
#3920=ORIENTED_EDGE('',*,*,#2935,.T.);
#3921=ORIENTED_EDGE('',*,*,#2936,.F.);
#3922=ORIENTED_EDGE('',*,*,#2937,.F.);
#3923=ORIENTED_EDGE('',*,*,#2863,.F.);
#3924=ORIENTED_EDGE('',*,*,#2937,.T.);
#3925=ORIENTED_EDGE('',*,*,#2938,.F.);
#3926=ORIENTED_EDGE('',*,*,#2939,.F.);
#3927=ORIENTED_EDGE('',*,*,#2864,.F.);
#3928=ORIENTED_EDGE('',*,*,#2939,.T.);
#3929=ORIENTED_EDGE('',*,*,#2940,.F.);
#3930=ORIENTED_EDGE('',*,*,#2941,.F.);
#3931=ORIENTED_EDGE('',*,*,#2865,.F.);
#3932=ORIENTED_EDGE('',*,*,#2941,.T.);
#3933=ORIENTED_EDGE('',*,*,#2942,.F.);
#3934=ORIENTED_EDGE('',*,*,#2943,.F.);
#3935=ORIENTED_EDGE('',*,*,#2866,.F.);
#3936=ORIENTED_EDGE('',*,*,#2943,.T.);
#3937=ORIENTED_EDGE('',*,*,#2944,.F.);
#3938=ORIENTED_EDGE('',*,*,#2945,.F.);
#3939=ORIENTED_EDGE('',*,*,#2867,.F.);
#3940=ORIENTED_EDGE('',*,*,#2945,.T.);
#3941=ORIENTED_EDGE('',*,*,#2946,.F.);
#3942=ORIENTED_EDGE('',*,*,#2947,.F.);
#3943=ORIENTED_EDGE('',*,*,#2868,.F.);
#3944=ORIENTED_EDGE('',*,*,#2947,.T.);
#3945=ORIENTED_EDGE('',*,*,#2948,.F.);
#3946=ORIENTED_EDGE('',*,*,#2949,.F.);
#3947=ORIENTED_EDGE('',*,*,#2869,.F.);
#3948=ORIENTED_EDGE('',*,*,#2949,.T.);
#3949=ORIENTED_EDGE('',*,*,#2950,.F.);
#3950=ORIENTED_EDGE('',*,*,#2951,.F.);
#3951=ORIENTED_EDGE('',*,*,#2870,.F.);
#3952=ORIENTED_EDGE('',*,*,#2951,.T.);
#3953=ORIENTED_EDGE('',*,*,#2952,.F.);
#3954=ORIENTED_EDGE('',*,*,#2953,.F.);
#3955=ORIENTED_EDGE('',*,*,#2871,.F.);
#3956=ORIENTED_EDGE('',*,*,#2953,.T.);
#3957=ORIENTED_EDGE('',*,*,#2954,.F.);
#3958=ORIENTED_EDGE('',*,*,#2955,.F.);
#3959=ORIENTED_EDGE('',*,*,#2872,.F.);
#3960=ORIENTED_EDGE('',*,*,#2955,.T.);
#3961=ORIENTED_EDGE('',*,*,#2956,.F.);
#3962=ORIENTED_EDGE('',*,*,#2957,.F.);
#3963=ORIENTED_EDGE('',*,*,#2873,.F.);
#3964=ORIENTED_EDGE('',*,*,#2957,.T.);
#3965=ORIENTED_EDGE('',*,*,#2958,.F.);
#3966=ORIENTED_EDGE('',*,*,#2931,.F.);
#3967=ORIENTED_EDGE('',*,*,#2958,.T.);
#3968=ORIENTED_EDGE('',*,*,#2956,.T.);
#3969=ORIENTED_EDGE('',*,*,#2954,.T.);
#3970=ORIENTED_EDGE('',*,*,#2952,.T.);
#3971=ORIENTED_EDGE('',*,*,#2950,.T.);
#3972=ORIENTED_EDGE('',*,*,#2948,.T.);
#3973=ORIENTED_EDGE('',*,*,#2946,.T.);
#3974=ORIENTED_EDGE('',*,*,#2944,.T.);
#3975=ORIENTED_EDGE('',*,*,#2942,.T.);
#3976=ORIENTED_EDGE('',*,*,#2940,.T.);
#3977=ORIENTED_EDGE('',*,*,#2938,.T.);
#3978=ORIENTED_EDGE('',*,*,#2936,.T.);
#3979=ORIENTED_EDGE('',*,*,#2934,.T.);
#3980=ORIENTED_EDGE('',*,*,#2932,.T.);
#3981=ORIENTED_EDGE('',*,*,#2930,.T.);
#3982=ORIENTED_EDGE('',*,*,#2927,.T.);
#3983=ORIENTED_EDGE('',*,*,#2924,.T.);
#3984=ORIENTED_EDGE('',*,*,#2921,.T.);
#3985=ORIENTED_EDGE('',*,*,#2918,.T.);
#3986=ORIENTED_EDGE('',*,*,#2915,.T.);
#3987=ORIENTED_EDGE('',*,*,#2912,.T.);
#3988=ORIENTED_EDGE('',*,*,#2909,.T.);
#3989=ORIENTED_EDGE('',*,*,#2906,.T.);
#3990=ORIENTED_EDGE('',*,*,#2903,.T.);
#3991=ORIENTED_EDGE('',*,*,#2900,.T.);
#3992=ORIENTED_EDGE('',*,*,#2897,.T.);
#3993=ORIENTED_EDGE('',*,*,#2894,.T.);
#3994=ORIENTED_EDGE('',*,*,#2891,.T.);
#3995=ORIENTED_EDGE('',*,*,#2888,.T.);
#3996=ORIENTED_EDGE('',*,*,#2885,.T.);
#3997=ORIENTED_EDGE('',*,*,#2882,.T.);
#3998=ORIENTED_EDGE('',*,*,#2879,.T.);
#3999=ORIENTED_EDGE('',*,*,#2876,.T.);
#4000=ORIENTED_EDGE('',*,*,#2783,.T.);
#4001=ORIENTED_EDGE('',*,*,#2787,.T.);
#4002=ORIENTED_EDGE('',*,*,#2790,.T.);
#4003=ORIENTED_EDGE('',*,*,#2793,.T.);
#4004=ORIENTED_EDGE('',*,*,#2796,.T.);
#4005=ORIENTED_EDGE('',*,*,#2799,.T.);
#4006=ORIENTED_EDGE('',*,*,#2802,.T.);
#4007=ORIENTED_EDGE('',*,*,#2805,.T.);
#4008=ORIENTED_EDGE('',*,*,#2808,.T.);
#4009=ORIENTED_EDGE('',*,*,#2901,.T.);
#4010=ORIENTED_EDGE('',*,*,#2905,.T.);
#4011=ORIENTED_EDGE('',*,*,#2908,.T.);
#4012=ORIENTED_EDGE('',*,*,#2911,.T.);
#4013=ORIENTED_EDGE('',*,*,#2914,.T.);
#4014=ORIENTED_EDGE('',*,*,#2917,.T.);
#4015=ORIENTED_EDGE('',*,*,#2920,.T.);
#4016=ORIENTED_EDGE('',*,*,#2923,.T.);
#4017=ORIENTED_EDGE('',*,*,#2926,.T.);
#4018=ORIENTED_EDGE('',*,*,#2929,.T.);
#4019=ORIENTED_EDGE('',*,*,#2959,.F.);
#4020=ORIENTED_EDGE('',*,*,#2960,.T.);
#4021=ORIENTED_EDGE('',*,*,#2961,.F.);
#4022=ORIENTED_EDGE('',*,*,#2962,.F.);
#4023=ORIENTED_EDGE('',*,*,#2963,.F.);
#4024=ORIENTED_EDGE('',*,*,#2962,.T.);
#4025=ORIENTED_EDGE('',*,*,#2964,.F.);
#4026=ORIENTED_EDGE('',*,*,#2965,.F.);
#4027=ORIENTED_EDGE('',*,*,#2966,.F.);
#4028=ORIENTED_EDGE('',*,*,#2965,.T.);
#4029=ORIENTED_EDGE('',*,*,#2967,.F.);
#4030=ORIENTED_EDGE('',*,*,#2968,.F.);
#4031=ORIENTED_EDGE('',*,*,#2969,.F.);
#4032=ORIENTED_EDGE('',*,*,#2968,.T.);
#4033=ORIENTED_EDGE('',*,*,#2970,.F.);
#4034=ORIENTED_EDGE('',*,*,#2971,.F.);
#4035=ORIENTED_EDGE('',*,*,#2972,.F.);
#4036=ORIENTED_EDGE('',*,*,#2971,.T.);
#4037=ORIENTED_EDGE('',*,*,#2973,.F.);
#4038=ORIENTED_EDGE('',*,*,#2974,.F.);
#4039=ORIENTED_EDGE('',*,*,#2975,.F.);
#4040=ORIENTED_EDGE('',*,*,#2974,.T.);
#4041=ORIENTED_EDGE('',*,*,#2976,.F.);
#4042=ORIENTED_EDGE('',*,*,#2977,.F.);
#4043=ORIENTED_EDGE('',*,*,#2978,.F.);
#4044=ORIENTED_EDGE('',*,*,#2977,.T.);
#4045=ORIENTED_EDGE('',*,*,#2979,.F.);
#4046=ORIENTED_EDGE('',*,*,#2980,.F.);
#4047=ORIENTED_EDGE('',*,*,#2981,.F.);
#4048=ORIENTED_EDGE('',*,*,#2980,.T.);
#4049=ORIENTED_EDGE('',*,*,#2982,.F.);
#4050=ORIENTED_EDGE('',*,*,#2983,.F.);
#4051=ORIENTED_EDGE('',*,*,#2984,.F.);
#4052=ORIENTED_EDGE('',*,*,#2983,.T.);
#4053=ORIENTED_EDGE('',*,*,#2985,.F.);
#4054=ORIENTED_EDGE('',*,*,#2986,.F.);
#4055=ORIENTED_EDGE('',*,*,#2987,.F.);
#4056=ORIENTED_EDGE('',*,*,#2986,.T.);
#4057=ORIENTED_EDGE('',*,*,#2988,.F.);
#4058=ORIENTED_EDGE('',*,*,#2960,.F.);
#4059=ORIENTED_EDGE('',*,*,#2847,.F.);
#4060=ORIENTED_EDGE('',*,*,#2989,.T.);
#4061=ORIENTED_EDGE('',*,*,#2990,.F.);
#4062=ORIENTED_EDGE('',*,*,#2991,.F.);
#4063=ORIENTED_EDGE('',*,*,#2848,.F.);
#4064=ORIENTED_EDGE('',*,*,#2991,.T.);
#4065=ORIENTED_EDGE('',*,*,#2992,.F.);
#4066=ORIENTED_EDGE('',*,*,#2993,.F.);
#4067=ORIENTED_EDGE('',*,*,#2849,.F.);
#4068=ORIENTED_EDGE('',*,*,#2993,.T.);
#4069=ORIENTED_EDGE('',*,*,#2994,.F.);
#4070=ORIENTED_EDGE('',*,*,#2995,.F.);
#4071=ORIENTED_EDGE('',*,*,#2850,.F.);
#4072=ORIENTED_EDGE('',*,*,#2995,.T.);
#4073=ORIENTED_EDGE('',*,*,#2996,.F.);
#4074=ORIENTED_EDGE('',*,*,#2997,.F.);
#4075=ORIENTED_EDGE('',*,*,#2851,.F.);
#4076=ORIENTED_EDGE('',*,*,#2997,.T.);
#4077=ORIENTED_EDGE('',*,*,#2998,.F.);
#4078=ORIENTED_EDGE('',*,*,#2999,.F.);
#4079=ORIENTED_EDGE('',*,*,#2852,.F.);
#4080=ORIENTED_EDGE('',*,*,#2999,.T.);
#4081=ORIENTED_EDGE('',*,*,#3000,.F.);
#4082=ORIENTED_EDGE('',*,*,#3001,.F.);
#4083=ORIENTED_EDGE('',*,*,#2853,.F.);
#4084=ORIENTED_EDGE('',*,*,#3001,.T.);
#4085=ORIENTED_EDGE('',*,*,#3002,.F.);
#4086=ORIENTED_EDGE('',*,*,#3003,.F.);
#4087=ORIENTED_EDGE('',*,*,#2854,.F.);
#4088=ORIENTED_EDGE('',*,*,#3003,.T.);
#4089=ORIENTED_EDGE('',*,*,#3004,.F.);
#4090=ORIENTED_EDGE('',*,*,#3005,.F.);
#4091=ORIENTED_EDGE('',*,*,#2855,.F.);
#4092=ORIENTED_EDGE('',*,*,#3005,.T.);
#4093=ORIENTED_EDGE('',*,*,#3006,.F.);
#4094=ORIENTED_EDGE('',*,*,#3007,.F.);
#4095=ORIENTED_EDGE('',*,*,#2856,.F.);
#4096=ORIENTED_EDGE('',*,*,#3007,.T.);
#4097=ORIENTED_EDGE('',*,*,#3008,.F.);
#4098=ORIENTED_EDGE('',*,*,#3009,.F.);
#4099=ORIENTED_EDGE('',*,*,#2857,.F.);
#4100=ORIENTED_EDGE('',*,*,#3009,.T.);
#4101=ORIENTED_EDGE('',*,*,#3010,.F.);
#4102=ORIENTED_EDGE('',*,*,#3011,.F.);
#4103=ORIENTED_EDGE('',*,*,#2858,.F.);
#4104=ORIENTED_EDGE('',*,*,#3011,.T.);
#4105=ORIENTED_EDGE('',*,*,#3012,.F.);
#4106=ORIENTED_EDGE('',*,*,#2989,.F.);
#4107=ORIENTED_EDGE('',*,*,#3012,.T.);
#4108=ORIENTED_EDGE('',*,*,#3010,.T.);
#4109=ORIENTED_EDGE('',*,*,#3008,.T.);
#4110=ORIENTED_EDGE('',*,*,#3006,.T.);
#4111=ORIENTED_EDGE('',*,*,#3004,.T.);
#4112=ORIENTED_EDGE('',*,*,#3002,.T.);
#4113=ORIENTED_EDGE('',*,*,#3000,.T.);
#4114=ORIENTED_EDGE('',*,*,#2998,.T.);
#4115=ORIENTED_EDGE('',*,*,#2996,.T.);
#4116=ORIENTED_EDGE('',*,*,#2994,.T.);
#4117=ORIENTED_EDGE('',*,*,#2992,.T.);
#4118=ORIENTED_EDGE('',*,*,#2990,.T.);
#4119=ORIENTED_EDGE('',*,*,#2988,.T.);
#4120=ORIENTED_EDGE('',*,*,#2985,.T.);
#4121=ORIENTED_EDGE('',*,*,#2982,.T.);
#4122=ORIENTED_EDGE('',*,*,#2979,.T.);
#4123=ORIENTED_EDGE('',*,*,#2976,.T.);
#4124=ORIENTED_EDGE('',*,*,#2973,.T.);
#4125=ORIENTED_EDGE('',*,*,#2970,.T.);
#4126=ORIENTED_EDGE('',*,*,#2967,.T.);
#4127=ORIENTED_EDGE('',*,*,#2964,.T.);
#4128=ORIENTED_EDGE('',*,*,#2961,.T.);
#4129=ORIENTED_EDGE('',*,*,#2874,.T.);
#4130=ORIENTED_EDGE('',*,*,#2878,.T.);
#4131=ORIENTED_EDGE('',*,*,#2881,.T.);
#4132=ORIENTED_EDGE('',*,*,#2884,.T.);
#4133=ORIENTED_EDGE('',*,*,#2887,.T.);
#4134=ORIENTED_EDGE('',*,*,#2890,.T.);
#4135=ORIENTED_EDGE('',*,*,#2893,.T.);
#4136=ORIENTED_EDGE('',*,*,#2896,.T.);
#4137=ORIENTED_EDGE('',*,*,#2899,.T.);
#4138=ORIENTED_EDGE('',*,*,#3013,.F.);
#4139=ORIENTED_EDGE('',*,*,#3014,.T.);
#4140=ORIENTED_EDGE('',*,*,#3015,.F.);
#4141=ORIENTED_EDGE('',*,*,#3016,.F.);
#4142=ORIENTED_EDGE('',*,*,#3017,.F.);
#4143=ORIENTED_EDGE('',*,*,#3016,.T.);
#4144=ORIENTED_EDGE('',*,*,#3018,.F.);
#4145=ORIENTED_EDGE('',*,*,#3019,.F.);
#4146=ORIENTED_EDGE('',*,*,#3020,.F.);
#4147=ORIENTED_EDGE('',*,*,#3019,.T.);
#4148=ORIENTED_EDGE('',*,*,#3021,.F.);
#4149=ORIENTED_EDGE('',*,*,#3022,.F.);
#4150=ORIENTED_EDGE('',*,*,#3023,.F.);
#4151=ORIENTED_EDGE('',*,*,#3022,.T.);
#4152=ORIENTED_EDGE('',*,*,#3024,.F.);
#4153=ORIENTED_EDGE('',*,*,#3025,.F.);
#4154=ORIENTED_EDGE('',*,*,#3026,.F.);
#4155=ORIENTED_EDGE('',*,*,#3025,.T.);
#4156=ORIENTED_EDGE('',*,*,#3027,.F.);
#4157=ORIENTED_EDGE('',*,*,#3028,.F.);
#4158=ORIENTED_EDGE('',*,*,#3029,.F.);
#4159=ORIENTED_EDGE('',*,*,#3028,.T.);
#4160=ORIENTED_EDGE('',*,*,#3030,.F.);
#4161=ORIENTED_EDGE('',*,*,#3031,.F.);
#4162=ORIENTED_EDGE('',*,*,#3032,.F.);
#4163=ORIENTED_EDGE('',*,*,#3031,.T.);
#4164=ORIENTED_EDGE('',*,*,#3033,.F.);
#4165=ORIENTED_EDGE('',*,*,#3034,.F.);
#4166=ORIENTED_EDGE('',*,*,#3035,.F.);
#4167=ORIENTED_EDGE('',*,*,#3034,.T.);
#4168=ORIENTED_EDGE('',*,*,#3036,.F.);
#4169=ORIENTED_EDGE('',*,*,#3037,.F.);
#4170=ORIENTED_EDGE('',*,*,#3038,.F.);
#4171=ORIENTED_EDGE('',*,*,#3037,.T.);
#4172=ORIENTED_EDGE('',*,*,#3039,.F.);
#4173=ORIENTED_EDGE('',*,*,#3040,.F.);
#4174=ORIENTED_EDGE('',*,*,#3041,.F.);
#4175=ORIENTED_EDGE('',*,*,#3040,.T.);
#4176=ORIENTED_EDGE('',*,*,#3042,.F.);
#4177=ORIENTED_EDGE('',*,*,#3043,.F.);
#4178=ORIENTED_EDGE('',*,*,#3044,.F.);
#4179=ORIENTED_EDGE('',*,*,#3043,.T.);
#4180=ORIENTED_EDGE('',*,*,#3045,.F.);
#4181=ORIENTED_EDGE('',*,*,#3046,.F.);
#4182=ORIENTED_EDGE('',*,*,#3047,.F.);
#4183=ORIENTED_EDGE('',*,*,#3046,.T.);
#4184=ORIENTED_EDGE('',*,*,#3048,.F.);
#4185=ORIENTED_EDGE('',*,*,#3049,.F.);
#4186=ORIENTED_EDGE('',*,*,#3050,.F.);
#4187=ORIENTED_EDGE('',*,*,#3049,.T.);
#4188=ORIENTED_EDGE('',*,*,#3051,.F.);
#4189=ORIENTED_EDGE('',*,*,#3052,.F.);
#4190=ORIENTED_EDGE('',*,*,#3053,.F.);
#4191=ORIENTED_EDGE('',*,*,#3052,.T.);
#4192=ORIENTED_EDGE('',*,*,#3054,.F.);
#4193=ORIENTED_EDGE('',*,*,#3055,.F.);
#4194=ORIENTED_EDGE('',*,*,#3056,.F.);
#4195=ORIENTED_EDGE('',*,*,#3055,.T.);
#4196=ORIENTED_EDGE('',*,*,#3057,.F.);
#4197=ORIENTED_EDGE('',*,*,#3058,.F.);
#4198=ORIENTED_EDGE('',*,*,#3059,.F.);
#4199=ORIENTED_EDGE('',*,*,#3058,.T.);
#4200=ORIENTED_EDGE('',*,*,#3060,.F.);
#4201=ORIENTED_EDGE('',*,*,#3061,.F.);
#4202=ORIENTED_EDGE('',*,*,#3062,.F.);
#4203=ORIENTED_EDGE('',*,*,#3061,.T.);
#4204=ORIENTED_EDGE('',*,*,#3063,.F.);
#4205=ORIENTED_EDGE('',*,*,#3014,.F.);
#4206=ORIENTED_EDGE('',*,*,#3063,.T.);
#4207=ORIENTED_EDGE('',*,*,#3060,.T.);
#4208=ORIENTED_EDGE('',*,*,#3057,.T.);
#4209=ORIENTED_EDGE('',*,*,#3054,.T.);
#4210=ORIENTED_EDGE('',*,*,#3051,.T.);
#4211=ORIENTED_EDGE('',*,*,#3048,.T.);
#4212=ORIENTED_EDGE('',*,*,#3045,.T.);
#4213=ORIENTED_EDGE('',*,*,#3042,.T.);
#4214=ORIENTED_EDGE('',*,*,#3039,.T.);
#4215=ORIENTED_EDGE('',*,*,#3036,.T.);
#4216=ORIENTED_EDGE('',*,*,#3033,.T.);
#4217=ORIENTED_EDGE('',*,*,#3030,.T.);
#4218=ORIENTED_EDGE('',*,*,#3027,.T.);
#4219=ORIENTED_EDGE('',*,*,#3024,.T.);
#4220=ORIENTED_EDGE('',*,*,#3021,.T.);
#4221=ORIENTED_EDGE('',*,*,#3018,.T.);
#4222=ORIENTED_EDGE('',*,*,#3015,.T.);
#4223=ORIENTED_EDGE('',*,*,#3064,.F.);
#4224=ORIENTED_EDGE('',*,*,#3065,.T.);
#4225=ORIENTED_EDGE('',*,*,#3066,.F.);
#4226=ORIENTED_EDGE('',*,*,#3067,.F.);
#4227=ORIENTED_EDGE('',*,*,#3068,.F.);
#4228=ORIENTED_EDGE('',*,*,#3067,.T.);
#4229=ORIENTED_EDGE('',*,*,#3069,.F.);
#4230=ORIENTED_EDGE('',*,*,#3070,.F.);
#4231=ORIENTED_EDGE('',*,*,#3071,.F.);
#4232=ORIENTED_EDGE('',*,*,#3070,.T.);
#4233=ORIENTED_EDGE('',*,*,#3072,.F.);
#4234=ORIENTED_EDGE('',*,*,#3073,.F.);
#4235=ORIENTED_EDGE('',*,*,#3074,.F.);
#4236=ORIENTED_EDGE('',*,*,#3073,.T.);
#4237=ORIENTED_EDGE('',*,*,#3075,.F.);
#4238=ORIENTED_EDGE('',*,*,#3076,.F.);
#4239=ORIENTED_EDGE('',*,*,#3077,.F.);
#4240=ORIENTED_EDGE('',*,*,#3076,.T.);
#4241=ORIENTED_EDGE('',*,*,#3078,.F.);
#4242=ORIENTED_EDGE('',*,*,#3079,.F.);
#4243=ORIENTED_EDGE('',*,*,#3080,.F.);
#4244=ORIENTED_EDGE('',*,*,#3079,.T.);
#4245=ORIENTED_EDGE('',*,*,#3081,.F.);
#4246=ORIENTED_EDGE('',*,*,#3082,.F.);
#4247=ORIENTED_EDGE('',*,*,#3083,.F.);
#4248=ORIENTED_EDGE('',*,*,#3082,.T.);
#4249=ORIENTED_EDGE('',*,*,#3084,.F.);
#4250=ORIENTED_EDGE('',*,*,#3085,.F.);
#4251=ORIENTED_EDGE('',*,*,#3086,.F.);
#4252=ORIENTED_EDGE('',*,*,#3085,.T.);
#4253=ORIENTED_EDGE('',*,*,#3087,.F.);
#4254=ORIENTED_EDGE('',*,*,#3088,.F.);
#4255=ORIENTED_EDGE('',*,*,#3089,.F.);
#4256=ORIENTED_EDGE('',*,*,#3088,.T.);
#4257=ORIENTED_EDGE('',*,*,#3090,.F.);
#4258=ORIENTED_EDGE('',*,*,#3091,.F.);
#4259=ORIENTED_EDGE('',*,*,#3092,.F.);
#4260=ORIENTED_EDGE('',*,*,#3091,.T.);
#4261=ORIENTED_EDGE('',*,*,#3093,.F.);
#4262=ORIENTED_EDGE('',*,*,#3094,.F.);
#4263=ORIENTED_EDGE('',*,*,#3095,.F.);
#4264=ORIENTED_EDGE('',*,*,#3094,.T.);
#4265=ORIENTED_EDGE('',*,*,#3096,.F.);
#4266=ORIENTED_EDGE('',*,*,#3097,.F.);
#4267=ORIENTED_EDGE('',*,*,#3098,.F.);
#4268=ORIENTED_EDGE('',*,*,#3097,.T.);
#4269=ORIENTED_EDGE('',*,*,#3099,.F.);
#4270=ORIENTED_EDGE('',*,*,#3100,.F.);
#4271=ORIENTED_EDGE('',*,*,#3101,.F.);
#4272=ORIENTED_EDGE('',*,*,#3100,.T.);
#4273=ORIENTED_EDGE('',*,*,#3102,.F.);
#4274=ORIENTED_EDGE('',*,*,#3103,.F.);
#4275=ORIENTED_EDGE('',*,*,#3104,.F.);
#4276=ORIENTED_EDGE('',*,*,#3103,.T.);
#4277=ORIENTED_EDGE('',*,*,#3105,.F.);
#4278=ORIENTED_EDGE('',*,*,#3106,.F.);
#4279=ORIENTED_EDGE('',*,*,#3107,.F.);
#4280=ORIENTED_EDGE('',*,*,#3106,.T.);
#4281=ORIENTED_EDGE('',*,*,#3108,.F.);
#4282=ORIENTED_EDGE('',*,*,#3109,.F.);
#4283=ORIENTED_EDGE('',*,*,#3110,.F.);
#4284=ORIENTED_EDGE('',*,*,#3109,.T.);
#4285=ORIENTED_EDGE('',*,*,#3111,.F.);
#4286=ORIENTED_EDGE('',*,*,#3112,.F.);
#4287=ORIENTED_EDGE('',*,*,#3113,.F.);
#4288=ORIENTED_EDGE('',*,*,#3112,.T.);
#4289=ORIENTED_EDGE('',*,*,#3114,.F.);
#4290=ORIENTED_EDGE('',*,*,#3115,.F.);
#4291=ORIENTED_EDGE('',*,*,#3116,.F.);
#4292=ORIENTED_EDGE('',*,*,#3115,.T.);
#4293=ORIENTED_EDGE('',*,*,#3117,.F.);
#4294=ORIENTED_EDGE('',*,*,#3118,.F.);
#4295=ORIENTED_EDGE('',*,*,#3119,.F.);
#4296=ORIENTED_EDGE('',*,*,#3118,.T.);
#4297=ORIENTED_EDGE('',*,*,#3120,.F.);
#4298=ORIENTED_EDGE('',*,*,#3121,.F.);
#4299=ORIENTED_EDGE('',*,*,#3122,.F.);
#4300=ORIENTED_EDGE('',*,*,#3121,.T.);
#4301=ORIENTED_EDGE('',*,*,#3123,.F.);
#4302=ORIENTED_EDGE('',*,*,#3124,.F.);
#4303=ORIENTED_EDGE('',*,*,#3125,.F.);
#4304=ORIENTED_EDGE('',*,*,#3124,.T.);
#4305=ORIENTED_EDGE('',*,*,#3126,.F.);
#4306=ORIENTED_EDGE('',*,*,#3127,.F.);
#4307=ORIENTED_EDGE('',*,*,#3128,.F.);
#4308=ORIENTED_EDGE('',*,*,#3127,.T.);
#4309=ORIENTED_EDGE('',*,*,#3129,.F.);
#4310=ORIENTED_EDGE('',*,*,#3130,.F.);
#4311=ORIENTED_EDGE('',*,*,#3131,.F.);
#4312=ORIENTED_EDGE('',*,*,#3130,.T.);
#4313=ORIENTED_EDGE('',*,*,#3132,.F.);
#4314=ORIENTED_EDGE('',*,*,#3133,.F.);
#4315=ORIENTED_EDGE('',*,*,#3134,.F.);
#4316=ORIENTED_EDGE('',*,*,#3133,.T.);
#4317=ORIENTED_EDGE('',*,*,#3135,.F.);
#4318=ORIENTED_EDGE('',*,*,#3136,.F.);
#4319=ORIENTED_EDGE('',*,*,#3137,.F.);
#4320=ORIENTED_EDGE('',*,*,#3136,.T.);
#4321=ORIENTED_EDGE('',*,*,#3138,.F.);
#4322=ORIENTED_EDGE('',*,*,#3139,.F.);
#4323=ORIENTED_EDGE('',*,*,#3140,.F.);
#4324=ORIENTED_EDGE('',*,*,#3139,.T.);
#4325=ORIENTED_EDGE('',*,*,#3141,.F.);
#4326=ORIENTED_EDGE('',*,*,#3142,.F.);
#4327=ORIENTED_EDGE('',*,*,#3143,.F.);
#4328=ORIENTED_EDGE('',*,*,#3142,.T.);
#4329=ORIENTED_EDGE('',*,*,#3144,.F.);
#4330=ORIENTED_EDGE('',*,*,#3145,.F.);
#4331=ORIENTED_EDGE('',*,*,#3146,.F.);
#4332=ORIENTED_EDGE('',*,*,#3145,.T.);
#4333=ORIENTED_EDGE('',*,*,#3147,.F.);
#4334=ORIENTED_EDGE('',*,*,#3148,.F.);
#4335=ORIENTED_EDGE('',*,*,#3149,.F.);
#4336=ORIENTED_EDGE('',*,*,#3148,.T.);
#4337=ORIENTED_EDGE('',*,*,#3150,.F.);
#4338=ORIENTED_EDGE('',*,*,#3151,.F.);
#4339=ORIENTED_EDGE('',*,*,#3152,.F.);
#4340=ORIENTED_EDGE('',*,*,#3151,.T.);
#4341=ORIENTED_EDGE('',*,*,#3153,.F.);
#4342=ORIENTED_EDGE('',*,*,#3154,.F.);
#4343=ORIENTED_EDGE('',*,*,#3155,.F.);
#4344=ORIENTED_EDGE('',*,*,#3154,.T.);
#4345=ORIENTED_EDGE('',*,*,#3156,.F.);
#4346=ORIENTED_EDGE('',*,*,#3157,.F.);
#4347=ORIENTED_EDGE('',*,*,#3158,.F.);
#4348=ORIENTED_EDGE('',*,*,#3157,.T.);
#4349=ORIENTED_EDGE('',*,*,#3159,.F.);
#4350=ORIENTED_EDGE('',*,*,#3160,.F.);
#4351=ORIENTED_EDGE('',*,*,#3161,.F.);
#4352=ORIENTED_EDGE('',*,*,#3160,.T.);
#4353=ORIENTED_EDGE('',*,*,#3162,.F.);
#4354=ORIENTED_EDGE('',*,*,#3163,.F.);
#4355=ORIENTED_EDGE('',*,*,#3164,.F.);
#4356=ORIENTED_EDGE('',*,*,#3163,.T.);
#4357=ORIENTED_EDGE('',*,*,#3165,.F.);
#4358=ORIENTED_EDGE('',*,*,#3166,.F.);
#4359=ORIENTED_EDGE('',*,*,#3167,.F.);
#4360=ORIENTED_EDGE('',*,*,#3166,.T.);
#4361=ORIENTED_EDGE('',*,*,#3168,.F.);
#4362=ORIENTED_EDGE('',*,*,#3065,.F.);
#4363=ORIENTED_EDGE('',*,*,#3168,.T.);
#4364=ORIENTED_EDGE('',*,*,#3165,.T.);
#4365=ORIENTED_EDGE('',*,*,#3162,.T.);
#4366=ORIENTED_EDGE('',*,*,#3159,.T.);
#4367=ORIENTED_EDGE('',*,*,#3156,.T.);
#4368=ORIENTED_EDGE('',*,*,#3153,.T.);
#4369=ORIENTED_EDGE('',*,*,#3150,.T.);
#4370=ORIENTED_EDGE('',*,*,#3147,.T.);
#4371=ORIENTED_EDGE('',*,*,#3144,.T.);
#4372=ORIENTED_EDGE('',*,*,#3141,.T.);
#4373=ORIENTED_EDGE('',*,*,#3138,.T.);
#4374=ORIENTED_EDGE('',*,*,#3135,.T.);
#4375=ORIENTED_EDGE('',*,*,#3132,.T.);
#4376=ORIENTED_EDGE('',*,*,#3129,.T.);
#4377=ORIENTED_EDGE('',*,*,#3126,.T.);
#4378=ORIENTED_EDGE('',*,*,#3123,.T.);
#4379=ORIENTED_EDGE('',*,*,#3120,.T.);
#4380=ORIENTED_EDGE('',*,*,#3117,.T.);
#4381=ORIENTED_EDGE('',*,*,#3114,.T.);
#4382=ORIENTED_EDGE('',*,*,#3111,.T.);
#4383=ORIENTED_EDGE('',*,*,#3108,.T.);
#4384=ORIENTED_EDGE('',*,*,#3105,.T.);
#4385=ORIENTED_EDGE('',*,*,#3102,.T.);
#4386=ORIENTED_EDGE('',*,*,#3099,.T.);
#4387=ORIENTED_EDGE('',*,*,#3096,.T.);
#4388=ORIENTED_EDGE('',*,*,#3093,.T.);
#4389=ORIENTED_EDGE('',*,*,#3090,.T.);
#4390=ORIENTED_EDGE('',*,*,#3087,.T.);
#4391=ORIENTED_EDGE('',*,*,#3084,.T.);
#4392=ORIENTED_EDGE('',*,*,#3081,.T.);
#4393=ORIENTED_EDGE('',*,*,#3078,.T.);
#4394=ORIENTED_EDGE('',*,*,#3075,.T.);
#4395=ORIENTED_EDGE('',*,*,#3072,.T.);
#4396=ORIENTED_EDGE('',*,*,#3069,.T.);
#4397=ORIENTED_EDGE('',*,*,#3066,.T.);
#4398=ORIENTED_EDGE('',*,*,#3169,.F.);
#4399=ORIENTED_EDGE('',*,*,#3170,.T.);
#4400=ORIENTED_EDGE('',*,*,#3171,.F.);
#4401=ORIENTED_EDGE('',*,*,#3172,.F.);
#4402=ORIENTED_EDGE('',*,*,#3173,.F.);
#4403=ORIENTED_EDGE('',*,*,#3172,.T.);
#4404=ORIENTED_EDGE('',*,*,#3174,.F.);
#4405=ORIENTED_EDGE('',*,*,#3175,.F.);
#4406=ORIENTED_EDGE('',*,*,#3176,.F.);
#4407=ORIENTED_EDGE('',*,*,#3175,.T.);
#4408=ORIENTED_EDGE('',*,*,#3177,.F.);
#4409=ORIENTED_EDGE('',*,*,#3178,.F.);
#4410=ORIENTED_EDGE('',*,*,#3179,.F.);
#4411=ORIENTED_EDGE('',*,*,#3178,.T.);
#4412=ORIENTED_EDGE('',*,*,#3180,.F.);
#4413=ORIENTED_EDGE('',*,*,#3181,.F.);
#4414=ORIENTED_EDGE('',*,*,#3182,.F.);
#4415=ORIENTED_EDGE('',*,*,#3181,.T.);
#4416=ORIENTED_EDGE('',*,*,#3183,.F.);
#4417=ORIENTED_EDGE('',*,*,#3184,.F.);
#4418=ORIENTED_EDGE('',*,*,#3185,.F.);
#4419=ORIENTED_EDGE('',*,*,#3184,.T.);
#4420=ORIENTED_EDGE('',*,*,#3186,.F.);
#4421=ORIENTED_EDGE('',*,*,#3187,.F.);
#4422=ORIENTED_EDGE('',*,*,#3188,.F.);
#4423=ORIENTED_EDGE('',*,*,#3187,.T.);
#4424=ORIENTED_EDGE('',*,*,#3189,.F.);
#4425=ORIENTED_EDGE('',*,*,#3190,.F.);
#4426=ORIENTED_EDGE('',*,*,#3191,.F.);
#4427=ORIENTED_EDGE('',*,*,#3190,.T.);
#4428=ORIENTED_EDGE('',*,*,#3192,.F.);
#4429=ORIENTED_EDGE('',*,*,#3193,.F.);
#4430=ORIENTED_EDGE('',*,*,#3194,.F.);
#4431=ORIENTED_EDGE('',*,*,#3193,.T.);
#4432=ORIENTED_EDGE('',*,*,#3195,.F.);
#4433=ORIENTED_EDGE('',*,*,#3170,.F.);
#4434=ORIENTED_EDGE('',*,*,#3196,.F.);
#4435=ORIENTED_EDGE('',*,*,#3197,.T.);
#4436=ORIENTED_EDGE('',*,*,#3198,.F.);
#4437=ORIENTED_EDGE('',*,*,#3199,.F.);
#4438=ORIENTED_EDGE('',*,*,#3200,.F.);
#4439=ORIENTED_EDGE('',*,*,#3199,.T.);
#4440=ORIENTED_EDGE('',*,*,#3201,.F.);
#4441=ORIENTED_EDGE('',*,*,#3202,.F.);
#4442=ORIENTED_EDGE('',*,*,#3203,.F.);
#4443=ORIENTED_EDGE('',*,*,#3202,.T.);
#4444=ORIENTED_EDGE('',*,*,#3204,.F.);
#4445=ORIENTED_EDGE('',*,*,#3205,.F.);
#4446=ORIENTED_EDGE('',*,*,#3206,.F.);
#4447=ORIENTED_EDGE('',*,*,#3205,.T.);
#4448=ORIENTED_EDGE('',*,*,#3207,.F.);
#4449=ORIENTED_EDGE('',*,*,#3208,.F.);
#4450=ORIENTED_EDGE('',*,*,#3209,.F.);
#4451=ORIENTED_EDGE('',*,*,#3208,.T.);
#4452=ORIENTED_EDGE('',*,*,#3210,.F.);
#4453=ORIENTED_EDGE('',*,*,#3211,.F.);
#4454=ORIENTED_EDGE('',*,*,#3212,.F.);
#4455=ORIENTED_EDGE('',*,*,#3211,.T.);
#4456=ORIENTED_EDGE('',*,*,#3213,.F.);
#4457=ORIENTED_EDGE('',*,*,#3214,.F.);
#4458=ORIENTED_EDGE('',*,*,#3215,.F.);
#4459=ORIENTED_EDGE('',*,*,#3214,.T.);
#4460=ORIENTED_EDGE('',*,*,#3216,.F.);
#4461=ORIENTED_EDGE('',*,*,#3217,.F.);
#4462=ORIENTED_EDGE('',*,*,#3218,.F.);
#4463=ORIENTED_EDGE('',*,*,#3217,.T.);
#4464=ORIENTED_EDGE('',*,*,#3219,.F.);
#4465=ORIENTED_EDGE('',*,*,#3220,.F.);
#4466=ORIENTED_EDGE('',*,*,#3221,.F.);
#4467=ORIENTED_EDGE('',*,*,#3220,.T.);
#4468=ORIENTED_EDGE('',*,*,#3222,.F.);
#4469=ORIENTED_EDGE('',*,*,#3223,.F.);
#4470=ORIENTED_EDGE('',*,*,#3224,.F.);
#4471=ORIENTED_EDGE('',*,*,#3223,.T.);
#4472=ORIENTED_EDGE('',*,*,#3225,.F.);
#4473=ORIENTED_EDGE('',*,*,#3197,.F.);
#4474=ORIENTED_EDGE('',*,*,#3226,.F.);
#4475=ORIENTED_EDGE('',*,*,#3227,.T.);
#4476=ORIENTED_EDGE('',*,*,#3228,.F.);
#4477=ORIENTED_EDGE('',*,*,#3229,.F.);
#4478=ORIENTED_EDGE('',*,*,#3230,.F.);
#4479=ORIENTED_EDGE('',*,*,#3229,.T.);
#4480=ORIENTED_EDGE('',*,*,#3231,.F.);
#4481=ORIENTED_EDGE('',*,*,#3232,.F.);
#4482=ORIENTED_EDGE('',*,*,#3233,.F.);
#4483=ORIENTED_EDGE('',*,*,#3232,.T.);
#4484=ORIENTED_EDGE('',*,*,#3234,.F.);
#4485=ORIENTED_EDGE('',*,*,#3235,.F.);
#4486=ORIENTED_EDGE('',*,*,#3236,.F.);
#4487=ORIENTED_EDGE('',*,*,#3235,.T.);
#4488=ORIENTED_EDGE('',*,*,#3237,.F.);
#4489=ORIENTED_EDGE('',*,*,#3238,.F.);
#4490=ORIENTED_EDGE('',*,*,#3239,.F.);
#4491=ORIENTED_EDGE('',*,*,#3238,.T.);
#4492=ORIENTED_EDGE('',*,*,#3240,.F.);
#4493=ORIENTED_EDGE('',*,*,#3241,.F.);
#4494=ORIENTED_EDGE('',*,*,#3242,.F.);
#4495=ORIENTED_EDGE('',*,*,#3241,.T.);
#4496=ORIENTED_EDGE('',*,*,#3243,.F.);
#4497=ORIENTED_EDGE('',*,*,#3244,.F.);
#4498=ORIENTED_EDGE('',*,*,#3245,.F.);
#4499=ORIENTED_EDGE('',*,*,#3244,.T.);
#4500=ORIENTED_EDGE('',*,*,#3246,.F.);
#4501=ORIENTED_EDGE('',*,*,#3247,.F.);
#4502=ORIENTED_EDGE('',*,*,#3248,.F.);
#4503=ORIENTED_EDGE('',*,*,#3247,.T.);
#4504=ORIENTED_EDGE('',*,*,#3249,.F.);
#4505=ORIENTED_EDGE('',*,*,#3250,.F.);
#4506=ORIENTED_EDGE('',*,*,#3251,.F.);
#4507=ORIENTED_EDGE('',*,*,#3250,.T.);
#4508=ORIENTED_EDGE('',*,*,#3252,.F.);
#4509=ORIENTED_EDGE('',*,*,#3253,.F.);
#4510=ORIENTED_EDGE('',*,*,#3254,.F.);
#4511=ORIENTED_EDGE('',*,*,#3253,.T.);
#4512=ORIENTED_EDGE('',*,*,#3255,.F.);
#4513=ORIENTED_EDGE('',*,*,#3256,.F.);
#4514=ORIENTED_EDGE('',*,*,#3257,.F.);
#4515=ORIENTED_EDGE('',*,*,#3256,.T.);
#4516=ORIENTED_EDGE('',*,*,#3258,.F.);
#4517=ORIENTED_EDGE('',*,*,#3259,.F.);
#4518=ORIENTED_EDGE('',*,*,#3260,.F.);
#4519=ORIENTED_EDGE('',*,*,#3259,.T.);
#4520=ORIENTED_EDGE('',*,*,#3261,.F.);
#4521=ORIENTED_EDGE('',*,*,#3262,.F.);
#4522=ORIENTED_EDGE('',*,*,#3263,.F.);
#4523=ORIENTED_EDGE('',*,*,#3262,.T.);
#4524=ORIENTED_EDGE('',*,*,#3264,.F.);
#4525=ORIENTED_EDGE('',*,*,#3265,.F.);
#4526=ORIENTED_EDGE('',*,*,#3266,.F.);
#4527=ORIENTED_EDGE('',*,*,#3265,.T.);
#4528=ORIENTED_EDGE('',*,*,#3267,.F.);
#4529=ORIENTED_EDGE('',*,*,#3227,.F.);
#4530=ORIENTED_EDGE('',*,*,#3267,.T.);
#4531=ORIENTED_EDGE('',*,*,#3264,.T.);
#4532=ORIENTED_EDGE('',*,*,#3261,.T.);
#4533=ORIENTED_EDGE('',*,*,#3258,.T.);
#4534=ORIENTED_EDGE('',*,*,#3255,.T.);
#4535=ORIENTED_EDGE('',*,*,#3252,.T.);
#4536=ORIENTED_EDGE('',*,*,#3249,.T.);
#4537=ORIENTED_EDGE('',*,*,#3246,.T.);
#4538=ORIENTED_EDGE('',*,*,#3243,.T.);
#4539=ORIENTED_EDGE('',*,*,#3240,.T.);
#4540=ORIENTED_EDGE('',*,*,#3237,.T.);
#4541=ORIENTED_EDGE('',*,*,#3234,.T.);
#4542=ORIENTED_EDGE('',*,*,#3231,.T.);
#4543=ORIENTED_EDGE('',*,*,#3228,.T.);
#4544=ORIENTED_EDGE('',*,*,#3225,.T.);
#4545=ORIENTED_EDGE('',*,*,#3222,.T.);
#4546=ORIENTED_EDGE('',*,*,#3219,.T.);
#4547=ORIENTED_EDGE('',*,*,#3216,.T.);
#4548=ORIENTED_EDGE('',*,*,#3213,.T.);
#4549=ORIENTED_EDGE('',*,*,#3210,.T.);
#4550=ORIENTED_EDGE('',*,*,#3207,.T.);
#4551=ORIENTED_EDGE('',*,*,#3204,.T.);
#4552=ORIENTED_EDGE('',*,*,#3201,.T.);
#4553=ORIENTED_EDGE('',*,*,#3198,.T.);
#4554=ORIENTED_EDGE('',*,*,#3195,.T.);
#4555=ORIENTED_EDGE('',*,*,#3192,.T.);
#4556=ORIENTED_EDGE('',*,*,#3189,.T.);
#4557=ORIENTED_EDGE('',*,*,#3186,.T.);
#4558=ORIENTED_EDGE('',*,*,#3183,.T.);
#4559=ORIENTED_EDGE('',*,*,#3180,.T.);
#4560=ORIENTED_EDGE('',*,*,#3177,.T.);
#4561=ORIENTED_EDGE('',*,*,#3174,.T.);
#4562=ORIENTED_EDGE('',*,*,#3171,.T.);
#4563=ORIENTED_EDGE('',*,*,#3268,.F.);
#4564=ORIENTED_EDGE('',*,*,#3269,.F.);
#4565=ORIENTED_EDGE('',*,*,#3270,.F.);
#4566=ORIENTED_EDGE('',*,*,#3271,.F.);
#4567=ORIENTED_EDGE('',*,*,#3013,.T.);
#4568=ORIENTED_EDGE('',*,*,#3017,.T.);
#4569=ORIENTED_EDGE('',*,*,#3020,.T.);
#4570=ORIENTED_EDGE('',*,*,#3023,.T.);
#4571=ORIENTED_EDGE('',*,*,#3026,.T.);
#4572=ORIENTED_EDGE('',*,*,#3029,.T.);
#4573=ORIENTED_EDGE('',*,*,#3032,.T.);
#4574=ORIENTED_EDGE('',*,*,#3035,.T.);
#4575=ORIENTED_EDGE('',*,*,#3038,.T.);
#4576=ORIENTED_EDGE('',*,*,#3041,.T.);
#4577=ORIENTED_EDGE('',*,*,#3044,.T.);
#4578=ORIENTED_EDGE('',*,*,#3047,.T.);
#4579=ORIENTED_EDGE('',*,*,#3050,.T.);
#4580=ORIENTED_EDGE('',*,*,#3053,.T.);
#4581=ORIENTED_EDGE('',*,*,#3056,.T.);
#4582=ORIENTED_EDGE('',*,*,#3059,.T.);
#4583=ORIENTED_EDGE('',*,*,#3062,.T.);
#4584=ORIENTED_EDGE('',*,*,#3064,.T.);
#4585=ORIENTED_EDGE('',*,*,#3068,.T.);
#4586=ORIENTED_EDGE('',*,*,#3071,.T.);
#4587=ORIENTED_EDGE('',*,*,#3074,.T.);
#4588=ORIENTED_EDGE('',*,*,#3077,.T.);
#4589=ORIENTED_EDGE('',*,*,#3080,.T.);
#4590=ORIENTED_EDGE('',*,*,#3083,.T.);
#4591=ORIENTED_EDGE('',*,*,#3086,.T.);
#4592=ORIENTED_EDGE('',*,*,#3089,.T.);
#4593=ORIENTED_EDGE('',*,*,#3092,.T.);
#4594=ORIENTED_EDGE('',*,*,#3095,.T.);
#4595=ORIENTED_EDGE('',*,*,#3098,.T.);
#4596=ORIENTED_EDGE('',*,*,#3101,.T.);
#4597=ORIENTED_EDGE('',*,*,#3104,.T.);
#4598=ORIENTED_EDGE('',*,*,#3107,.T.);
#4599=ORIENTED_EDGE('',*,*,#3110,.T.);
#4600=ORIENTED_EDGE('',*,*,#3113,.T.);
#4601=ORIENTED_EDGE('',*,*,#3116,.T.);
#4602=ORIENTED_EDGE('',*,*,#3119,.T.);
#4603=ORIENTED_EDGE('',*,*,#3122,.T.);
#4604=ORIENTED_EDGE('',*,*,#3125,.T.);
#4605=ORIENTED_EDGE('',*,*,#3128,.T.);
#4606=ORIENTED_EDGE('',*,*,#3131,.T.);
#4607=ORIENTED_EDGE('',*,*,#3134,.T.);
#4608=ORIENTED_EDGE('',*,*,#3137,.T.);
#4609=ORIENTED_EDGE('',*,*,#3140,.T.);
#4610=ORIENTED_EDGE('',*,*,#3143,.T.);
#4611=ORIENTED_EDGE('',*,*,#3146,.T.);
#4612=ORIENTED_EDGE('',*,*,#3149,.T.);
#4613=ORIENTED_EDGE('',*,*,#3152,.T.);
#4614=ORIENTED_EDGE('',*,*,#3155,.T.);
#4615=ORIENTED_EDGE('',*,*,#3158,.T.);
#4616=ORIENTED_EDGE('',*,*,#3161,.T.);
#4617=ORIENTED_EDGE('',*,*,#3164,.T.);
#4618=ORIENTED_EDGE('',*,*,#3167,.T.);
#4619=ORIENTED_EDGE('',*,*,#3226,.T.);
#4620=ORIENTED_EDGE('',*,*,#3230,.T.);
#4621=ORIENTED_EDGE('',*,*,#3233,.T.);
#4622=ORIENTED_EDGE('',*,*,#3236,.T.);
#4623=ORIENTED_EDGE('',*,*,#3239,.T.);
#4624=ORIENTED_EDGE('',*,*,#3242,.T.);
#4625=ORIENTED_EDGE('',*,*,#3245,.T.);
#4626=ORIENTED_EDGE('',*,*,#3248,.T.);
#4627=ORIENTED_EDGE('',*,*,#3251,.T.);
#4628=ORIENTED_EDGE('',*,*,#3254,.T.);
#4629=ORIENTED_EDGE('',*,*,#3257,.T.);
#4630=ORIENTED_EDGE('',*,*,#3260,.T.);
#4631=ORIENTED_EDGE('',*,*,#3263,.T.);
#4632=ORIENTED_EDGE('',*,*,#3266,.T.);
#4633=ORIENTED_EDGE('',*,*,#3272,.T.);
#4634=ORIENTED_EDGE('',*,*,#3196,.T.);
#4635=ORIENTED_EDGE('',*,*,#3200,.T.);
#4636=ORIENTED_EDGE('',*,*,#3203,.T.);
#4637=ORIENTED_EDGE('',*,*,#3206,.T.);
#4638=ORIENTED_EDGE('',*,*,#3209,.T.);
#4639=ORIENTED_EDGE('',*,*,#3212,.T.);
#4640=ORIENTED_EDGE('',*,*,#3215,.T.);
#4641=ORIENTED_EDGE('',*,*,#3218,.T.);
#4642=ORIENTED_EDGE('',*,*,#3221,.T.);
#4643=ORIENTED_EDGE('',*,*,#3224,.T.);
#4644=ORIENTED_EDGE('',*,*,#3273,.F.);
#4645=ORIENTED_EDGE('',*,*,#3274,.F.);
#4646=ORIENTED_EDGE('',*,*,#3275,.F.);
#4647=ORIENTED_EDGE('',*,*,#3276,.F.);
#4648=ORIENTED_EDGE('',*,*,#3277,.F.);
#4649=ORIENTED_EDGE('',*,*,#3278,.F.);
#4650=ORIENTED_EDGE('',*,*,#3279,.F.);
#4651=ORIENTED_EDGE('',*,*,#3280,.F.);
#4652=ORIENTED_EDGE('',*,*,#3281,.F.);
#4653=ORIENTED_EDGE('',*,*,#3280,.T.);
#4654=ORIENTED_EDGE('',*,*,#3270,.T.);
#4655=ORIENTED_EDGE('',*,*,#3273,.T.);
#4656=ORIENTED_EDGE('',*,*,#3282,.T.);
#4657=ORIENTED_EDGE('',*,*,#3283,.F.);
#4658=ORIENTED_EDGE('',*,*,#3284,.F.);
#4659=ORIENTED_EDGE('',*,*,#3285,.F.);
#4660=ORIENTED_EDGE('',*,*,#3286,.F.);
#4661=ORIENTED_EDGE('',*,*,#3287,.F.);
#4662=ORIENTED_EDGE('',*,*,#3288,.F.);
#4663=ORIENTED_EDGE('',*,*,#3287,.T.);
#4664=ORIENTED_EDGE('',*,*,#3289,.T.);
#4665=ORIENTED_EDGE('',*,*,#3278,.T.);
#4666=ORIENTED_EDGE('',*,*,#2843,.T.);
#4667=ORIENTED_EDGE('',*,*,#3290,.F.);
#4668=ORIENTED_EDGE('',*,*,#3291,.F.);
#4669=ORIENTED_EDGE('',*,*,#3292,.F.);
#4670=ORIENTED_EDGE('',*,*,#3291,.T.);
#4671=ORIENTED_EDGE('',*,*,#2844,.T.);
#4672=ORIENTED_EDGE('',*,*,#3277,.T.);
#4673=ORIENTED_EDGE('',*,*,#3293,.T.);
#4674=ORIENTED_EDGE('',*,*,#3284,.T.);
#4675=ORIENTED_EDGE('',*,*,#3294,.T.);
#4676=ORIENTED_EDGE('',*,*,#3292,.T.);
#4677=ORIENTED_EDGE('',*,*,#3295,.T.);
#4678=ORIENTED_EDGE('',*,*,#3296,.F.);
#4679=ORIENTED_EDGE('',*,*,#3297,.F.);
#4680=ORIENTED_EDGE('',*,*,#3298,.F.);
#4681=ORIENTED_EDGE('',*,*,#3297,.T.);
#4682=ORIENTED_EDGE('',*,*,#3299,.T.);
#4683=ORIENTED_EDGE('',*,*,#3283,.T.);
#4684=ORIENTED_EDGE('',*,*,#3268,.T.);
#4685=ORIENTED_EDGE('',*,*,#3279,.T.);
#4686=ORIENTED_EDGE('',*,*,#3300,.T.);
#4687=ORIENTED_EDGE('',*,*,#3298,.T.);
#4688=ORIENTED_EDGE('',*,*,#3271,.T.);
#4689=ORIENTED_EDGE('',*,*,#3301,.F.);
#4690=ORIENTED_EDGE('',*,*,#3302,.F.);
#4691=ORIENTED_EDGE('',*,*,#3303,.F.);
#4692=ORIENTED_EDGE('',*,*,#3302,.T.);
#4693=ORIENTED_EDGE('',*,*,#2845,.T.);
#4694=ORIENTED_EDGE('',*,*,#3290,.T.);
#4695=ORIENTED_EDGE('',*,*,#3304,.T.);
#4696=ORIENTED_EDGE('',*,*,#3296,.T.);
#4697=ORIENTED_EDGE('',*,*,#3305,.T.);
#4698=ORIENTED_EDGE('',*,*,#3303,.T.);
#4699=ORIENTED_EDGE('',*,*,#3306,.T.);
#4700=ORIENTED_EDGE('',*,*,#3301,.T.);
#4701=ORIENTED_EDGE('',*,*,#3307,.T.);
#4702=ORIENTED_EDGE('',*,*,#3288,.T.);
#4703=ORIENTED_EDGE('',*,*,#2846,.T.);
#4704=ORIENTED_EDGE('',*,*,#3286,.T.);
#4705=ORIENTED_EDGE('',*,*,#3308,.T.);
#4706=ORIENTED_EDGE('',*,*,#3281,.T.);
#4707=ORIENTED_EDGE('',*,*,#3309,.T.);
#4708=ORIENTED_EDGE('',*,*,#3274,.T.);
#4709=ORIENTED_EDGE('',*,*,#3269,.T.);
#4710=ORIENTED_EDGE('',*,*,#3285,.T.);
#4711=ORIENTED_EDGE('',*,*,#3310,.T.);
#4712=ORIENTED_EDGE('',*,*,#3276,.T.);
#4713=ORIENTED_EDGE('',*,*,#3311,.T.);
#4714=ORIENTED_EDGE('',*,*,#3275,.T.);
#4715=ORIENTED_EDGE('',*,*,#3312,.T.);
#4716=ORIENTED_EDGE('',*,*,#3289,.F.);
#4717=ORIENTED_EDGE('',*,*,#3309,.F.);
#4718=ORIENTED_EDGE('',*,*,#3282,.F.);
#4719=ORIENTED_EDGE('',*,*,#3311,.F.);
#4720=ORIENTED_EDGE('',*,*,#2959,.T.);
#4721=ORIENTED_EDGE('',*,*,#2963,.T.);
#4722=ORIENTED_EDGE('',*,*,#2966,.T.);
#4723=ORIENTED_EDGE('',*,*,#2969,.T.);
#4724=ORIENTED_EDGE('',*,*,#2972,.T.);
#4725=ORIENTED_EDGE('',*,*,#2975,.T.);
#4726=ORIENTED_EDGE('',*,*,#2978,.T.);
#4727=ORIENTED_EDGE('',*,*,#2981,.T.);
#4728=ORIENTED_EDGE('',*,*,#2984,.T.);
#4729=ORIENTED_EDGE('',*,*,#2987,.T.);
#4730=ORIENTED_EDGE('',*,*,#3293,.F.);
#4731=ORIENTED_EDGE('',*,*,#3312,.F.);
#4732=ORIENTED_EDGE('',*,*,#3310,.F.);
#4733=ORIENTED_EDGE('',*,*,#3295,.F.);
#4734=ORIENTED_EDGE('',*,*,#3294,.F.);
#4735=ORIENTED_EDGE('',*,*,#3299,.F.);
#4736=ORIENTED_EDGE('',*,*,#3306,.F.);
#4737=ORIENTED_EDGE('',*,*,#3304,.F.);
#4738=ORIENTED_EDGE('',*,*,#3169,.T.);
#4739=ORIENTED_EDGE('',*,*,#3173,.T.);
#4740=ORIENTED_EDGE('',*,*,#3176,.T.);
#4741=ORIENTED_EDGE('',*,*,#3179,.T.);
#4742=ORIENTED_EDGE('',*,*,#3182,.T.);
#4743=ORIENTED_EDGE('',*,*,#3185,.T.);
#4744=ORIENTED_EDGE('',*,*,#3188,.T.);
#4745=ORIENTED_EDGE('',*,*,#3191,.T.);
#4746=ORIENTED_EDGE('',*,*,#3194,.T.);
#4747=ORIENTED_EDGE('',*,*,#3300,.F.);
#4748=ORIENTED_EDGE('',*,*,#3308,.F.);
#4749=ORIENTED_EDGE('',*,*,#3307,.F.);
#4750=ORIENTED_EDGE('',*,*,#3305,.F.);
#4751=ORIENTED_EDGE('',*,*,#3313,.T.);
#4752=ORIENTED_EDGE('',*,*,#3314,.T.);
#4753=ORIENTED_EDGE('',*,*,#3315,.T.);
#4754=ORIENTED_EDGE('',*,*,#3316,.T.);
#4755=ORIENTED_EDGE('',*,*,#3317,.F.);
#4756=ORIENTED_EDGE('',*,*,#3318,.F.);
#4757=ORIENTED_EDGE('',*,*,#3315,.F.);
#4758=ORIENTED_EDGE('',*,*,#3319,.T.);
#4759=ORIENTED_EDGE('',*,*,#3320,.F.);
#4760=ORIENTED_EDGE('',*,*,#3319,.F.);
#4761=ORIENTED_EDGE('',*,*,#3314,.F.);
#4762=ORIENTED_EDGE('',*,*,#3321,.T.);
#4763=ORIENTED_EDGE('',*,*,#3322,.F.);
#4764=ORIENTED_EDGE('',*,*,#3321,.F.);
#4765=ORIENTED_EDGE('',*,*,#3313,.F.);
#4766=ORIENTED_EDGE('',*,*,#3323,.T.);
#4767=ORIENTED_EDGE('',*,*,#3324,.F.);
#4768=ORIENTED_EDGE('',*,*,#3323,.F.);
#4769=ORIENTED_EDGE('',*,*,#3316,.F.);
#4770=ORIENTED_EDGE('',*,*,#3318,.T.);
#4771=ORIENTED_EDGE('',*,*,#3272,.F.);
#4772=ORIENTED_EDGE('',*,*,#3325,.T.);
#4773=ORIENTED_EDGE('',*,*,#3326,.F.);
#4774=ORIENTED_EDGE('',*,*,#3325,.F.);
#4775=ORIENTED_EDGE('',*,*,#2859,.F.);
#4776=ORIENTED_EDGE('',*,*,#3327,.T.);
#4777=ORIENTED_EDGE('',*,*,#3328,.F.);
#4778=ORIENTED_EDGE('',*,*,#3327,.F.);
#4779=ORIENTED_EDGE('',*,*,#3329,.F.);
#4780=ORIENTED_EDGE('',*,*,#3330,.T.);
#4781=ORIENTED_EDGE('',*,*,#3331,.T.);
#4782=ORIENTED_EDGE('',*,*,#3332,.F.);
#4783=ORIENTED_EDGE('',*,*,#3333,.F.);
#4784=ORIENTED_EDGE('',*,*,#3334,.T.);
#4785=ORIENTED_EDGE('',*,*,#3335,.T.);
#4786=ORIENTED_EDGE('',*,*,#3330,.F.);
#4787=ORIENTED_EDGE('',*,*,#3326,.T.);
#4788=ORIENTED_EDGE('',*,*,#3336,.F.);
#4789=ORIENTED_EDGE('',*,*,#3337,.T.);
#4790=ORIENTED_EDGE('',*,*,#3338,.T.);
#4791=ORIENTED_EDGE('',*,*,#3334,.F.);
#4792=ORIENTED_EDGE('',*,*,#3339,.F.);
#4793=ORIENTED_EDGE('',*,*,#3332,.T.);
#4794=ORIENTED_EDGE('',*,*,#3340,.T.);
#4795=ORIENTED_EDGE('',*,*,#3337,.F.);
#4796=ORIENTED_EDGE('',*,*,#3328,.T.);
#4797=ORIENTED_EDGE('',*,*,#3340,.F.);
#4798=ORIENTED_EDGE('',*,*,#3331,.F.);
#4799=ORIENTED_EDGE('',*,*,#3335,.F.);
#4800=ORIENTED_EDGE('',*,*,#3338,.F.);
#4801=ORIENTED_EDGE('',*,*,#3322,.T.);
#4802=ORIENTED_EDGE('',*,*,#3324,.T.);
#4803=ORIENTED_EDGE('',*,*,#3317,.T.);
#4804=ORIENTED_EDGE('',*,*,#3320,.T.);
#4805=ORIENTED_EDGE('',*,*,#3339,.T.);
#4806=ORIENTED_EDGE('',*,*,#3336,.T.);
#4807=ORIENTED_EDGE('',*,*,#3333,.T.);
#4808=ORIENTED_EDGE('',*,*,#3329,.T.);
#4809=ORIENTED_EDGE('',*,*,#2759,.T.);
#4810=ORIENTED_EDGE('',*,*,#2769,.T.);
#4811=ORIENTED_EDGE('',*,*,#2766,.T.);
#4812=ORIENTED_EDGE('',*,*,#2763,.T.);
#4813=ORIENTED_EDGE('',*,*,#2771,.T.);
#4814=ORIENTED_EDGE('',*,*,#2781,.T.);
#4815=ORIENTED_EDGE('',*,*,#2778,.T.);
#4816=ORIENTED_EDGE('',*,*,#2775,.T.);
#4817=CONICAL_SURFACE('',#5140,0.63225,1.02974425867665);
#4818=CONICAL_SURFACE('',#5144,0.63225,1.02974425867665);
#4819=CONICAL_SURFACE('',#5148,0.63225,1.02974425867665);
#4820=CONICAL_SURFACE('',#5152,0.63225,1.02974425867665);
#4821=ADVANCED_FACE('',(#599),#4817,.F.);
#4822=ADVANCED_FACE('',(#600),#581,.F.);
#4823=ADVANCED_FACE('',(#601),#4818,.F.);
#4824=ADVANCED_FACE('',(#602),#582,.F.);
#4825=ADVANCED_FACE('',(#603),#4819,.F.);
#4826=ADVANCED_FACE('',(#604),#583,.F.);
#4827=ADVANCED_FACE('',(#605),#4820,.F.);
#4828=ADVANCED_FACE('',(#606),#584,.F.);
#4829=ADVANCED_FACE('',(#607),#459,.T.);
#4830=ADVANCED_FACE('',(#608),#460,.T.);
#4831=ADVANCED_FACE('',(#609),#461,.T.);
#4832=ADVANCED_FACE('',(#610,#427),#462,.T.);
#4833=ADVANCED_FACE('',(#611),#463,.T.);
#4834=ADVANCED_FACE('',(#612),#464,.T.);
#4835=ADVANCED_FACE('',(#613),#465,.T.);
#4836=ADVANCED_FACE('',(#614,#428),#466,.T.);
#4837=ADVANCED_FACE('',(#615),#467,.T.);
#4838=ADVANCED_FACE('',(#616),#468,.T.);
#4839=ADVANCED_FACE('',(#617),#469,.T.);
#4840=ADVANCED_FACE('',(#618,#429),#470,.T.);
#4841=ADVANCED_FACE('',(#619),#471,.T.);
#4842=ADVANCED_FACE('',(#620),#472,.T.);
#4843=ADVANCED_FACE('',(#621),#473,.T.);
#4844=ADVANCED_FACE('',(#622),#474,.T.);
#4845=ADVANCED_FACE('',(#623,#430),#475,.T.);
#4846=ADVANCED_FACE('',(#624),#476,.F.);
#4847=ADVANCED_FACE('',(#625),#477,.F.);
#4848=ADVANCED_FACE('',(#626),#478,.F.);
#4849=ADVANCED_FACE('',(#627),#479,.F.);
#4850=ADVANCED_FACE('',(#628),#480,.F.);
#4851=ADVANCED_FACE('',(#629),#481,.F.);
#4852=ADVANCED_FACE('',(#630),#482,.F.);
#4853=ADVANCED_FACE('',(#631),#483,.F.);
#4854=ADVANCED_FACE('',(#632),#484,.F.);
#4855=ADVANCED_FACE('',(#633),#485,.F.);
#4856=ADVANCED_FACE('',(#634),#486,.F.);
#4857=ADVANCED_FACE('',(#635),#487,.F.);
#4858=ADVANCED_FACE('',(#636),#488,.F.);
#4859=ADVANCED_FACE('',(#637),#489,.F.);
#4860=ADVANCED_FACE('',(#638),#490,.F.);
#4861=ADVANCED_FACE('',(#639),#491,.F.);
#4862=ADVANCED_FACE('',(#640),#492,.F.);
#4863=ADVANCED_FACE('',(#641,#431,#432),#493,.T.);
#4864=ADVANCED_FACE('',(#642),#494,.T.);
#4865=ADVANCED_FACE('',(#643,#433,#434),#495,.T.);
#4866=ADVANCED_FACE('',(#644),#496,.T.);
#4867=ADVANCED_FACE('',(#645),#497,.T.);
#4868=ADVANCED_FACE('',(#646),#498,.T.);
#4869=ADVANCED_FACE('',(#647),#499,.T.);
#4870=ADVANCED_FACE('',(#648,#435,#436),#500,.T.);
#4871=ADVANCED_FACE('',(#649),#501,.T.);
#4872=ADVANCED_FACE('',(#650),#502,.T.);
#4873=ADVANCED_FACE('',(#651,#437,#438),#503,.T.);
#4874=ADVANCED_FACE('',(#652),#504,.T.);
#4875=ADVANCED_FACE('',(#653),#505,.T.);
#4876=ADVANCED_FACE('',(#654),#506,.T.);
#4877=ADVANCED_FACE('',(#655),#507,.T.);
#4878=ADVANCED_FACE('',(#656),#508,.T.);
#4879=ADVANCED_FACE('',(#657),#509,.T.);
#4880=ADVANCED_FACE('',(#658),#510,.F.);
#4881=ADVANCED_FACE('',(#659),#511,.F.);
#4882=ADVANCED_FACE('',(#660),#512,.F.);
#4883=ADVANCED_FACE('',(#661),#513,.F.);
#4884=ADVANCED_FACE('',(#662),#514,.F.);
#4885=ADVANCED_FACE('',(#663),#515,.F.);
#4886=ADVANCED_FACE('',(#664),#516,.F.);
#4887=ADVANCED_FACE('',(#665),#517,.F.);
#4888=ADVANCED_FACE('',(#666),#518,.F.);
#4889=ADVANCED_FACE('',(#667),#519,.F.);
#4890=ADVANCED_FACE('',(#668),#520,.F.);
#4891=ADVANCED_FACE('',(#669),#287,.T.);
#4892=ADVANCED_FACE('',(#670),#288,.T.);
#4893=ADVANCED_FACE('',(#671),#289,.T.);
#4894=ADVANCED_FACE('',(#672),#290,.T.);
#4895=ADVANCED_FACE('',(#673),#291,.T.);
#4896=ADVANCED_FACE('',(#674),#292,.T.);
#4897=ADVANCED_FACE('',(#675),#293,.T.);
#4898=ADVANCED_FACE('',(#676),#294,.T.);
#4899=ADVANCED_FACE('',(#677),#295,.T.);
#4900=ADVANCED_FACE('',(#678),#296,.T.);
#4901=ADVANCED_FACE('',(#679),#297,.T.);
#4902=ADVANCED_FACE('',(#680),#298,.T.);
#4903=ADVANCED_FACE('',(#681),#299,.T.);
#4904=ADVANCED_FACE('',(#682),#300,.T.);
#4905=ADVANCED_FACE('',(#683),#301,.T.);
#4906=ADVANCED_FACE('',(#684),#302,.T.);
#4907=ADVANCED_FACE('',(#685),#303,.T.);
#4908=ADVANCED_FACE('',(#686),#304,.T.);
#4909=ADVANCED_FACE('',(#687),#305,.T.);
#4910=ADVANCED_FACE('',(#688),#306,.T.);
#4911=ADVANCED_FACE('',(#689,#439),#521,.T.);
#4912=ADVANCED_FACE('',(#690,#440,#441,#442,#443),#522,.T.);
#4913=ADVANCED_FACE('',(#691),#523,.T.);
#4914=ADVANCED_FACE('',(#692),#307,.T.);
#4915=ADVANCED_FACE('',(#693),#308,.T.);
#4916=ADVANCED_FACE('',(#694),#309,.T.);
#4917=ADVANCED_FACE('',(#695),#310,.T.);
#4918=ADVANCED_FACE('',(#696),#311,.T.);
#4919=ADVANCED_FACE('',(#697),#312,.T.);
#4920=ADVANCED_FACE('',(#698),#524,.T.);
#4921=ADVANCED_FACE('',(#699),#525,.T.);
#4922=ADVANCED_FACE('',(#700),#526,.T.);
#4923=ADVANCED_FACE('',(#701),#313,.T.);
#4924=ADVANCED_FACE('',(#702),#314,.T.);
#4925=ADVANCED_FACE('',(#703),#315,.T.);
#4926=ADVANCED_FACE('',(#704),#316,.T.);
#4927=ADVANCED_FACE('',(#705),#317,.T.);
#4928=ADVANCED_FACE('',(#706),#318,.T.);
#4929=ADVANCED_FACE('',(#707),#319,.T.);
#4930=ADVANCED_FACE('',(#708),#527,.T.);
#4931=ADVANCED_FACE('',(#709),#528,.T.);
#4932=ADVANCED_FACE('',(#710),#529,.T.);
#4933=ADVANCED_FACE('',(#711),#530,.T.);
#4934=ADVANCED_FACE('',(#712),#320,.T.);
#4935=ADVANCED_FACE('',(#713),#321,.T.);
#4936=ADVANCED_FACE('',(#714),#322,.T.);
#4937=ADVANCED_FACE('',(#715),#323,.T.);
#4938=ADVANCED_FACE('',(#716),#324,.T.);
#4939=ADVANCED_FACE('',(#717),#325,.T.);
#4940=ADVANCED_FACE('',(#718),#326,.T.);
#4941=ADVANCED_FACE('',(#719),#327,.T.);
#4942=ADVANCED_FACE('',(#720),#328,.T.);
#4943=ADVANCED_FACE('',(#721),#329,.T.);
#4944=ADVANCED_FACE('',(#722),#330,.T.);
#4945=ADVANCED_FACE('',(#723),#531,.T.);
#4946=ADVANCED_FACE('',(#724,#444,#445),#532,.T.);
#4947=ADVANCED_FACE('',(#725),#533,.T.);
#4948=ADVANCED_FACE('',(#726),#534,.T.);
#4949=ADVANCED_FACE('',(#727),#535,.T.);
#4950=ADVANCED_FACE('',(#728),#331,.T.);
#4951=ADVANCED_FACE('',(#729),#332,.T.);
#4952=ADVANCED_FACE('',(#730),#333,.T.);
#4953=ADVANCED_FACE('',(#731),#334,.T.);
#4954=ADVANCED_FACE('',(#732),#335,.T.);
#4955=ADVANCED_FACE('',(#733),#336,.T.);
#4956=ADVANCED_FACE('',(#734),#337,.T.);
#4957=ADVANCED_FACE('',(#735),#536,.T.);
#4958=ADVANCED_FACE('',(#736),#537,.T.);
#4959=ADVANCED_FACE('',(#737),#538,.T.);
#4960=ADVANCED_FACE('',(#738),#539,.T.);
#4961=ADVANCED_FACE('',(#739),#338,.T.);
#4962=ADVANCED_FACE('',(#740),#339,.T.);
#4963=ADVANCED_FACE('',(#741),#340,.T.);
#4964=ADVANCED_FACE('',(#742),#341,.T.);
#4965=ADVANCED_FACE('',(#743),#342,.T.);
#4966=ADVANCED_FACE('',(#744),#343,.T.);
#4967=ADVANCED_FACE('',(#745),#344,.T.);
#4968=ADVANCED_FACE('',(#746),#345,.T.);
#4969=ADVANCED_FACE('',(#747),#346,.T.);
#4970=ADVANCED_FACE('',(#748),#540,.T.);
#4971=ADVANCED_FACE('',(#749,#446),#541,.T.);
#4972=ADVANCED_FACE('',(#750),#542,.T.);
#4973=ADVANCED_FACE('',(#751),#543,.T.);
#4974=ADVANCED_FACE('',(#752),#544,.T.);
#4975=ADVANCED_FACE('',(#753),#347,.T.);
#4976=ADVANCED_FACE('',(#754),#348,.T.);
#4977=ADVANCED_FACE('',(#755),#349,.T.);
#4978=ADVANCED_FACE('',(#756),#350,.T.);
#4979=ADVANCED_FACE('',(#757),#351,.T.);
#4980=ADVANCED_FACE('',(#758),#352,.T.);
#4981=ADVANCED_FACE('',(#759),#545,.T.);
#4982=ADVANCED_FACE('',(#760),#546,.T.);
#4983=ADVANCED_FACE('',(#761),#547,.T.);
#4984=ADVANCED_FACE('',(#762),#353,.T.);
#4985=ADVANCED_FACE('',(#763),#354,.T.);
#4986=ADVANCED_FACE('',(#764),#355,.T.);
#4987=ADVANCED_FACE('',(#765),#356,.T.);
#4988=ADVANCED_FACE('',(#766),#357,.T.);
#4989=ADVANCED_FACE('',(#767),#548,.T.);
#4990=ADVANCED_FACE('',(#768),#549,.T.);
#4991=ADVANCED_FACE('',(#769),#550,.T.);
#4992=ADVANCED_FACE('',(#770),#358,.T.);
#4993=ADVANCED_FACE('',(#771),#359,.T.);
#4994=ADVANCED_FACE('',(#772),#360,.T.);
#4995=ADVANCED_FACE('',(#773),#361,.T.);
#4996=ADVANCED_FACE('',(#774),#362,.T.);
#4997=ADVANCED_FACE('',(#775),#363,.T.);
#4998=ADVANCED_FACE('',(#776),#364,.T.);
#4999=ADVANCED_FACE('',(#777),#365,.T.);
#5000=ADVANCED_FACE('',(#778),#366,.T.);
#5001=ADVANCED_FACE('',(#779),#367,.T.);
#5002=ADVANCED_FACE('',(#780),#368,.T.);
#5003=ADVANCED_FACE('',(#781),#369,.T.);
#5004=ADVANCED_FACE('',(#782),#370,.T.);
#5005=ADVANCED_FACE('',(#783),#371,.T.);
#5006=ADVANCED_FACE('',(#784),#372,.T.);
#5007=ADVANCED_FACE('',(#785),#373,.T.);
#5008=ADVANCED_FACE('',(#786),#374,.T.);
#5009=ADVANCED_FACE('',(#787),#375,.T.);
#5010=ADVANCED_FACE('',(#788),#551,.T.);
#5011=ADVANCED_FACE('',(#789),#376,.T.);
#5012=ADVANCED_FACE('',(#790),#377,.T.);
#5013=ADVANCED_FACE('',(#791),#378,.T.);
#5014=ADVANCED_FACE('',(#792),#379,.T.);
#5015=ADVANCED_FACE('',(#793),#380,.T.);
#5016=ADVANCED_FACE('',(#794),#381,.T.);
#5017=ADVANCED_FACE('',(#795),#382,.T.);
#5018=ADVANCED_FACE('',(#796),#383,.T.);
#5019=ADVANCED_FACE('',(#797),#384,.T.);
#5020=ADVANCED_FACE('',(#798),#385,.T.);
#5021=ADVANCED_FACE('',(#799),#386,.T.);
#5022=ADVANCED_FACE('',(#800),#387,.T.);
#5023=ADVANCED_FACE('',(#801),#388,.T.);
#5024=ADVANCED_FACE('',(#802),#389,.T.);
#5025=ADVANCED_FACE('',(#803),#390,.T.);
#5026=ADVANCED_FACE('',(#804),#552,.T.);
#5027=ADVANCED_FACE('',(#805),#553,.T.);
#5028=ADVANCED_FACE('',(#806),#391,.T.);
#5029=ADVANCED_FACE('',(#807),#392,.T.);
#5030=ADVANCED_FACE('',(#808),#393,.T.);
#5031=ADVANCED_FACE('',(#809),#394,.T.);
#5032=ADVANCED_FACE('',(#810),#395,.T.);
#5033=ADVANCED_FACE('',(#811),#396,.T.);
#5034=ADVANCED_FACE('',(#812),#554,.T.);
#5035=ADVANCED_FACE('',(#813),#555,.T.);
#5036=ADVANCED_FACE('',(#814),#556,.T.);
#5037=ADVANCED_FACE('',(#815),#397,.T.);
#5038=ADVANCED_FACE('',(#816),#398,.T.);
#5039=ADVANCED_FACE('',(#817),#399,.T.);
#5040=ADVANCED_FACE('',(#818),#400,.T.);
#5041=ADVANCED_FACE('',(#819),#401,.T.);
#5042=ADVANCED_FACE('',(#820),#402,.T.);
#5043=ADVANCED_FACE('',(#821),#403,.T.);
#5044=ADVANCED_FACE('',(#822),#557,.T.);
#5045=ADVANCED_FACE('',(#823),#558,.T.);
#5046=ADVANCED_FACE('',(#824),#559,.T.);
#5047=ADVANCED_FACE('',(#825),#560,.T.);
#5048=ADVANCED_FACE('',(#826),#404,.T.);
#5049=ADVANCED_FACE('',(#827),#405,.T.);
#5050=ADVANCED_FACE('',(#828),#406,.T.);
#5051=ADVANCED_FACE('',(#829),#407,.T.);
#5052=ADVANCED_FACE('',(#830),#408,.T.);
#5053=ADVANCED_FACE('',(#831),#409,.T.);
#5054=ADVANCED_FACE('',(#832),#410,.T.);
#5055=ADVANCED_FACE('',(#833),#411,.T.);
#5056=ADVANCED_FACE('',(#834),#412,.T.);
#5057=ADVANCED_FACE('',(#835),#413,.T.);
#5058=ADVANCED_FACE('',(#836),#414,.T.);
#5059=ADVANCED_FACE('',(#837),#561,.T.);
#5060=ADVANCED_FACE('',(#838,#447,#448),#562,.T.);
#5061=ADVANCED_FACE('',(#839,#449,#450,#451,#452),#563,.T.);
#5062=ADVANCED_FACE('',(#840),#564,.T.);
#5063=ADVANCED_FACE('',(#841),#23,.T.);
#5064=ADVANCED_FACE('',(#842),#24,.T.);
#5065=ADVANCED_FACE('',(#843),#25,.T.);
#5066=ADVANCED_FACE('',(#844),#585,.T.);
#5067=ADVANCED_FACE('',(#845),#26,.T.);
#5068=ADVANCED_FACE('',(#846),#27,.T.);
#5069=ADVANCED_FACE('',(#847),#586,.T.);
#5070=ADVANCED_FACE('',(#848),#28,.T.);
#5071=ADVANCED_FACE('',(#849),#587,.T.);
#5072=ADVANCED_FACE('',(#850),#588,.T.);
#5073=ADVANCED_FACE('',(#851),#29,.T.);
#5074=ADVANCED_FACE('',(#852),#589,.T.);
#5075=ADVANCED_FACE('',(#853),#590,.T.);
#5076=ADVANCED_FACE('',(#854),#30,.T.);
#5077=ADVANCED_FACE('',(#855),#591,.T.);
#5078=ADVANCED_FACE('',(#856),#592,.T.);
#5079=ADVANCED_FACE('',(#857),#593,.T.);
#5080=ADVANCED_FACE('',(#858),#594,.T.);
#5081=ADVANCED_FACE('',(#859),#595,.T.);
#5082=ADVANCED_FACE('',(#860),#596,.T.);
#5083=ADVANCED_FACE('',(#861),#565,.T.);
#5084=ADVANCED_FACE('',(#862),#566,.T.);
#5085=ADVANCED_FACE('',(#863),#567,.F.);
#5086=ADVANCED_FACE('',(#864),#568,.T.);
#5087=ADVANCED_FACE('',(#865),#569,.T.);
#5088=ADVANCED_FACE('',(#866,#453),#570,.T.);
#5089=ADVANCED_FACE('',(#867),#571,.F.);
#5090=ADVANCED_FACE('',(#868),#572,.F.);
#5091=ADVANCED_FACE('',(#869),#573,.F.);
#5092=ADVANCED_FACE('',(#870),#574,.F.);
#5093=ADVANCED_FACE('',(#871),#597,.F.);
#5094=ADVANCED_FACE('',(#872),#598,.F.);
#5095=ADVANCED_FACE('',(#873),#575,.F.);
#5096=ADVANCED_FACE('',(#874,#454),#576,.F.);
#5097=ADVANCED_FACE('',(#875),#577,.F.);
#5098=ADVANCED_FACE('',(#876,#455),#578,.F.);
#5099=ADVANCED_FACE('',(#877,#456),#579,.F.);
#5100=ADVANCED_FACE('',(#878,#457,#458),#580,.T.);
#5101=CLOSED_SHELL('',(#4821,#4822,#4823,#4824,#4825,#4826,#4827,#4828,
#4829,#4830,#4831,#4832,#4833,#4834,#4835,#4836,#4837,#4838,#4839,#4840,
#4841,#4842,#4843,#4844,#4845,#4846));
#5102=CLOSED_SHELL('',(#4847,#4848,#4849,#4850,#4851,#4852,#4853,#4854,
#4855,#4856,#4857,#4858,#4859,#4860,#4861,#4862,#4863,#4864,#4865,#4866,
#4867,#4868,#4869,#4870,#4871,#4872,#4873,#4874,#4875,#4876,#4877,#4878,
#4879,#4880));
#5103=CLOSED_SHELL('',(#4881,#4882,#4883,#4884,#4885,#4886,#4887,#4888,
#4889,#4890,#4891,#4892,#4893,#4894,#4895,#4896,#4897,#4898,#4899,#4900,
#4901,#4902,#4903,#4904,#4905,#4906,#4907,#4908,#4909,#4910,#4911,#4912,
#4913,#4914,#4915,#4916,#4917,#4918,#4919,#4920,#4921,#4922,#4923,#4924,
#4925,#4926,#4927,#4928,#4929,#4930,#4931,#4932,#4933,#4934,#4935,#4936,
#4937,#4938,#4939,#4940,#4941,#4942,#4943,#4944,#4945,#4946,#4947,#4948,
#4949,#4950,#4951,#4952,#4953,#4954,#4955,#4956,#4957,#4958,#4959,#4960,
#4961,#4962,#4963,#4964,#4965,#4966,#4967,#4968,#4969,#4970,#4971,#4972,
#4973,#4974,#4975,#4976,#4977,#4978,#4979,#4980,#4981,#4982,#4983,#4984,
#4985,#4986,#4987,#4988,#4989,#4990,#4991,#4992,#4993,#4994,#4995,#4996,
#4997,#4998,#4999,#5000,#5001,#5002,#5003,#5004,#5005,#5006,#5007,#5008,
#5009,#5010,#5011,#5012,#5013,#5014,#5015,#5016,#5017,#5018,#5019,#5020,
#5021,#5022,#5023,#5024,#5025,#5026,#5027,#5028,#5029,#5030,#5031,#5032,
#5033,#5034,#5035,#5036,#5037,#5038,#5039,#5040,#5041,#5042,#5043,#5044,
#5045,#5046,#5047,#5048,#5049,#5050,#5051,#5052,#5053,#5054,#5055,#5056,
#5057,#5058,#5059,#5060,#5061,#5062,#5063,#5064,#5065,#5066,#5067,#5068,
#5069,#5070,#5071,#5072,#5073,#5074,#5075,#5076,#5077,#5078,#5079,#5080,
#5081,#5082,#5083,#5084,#5085,#5086,#5087,#5088,#5089,#5090,#5091,#5092,
#5093,#5094,#5095,#5096,#5097,#5098,#5099,#5100));
#5104=DERIVED_UNIT_ELEMENT(#5110,1.);
#5105=DERIVED_UNIT_ELEMENT(#9865,-3.);
#5106=DERIVED_UNIT_ELEMENT(#5110,1.);
#5107=DERIVED_UNIT_ELEMENT(#9865,-3.);
#5108=DERIVED_UNIT_ELEMENT(#5110,1.);
#5109=DERIVED_UNIT_ELEMENT(#9865,-3.);
#5110=(
MASS_UNIT()
NAMED_UNIT(*)
SI_UNIT(.KILO.,.GRAM.)
);
#5111=DERIVED_UNIT((#5104,#5105));
#5112=DERIVED_UNIT((#5106,#5107));
#5113=DERIVED_UNIT((#5108,#5109));
#5114=MEASURE_REPRESENTATION_ITEM('density measure',
POSITIVE_RATIO_MEASURE(7850.),#5111);
#5115=MEASURE_REPRESENTATION_ITEM('density measure',
POSITIVE_RATIO_MEASURE(7850.),#5112);
#5116=MEASURE_REPRESENTATION_ITEM('density measure',
POSITIVE_RATIO_MEASURE(7850.),#5113);
#5117=PROPERTY_DEFINITION_REPRESENTATION(#5132,#5123);
#5118=PROPERTY_DEFINITION_REPRESENTATION(#5133,#5124);
#5119=PROPERTY_DEFINITION_REPRESENTATION(#5134,#5125);
#5120=PROPERTY_DEFINITION_REPRESENTATION(#5135,#5126);
#5121=PROPERTY_DEFINITION_REPRESENTATION(#5136,#5127);
#5122=PROPERTY_DEFINITION_REPRESENTATION(#5137,#5128);
#5123=REPRESENTATION('material name',(#5129),#9860);
#5124=REPRESENTATION('density',(#5114),#9860);
#5125=REPRESENTATION('material name',(#5130),#9861);
#5126=REPRESENTATION('density',(#5115),#9861);
#5127=REPRESENTATION('material name',(#5131),#9862);
#5128=REPRESENTATION('density',(#5116),#9862);
#5129=DESCRIPTIVE_REPRESENTATION_ITEM('Acier','Acier');
#5130=DESCRIPTIVE_REPRESENTATION_ITEM('Acier','Acier');
#5131=DESCRIPTIVE_REPRESENTATION_ITEM('Acier','Acier');
#5132=PROPERTY_DEFINITION('material property','material name',#9885);
#5133=PROPERTY_DEFINITION('material property','density of part',#9885);
#5134=PROPERTY_DEFINITION('material property','material name',#9886);
#5135=PROPERTY_DEFINITION('material property','density of part',#9886);
#5136=PROPERTY_DEFINITION('material property','material name',#9887);
#5137=PROPERTY_DEFINITION('material property','density of part',#9887);
#5138=AXIS2_PLACEMENT_3D('',#6169,#5333,#5334);
#5139=AXIS2_PLACEMENT_3D('',#6170,#5335,#5336);
#5140=AXIS2_PLACEMENT_3D('',#6171,#5337,#5338);
#5141=AXIS2_PLACEMENT_3D('',#6173,#5339,#5340);
#5142=AXIS2_PLACEMENT_3D('',#6176,#5342,#5343);
#5143=AXIS2_PLACEMENT_3D('',#6178,#5344,#5345);
#5144=AXIS2_PLACEMENT_3D('',#6180,#5347,#5348);
#5145=AXIS2_PLACEMENT_3D('',#6182,#5349,#5350);
#5146=AXIS2_PLACEMENT_3D('',#6185,#5352,#5353);
#5147=AXIS2_PLACEMENT_3D('',#6187,#5354,#5355);
#5148=AXIS2_PLACEMENT_3D('',#6189,#5357,#5358);
#5149=AXIS2_PLACEMENT_3D('',#6191,#5359,#5360);
#5150=AXIS2_PLACEMENT_3D('',#6194,#5362,#5363);
#5151=AXIS2_PLACEMENT_3D('',#6196,#5364,#5365);
#5152=AXIS2_PLACEMENT_3D('',#6198,#5367,#5368);
#5153=AXIS2_PLACEMENT_3D('',#6200,#5369,#5370);
#5154=AXIS2_PLACEMENT_3D('',#6203,#5372,#5373);
#5155=AXIS2_PLACEMENT_3D('',#6205,#5374,#5375);
#5156=AXIS2_PLACEMENT_3D('',#6207,#5377,#5378);
#5157=AXIS2_PLACEMENT_3D('',#6232,#5391,#5392);
#5158=AXIS2_PLACEMENT_3D('',#6238,#5396,#5397);
#5159=AXIS2_PLACEMENT_3D('',#6242,#5400,#5401);
#5160=AXIS2_PLACEMENT_3D('',#6246,#5404,#5405);
#5161=AXIS2_PLACEMENT_3D('',#6252,#5409,#5410);
#5162=AXIS2_PLACEMENT_3D('',#6256,#5413,#5414);
#5163=AXIS2_PLACEMENT_3D('',#6264,#5419,#5420);
#5164=AXIS2_PLACEMENT_3D('',#6266,#5422,#5423);
#5165=AXIS2_PLACEMENT_3D('',#6272,#5427,#5428);
#5166=AXIS2_PLACEMENT_3D('',#6276,#5431,#5432);
#5167=AXIS2_PLACEMENT_3D('',#6282,#5436,#5437);
#5168=AXIS2_PLACEMENT_3D('',#6284,#5439,#5440);
#5169=AXIS2_PLACEMENT_3D('',#6290,#5444,#5445);
#5170=AXIS2_PLACEMENT_3D('',#6294,#5448,#5449);
#5171=AXIS2_PLACEMENT_3D('',#6300,#5453,#5454);
#5172=AXIS2_PLACEMENT_3D('',#6303,#5457,#5458);
#5173=AXIS2_PLACEMENT_3D('',#6304,#5459,#5460);
#5174=AXIS2_PLACEMENT_3D('',#6305,#5461,#5462);
#5175=AXIS2_PLACEMENT_3D('',#6306,#5463,#5464);
#5176=AXIS2_PLACEMENT_3D('',#6315,#5469,#5470);
#5177=AXIS2_PLACEMENT_3D('',#6324,#5475,#5476);
#5178=AXIS2_PLACEMENT_3D('',#6330,#5480,#5481);
#5179=AXIS2_PLACEMENT_3D('',#6336,#5485,#5486);
#5180=AXIS2_PLACEMENT_3D('',#6342,#5490,#5491);
#5181=AXIS2_PLACEMENT_3D('',#6345,#5494,#5495);
#5182=AXIS2_PLACEMENT_3D('',#6351,#5499,#5500);
#5183=AXIS2_PLACEMENT_3D('',#6354,#5503,#5504);
#5184=AXIS2_PLACEMENT_3D('',#6363,#5509,#5510);
#5185=AXIS2_PLACEMENT_3D('',#6372,#5515,#5516);
#5186=AXIS2_PLACEMENT_3D('',#6378,#5520,#5521);
#5187=AXIS2_PLACEMENT_3D('',#6384,#5525,#5526);
#5188=AXIS2_PLACEMENT_3D('',#6390,#5530,#5531);
#5189=AXIS2_PLACEMENT_3D('',#6393,#5534,#5535);
#5190=AXIS2_PLACEMENT_3D('',#6399,#5539,#5540);
#5191=AXIS2_PLACEMENT_3D('',#6402,#5543,#5544);
#5192=AXIS2_PLACEMENT_3D('',#6411,#5549,#5550);
#5193=AXIS2_PLACEMENT_3D('',#6419,#5555,#5556);
#5194=AXIS2_PLACEMENT_3D('',#6425,#5560,#5561);
#5195=AXIS2_PLACEMENT_3D('',#6430,#5565,#5566);
#5196=AXIS2_PLACEMENT_3D('',#6431,#5567,#5568);
#5197=AXIS2_PLACEMENT_3D('',#6437,#5572,#5573);
#5198=AXIS2_PLACEMENT_3D('',#6443,#5577,#5578);
#5199=AXIS2_PLACEMENT_3D('',#6452,#5583,#5584);
#5200=AXIS2_PLACEMENT_3D('',#6460,#5589,#5590);
#5201=AXIS2_PLACEMENT_3D('',#6468,#5595,#5596);
#5202=AXIS2_PLACEMENT_3D('',#6471,#5599,#5600);
#5203=AXIS2_PLACEMENT_3D('',#6472,#5601,#5602);
#5204=AXIS2_PLACEMENT_3D('',#6478,#5606,#5607);
#5205=AXIS2_PLACEMENT_3D('',#6484,#5611,#5612);
#5206=AXIS2_PLACEMENT_3D('',#6487,#5615,#5616);
#5207=AXIS2_PLACEMENT_3D('',#6490,#5619,#5620);
#5208=AXIS2_PLACEMENT_3D('',#6491,#5621,#5622);
#5209=AXIS2_PLACEMENT_3D('',#6492,#5623,#5624);
#5210=AXIS2_PLACEMENT_3D('',#6493,#5625,#5626);
#5211=AXIS2_PLACEMENT_3D('',#6502,#5631,#5632);
#5212=AXIS2_PLACEMENT_3D('',#6508,#5636,#5637);
#5213=AXIS2_PLACEMENT_3D('',#6514,#5641,#5642);
#5214=AXIS2_PLACEMENT_3D('',#6517,#5645,#5646);
#5215=AXIS2_PLACEMENT_3D('',#6518,#5647,#5648);
#5216=AXIS2_PLACEMENT_3D('',#6527,#5653,#5654);
#5217=AXIS2_PLACEMENT_3D('',#6533,#5658,#5659);
#5218=AXIS2_PLACEMENT_3D('',#6539,#5663,#5664);
#5219=AXIS2_PLACEMENT_3D('',#6542,#5667,#5668);
#5220=AXIS2_PLACEMENT_3D('',#7003,#5689,#5690);
#5221=AXIS2_PLACEMENT_3D('',#7004,#5691,#5692);
#5222=AXIS2_PLACEMENT_3D('',#7074,#5700,#5701);
#5223=AXIS2_PLACEMENT_3D('',#7147,#5705,#5706);
#5224=AXIS2_PLACEMENT_3D('',#7294,#5717,#5718);
#5225=AXIS2_PLACEMENT_3D('',#7300,#5722,#5723);
#5226=AXIS2_PLACEMENT_3D('',#7303,#5726,#5727);
#5227=AXIS2_PLACEMENT_3D('',#7473,#5739,#5740);
#5228=AXIS2_PLACEMENT_3D('',#7479,#5744,#5745);
#5229=AXIS2_PLACEMENT_3D('',#7482,#5748,#5749);
#5230=AXIS2_PLACEMENT_3D('',#7488,#5753,#5754);
#5231=AXIS2_PLACEMENT_3D('',#7679,#5768,#5769);
#5232=AXIS2_PLACEMENT_3D('',#7681,#5771,#5772);
#5233=AXIS2_PLACEMENT_3D('',#7682,#5773,#5774);
#5234=AXIS2_PLACEMENT_3D('',#7683,#5775,#5776);
#5235=AXIS2_PLACEMENT_3D('',#7684,#5777,#5778);
#5236=AXIS2_PLACEMENT_3D('',#7854,#5790,#5791);
#5237=AXIS2_PLACEMENT_3D('',#7860,#5795,#5796);
#5238=AXIS2_PLACEMENT_3D('',#7863,#5799,#5800);
#5239=AXIS2_PLACEMENT_3D('',#7869,#5804,#5805);
#5240=AXIS2_PLACEMENT_3D('',#8026,#5817,#5818);
#5241=AXIS2_PLACEMENT_3D('',#8028,#5820,#5821);
#5242=AXIS2_PLACEMENT_3D('',#8029,#5822,#5823);
#5243=AXIS2_PLACEMENT_3D('',#8030,#5824,#5825);
#5244=AXIS2_PLACEMENT_3D('',#8039,#5830,#5831);
#5245=AXIS2_PLACEMENT_3D('',#8183,#5841,#5842);
#5246=AXIS2_PLACEMENT_3D('',#8189,#5846,#5847);
#5247=AXIS2_PLACEMENT_3D('',#8195,#5851,#5852);
#5248=AXIS2_PLACEMENT_3D('',#8316,#5861,#5862);
#5249=AXIS2_PLACEMENT_3D('',#8319,#5865,#5866);
#5250=AXIS2_PLACEMENT_3D('',#8320,#5867,#5868);
#5251=AXIS2_PLACEMENT_3D('',#8743,#5891,#5892);
#5252=AXIS2_PLACEMENT_3D('',#9091,#5910,#5911);
#5253=AXIS2_PLACEMENT_3D('',#9092,#5912,#5913);
#5254=AXIS2_PLACEMENT_3D('',#9239,#5924,#5925);
#5255=AXIS2_PLACEMENT_3D('',#9245,#5929,#5930);
#5256=AXIS2_PLACEMENT_3D('',#9248,#5933,#5934);
#5257=AXIS2_PLACEMENT_3D('',#9418,#5946,#5947);
#5258=AXIS2_PLACEMENT_3D('',#9424,#5951,#5952);
#5259=AXIS2_PLACEMENT_3D('',#9427,#5955,#5956);
#5260=AXIS2_PLACEMENT_3D('',#9436,#5961,#5962);
#5261=AXIS2_PLACEMENT_3D('',#9695,#5977,#5978);
#5262=AXIS2_PLACEMENT_3D('',#9698,#5981,#5982);
#5263=AXIS2_PLACEMENT_3D('',#9699,#5983,#5984);
#5264=AXIS2_PLACEMENT_3D('',#9709,#5989,#5990);
#5265=AXIS2_PLACEMENT_3D('',#9710,#5991,#5992);
#5266=AXIS2_PLACEMENT_3D('',#9711,#5993,#5994);
#5267=AXIS2_PLACEMENT_3D('',#9713,#5995,#5996);
#5268=AXIS2_PLACEMENT_3D('',#9715,#5997,#5998);
#5269=AXIS2_PLACEMENT_3D('',#9716,#5999,#6000);
#5270=AXIS2_PLACEMENT_3D('',#9717,#6001,#6002);
#5271=AXIS2_PLACEMENT_3D('',#9720,#6003,#6004);
#5272=AXIS2_PLACEMENT_3D('',#9721,#6005,#6006);
#5273=AXIS2_PLACEMENT_3D('',#9722,#6007,#6008);
#5274=AXIS2_PLACEMENT_3D('',#9723,#6009,#6010);
#5275=AXIS2_PLACEMENT_3D('',#9725,#6011,#6012);
#5276=AXIS2_PLACEMENT_3D('',#9727,#6013,#6014);
#5277=AXIS2_PLACEMENT_3D('',#9728,#6015,#6016);
#5278=AXIS2_PLACEMENT_3D('',#9729,#6017,#6018);
#5279=AXIS2_PLACEMENT_3D('',#9731,#6020,#6021);
#5280=AXIS2_PLACEMENT_3D('',#9733,#6022,#6023);
#5281=AXIS2_PLACEMENT_3D('',#9735,#6024,#6025);
#5282=AXIS2_PLACEMENT_3D('',#9736,#6026,#6027);
#5283=AXIS2_PLACEMENT_3D('',#9737,#6028,#6029);
#5284=AXIS2_PLACEMENT_3D('',#9740,#6030,#6031);
#5285=AXIS2_PLACEMENT_3D('',#9741,#6032,#6033);
#5286=AXIS2_PLACEMENT_3D('',#9742,#6034,#6035);
#5287=AXIS2_PLACEMENT_3D('',#9743,#6036,#6037);
#5288=AXIS2_PLACEMENT_3D('',#9745,#6039,#6040);
#5289=AXIS2_PLACEMENT_3D('',#9747,#6041,#6042);
#5290=AXIS2_PLACEMENT_3D('',#9749,#6043,#6044);
#5291=AXIS2_PLACEMENT_3D('',#9750,#6045,#6046);
#5292=AXIS2_PLACEMENT_3D('',#9751,#6047,#6048);
#5293=AXIS2_PLACEMENT_3D('',#9753,#6050,#6051);
#5294=AXIS2_PLACEMENT_3D('',#9756,#6054,#6055);
#5295=AXIS2_PLACEMENT_3D('',#9759,#6056,#6057);
#5296=AXIS2_PLACEMENT_3D('',#9760,#6058,#6059);
#5297=AXIS2_PLACEMENT_3D('',#9761,#6060,#6061);
#5298=AXIS2_PLACEMENT_3D('',#9762,#6062,#6063);
#5299=AXIS2_PLACEMENT_3D('',#9764,#6065,#6066);
#5300=AXIS2_PLACEMENT_3D('',#9766,#6068,#6069);
#5301=AXIS2_PLACEMENT_3D('',#9768,#6070,#6071);
#5302=AXIS2_PLACEMENT_3D('',#9770,#6072,#6073);
#5303=AXIS2_PLACEMENT_3D('',#9771,#6074,#6075);
#5304=AXIS2_PLACEMENT_3D('',#9772,#6076,#6077);
#5305=AXIS2_PLACEMENT_3D('',#9774,#6079,#6080);
#5306=AXIS2_PLACEMENT_3D('',#9777,#6083,#6084);
#5307=AXIS2_PLACEMENT_3D('',#9779,#6086,#6087);
#5308=AXIS2_PLACEMENT_3D('',#9782,#6090,#6091);
#5309=AXIS2_PLACEMENT_3D('',#9784,#6093,#6094);
#5310=AXIS2_PLACEMENT_3D('',#9787,#6097,#6098);
#5311=AXIS2_PLACEMENT_3D('',#9788,#6099,#6100);
#5312=AXIS2_PLACEMENT_3D('',#9789,#6101,#6102);
#5313=AXIS2_PLACEMENT_3D('',#9790,#6103,#6104);
#5314=AXIS2_PLACEMENT_3D('',#9791,#6105,#6106);
#5315=AXIS2_PLACEMENT_3D('',#9792,#6107,#6108);
#5316=AXIS2_PLACEMENT_3D('',#9801,#6113,#6114);
#5317=AXIS2_PLACEMENT_3D('',#9807,#6118,#6119);
#5318=AXIS2_PLACEMENT_3D('',#9811,#6122,#6123);
#5319=AXIS2_PLACEMENT_3D('',#9815,#6126,#6127);
#5320=AXIS2_PLACEMENT_3D('',#9817,#6129,#6130);
#5321=AXIS2_PLACEMENT_3D('',#9820,#6132,#6133);
#5322=AXIS2_PLACEMENT_3D('',#9821,#6134,#6135);
#5323=AXIS2_PLACEMENT_3D('',#9824,#6137,#6138);
#5324=AXIS2_PLACEMENT_3D('',#9825,#6139,#6140);
#5325=AXIS2_PLACEMENT_3D('',#9834,#6145,#6146);
#5326=AXIS2_PLACEMENT_3D('',#9840,#6150,#6151);
#5327=AXIS2_PLACEMENT_3D('',#9846,#6155,#6156);
#5328=AXIS2_PLACEMENT_3D('',#9849,#6159,#6160);
#5329=AXIS2_PLACEMENT_3D('',#9850,#6161,#6162);
#5330=AXIS2_PLACEMENT_3D('',#9851,#6163,#6164);
#5331=AXIS2_PLACEMENT_3D('',#9852,#6165,#6166);
#5332=AXIS2_PLACEMENT_3D('',#9853,#6167,#6168);
#5333=DIRECTION('axis',(0.,0.,1.));
#5334=DIRECTION('refdir',(1.,0.,0.));
#5335=DIRECTION('axis',(0.,0.,1.));
#5336=DIRECTION('refdir',(1.,0.,0.));
#5337=DIRECTION('center_axis',(0.,0.,1.));
#5338=DIRECTION('ref_axis',(1.,0.,0.));
#5339=DIRECTION('center_axis',(0.,0.,-1.));
#5340=DIRECTION('ref_axis',(1.,0.,0.));
#5341=DIRECTION('',(0.857167300702112,-1.04972719113862E-16,-0.515038074910054));
#5342=DIRECTION('center_axis',(0.,0.,-1.));
#5343=DIRECTION('ref_axis',(1.,0.,0.));
#5344=DIRECTION('center_axis',(0.,0.,-1.));
#5345=DIRECTION('ref_axis',(1.,0.,0.));
#5346=DIRECTION('',(0.,0.,-1.));
#5347=DIRECTION('center_axis',(0.,0.,1.));
#5348=DIRECTION('ref_axis',(1.,0.,0.));
#5349=DIRECTION('center_axis',(0.,0.,-1.));
#5350=DIRECTION('ref_axis',(1.,0.,0.));
#5351=DIRECTION('',(0.857167300702112,-1.04972719113862E-16,-0.515038074910054));
#5352=DIRECTION('center_axis',(0.,0.,-1.));
#5353=DIRECTION('ref_axis',(1.,0.,0.));
#5354=DIRECTION('center_axis',(0.,0.,-1.));
#5355=DIRECTION('ref_axis',(1.,0.,0.));
#5356=DIRECTION('',(0.,0.,-1.));
#5357=DIRECTION('center_axis',(0.,0.,1.));
#5358=DIRECTION('ref_axis',(1.,0.,0.));
#5359=DIRECTION('center_axis',(0.,0.,-1.));
#5360=DIRECTION('ref_axis',(1.,0.,0.));
#5361=DIRECTION('',(0.857167300702112,-1.04972719113862E-16,-0.515038074910054));
#5362=DIRECTION('center_axis',(0.,0.,-1.));
#5363=DIRECTION('ref_axis',(1.,0.,0.));
#5364=DIRECTION('center_axis',(0.,0.,-1.));
#5365=DIRECTION('ref_axis',(1.,0.,0.));
#5366=DIRECTION('',(0.,0.,-1.));
#5367=DIRECTION('center_axis',(0.,0.,1.));
#5368=DIRECTION('ref_axis',(1.,0.,0.));
#5369=DIRECTION('center_axis',(0.,0.,-1.));
#5370=DIRECTION('ref_axis',(1.,0.,0.));
#5371=DIRECTION('',(0.857167300702112,-1.04972719113862E-16,-0.515038074910054));
#5372=DIRECTION('center_axis',(0.,0.,-1.));
#5373=DIRECTION('ref_axis',(1.,0.,0.));
#5374=DIRECTION('center_axis',(0.,0.,-1.));
#5375=DIRECTION('ref_axis',(1.,0.,0.));
#5376=DIRECTION('',(0.,0.,-1.));
#5377=DIRECTION('center_axis',(0.,0.,1.));
#5378=DIRECTION('ref_axis',(1.,0.,0.));
#5379=DIRECTION('',(0.,1.,0.));
#5380=DIRECTION('',(1.,0.,0.));
#5381=DIRECTION('',(0.,-1.,0.));
#5382=DIRECTION('',(-1.,0.,0.));
#5383=DIRECTION('',(0.,1.,0.));
#5384=DIRECTION('',(1.,0.,0.));
#5385=DIRECTION('',(0.,-1.,0.));
#5386=DIRECTION('',(-1.,0.,0.));
#5387=DIRECTION('',(0.,1.,0.));
#5388=DIRECTION('',(1.,0.,0.));
#5389=DIRECTION('',(0.,-1.,0.));
#5390=DIRECTION('',(-1.,0.,0.));
#5391=DIRECTION('center_axis',(1.,0.,0.));
#5392=DIRECTION('ref_axis',(0.,1.,0.));
#5393=DIRECTION('',(0.,0.,1.));
#5394=DIRECTION('',(0.,1.,0.));
#5395=DIRECTION('',(0.,0.,1.));
#5396=DIRECTION('center_axis',(0.,-1.,0.));
#5397=DIRECTION('ref_axis',(1.,0.,0.));
#5398=DIRECTION('',(1.,0.,0.));
#5399=DIRECTION('',(0.,0.,1.));
#5400=DIRECTION('center_axis',(0.,0.,1.));
#5401=DIRECTION('ref_axis',(1.,0.,0.));
#5402=DIRECTION('',(-1.,0.,0.));
#5403=DIRECTION('',(0.,-1.,0.));
#5404=DIRECTION('center_axis',(-1.,0.,0.));
#5405=DIRECTION('ref_axis',(0.,-1.,0.));
#5406=DIRECTION('',(0.,0.,1.));
#5407=DIRECTION('',(0.,-1.,0.));
#5408=DIRECTION('',(0.,0.,1.));
#5409=DIRECTION('center_axis',(0.,-1.,0.));
#5410=DIRECTION('ref_axis',(1.,0.,0.));
#5411=DIRECTION('',(0.,0.,1.));
#5412=DIRECTION('',(1.,0.,0.));
#5413=DIRECTION('center_axis',(0.,1.,0.));
#5414=DIRECTION('ref_axis',(-1.,0.,0.));
#5415=DIRECTION('',(-1.,0.,0.));
#5416=DIRECTION('',(0.,0.,1.));
#5417=DIRECTION('',(-1.,0.,0.));
#5418=DIRECTION('',(0.,0.,1.));
#5419=DIRECTION('center_axis',(0.,0.,1.));
#5420=DIRECTION('ref_axis',(1.,0.,0.));
#5421=DIRECTION('',(0.,1.,0.));
#5422=DIRECTION('center_axis',(0.,1.,0.));
#5423=DIRECTION('ref_axis',(-1.,0.,0.));
#5424=DIRECTION('',(0.,0.,1.));
#5425=DIRECTION('',(-1.,0.,0.));
#5426=DIRECTION('',(0.,0.,1.));
#5427=DIRECTION('center_axis',(-1.,0.,0.));
#5428=DIRECTION('ref_axis',(0.,-1.,0.));
#5429=DIRECTION('',(0.,0.,1.));
#5430=DIRECTION('',(0.,-1.,0.));
#5431=DIRECTION('center_axis',(1.,0.,0.));
#5432=DIRECTION('ref_axis',(0.,1.,0.));
#5433=DIRECTION('',(0.,1.,0.));
#5434=DIRECTION('',(0.,0.,1.));
#5435=DIRECTION('',(0.,-1.,0.));
#5436=DIRECTION('center_axis',(0.,0.,1.));
#5437=DIRECTION('ref_axis',(1.,0.,0.));
#5438=DIRECTION('',(1.,0.,0.));
#5439=DIRECTION('center_axis',(1.,0.,0.));
#5440=DIRECTION('ref_axis',(0.,1.,0.));
#5441=DIRECTION('',(0.,0.,1.));
#5442=DIRECTION('',(0.,1.,0.));
#5443=DIRECTION('',(0.,0.,1.));
#5444=DIRECTION('center_axis',(0.,1.,0.));
#5445=DIRECTION('ref_axis',(-1.,0.,0.));
#5446=DIRECTION('',(0.,0.,1.));
#5447=DIRECTION('',(-1.,0.,0.));
#5448=DIRECTION('center_axis',(0.,-1.,0.));
#5449=DIRECTION('ref_axis',(1.,0.,0.));
#5450=DIRECTION('',(1.,0.,0.));
#5451=DIRECTION('',(0.,0.,1.));
#5452=DIRECTION('',(1.,0.,0.));
#5453=DIRECTION('center_axis',(-1.,1.53080861298831E-17,0.));
#5454=DIRECTION('ref_axis',(-1.53080861298831E-17,-1.,0.));
#5455=DIRECTION('',(-1.53080861298831E-17,-1.,0.));
#5456=DIRECTION('',(-1.53080861298831E-17,-1.,0.));
#5457=DIRECTION('center_axis',(0.,0.,1.));
#5458=DIRECTION('ref_axis',(1.,0.,0.));
#5459=DIRECTION('center_axis',(0.,0.,1.));
#5460=DIRECTION('ref_axis',(1.,0.,0.));
#5461=DIRECTION('axis',(0.,0.,1.));
#5462=DIRECTION('refdir',(1.,0.,0.));
#5463=DIRECTION('center_axis',(0.,-1.,0.));
#5464=DIRECTION('ref_axis',(0.,0.,1.));
#5465=DIRECTION('',(0.,0.,-1.));
#5466=DIRECTION('',(-1.,0.,0.));
#5467=DIRECTION('',(0.,0.,1.));
#5468=DIRECTION('',(-1.,0.,0.));
#5469=DIRECTION('center_axis',(0.,-1.,0.));
#5470=DIRECTION('ref_axis',(0.,0.,1.));
#5471=DIRECTION('',(0.,0.,1.));
#5472=DIRECTION('',(-1.,0.,0.));
#5473=DIRECTION('',(0.,0.,-1.));
#5474=DIRECTION('',(-1.,0.,0.));
#5475=DIRECTION('center_axis',(0.,0.,1.));
#5476=DIRECTION('ref_axis',(0.,1.,0.));
#5477=DIRECTION('',(0.,-1.,0.));
#5478=DIRECTION('',(-1.,0.,0.));
#5479=DIRECTION('',(0.,1.,0.));
#5480=DIRECTION('center_axis',(0.,0.,1.));
#5481=DIRECTION('ref_axis',(0.,1.,0.));
#5482=DIRECTION('',(0.,1.,0.));
#5483=DIRECTION('',(0.,-1.,0.));
#5484=DIRECTION('',(-1.,0.,0.));
#5485=DIRECTION('center_axis',(0.,0.,-1.));
#5486=DIRECTION('ref_axis',(0.,-1.,0.));
#5487=DIRECTION('',(0.,1.,0.));
#5488=DIRECTION('',(0.,-1.,0.));
#5489=DIRECTION('',(-1.,0.,0.));
#5490=DIRECTION('center_axis',(0.,1.,0.));
#5491=DIRECTION('ref_axis',(0.,0.,-1.));
#5492=DIRECTION('',(0.,0.,1.));
#5493=DIRECTION('',(0.,0.,-1.));
#5494=DIRECTION('center_axis',(0.,1.,0.));
#5495=DIRECTION('ref_axis',(0.,0.,-1.));
#5496=DIRECTION('',(0.,0.,-1.));
#5497=DIRECTION('',(0.,0.,1.));
#5498=DIRECTION('',(-1.,0.,0.));
#5499=DIRECTION('center_axis',(0.,0.,-1.));
#5500=DIRECTION('ref_axis',(0.,-1.,0.));
#5501=DIRECTION('',(0.,-1.,0.));
#5502=DIRECTION('',(0.,1.,0.));
#5503=DIRECTION('center_axis',(0.,-1.,0.));
#5504=DIRECTION('ref_axis',(0.,0.,1.));
#5505=DIRECTION('',(0.,0.,-1.));
#5506=DIRECTION('',(-1.,0.,0.));
#5507=DIRECTION('',(0.,0.,1.));
#5508=DIRECTION('',(-1.,0.,0.));
#5509=DIRECTION('center_axis',(0.,-1.,0.));
#5510=DIRECTION('ref_axis',(0.,0.,1.));
#5511=DIRECTION('',(0.,0.,1.));
#5512=DIRECTION('',(-1.,0.,0.));
#5513=DIRECTION('',(0.,0.,-1.));
#5514=DIRECTION('',(-1.,0.,0.));
#5515=DIRECTION('center_axis',(0.,0.,1.));
#5516=DIRECTION('ref_axis',(0.,1.,0.));
#5517=DIRECTION('',(0.,-1.,0.));
#5518=DIRECTION('',(-1.,0.,0.));
#5519=DIRECTION('',(0.,1.,0.));
#5520=DIRECTION('center_axis',(0.,0.,1.));
#5521=DIRECTION('ref_axis',(0.,1.,0.));
#5522=DIRECTION('',(0.,1.,0.));
#5523=DIRECTION('',(0.,-1.,0.));
#5524=DIRECTION('',(-1.,0.,0.));
#5525=DIRECTION('center_axis',(0.,0.,-1.));
#5526=DIRECTION('ref_axis',(0.,-1.,0.));
#5527=DIRECTION('',(0.,1.,0.));
#5528=DIRECTION('',(0.,-1.,0.));
#5529=DIRECTION('',(-1.,0.,0.));
#5530=DIRECTION('center_axis',(0.,1.,0.));
#5531=DIRECTION('ref_axis',(0.,0.,-1.));
#5532=DIRECTION('',(0.,0.,1.));
#5533=DIRECTION('',(0.,0.,-1.));
#5534=DIRECTION('center_axis',(0.,1.,0.));
#5535=DIRECTION('ref_axis',(0.,0.,-1.));
#5536=DIRECTION('',(0.,0.,-1.));
#5537=DIRECTION('',(0.,0.,1.));
#5538=DIRECTION('',(-1.,0.,0.));
#5539=DIRECTION('center_axis',(0.,0.,-1.));
#5540=DIRECTION('ref_axis',(0.,-1.,0.));
#5541=DIRECTION('',(0.,-1.,0.));
#5542=DIRECTION('',(0.,1.,0.));
#5543=DIRECTION('center_axis',(1.,0.,0.));
#5544=DIRECTION('ref_axis',(0.,1.,0.));
#5545=DIRECTION('',(0.,-1.,0.));
#5546=DIRECTION('',(0.,0.,1.));
#5547=DIRECTION('',(0.,1.,0.));
#5548=DIRECTION('',(0.,0.,1.));
#5549=DIRECTION('center_axis',(0.,-1.,0.));
#5550=DIRECTION('ref_axis',(1.,0.,0.));
#5551=DIRECTION('',(1.,0.,0.));
#5552=DIRECTION('',(0.,0.,-1.));
#5553=DIRECTION('',(1.,0.,0.));
#5554=DIRECTION('',(0.,0.,1.));
#5555=DIRECTION('center_axis',(-1.,0.,0.));
#5556=DIRECTION('ref_axis',(0.,-1.,0.));
#5557=DIRECTION('',(0.,-1.,0.));
#5558=DIRECTION('',(0.,-1.,0.));
#5559=DIRECTION('',(0.,0.,1.));
#5560=DIRECTION('center_axis',(0.,1.,0.));
#5561=DIRECTION('ref_axis',(-1.,0.,0.));
#5562=DIRECTION('',(-1.,0.,0.));
#5563=DIRECTION('',(-1.,0.,0.));
#5564=DIRECTION('',(0.,0.,1.));
#5565=DIRECTION('center_axis',(0.,0.,1.));
#5566=DIRECTION('ref_axis',(1.,0.,0.));
#5567=DIRECTION('center_axis',(-1.,0.,0.));
#5568=DIRECTION('ref_axis',(0.,-1.,0.));
#5569=DIRECTION('',(0.,-1.,0.));
#5570=DIRECTION('',(0.,0.,1.));
#5571=DIRECTION('',(0.,-1.,0.));
#5572=DIRECTION('center_axis',(-1.,0.,0.));
#5573=DIRECTION('ref_axis',(0.,-1.,0.));
#5574=DIRECTION('',(0.,-1.,0.));
#5575=DIRECTION('',(0.,0.,1.));
#5576=DIRECTION('',(0.,-1.,0.));
#5577=DIRECTION('center_axis',(-1.,0.,0.));
#5578=DIRECTION('ref_axis',(0.,-1.,0.));
#5579=DIRECTION('',(0.,1.,0.));
#5580=DIRECTION('',(0.,0.,1.));
#5581=DIRECTION('',(0.,-1.,0.));
#5582=DIRECTION('',(0.,0.,1.));
#5583=DIRECTION('center_axis',(0.,-1.,0.));
#5584=DIRECTION('ref_axis',(1.,0.,0.));
#5585=DIRECTION('',(-1.,0.,0.));
#5586=DIRECTION('',(0.,0.,1.));
#5587=DIRECTION('',(1.,0.,0.));
#5588=DIRECTION('',(0.,0.,1.));
#5589=DIRECTION('center_axis',(0.,1.,0.));
#5590=DIRECTION('ref_axis',(-1.,0.,0.));
#5591=DIRECTION('',(1.,0.,0.));
#5592=DIRECTION('',(0.,0.,-1.));
#5593=DIRECTION('',(-1.,0.,0.));
#5594=DIRECTION('',(0.,0.,1.));
#5595=DIRECTION('center_axis',(1.,0.,0.));
#5596=DIRECTION('ref_axis',(0.,1.,0.));
#5597=DIRECTION('',(0.,-1.,0.));
#5598=DIRECTION('',(0.,1.,0.));
#5599=DIRECTION('center_axis',(0.,0.,1.));
#5600=DIRECTION('ref_axis',(1.,0.,0.));
#5601=DIRECTION('center_axis',(1.,0.,0.));
#5602=DIRECTION('ref_axis',(0.,1.,0.));
#5603=DIRECTION('',(0.,1.,0.));
#5604=DIRECTION('',(0.,0.,1.));
#5605=DIRECTION('',(0.,1.,0.));
#5606=DIRECTION('center_axis',(1.,0.,0.));
#5607=DIRECTION('ref_axis',(0.,1.,0.));
#5608=DIRECTION('',(0.,1.,0.));
#5609=DIRECTION('',(0.,0.,1.));
#5610=DIRECTION('',(0.,1.,0.));
#5611=DIRECTION('center_axis',(0.,1.,0.));
#5612=DIRECTION('ref_axis',(-1.,0.,0.));
#5613=DIRECTION('',(-1.,0.,0.));
#5614=DIRECTION('',(-1.,0.,0.));
#5615=DIRECTION('center_axis',(0.,-1.,0.));
#5616=DIRECTION('ref_axis',(1.,0.,0.));
#5617=DIRECTION('',(1.,0.,0.));
#5618=DIRECTION('',(1.,0.,0.));
#5619=DIRECTION('center_axis',(0.,0.,1.));
#5620=DIRECTION('ref_axis',(1.,0.,0.));
#5621=DIRECTION('center_axis',(0.,0.,1.));
#5622=DIRECTION('ref_axis',(1.,0.,0.));
#5623=DIRECTION('axis',(0.,0.,1.));
#5624=DIRECTION('refdir',(1.,0.,0.));
#5625=DIRECTION('center_axis',(1.,0.,0.));
#5626=DIRECTION('ref_axis',(0.,-1.,0.));
#5627=DIRECTION('',(0.,-1.,0.));
#5628=DIRECTION('',(0.,0.,-1.));
#5629=DIRECTION('',(0.,-1.,0.));
#5630=DIRECTION('',(0.,0.,-1.));
#5631=DIRECTION('center_axis',(0.,1.,0.));
#5632=DIRECTION('ref_axis',(1.,0.,0.));
#5633=DIRECTION('',(1.,0.,0.));
#5634=DIRECTION('',(0.,0.,-1.));
#5635=DIRECTION('',(1.,0.,0.));
#5636=DIRECTION('center_axis',(-1.,0.,0.));
#5637=DIRECTION('ref_axis',(0.,1.,0.));
#5638=DIRECTION('',(0.,1.,0.));
#5639=DIRECTION('',(0.,0.,-1.));
#5640=DIRECTION('',(0.,1.,0.));
#5641=DIRECTION('center_axis',(1.77635683940025E-16,-1.,0.));
#5642=DIRECTION('ref_axis',(-1.,-1.77635683940025E-16,0.));
#5643=DIRECTION('',(-1.,-1.77635683940025E-16,0.));
#5644=DIRECTION('',(-1.,-1.77635683940025E-16,0.));
#5645=DIRECTION('center_axis',(0.,0.,-1.));
#5646=DIRECTION('ref_axis',(-1.,0.,0.));
#5647=DIRECTION('center_axis',(0.,1.,0.));
#5648=DIRECTION('ref_axis',(1.,0.,0.));
#5649=DIRECTION('',(1.,0.,0.));
#5650=DIRECTION('',(0.,0.,-1.));
#5651=DIRECTION('',(1.,0.,0.));
#5652=DIRECTION('',(0.,0.,-1.));
#5653=DIRECTION('center_axis',(-1.,0.,0.));
#5654=DIRECTION('ref_axis',(0.,1.,0.));
#5655=DIRECTION('',(0.,1.,0.));
#5656=DIRECTION('',(0.,0.,-1.));
#5657=DIRECTION('',(0.,1.,0.));
#5658=DIRECTION('center_axis',(0.,-1.,0.));
#5659=DIRECTION('ref_axis',(-1.,0.,0.));
#5660=DIRECTION('',(-1.,0.,0.));
#5661=DIRECTION('',(0.,0.,-1.));
#5662=DIRECTION('',(-1.,0.,0.));
#5663=DIRECTION('center_axis',(1.,0.,0.));
#5664=DIRECTION('ref_axis',(0.,-1.,0.));
#5665=DIRECTION('',(0.,-1.,0.));
#5666=DIRECTION('',(0.,-1.,0.));
#5667=DIRECTION('center_axis',(0.,0.,-1.));
#5668=DIRECTION('ref_axis',(-1.,0.,0.));
#5669=DIRECTION('',(-1.,0.,0.));
#5670=DIRECTION('',(-1.,0.,0.));
#5671=DIRECTION('',(-1.,0.,0.));
#5672=DIRECTION('',(-1.,0.,0.));
#5673=DIRECTION('',(-1.,0.,0.));
#5674=DIRECTION('',(-1.,0.,0.));
#5675=DIRECTION('',(-1.,0.,0.));
#5676=DIRECTION('',(-1.,0.,0.));
#5677=DIRECTION('',(-1.,0.,0.));
#5678=DIRECTION('',(-1.,0.,0.));
#5679=DIRECTION('',(-1.,0.,0.));
#5680=DIRECTION('',(-1.,0.,0.));
#5681=DIRECTION('',(-1.,0.,0.));
#5682=DIRECTION('',(-1.,0.,0.));
#5683=DIRECTION('',(-1.,0.,0.));
#5684=DIRECTION('',(-1.,0.,0.));
#5685=DIRECTION('',(-1.,0.,0.));
#5686=DIRECTION('',(-1.,0.,0.));
#5687=DIRECTION('',(-1.,0.,0.));
#5688=DIRECTION('',(-1.,0.,0.));
#5689=DIRECTION('center_axis',(-1.,0.,0.));
#5690=DIRECTION('ref_axis',(0.,-1.,0.));
#5691=DIRECTION('center_axis',(-1.,0.,0.));
#5692=DIRECTION('ref_axis',(0.,-1.,0.));
#5693=DIRECTION('',(0.,0.,1.));
#5694=DIRECTION('',(0.,1.,0.));
#5695=DIRECTION('',(0.,0.,-1.));
#5696=DIRECTION('',(0.,-1.,0.));
#5697=DIRECTION('',(0.,0.,1.));
#5698=DIRECTION('',(0.,-1.,0.));
#5699=DIRECTION('',(0.,1.,0.));
#5700=DIRECTION('center_axis',(1.,0.,0.));
#5701=DIRECTION('ref_axis',(0.,-1.,0.));
#5702=DIRECTION('',(0.,0.,1.));
#5703=DIRECTION('',(0.,-1.,0.));
#5704=DIRECTION('',(0.,1.,0.));
#5705=DIRECTION('center_axis',(0.,0.,1.));
#5706=DIRECTION('ref_axis',(0.,1.,0.));
#5707=DIRECTION('',(0.,-1.,0.));
#5708=DIRECTION('',(-1.,0.,0.));
#5709=DIRECTION('',(0.,1.,0.));
#5710=DIRECTION('',(-1.,0.,0.));
#5711=DIRECTION('',(-1.,0.,0.));
#5712=DIRECTION('',(-1.,0.,0.));
#5713=DIRECTION('',(-1.,0.,0.));
#5714=DIRECTION('',(-1.,0.,0.));
#5715=DIRECTION('',(-1.,0.,0.));
#5716=DIRECTION('',(-1.,0.,0.));
#5717=DIRECTION('center_axis',(0.,0.,-1.));
#5718=DIRECTION('ref_axis',(0.,-1.,0.));
#5719=DIRECTION('',(0.,1.,0.));
#5720=DIRECTION('',(0.,-1.,0.));
#5721=DIRECTION('',(-1.,0.,0.));
#5722=DIRECTION('center_axis',(0.,-1.,0.));
#5723=DIRECTION('ref_axis',(0.,0.,1.));
#5724=DIRECTION('',(0.,0.,-1.));
#5725=DIRECTION('',(0.,0.,1.));
#5726=DIRECTION('center_axis',(0.,0.,1.));
#5727=DIRECTION('ref_axis',(0.,1.,0.));
#5728=DIRECTION('',(0.,-1.,0.));
#5729=DIRECTION('',(-1.,0.,0.));
#5730=DIRECTION('',(0.,1.,0.));
#5731=DIRECTION('',(-1.,0.,0.));
#5732=DIRECTION('',(-1.,0.,0.));
#5733=DIRECTION('',(-1.,0.,0.));
#5734=DIRECTION('',(-1.,0.,0.));
#5735=DIRECTION('',(-1.,0.,0.));
#5736=DIRECTION('',(-1.,0.,0.));
#5737=DIRECTION('',(-1.,0.,0.));
#5738=DIRECTION('',(-1.,0.,0.));
#5739=DIRECTION('center_axis',(0.,0.,-1.));
#5740=DIRECTION('ref_axis',(0.,-1.,0.));
#5741=DIRECTION('',(0.,1.,0.));
#5742=DIRECTION('',(0.,-1.,0.));
#5743=DIRECTION('',(-1.,0.,0.));
#5744=DIRECTION('center_axis',(0.,-1.,0.));
#5745=DIRECTION('ref_axis',(0.,0.,1.));
#5746=DIRECTION('',(0.,0.,-1.));
#5747=DIRECTION('',(0.,0.,1.));
#5748=DIRECTION('center_axis',(0.,1.,0.));
#5749=DIRECTION('ref_axis',(0.,0.,-1.));
#5750=DIRECTION('',(-1.,0.,0.));
#5751=DIRECTION('',(0.,0.,-1.));
#5752=DIRECTION('',(-1.,0.,0.));
#5753=DIRECTION('center_axis',(0.,0.,1.));
#5754=DIRECTION('ref_axis',(0.,1.,0.));
#5755=DIRECTION('',(0.,1.,0.));
#5756=DIRECTION('',(-1.,0.,0.));
#5757=DIRECTION('',(-1.,0.,0.));
#5758=DIRECTION('',(-1.,0.,0.));
#5759=DIRECTION('',(-1.,0.,0.));
#5760=DIRECTION('',(-1.,0.,0.));
#5761=DIRECTION('',(-1.,0.,0.));
#5762=DIRECTION('',(-1.,0.,0.));
#5763=DIRECTION('',(-1.,0.,0.));
#5764=DIRECTION('',(-1.,0.,0.));
#5765=DIRECTION('',(-1.,0.,0.));
#5766=DIRECTION('',(-1.,0.,0.));
#5767=DIRECTION('',(-1.,0.,0.));
#5768=DIRECTION('center_axis',(0.,0.,-1.));
#5769=DIRECTION('ref_axis',(0.,-1.,0.));
#5770=DIRECTION('',(0.,-1.,0.));
#5771=DIRECTION('center_axis',(-1.,0.,0.));
#5772=DIRECTION('ref_axis',(0.,-1.,0.));
#5773=DIRECTION('center_axis',(-1.,0.,0.));
#5774=DIRECTION('ref_axis',(0.,-1.,0.));
#5775=DIRECTION('center_axis',(-1.,0.,0.));
#5776=DIRECTION('ref_axis',(0.,-1.,0.));
#5777=DIRECTION('center_axis',(0.,0.,1.));
#5778=DIRECTION('ref_axis',(0.,1.,0.));
#5779=DIRECTION('',(0.,-1.,0.));
#5780=DIRECTION('',(-1.,0.,0.));
#5781=DIRECTION('',(0.,1.,0.));
#5782=DIRECTION('',(-1.,0.,0.));
#5783=DIRECTION('',(-1.,0.,0.));
#5784=DIRECTION('',(-1.,0.,0.));
#5785=DIRECTION('',(-1.,0.,0.));
#5786=DIRECTION('',(-1.,0.,0.));
#5787=DIRECTION('',(-1.,0.,0.));
#5788=DIRECTION('',(-1.,0.,0.));
#5789=DIRECTION('',(-1.,0.,0.));
#5790=DIRECTION('center_axis',(0.,0.,-1.));
#5791=DIRECTION('ref_axis',(0.,-1.,0.));
#5792=DIRECTION('',(0.,1.,0.));
#5793=DIRECTION('',(0.,-1.,0.));
#5794=DIRECTION('',(-1.,0.,0.));
#5795=DIRECTION('center_axis',(0.,-1.,0.));
#5796=DIRECTION('ref_axis',(0.,0.,1.));
#5797=DIRECTION('',(0.,0.,-1.));
#5798=DIRECTION('',(0.,0.,1.));
#5799=DIRECTION('center_axis',(0.,1.,0.));
#5800=DIRECTION('ref_axis',(0.,0.,-1.));
#5801=DIRECTION('',(-1.,0.,0.));
#5802=DIRECTION('',(0.,0.,-1.));
#5803=DIRECTION('',(-1.,0.,0.));
#5804=DIRECTION('center_axis',(0.,0.,1.));
#5805=DIRECTION('ref_axis',(0.,1.,0.));
#5806=DIRECTION('',(0.,1.,0.));
#5807=DIRECTION('',(-1.,0.,0.));
#5808=DIRECTION('',(-1.,0.,0.));
#5809=DIRECTION('',(-1.,0.,0.));
#5810=DIRECTION('',(-1.,0.,0.));
#5811=DIRECTION('',(-1.,0.,0.));
#5812=DIRECTION('',(-1.,0.,0.));
#5813=DIRECTION('',(-1.,0.,0.));
#5814=DIRECTION('',(-1.,0.,0.));
#5815=DIRECTION('',(-1.,0.,0.));
#5816=DIRECTION('',(-1.,0.,0.));
#5817=DIRECTION('center_axis',(0.,0.,-1.));
#5818=DIRECTION('ref_axis',(0.,-1.,0.));
#5819=DIRECTION('',(0.,-1.,0.));
#5820=DIRECTION('center_axis',(-1.,0.,0.));
#5821=DIRECTION('ref_axis',(0.,-1.,0.));
#5822=DIRECTION('center_axis',(-1.,0.,0.));
#5823=DIRECTION('ref_axis',(0.,-1.,0.));
#5824=DIRECTION('center_axis',(0.,0.,1.));
#5825=DIRECTION('ref_axis',(0.,-1.,0.));
#5826=DIRECTION('',(0.,1.,0.));
#5827=DIRECTION('',(1.,0.,0.));
#5828=DIRECTION('',(0.,-1.,0.));
#5829=DIRECTION('',(1.,0.,0.));
#5830=DIRECTION('center_axis',(0.,1.,0.));
#5831=DIRECTION('ref_axis',(0.,0.,1.));
#5832=DIRECTION('',(0.,0.,-1.));
#5833=DIRECTION('',(0.,0.,1.));
#5834=DIRECTION('',(1.,0.,0.));
#5835=DIRECTION('',(1.,0.,0.));
#5836=DIRECTION('',(1.,0.,0.));
#5837=DIRECTION('',(1.,0.,0.));
#5838=DIRECTION('',(1.,0.,0.));
#5839=DIRECTION('',(1.,0.,0.));
#5840=DIRECTION('',(1.,0.,0.));
#5841=DIRECTION('center_axis',(0.,-1.,0.));
#5842=DIRECTION('ref_axis',(0.,0.,-1.));
#5843=DIRECTION('',(0.,0.,1.));
#5844=DIRECTION('',(0.,0.,-1.));
#5845=DIRECTION('',(1.,0.,0.));
#5846=DIRECTION('center_axis',(0.,0.,1.));
#5847=DIRECTION('ref_axis',(0.,-1.,0.));
#5848=DIRECTION('',(0.,1.,0.));
#5849=DIRECTION('',(0.,-1.,0.));
#5850=DIRECTION('',(1.,0.,0.));
#5851=DIRECTION('center_axis',(0.,1.,0.));
#5852=DIRECTION('ref_axis',(0.,0.,1.));
#5853=DIRECTION('',(0.,0.,-1.));
#5854=DIRECTION('',(0.,0.,1.));
#5855=DIRECTION('',(1.,0.,0.));
#5856=DIRECTION('',(1.,0.,0.));
#5857=DIRECTION('',(1.,0.,0.));
#5858=DIRECTION('',(1.,0.,0.));
#5859=DIRECTION('',(1.,0.,0.));
#5860=DIRECTION('',(1.,0.,0.));
#5861=DIRECTION('center_axis',(0.,-1.,0.));
#5862=DIRECTION('ref_axis',(0.,0.,-1.));
#5863=DIRECTION('',(0.,0.,1.));
#5864=DIRECTION('',(0.,0.,-1.));
#5865=DIRECTION('center_axis',(1.,0.,0.));
#5866=DIRECTION('ref_axis',(0.,1.,0.));
#5867=DIRECTION('center_axis',(0.,-0.0870997405497383,0.996199596063042));
#5868=DIRECTION('ref_axis',(0.,-0.996199596063042,-0.0870997405497383));
#5869=DIRECTION('',(0.,0.996199596063042,0.0870997405497383));
#5870=DIRECTION('',(1.,0.,0.));
#5871=DIRECTION('',(0.,-0.996199596063042,-0.0870997405497383));
#5872=DIRECTION('',(1.,0.,0.));
#5873=DIRECTION('',(1.,0.,0.));
#5874=DIRECTION('',(1.,0.,0.));
#5875=DIRECTION('',(1.,0.,0.));
#5876=DIRECTION('',(1.,0.,0.));
#5877=DIRECTION('',(1.,0.,0.));
#5878=DIRECTION('',(1.,0.,0.));
#5879=DIRECTION('',(1.,0.,0.));
#5880=DIRECTION('',(1.,0.,0.));
#5881=DIRECTION('',(1.,0.,0.));
#5882=DIRECTION('',(1.,0.,0.));
#5883=DIRECTION('',(1.,0.,0.));
#5884=DIRECTION('',(1.,0.,0.));
#5885=DIRECTION('',(1.,0.,0.));
#5886=DIRECTION('',(1.,0.,0.));
#5887=DIRECTION('',(1.,0.,0.));
#5888=DIRECTION('',(1.,0.,0.));
#5889=DIRECTION('',(1.,0.,0.));
#5890=DIRECTION('',(1.,0.,0.));
#5891=DIRECTION('center_axis',(0.,0.0750569659329903,-0.997179247610445));
#5892=DIRECTION('ref_axis',(0.,0.997179247610445,0.0750569659329903));
#5893=DIRECTION('',(0.,-0.997179247610445,-0.0750569659329903));
#5894=DIRECTION('',(0.,0.997179247610445,0.0750569659329903));
#5895=DIRECTION('',(1.,0.,0.));
#5896=DIRECTION('',(1.,0.,0.));
#5897=DIRECTION('',(1.,0.,0.));
#5898=DIRECTION('',(1.,0.,0.));
#5899=DIRECTION('',(1.,0.,0.));
#5900=DIRECTION('',(1.,0.,0.));
#5901=DIRECTION('',(1.,0.,0.));
#5902=DIRECTION('',(1.,0.,0.));
#5903=DIRECTION('',(1.,0.,0.));
#5904=DIRECTION('',(1.,0.,0.));
#5905=DIRECTION('',(1.,0.,0.));
#5906=DIRECTION('',(1.,0.,0.));
#5907=DIRECTION('',(1.,0.,0.));
#5908=DIRECTION('',(1.,0.,0.));
#5909=DIRECTION('',(1.,0.,0.));
#5910=DIRECTION('center_axis',(1.,0.,0.));
#5911=DIRECTION('ref_axis',(0.,1.,0.));
#5912=DIRECTION('center_axis',(0.,0.,1.));
#5913=DIRECTION('ref_axis',(0.,-1.,0.));
#5914=DIRECTION('',(0.,1.,0.));
#5915=DIRECTION('',(1.,0.,0.));
#5916=DIRECTION('',(0.,-1.,0.));
#5917=DIRECTION('',(1.,0.,0.));
#5918=DIRECTION('',(1.,0.,0.));
#5919=DIRECTION('',(1.,0.,0.));
#5920=DIRECTION('',(1.,0.,0.));
#5921=DIRECTION('',(1.,0.,0.));
#5922=DIRECTION('',(1.,0.,0.));
#5923=DIRECTION('',(1.,0.,0.));
#5924=DIRECTION('center_axis',(0.,0.,-1.));
#5925=DIRECTION('ref_axis',(0.,1.,0.));
#5926=DIRECTION('',(0.,-1.,0.));
#5927=DIRECTION('',(0.,1.,0.));
#5928=DIRECTION('',(1.,0.,0.));
#5929=DIRECTION('center_axis',(0.,1.,0.));
#5930=DIRECTION('ref_axis',(0.,0.,1.));
#5931=DIRECTION('',(0.,0.,-1.));
#5932=DIRECTION('',(0.,0.,1.));
#5933=DIRECTION('center_axis',(0.,0.,1.));
#5934=DIRECTION('ref_axis',(0.,-1.,0.));
#5935=DIRECTION('',(0.,1.,0.));
#5936=DIRECTION('',(1.,0.,0.));
#5937=DIRECTION('',(0.,-1.,0.));
#5938=DIRECTION('',(1.,0.,0.));
#5939=DIRECTION('',(1.,0.,0.));
#5940=DIRECTION('',(1.,0.,0.));
#5941=DIRECTION('',(1.,0.,0.));
#5942=DIRECTION('',(1.,0.,0.));
#5943=DIRECTION('',(1.,0.,0.));
#5944=DIRECTION('',(1.,0.,0.));
#5945=DIRECTION('',(1.,0.,0.));
#5946=DIRECTION('center_axis',(0.,0.,-1.));
#5947=DIRECTION('ref_axis',(0.,1.,0.));
#5948=DIRECTION('',(0.,-1.,0.));
#5949=DIRECTION('',(0.,1.,0.));
#5950=DIRECTION('',(1.,0.,0.));
#5951=DIRECTION('center_axis',(0.,1.,0.));
#5952=DIRECTION('ref_axis',(0.,0.,1.));
#5953=DIRECTION('',(0.,0.,-1.));
#5954=DIRECTION('',(0.,0.,1.));
#5955=DIRECTION('center_axis',(0.,-1.,0.));
#5956=DIRECTION('ref_axis',(0.,0.,-1.));
#5957=DIRECTION('',(0.,0.,1.));
#5958=DIRECTION('',(1.,0.,0.));
#5959=DIRECTION('',(0.,0.,-1.));
#5960=DIRECTION('',(1.,0.,0.));
#5961=DIRECTION('center_axis',(0.,0.,1.));
#5962=DIRECTION('ref_axis',(0.,-1.,0.));
#5963=DIRECTION('',(0.,1.,0.));
#5964=DIRECTION('',(0.,-1.,0.));
#5965=DIRECTION('',(1.,0.,0.));
#5966=DIRECTION('',(1.,0.,0.));
#5967=DIRECTION('',(1.,0.,0.));
#5968=DIRECTION('',(1.,0.,0.));
#5969=DIRECTION('',(1.,0.,0.));
#5970=DIRECTION('',(1.,0.,0.));
#5971=DIRECTION('',(1.,0.,0.));
#5972=DIRECTION('',(1.,0.,0.));
#5973=DIRECTION('',(1.,0.,0.));
#5974=DIRECTION('',(1.,0.,0.));
#5975=DIRECTION('',(1.,0.,0.));
#5976=DIRECTION('',(1.,0.,0.));
#5977=DIRECTION('center_axis',(0.,0.,-1.));
#5978=DIRECTION('ref_axis',(0.,1.,0.));
#5979=DIRECTION('',(0.,-1.,0.));
#5980=DIRECTION('',(0.,1.,0.));
#5981=DIRECTION('center_axis',(1.,0.,0.));
#5982=DIRECTION('ref_axis',(0.,1.,0.));
#5983=DIRECTION('center_axis',(1.,0.,0.));
#5984=DIRECTION('ref_axis',(0.,1.,0.));
#5985=DIRECTION('',(0.,0.,1.));
#5986=DIRECTION('',(0.,-1.,0.));
#5987=DIRECTION('',(0.,0.,-1.));
#5988=DIRECTION('',(0.,1.,0.));
#5989=DIRECTION('center_axis',(-1.,0.,0.));
#5990=DIRECTION('ref_axis',(0.,1.,0.));
#5991=DIRECTION('center_axis',(1.,0.,0.));
#5992=DIRECTION('ref_axis',(0.,1.,0.));
#5993=DIRECTION('center_axis',(0.408248290463865,-0.816496580927725,-0.408248290463863));
#5994=DIRECTION('ref_axis',(0.577350269189628,0.577350269189625,-0.577350269189625));
#5995=DIRECTION('center_axis',(0.,0.,-1.));
#5996=DIRECTION('ref_axis',(1.,0.,0.));
#5997=DIRECTION('center_axis',(0.,1.,0.));
#5998=DIRECTION('ref_axis',(0.,0.,-1.));
#5999=DIRECTION('center_axis',(1.,0.,0.));
#6000=DIRECTION('ref_axis',(0.,1.,0.));
#6001=DIRECTION('center_axis',(-0.408248290463863,-0.816496580927726,-0.408248290463863));
#6002=DIRECTION('ref_axis',(-0.577350269189626,0.577350269189626,-0.577350269189626));
#6003=DIRECTION('center_axis',(-1.,0.,0.));
#6004=DIRECTION('ref_axis',(0.,0.,-1.));
#6005=DIRECTION('center_axis',(0.,1.,0.));
#6006=DIRECTION('ref_axis',(-1.,0.,0.));
#6007=DIRECTION('center_axis',(0.,0.,-1.));
#6008=DIRECTION('ref_axis',(0.,1.,0.));
#6009=DIRECTION('center_axis',(0.408248290463865,-0.816496580927725,0.408248290463863));
#6010=DIRECTION('ref_axis',(0.577350269189628,0.577350269189625,0.577350269189625));
#6011=DIRECTION('center_axis',(0.,1.,0.));
#6012=DIRECTION('ref_axis',(1.,0.,0.));
#6013=DIRECTION('center_axis',(0.,0.,1.));
#6014=DIRECTION('ref_axis',(0.,1.,0.));
#6015=DIRECTION('center_axis',(1.,0.,0.));
#6016=DIRECTION('ref_axis',(0.,0.,1.));
#6017=DIRECTION('center_axis',(0.,0.,1.));
#6018=DIRECTION('ref_axis',(0.707106781186547,0.707106781186547,0.));
#6019=DIRECTION('',(0.,0.,1.));
#6020=DIRECTION('center_axis',(-0.408248290463865,-0.816496580927725,0.408248290463863));
#6021=DIRECTION('ref_axis',(0.577350269189628,-0.577350269189625,-0.577350269189625));
#6022=DIRECTION('center_axis',(0.,0.,-1.));
#6023=DIRECTION('ref_axis',(0.,-1.,0.));
#6024=DIRECTION('center_axis',(1.,0.,0.));
#6025=DIRECTION('ref_axis',(0.,0.,-1.));
#6026=DIRECTION('center_axis',(0.,-1.,0.));
#6027=DIRECTION('ref_axis',(1.,0.,0.));
#6028=DIRECTION('center_axis',(-0.408248290463864,-0.816496580927726,0.408248290463863));
#6029=DIRECTION('ref_axis',(-0.577350269189626,0.577350269189626,0.577350269189626));
#6030=DIRECTION('center_axis',(-1.,0.,0.));
#6031=DIRECTION('ref_axis',(0.,1.,0.));
#6032=DIRECTION('center_axis',(0.,0.,1.));
#6033=DIRECTION('ref_axis',(-1.,0.,0.));
#6034=DIRECTION('center_axis',(0.,1.,0.));
#6035=DIRECTION('ref_axis',(0.,0.,1.));
#6036=DIRECTION('center_axis',(0.,0.,1.));
#6037=DIRECTION('ref_axis',(-0.707106781186547,0.707106781186547,0.));
#6038=DIRECTION('',(0.,0.,-1.));
#6039=DIRECTION('center_axis',(0.408248290463863,-0.816496580927726,0.408248290463863));
#6040=DIRECTION('ref_axis',(-0.577350269189626,-0.577350269189626,-0.577350269189626));
#6041=DIRECTION('center_axis',(0.,0.,-1.));
#6042=DIRECTION('ref_axis',(-1.,0.,0.));
#6043=DIRECTION('center_axis',(0.,-1.,0.));
#6044=DIRECTION('ref_axis',(0.,0.,-1.));
#6045=DIRECTION('center_axis',(-1.,0.,0.));
#6046=DIRECTION('ref_axis',(0.,-1.,0.));
#6047=DIRECTION('center_axis',(0.,-1.,0.));
#6048=DIRECTION('ref_axis',(-0.707106781186547,0.,-0.707106781186547));
#6049=DIRECTION('',(0.,-1.,0.));
#6050=DIRECTION('center_axis',(1.,0.,0.));
#6051=DIRECTION('ref_axis',(0.,-0.707106781186547,-0.707106781186547));
#6052=DIRECTION('',(-1.,0.,0.));
#6053=DIRECTION('',(1.,0.,0.));
#6054=DIRECTION('center_axis',(-0.408248290463865,-0.816496580927725,-0.408248290463862));
#6055=DIRECTION('ref_axis',(0.577350269189628,-0.577350269189625,0.577350269189625));
#6056=DIRECTION('center_axis',(1.,0.,0.));
#6057=DIRECTION('ref_axis',(0.,-1.,0.));
#6058=DIRECTION('center_axis',(0.,0.,1.));
#6059=DIRECTION('ref_axis',(1.,0.,0.));
#6060=DIRECTION('center_axis',(0.,-1.,0.));
#6061=DIRECTION('ref_axis',(0.,0.,1.));
#6062=DIRECTION('center_axis',(0.,0.,1.));
#6063=DIRECTION('ref_axis',(0.707106781186547,-0.707106781186547,0.));
#6064=DIRECTION('',(0.,0.,-1.));
#6065=DIRECTION('center_axis',(0.,1.,0.));
#6066=DIRECTION('ref_axis',(0.707106781186547,0.,0.707106781186547));
#6067=DIRECTION('',(0.,-1.,0.));
#6068=DIRECTION('center_axis',(0.408248290463863,-0.816496580927726,-0.408248290463863));
#6069=DIRECTION('ref_axis',(-0.577350269189626,-0.577350269189626,0.577350269189626));
#6070=DIRECTION('center_axis',(0.,-1.,0.));
#6071=DIRECTION('ref_axis',(-1.,0.,0.));
#6072=DIRECTION('center_axis',(0.,0.,1.));
#6073=DIRECTION('ref_axis',(0.,-1.,0.));
#6074=DIRECTION('center_axis',(-1.,0.,0.));
#6075=DIRECTION('ref_axis',(0.,0.,1.));
#6076=DIRECTION('center_axis',(0.,0.,1.));
#6077=DIRECTION('ref_axis',(-0.707106781186547,-0.707106781186547,0.));
#6078=DIRECTION('',(0.,0.,1.));
#6079=DIRECTION('center_axis',(1.,0.,0.));
#6080=DIRECTION('ref_axis',(0.,-0.707106781186547,0.707106781186547));
#6081=DIRECTION('',(-1.,0.,0.));
#6082=DIRECTION('',(1.,0.,0.));
#6083=DIRECTION('center_axis',(0.,-1.,0.));
#6084=DIRECTION('ref_axis',(-0.707106781186547,0.,0.707106781186547));
#6085=DIRECTION('',(0.,1.,0.));
#6086=DIRECTION('center_axis',(-1.,0.,0.));
#6087=DIRECTION('ref_axis',(0.,0.707106781186547,0.707106781186547));
#6088=DIRECTION('',(1.,0.,0.));
#6089=DIRECTION('',(-1.,0.,0.));
#6090=DIRECTION('center_axis',(0.,1.,0.));
#6091=DIRECTION('ref_axis',(0.707106781186547,0.,-0.707106781186547));
#6092=DIRECTION('',(0.,1.,0.));
#6093=DIRECTION('center_axis',(-1.,0.,0.));
#6094=DIRECTION('ref_axis',(0.,0.707106781186547,-0.707106781186547));
#6095=DIRECTION('',(1.,0.,0.));
#6096=DIRECTION('',(-1.,0.,0.));
#6097=DIRECTION('center_axis',(0.,1.,0.));
#6098=DIRECTION('ref_axis',(-1.,0.,0.));
#6099=DIRECTION('center_axis',(-1.,0.,0.));
#6100=DIRECTION('ref_axis',(0.,-1.,0.));
#6101=DIRECTION('center_axis',(0.,0.,1.));
#6102=DIRECTION('ref_axis',(1.,0.,0.));
#6103=DIRECTION('center_axis',(0.,-1.,0.));
#6104=DIRECTION('ref_axis',(1.,0.,0.));
#6105=DIRECTION('center_axis',(1.,0.,0.));
#6106=DIRECTION('ref_axis',(0.,1.,0.));
#6107=DIRECTION('center_axis',(0.,0.,1.));
#6108=DIRECTION('ref_axis',(1.,0.,0.));
#6109=DIRECTION('',(-1.,0.,0.));
#6110=DIRECTION('',(0.,1.,0.));
#6111=DIRECTION('',(1.,0.,0.));
#6112=DIRECTION('',(0.,-1.,0.));
#6113=DIRECTION('center_axis',(0.,1.,0.));
#6114=DIRECTION('ref_axis',(1.,0.,0.));
#6115=DIRECTION('',(-1.,0.,0.));
#6116=DIRECTION('',(0.,0.,-1.));
#6117=DIRECTION('',(0.,0.,-1.));
#6118=DIRECTION('center_axis',(-1.,0.,0.));
#6119=DIRECTION('ref_axis',(0.,1.,0.));
#6120=DIRECTION('',(0.,-1.,0.));
#6121=DIRECTION('',(0.,0.,-1.));
#6122=DIRECTION('center_axis',(0.,-1.,0.));
#6123=DIRECTION('ref_axis',(-1.,0.,0.));
#6124=DIRECTION('',(1.,0.,0.));
#6125=DIRECTION('',(0.,0.,-1.));
#6126=DIRECTION('center_axis',(1.,0.,0.));
#6127=DIRECTION('ref_axis',(0.,-1.,0.));
#6128=DIRECTION('',(0.,1.,0.));
#6129=DIRECTION('center_axis',(-1.,0.,0.));
#6130=DIRECTION('ref_axis',(0.,1.,0.));
#6131=DIRECTION('',(-1.,0.,0.));
#6132=DIRECTION('center_axis',(1.,0.,0.));
#6133=DIRECTION('ref_axis',(0.,1.,0.));
#6134=DIRECTION('center_axis',(1.,0.,0.));
#6135=DIRECTION('ref_axis',(0.,-1.,0.));
#6136=DIRECTION('',(1.,0.,0.));
#6137=DIRECTION('center_axis',(-1.,0.,0.));
#6138=DIRECTION('ref_axis',(0.,-1.,0.));
#6139=DIRECTION('center_axis',(0.,1.,0.));
#6140=DIRECTION('ref_axis',(-1.,0.,0.));
#6141=DIRECTION('',(1.,0.,0.));
#6142=DIRECTION('',(0.,0.,-1.));
#6143=DIRECTION('',(1.,0.,0.));
#6144=DIRECTION('',(0.,0.,1.));
#6145=DIRECTION('center_axis',(1.,0.,0.));
#6146=DIRECTION('ref_axis',(0.,1.,0.));
#6147=DIRECTION('',(0.,-1.,0.));
#6148=DIRECTION('',(0.,0.,-1.));
#6149=DIRECTION('',(0.,-1.,0.));
#6150=DIRECTION('center_axis',(0.,-1.,0.));
#6151=DIRECTION('ref_axis',(1.,0.,0.));
#6152=DIRECTION('',(-1.,0.,0.));
#6153=DIRECTION('',(0.,0.,-1.));
#6154=DIRECTION('',(-1.,0.,0.));
#6155=DIRECTION('center_axis',(-1.,0.,0.));
#6156=DIRECTION('ref_axis',(0.,-1.,0.));
#6157=DIRECTION('',(0.,1.,0.));
#6158=DIRECTION('',(0.,1.,0.));
#6159=DIRECTION('center_axis',(0.,0.,1.));
#6160=DIRECTION('ref_axis',(1.,0.,0.));
#6161=DIRECTION('center_axis',(0.,0.,1.));
#6162=DIRECTION('ref_axis',(1.,0.,0.));
#6163=DIRECTION('',(1.60853668955222E-30,-2.2204460492503E-16,1.));
#6164=DIRECTION('',(6.61970478432749E-15,-1.,-2.22044604925033E-16));
#6165=DIRECTION('',(0.,0.,1.));
#6166=DIRECTION('',(1.,0.,0.));
#6167=DIRECTION('',(0.,0.,1.));
#6168=DIRECTION('',(1.,0.,0.));
#6169=CARTESIAN_POINT('',(0.,0.,0.));
#6170=CARTESIAN_POINT('',(0.,0.,0.));
#6171=CARTESIAN_POINT('Origin',(26.0000001788139,53.0000003799796,6.62010587361983));
#6172=CARTESIAN_POINT('',(24.7355001788139,53.0000003799796,7.));
#6173=CARTESIAN_POINT('Origin',(26.0000001788139,53.0000003799796,7.));
#6174=CARTESIAN_POINT('',(26.0000001788139,53.0000003799796,6.24021174723965));
#6175=CARTESIAN_POINT('',(25.3677501788139,53.0000003799796,6.62010587361983));
#6176=CARTESIAN_POINT('Origin',(26.0000001788139,53.0000003799796,11.));
#6177=CARTESIAN_POINT('',(24.7355001788139,53.0000003799796,15.));
#6178=CARTESIAN_POINT('Origin',(26.0000001788139,53.0000003799796,15.));
#6179=CARTESIAN_POINT('',(24.7355001788139,53.0000003799796,11.));
#6180=CARTESIAN_POINT('Origin',(2.,53.,6.62010587361983));
#6181=CARTESIAN_POINT('',(0.735499999999999,53.,7.));
#6182=CARTESIAN_POINT('Origin',(2.,53.,7.));
#6183=CARTESIAN_POINT('',(2.,53.,6.24021174723965));
#6184=CARTESIAN_POINT('',(1.36775,53.,6.62010587361983));
#6185=CARTESIAN_POINT('Origin',(2.,53.,11.));
#6186=CARTESIAN_POINT('',(0.7355,53.,15.));
#6187=CARTESIAN_POINT('Origin',(2.,53.,15.));
#6188=CARTESIAN_POINT('',(0.7355,53.,11.));
#6189=CARTESIAN_POINT('Origin',(2.,2.,6.62010587361983));
#6190=CARTESIAN_POINT('',(0.7355,2.,7.));
#6191=CARTESIAN_POINT('Origin',(2.,2.,7.));
#6192=CARTESIAN_POINT('',(2.,2.,6.24021174723965));
#6193=CARTESIAN_POINT('',(1.36775,2.,6.62010587361983));
#6194=CARTESIAN_POINT('Origin',(2.,2.,11.));
#6195=CARTESIAN_POINT('',(0.7355,2.,15.));
#6196=CARTESIAN_POINT('Origin',(2.,2.,15.));
#6197=CARTESIAN_POINT('',(0.7355,2.,11.));
#6198=CARTESIAN_POINT('Origin',(26.,2.,6.62010587361983));
#6199=CARTESIAN_POINT('',(24.7355,2.,7.));
#6200=CARTESIAN_POINT('Origin',(26.,2.,7.));
#6201=CARTESIAN_POINT('',(26.,2.,6.24021174723965));
#6202=CARTESIAN_POINT('',(25.36775,2.,6.62010587361983));
#6203=CARTESIAN_POINT('Origin',(26.,2.,11.));
#6204=CARTESIAN_POINT('',(24.7355,2.,15.));
#6205=CARTESIAN_POINT('Origin',(26.,2.,15.));
#6206=CARTESIAN_POINT('',(24.7355,2.,11.));
#6207=CARTESIAN_POINT('Origin',(14.0000002086163,27.5000004097819,1.));
#6208=CARTESIAN_POINT('',(4.,0.,1.));
#6209=CARTESIAN_POINT('',(4.,4.,1.));
#6210=CARTESIAN_POINT('',(4.,13.750000204891,1.));
#6211=CARTESIAN_POINT('',(24.,0.,1.));
#6212=CARTESIAN_POINT('',(0.,0.,1.));
#6213=CARTESIAN_POINT('',(24.,4.,1.));
#6214=CARTESIAN_POINT('',(24.,15.750000204891,1.));
#6215=CARTESIAN_POINT('',(28.0000004172325,4.,1.));
#6216=CARTESIAN_POINT('',(21.0000001043081,4.,1.));
#6217=CARTESIAN_POINT('',(28.0000004172325,51.0000007599592,1.));
#6218=CARTESIAN_POINT('',(28.0000004172325,0.,1.));
#6219=CARTESIAN_POINT('',(24.0000003576279,51.0000007599592,1.));
#6220=CARTESIAN_POINT('',(19.0000002831221,51.0000007599592,1.));
#6221=CARTESIAN_POINT('',(24.0000003576279,55.0000008195639,1.));
#6222=CARTESIAN_POINT('',(24.0000003576279,41.250000204891,1.));
#6223=CARTESIAN_POINT('',(4.,55.0000008195639,1.));
#6224=CARTESIAN_POINT('',(28.0000004172325,55.0000008195639,1.));
#6225=CARTESIAN_POINT('',(4.,51.,1.));
#6226=CARTESIAN_POINT('',(4.,39.250000204891,1.));
#6227=CARTESIAN_POINT('',(0.,51.,1.));
#6228=CARTESIAN_POINT('',(7.00000010430813,51.,1.));
#6229=CARTESIAN_POINT('',(0.,4.,1.));
#6230=CARTESIAN_POINT('',(0.,55.0000008195639,1.));
#6231=CARTESIAN_POINT('',(9.00000010430813,4.,1.));
#6232=CARTESIAN_POINT('Origin',(4.,51.,0.));
#6233=CARTESIAN_POINT('',(4.,55.,15.));
#6234=CARTESIAN_POINT('',(4.,55.,0.));
#6235=CARTESIAN_POINT('',(4.,51.,15.));
#6236=CARTESIAN_POINT('',(4.,55.,15.));
#6237=CARTESIAN_POINT('',(4.,51.,0.));
#6238=CARTESIAN_POINT('Origin',(0.,51.,0.));
#6239=CARTESIAN_POINT('',(0.,51.,15.));
#6240=CARTESIAN_POINT('',(4.,51.,15.));
#6241=CARTESIAN_POINT('',(1.23259516440783E-31,51.,0.));
#6242=CARTESIAN_POINT('Origin',(2.,53.,15.));
#6243=CARTESIAN_POINT('',(0.,55.,15.));
#6244=CARTESIAN_POINT('',(1.23259516440783E-31,55.,15.));
#6245=CARTESIAN_POINT('',(1.23259516440783E-31,51.,15.));
#6246=CARTESIAN_POINT('Origin',(24.0000003576279,55.,0.));
#6247=CARTESIAN_POINT('',(24.0000003576279,51.0000007599592,15.));
#6248=CARTESIAN_POINT('',(24.0000003576279,51.0000007599592,0.));
#6249=CARTESIAN_POINT('',(24.0000003576279,55.,15.));
#6250=CARTESIAN_POINT('',(24.0000003576279,55.,15.));
#6251=CARTESIAN_POINT('',(24.0000003576279,55.,0.));
#6252=CARTESIAN_POINT('Origin',(24.0000003576279,51.0000007599592,0.));
#6253=CARTESIAN_POINT('',(28.,51.0000007599592,15.));
#6254=CARTESIAN_POINT('',(28.,51.0000007599592,0.));
#6255=CARTESIAN_POINT('',(24.0000003576279,51.0000007599592,15.));
#6256=CARTESIAN_POINT('Origin',(28.,55.,0.));
#6257=CARTESIAN_POINT('',(28.,55.,15.));
#6258=CARTESIAN_POINT('',(28.,55.,15.));
#6259=CARTESIAN_POINT('',(28.,55.,0.));
#6260=CARTESIAN_POINT('',(28.,55.,0.));
#6261=CARTESIAN_POINT('',(1.23259516440783E-31,55.,0.));
#6262=CARTESIAN_POINT('',(28.,55.,0.));
#6263=CARTESIAN_POINT('',(1.23259516440783E-31,55.,0.));
#6264=CARTESIAN_POINT('Origin',(26.0000001788139,53.0000003799796,15.));
#6265=CARTESIAN_POINT('',(28.,51.0000007599592,15.));
#6266=CARTESIAN_POINT('Origin',(28.,4.,0.));
#6267=CARTESIAN_POINT('',(24.,4.,15.));
#6268=CARTESIAN_POINT('',(24.,4.,0.));
#6269=CARTESIAN_POINT('',(28.,4.,15.));
#6270=CARTESIAN_POINT('',(24.,4.,15.));
#6271=CARTESIAN_POINT('',(28.,4.,0.));
#6272=CARTESIAN_POINT('Origin',(24.,4.,0.));
#6273=CARTESIAN_POINT('',(24.,0.,15.));
#6274=CARTESIAN_POINT('',(24.,0.,0.));
#6275=CARTESIAN_POINT('',(24.,0.,15.));
#6276=CARTESIAN_POINT('Origin',(28.,0.,0.));
#6277=CARTESIAN_POINT('',(28.,0.,15.));
#6278=CARTESIAN_POINT('',(28.,4.,15.));
#6279=CARTESIAN_POINT('',(28.,0.,0.));
#6280=CARTESIAN_POINT('',(28.,0.,0.));
#6281=CARTESIAN_POINT('',(28.,4.,0.));
#6282=CARTESIAN_POINT('Origin',(26.,2.,15.));
#6283=CARTESIAN_POINT('',(28.,0.,15.));
#6284=CARTESIAN_POINT('Origin',(4.,0.,0.));
#6285=CARTESIAN_POINT('',(4.,4.,15.));
#6286=CARTESIAN_POINT('',(4.,4.,0.));
#6287=CARTESIAN_POINT('',(4.,0.,15.));
#6288=CARTESIAN_POINT('',(4.,0.,15.));
#6289=CARTESIAN_POINT('',(4.,0.,0.));
#6290=CARTESIAN_POINT('Origin',(4.,4.,0.));
#6291=CARTESIAN_POINT('',(6.12323445195325E-17,4.,15.));
#6292=CARTESIAN_POINT('',(6.12323445195325E-17,4.,0.));
#6293=CARTESIAN_POINT('',(4.,4.,15.));
#6294=CARTESIAN_POINT('Origin',(7.70371977754894E-33,0.,0.));
#6295=CARTESIAN_POINT('',(7.70371977754894E-33,0.,15.));
#6296=CARTESIAN_POINT('',(0.,0.,15.));
#6297=CARTESIAN_POINT('',(7.70371977754894E-33,0.,0.));
#6298=CARTESIAN_POINT('',(7.70371977754894E-33,0.,0.));
#6299=CARTESIAN_POINT('',(0.,0.,0.));
#6300=CARTESIAN_POINT('Origin',(6.12323445195325E-17,4.,0.));
#6301=CARTESIAN_POINT('',(6.12323445195325E-17,4.,15.));
#6302=CARTESIAN_POINT('',(6.12323445195325E-17,4.,0.));
#6303=CARTESIAN_POINT('Origin',(2.,2.,15.));
#6304=CARTESIAN_POINT('Origin',(2.,2.,0.));
#6305=CARTESIAN_POINT('',(0.,0.,0.));
#6306=CARTESIAN_POINT('Origin',(20.0000002533,16.0000002384186,18.0000002682209));
#6307=CARTESIAN_POINT('',(15.,16.0000002384186,20.0000002980232));
#6308=CARTESIAN_POINT('',(15.,16.0000002384186,18.0000002682209));
#6309=CARTESIAN_POINT('',(15.,16.0000002384186,9.00000013411045));
#6310=CARTESIAN_POINT('',(20.0000002533,16.0000002384186,20.0000002980232));
#6311=CARTESIAN_POINT('',(20.0000002533,16.0000002384186,20.0000002980232));
#6312=CARTESIAN_POINT('',(20.0000002533,16.0000002384186,18.0000002682209));
#6313=CARTESIAN_POINT('',(20.0000002533,16.0000002384186,9.00000013411045));
#6314=CARTESIAN_POINT('',(20.0000002533,16.0000002384186,18.0000002682209));
#6315=CARTESIAN_POINT('Origin',(20.0000002533,16.0000002384186,18.0000002682209));
#6316=CARTESIAN_POINT('',(0.,16.0000002384186,18.0000002682209));
#6317=CARTESIAN_POINT('',(0.,16.0000002384186,20.0000002980232));
#6318=CARTESIAN_POINT('',(0.,16.0000002384186,9.00000013411045));
#6319=CARTESIAN_POINT('',(-4.9999997467,16.0000002384186,18.0000002682209));
#6320=CARTESIAN_POINT('',(20.0000002533,16.0000002384186,18.0000002682209));
#6321=CARTESIAN_POINT('',(-4.9999997467,16.0000002384186,20.0000002980232));
#6322=CARTESIAN_POINT('',(-5.00000007450581,16.0000002384186,9.00000013411045));
#6323=CARTESIAN_POINT('',(20.0000002533,16.0000002384186,20.0000002980232));
#6324=CARTESIAN_POINT('Origin',(20.0000002533,16.0000002384186,20.0000002980232));
#6325=CARTESIAN_POINT('',(15.,35.0000005215406,20.0000002980232));
#6326=CARTESIAN_POINT('',(15.,27.0000004023093,20.0000002980232));
#6327=CARTESIAN_POINT('',(20.0000002533,35.0000005215406,20.0000002980232));
#6328=CARTESIAN_POINT('',(20.0000002533,35.0000005215406,20.0000002980232));
#6329=CARTESIAN_POINT('',(20.0000002533,14.5000002160448,20.0000002980232));
#6330=CARTESIAN_POINT('Origin',(20.0000002533,16.0000002384186,20.0000002980232));
#6331=CARTESIAN_POINT('',(0.,35.0000005215406,20.0000002980232));
#6332=CARTESIAN_POINT('',(0.,14.5000002160668,20.0000002980232));
#6333=CARTESIAN_POINT('',(-4.9999997467,35.0000005215406,20.0000002980232));
#6334=CARTESIAN_POINT('',(-5.00000007450581,27.0000004023314,20.0000002980232));
#6335=CARTESIAN_POINT('',(20.0000002533,35.0000005215406,20.0000002980232));
#6336=CARTESIAN_POINT('Origin',(20.0000002533,35.0000005215406,18.0000002682209));
#6337=CARTESIAN_POINT('',(15.,35.0000005215406,18.0000002682209));
#6338=CARTESIAN_POINT('',(15.,36.5000005438703,18.0000002682209));
#6339=CARTESIAN_POINT('',(20.0000002533,35.0000005215406,18.0000002682209));
#6340=CARTESIAN_POINT('',(20.0000002533,24.0000003576058,18.0000002682209));
#6341=CARTESIAN_POINT('',(20.0000002533,35.0000005215406,18.0000002682209));
#6342=CARTESIAN_POINT('Origin',(20.0000002533,35.0000005215406,20.0000002980232));
#6343=CARTESIAN_POINT('',(15.,35.0000005215406,10.0000001490116));
#6344=CARTESIAN_POINT('',(20.0000002533,35.0000005215406,10.0000001490116));
#6345=CARTESIAN_POINT('Origin',(20.0000002533,35.0000005215406,20.0000002980232));
#6346=CARTESIAN_POINT('',(0.,35.0000005215406,18.0000002682209));
#6347=CARTESIAN_POINT('',(0.,35.0000005215406,10.0000001490116));
#6348=CARTESIAN_POINT('',(-4.9999997467,35.0000005215406,18.0000002682209));
#6349=CARTESIAN_POINT('',(-5.00000007450581,35.0000005215406,10.0000001490116));
#6350=CARTESIAN_POINT('',(20.0000002533,35.0000005215406,18.0000002682209));
#6351=CARTESIAN_POINT('Origin',(20.0000002533,35.0000005215406,18.0000002682209));
#6352=CARTESIAN_POINT('',(0.,24.0000003576279,18.0000002682209));
#6353=CARTESIAN_POINT('',(-5.00000007450581,36.5000005438924,18.0000002682209));
#6354=CARTESIAN_POINT('Origin',(20.0000002533,16.0000002830779,14.0000002682209));
#6355=CARTESIAN_POINT('',(15.,16.0000002830779,16.0000002682209));
#6356=CARTESIAN_POINT('',(15.,16.0000002830779,14.0000002682209));
#6357=CARTESIAN_POINT('',(15.,16.0000002830779,7.00000013411045));
#6358=CARTESIAN_POINT('',(20.0000002533,16.0000002830779,16.0000002682209));
#6359=CARTESIAN_POINT('',(20.0000002533,16.0000002830779,16.0000002682209));
#6360=CARTESIAN_POINT('',(20.0000002533,16.0000002830779,14.0000002682209));
#6361=CARTESIAN_POINT('',(20.0000002533,16.0000002830779,7.00000013411045));
#6362=CARTESIAN_POINT('',(20.0000002533,16.0000002830779,14.0000002682209));
#6363=CARTESIAN_POINT('Origin',(20.0000002533,16.0000002830779,14.0000002682209));
#6364=CARTESIAN_POINT('',(0.,16.0000002830779,14.0000002682209));
#6365=CARTESIAN_POINT('',(0.,16.0000002830779,16.0000002682209));
#6366=CARTESIAN_POINT('',(0.,16.0000002830779,7.00000013411045));
#6367=CARTESIAN_POINT('',(-4.9999997467,16.0000002830779,14.0000002682209));
#6368=CARTESIAN_POINT('',(20.0000002533,16.0000002830779,14.0000002682209));
#6369=CARTESIAN_POINT('',(-4.9999997467,16.0000002830779,16.0000002682209));
#6370=CARTESIAN_POINT('',(-5.00000007450581,16.0000002830779,7.00000013411045));
#6371=CARTESIAN_POINT('',(20.0000002533,16.0000002830779,16.0000002682209));
#6372=CARTESIAN_POINT('Origin',(20.0000002533,16.0000002830779,16.0000002682209));
#6373=CARTESIAN_POINT('',(15.,35.0000005662,16.0000002682209));
#6374=CARTESIAN_POINT('',(15.,27.000000424639,16.0000002682209));
#6375=CARTESIAN_POINT('',(20.0000002533,35.0000005662,16.0000002682209));
#6376=CARTESIAN_POINT('',(20.0000002533,35.0000005662,16.0000002682209));
#6377=CARTESIAN_POINT('',(20.0000002533,14.5000002383745,16.0000002682209));
#6378=CARTESIAN_POINT('Origin',(20.0000002533,16.0000002830779,16.0000002682209));
#6379=CARTESIAN_POINT('',(0.,35.0000005662,16.0000002682209));
#6380=CARTESIAN_POINT('',(0.,14.5000002383965,16.0000002682209));
#6381=CARTESIAN_POINT('',(-4.9999997467,35.0000005662,16.0000002682209));
#6382=CARTESIAN_POINT('',(-5.00000007450581,27.000000424661,16.0000002682209));
#6383=CARTESIAN_POINT('',(20.0000002533,35.0000005662,16.0000002682209));
#6384=CARTESIAN_POINT('Origin',(20.0000002533,35.0000005662,14.0000002682209));
#6385=CARTESIAN_POINT('',(15.,35.0000005662,14.0000002682209));
#6386=CARTESIAN_POINT('',(15.,36.5000005662,14.0000002682209));
#6387=CARTESIAN_POINT('',(20.0000002533,35.0000005662,14.0000002682209));
#6388=CARTESIAN_POINT('',(20.0000002533,24.0000003799355,14.0000002682209));
#6389=CARTESIAN_POINT('',(20.0000002533,35.0000005662,14.0000002682209));
#6390=CARTESIAN_POINT('Origin',(20.0000002533,35.0000005662,16.0000002682209));
#6391=CARTESIAN_POINT('',(15.,35.0000005662,8.00000013411045));
#6392=CARTESIAN_POINT('',(20.0000002533,35.0000005662,8.00000013411045));
#6393=CARTESIAN_POINT('Origin',(20.0000002533,35.0000005662,16.0000002682209));
#6394=CARTESIAN_POINT('',(0.,35.0000005662,14.0000002682209));
#6395=CARTESIAN_POINT('',(0.,35.0000005662,8.00000013411045));
#6396=CARTESIAN_POINT('',(-4.9999997467,35.0000005662,14.0000002682209));
#6397=CARTESIAN_POINT('',(-5.00000007450581,35.0000005662,8.00000013411045));
#6398=CARTESIAN_POINT('',(20.0000002533,35.0000005662,14.0000002682209));
#6399=CARTESIAN_POINT('Origin',(20.0000002533,35.0000005662,14.0000002682209));
#6400=CARTESIAN_POINT('',(0.,24.0000003799575,14.0000002682209));
#6401=CARTESIAN_POINT('',(-5.00000007450581,36.5000005662221,14.0000002682209));
#6402=CARTESIAN_POINT('Origin',(0.,13.0000001937151,0.));
#6403=CARTESIAN_POINT('',(0.,38.0000005662441,1.));
#6404=CARTESIAN_POINT('',(0.,13.0000001937151,1.));
#6405=CARTESIAN_POINT('',(0.,46.,1.));
#6406=CARTESIAN_POINT('',(0.,38.0000005662441,22.));
#6407=CARTESIAN_POINT('',(0.,38.0000005662441,0.));
#6408=CARTESIAN_POINT('',(0.,13.0000001937151,22.));
#6409=CARTESIAN_POINT('',(0.,46.,22.));
#6410=CARTESIAN_POINT('',(0.,13.0000001937151,0.));
#6411=CARTESIAN_POINT('Origin',(-5.00000007450581,13.0000001937151,0.));
#6412=CARTESIAN_POINT('',(-5.00000007450581,13.0000001937151,0.));
#6413=CARTESIAN_POINT('',(0.,13.0000001937151,0.));
#6414=CARTESIAN_POINT('',(-5.00000007450581,13.0000001937151,0.));
#6415=CARTESIAN_POINT('',(0.,13.0000001937151,0.));
#6416=CARTESIAN_POINT('',(-5.00000007450581,13.0000001937151,22.));
#6417=CARTESIAN_POINT('',(-5.00000007450581,13.0000001937151,22.));
#6418=CARTESIAN_POINT('',(-5.00000007450581,13.0000001937151,0.));
#6419=CARTESIAN_POINT('Origin',(-5.00000007450581,38.0000005662441,0.));
#6420=CARTESIAN_POINT('',(-5.00000007450581,38.0000005662441,0.));
#6421=CARTESIAN_POINT('',(-5.00000007450581,38.0000005662441,0.));
#6422=CARTESIAN_POINT('',(-5.00000007450581,38.0000005662441,22.));
#6423=CARTESIAN_POINT('',(-5.00000007450581,38.0000005662441,22.));
#6424=CARTESIAN_POINT('',(-5.00000007450581,38.0000005662441,0.));
#6425=CARTESIAN_POINT('Origin',(0.,38.0000005662441,0.));
#6426=CARTESIAN_POINT('',(0.,38.0000005662441,0.));
#6427=CARTESIAN_POINT('',(0.,38.0000005662441,0.));
#6428=CARTESIAN_POINT('',(0.,38.0000005662441,22.));
#6429=CARTESIAN_POINT('',(0.,38.0000005662441,0.));
#6430=CARTESIAN_POINT('Origin',(-2.5000000372529,25.5000003799796,22.));
#6431=CARTESIAN_POINT('Origin',(0.,46.,0.));
#6432=CARTESIAN_POINT('',(0.,46.,1.));
#6433=CARTESIAN_POINT('',(0.,46.,1.));
#6434=CARTESIAN_POINT('',(0.,46.,0.));
#6435=CARTESIAN_POINT('',(0.,46.,0.));
#6436=CARTESIAN_POINT('',(0.,46.,0.));
#6437=CARTESIAN_POINT('Origin',(0.,46.,0.));
#6438=CARTESIAN_POINT('',(0.,0.,0.));
#6439=CARTESIAN_POINT('',(0.,46.,0.));
#6440=CARTESIAN_POINT('',(0.,0.,1.));
#6441=CARTESIAN_POINT('',(0.,0.,0.));
#6442=CARTESIAN_POINT('',(0.,46.,1.));
#6443=CARTESIAN_POINT('Origin',(15.,38.0000005662,0.));
#6444=CARTESIAN_POINT('',(15.,13.000000193671,1.));
#6445=CARTESIAN_POINT('',(15.,38.0000005662,1.));
#6446=CARTESIAN_POINT('',(15.,0.,1.));
#6447=CARTESIAN_POINT('',(15.,13.000000193671,22.));
#6448=CARTESIAN_POINT('',(15.,13.000000193671,0.));
#6449=CARTESIAN_POINT('',(15.,38.0000005662,22.));
#6450=CARTESIAN_POINT('',(15.,0.,22.));
#6451=CARTESIAN_POINT('',(15.,38.0000005662,0.));
#6452=CARTESIAN_POINT('Origin',(15.0000001787942,13.000000193671,0.));
#6453=CARTESIAN_POINT('',(20.0000002533,13.000000193671,0.));
#6454=CARTESIAN_POINT('',(15.,13.000000193671,0.));
#6455=CARTESIAN_POINT('',(20.0000002533,13.000000193671,0.));
#6456=CARTESIAN_POINT('',(20.0000002533,13.000000193671,22.));
#6457=CARTESIAN_POINT('',(20.0000002533,13.000000193671,0.));
#6458=CARTESIAN_POINT('',(20.0000002533,13.000000193671,22.));
#6459=CARTESIAN_POINT('',(15.,13.000000193671,0.));
#6460=CARTESIAN_POINT('Origin',(20.0000002533,38.0000005662,0.));
#6461=CARTESIAN_POINT('',(15.,38.0000005662,0.));
#6462=CARTESIAN_POINT('',(20.0000002533,38.0000005662,0.));
#6463=CARTESIAN_POINT('',(15.0000001787942,38.0000005662,0.));
#6464=CARTESIAN_POINT('',(15.,38.0000005662,0.));
#6465=CARTESIAN_POINT('',(20.0000002533,38.0000005662,22.));
#6466=CARTESIAN_POINT('',(15.0000001787942,38.0000005662,22.));
#6467=CARTESIAN_POINT('',(20.0000002533,38.0000005662,0.));
#6468=CARTESIAN_POINT('Origin',(20.0000002533,13.000000193671,0.));
#6469=CARTESIAN_POINT('',(20.0000002533,38.0000005662,0.));
#6470=CARTESIAN_POINT('',(20.0000002533,38.0000005662,22.));
#6471=CARTESIAN_POINT('Origin',(17.50000012665,25.5000003799355,22.));
#6472=CARTESIAN_POINT('Origin',(15.,0.,0.));
#6473=CARTESIAN_POINT('',(15.,0.,1.));
#6474=CARTESIAN_POINT('',(15.,0.,1.));
#6475=CARTESIAN_POINT('',(15.,0.,0.));
#6476=CARTESIAN_POINT('',(15.,0.,0.));
#6477=CARTESIAN_POINT('',(15.,0.,0.));
#6478=CARTESIAN_POINT('Origin',(15.,0.,0.));
#6479=CARTESIAN_POINT('',(15.,46.,0.));
#6480=CARTESIAN_POINT('',(15.,0.,0.));
#6481=CARTESIAN_POINT('',(15.,46.,1.));
#6482=CARTESIAN_POINT('',(15.,46.,0.));
#6483=CARTESIAN_POINT('',(15.,0.,1.));
#6484=CARTESIAN_POINT('Origin',(15.,46.,0.));
#6485=CARTESIAN_POINT('',(15.,46.,0.));
#6486=CARTESIAN_POINT('',(15.,46.,1.));
#6487=CARTESIAN_POINT('Origin',(0.,0.,0.));
#6488=CARTESIAN_POINT('',(0.,0.,0.));
#6489=CARTESIAN_POINT('',(0.,0.,1.));
#6490=CARTESIAN_POINT('Origin',(7.5,23.,1.));
#6491=CARTESIAN_POINT('Origin',(7.5,23.,0.));
#6492=CARTESIAN_POINT('',(0.,0.,0.));
#6493=CARTESIAN_POINT('Origin',(40.,67.,5.));
#6494=CARTESIAN_POINT('',(40.,67.,5.));
#6495=CARTESIAN_POINT('',(40.,20.5,5.));
#6496=CARTESIAN_POINT('',(40.,53.5,5.));
#6497=CARTESIAN_POINT('',(40.,67.,2.5));
#6498=CARTESIAN_POINT('',(40.,67.,5.));
#6499=CARTESIAN_POINT('',(40.,20.5,2.5));
#6500=CARTESIAN_POINT('',(40.,67.,2.5));
#6501=CARTESIAN_POINT('',(40.,20.5,5.));
#6502=CARTESIAN_POINT('Origin',(15.,67.,5.));
#6503=CARTESIAN_POINT('',(15.,67.,5.));
#6504=CARTESIAN_POINT('',(45.,67.,5.));
#6505=CARTESIAN_POINT('',(15.,67.,2.5));
#6506=CARTESIAN_POINT('',(15.,67.,5.));
#6507=CARTESIAN_POINT('',(15.,67.,2.5));
#6508=CARTESIAN_POINT('Origin',(15.,20.5,5.));
#6509=CARTESIAN_POINT('',(15.,20.5,5.));
#6510=CARTESIAN_POINT('',(15.,30.25,5.));
#6511=CARTESIAN_POINT('',(15.,20.5,2.5));
#6512=CARTESIAN_POINT('',(15.,20.5,5.));
#6513=CARTESIAN_POINT('',(15.,20.5,2.5));
#6514=CARTESIAN_POINT('Origin',(40.,20.5,5.));
#6515=CARTESIAN_POINT('',(57.5,20.5,5.));
#6516=CARTESIAN_POINT('',(40.,20.5,2.5));
#6517=CARTESIAN_POINT('Origin',(27.5,43.75,2.5));
#6518=CARTESIAN_POINT('Origin',(82.,50.,5.));
#6519=CARTESIAN_POINT('',(82.,50.,5.));
#6520=CARTESIAN_POINT('',(137.,50.,5.));
#6521=CARTESIAN_POINT('',(78.5,50.,5.));
#6522=CARTESIAN_POINT('',(82.,50.,2.5));
#6523=CARTESIAN_POINT('',(82.,50.,5.));
#6524=CARTESIAN_POINT('',(137.,50.,2.5));
#6525=CARTESIAN_POINT('',(137.,50.,2.5));
#6526=CARTESIAN_POINT('',(137.,50.,5.));
#6527=CARTESIAN_POINT('Origin',(82.,22.,5.));
#6528=CARTESIAN_POINT('',(82.,22.,5.));
#6529=CARTESIAN_POINT('',(82.,31.,5.));
#6530=CARTESIAN_POINT('',(82.,22.,2.5));
#6531=CARTESIAN_POINT('',(82.,22.,5.));
#6532=CARTESIAN_POINT('',(82.,50.,2.5));
#6533=CARTESIAN_POINT('Origin',(137.,22.,5.));
#6534=CARTESIAN_POINT('',(137.,22.,5.));
#6535=CARTESIAN_POINT('',(106.,22.,5.));
#6536=CARTESIAN_POINT('',(137.,22.,2.5));
#6537=CARTESIAN_POINT('',(137.,22.,5.));
#6538=CARTESIAN_POINT('',(82.,22.,2.5));
#6539=CARTESIAN_POINT('Origin',(137.,50.,5.));
#6540=CARTESIAN_POINT('',(137.,45.,5.));
#6541=CARTESIAN_POINT('',(137.,22.,2.5));
#6542=CARTESIAN_POINT('Origin',(109.5,36.,2.5));
#6543=CARTESIAN_POINT('Ctrl Pts',(0.,52.0907222777605,11.0020461678505));
#6544=CARTESIAN_POINT('Ctrl Pts',(-2.,52.0907222777605,11.0020461678505));
#6545=CARTESIAN_POINT('Ctrl Pts',(0.,52.3739007178713,11.3984536268098));
#6546=CARTESIAN_POINT('Ctrl Pts',(-2.,52.3739007178713,11.3984536268098));
#6547=CARTESIAN_POINT('Ctrl Pts',(0.,52.9802819444224,12.2472966428375));
#6548=CARTESIAN_POINT('Ctrl Pts',(-2.,52.9802819444224,12.2472966428375));
#6549=CARTESIAN_POINT('Ctrl Pts',(0.,53.0340802086308,13.2927184775285));
#6550=CARTESIAN_POINT('Ctrl Pts',(-2.,53.0340802086308,13.2927184775285));
#6551=CARTESIAN_POINT('Ctrl Pts',(0.,53.0627548247576,13.8499310612679));
#6552=CARTESIAN_POINT('Ctrl Pts',(-2.,53.0627548247576,13.8499310612679));
#6553=CARTESIAN_POINT('',(0.,53.0627548247576,13.8499310612679));
#6554=CARTESIAN_POINT('',(0.,52.0907222777605,11.0020461678505));
#6555=CARTESIAN_POINT('Ctrl Pts',(0.,53.0627548247576,13.8499310612679));
#6556=CARTESIAN_POINT('Ctrl Pts',(0.,53.0340802086308,13.2927184775285));
#6557=CARTESIAN_POINT('Ctrl Pts',(0.,52.9802819444224,12.2472966428375));
#6558=CARTESIAN_POINT('Ctrl Pts',(0.,52.3739007178713,11.3984536268098));
#6559=CARTESIAN_POINT('Ctrl Pts',(0.,52.0907222777605,11.0020461678505));
#6560=CARTESIAN_POINT('',(-2.,53.0627548247576,13.8499310612679));
#6561=CARTESIAN_POINT('',(0.,53.0627548247576,13.8499310612679));
#6562=CARTESIAN_POINT('',(-2.,52.0907222777605,11.0020461678505));
#6563=CARTESIAN_POINT('Ctrl Pts',(-2.,52.0907222777605,11.0020461678505));
#6564=CARTESIAN_POINT('Ctrl Pts',(-2.,52.3739007178713,11.3984536268098));
#6565=CARTESIAN_POINT('Ctrl Pts',(-2.,52.9802819444224,12.2472966428375));
#6566=CARTESIAN_POINT('Ctrl Pts',(-2.,53.0340802086308,13.2927184775285));
#6567=CARTESIAN_POINT('Ctrl Pts',(-2.,53.0627548247576,13.8499310612679));
#6568=CARTESIAN_POINT('',(0.,52.0907222777605,11.0020461678505));
#6569=CARTESIAN_POINT('Ctrl Pts',(0.,49.6521138697863,9.96180087327957));
#6570=CARTESIAN_POINT('Ctrl Pts',(-2.,49.6521138697863,9.96180087327957));
#6571=CARTESIAN_POINT('Ctrl Pts',(0.,50.1189770955094,10.0036665335817));
#6572=CARTESIAN_POINT('Ctrl Pts',(-2.,50.1189770955094,10.0036665335817));
#6573=CARTESIAN_POINT('Ctrl Pts',(0.,51.0449106291901,10.086699029284));
#6574=CARTESIAN_POINT('Ctrl Pts',(-2.,51.0449106291901,10.086699029284));
#6575=CARTESIAN_POINT('Ctrl Pts',(0.,51.7440798633922,10.6986472312145));
#6576=CARTESIAN_POINT('Ctrl Pts',(-2.,51.7440798633922,10.6986472312145));
#6577=CARTESIAN_POINT('Ctrl Pts',(0.,52.0907222777605,11.0020461678505));
#6578=CARTESIAN_POINT('Ctrl Pts',(-2.,52.0907222777605,11.0020461678505));
#6579=CARTESIAN_POINT('',(0.,49.6521138697863,9.96180087327957));
#6580=CARTESIAN_POINT('Ctrl Pts',(0.,52.0907222777605,11.0020461678505));
#6581=CARTESIAN_POINT('Ctrl Pts',(0.,51.7440798633922,10.6986472312145));
#6582=CARTESIAN_POINT('Ctrl Pts',(0.,51.0449106291901,10.086699029284));
#6583=CARTESIAN_POINT('Ctrl Pts',(0.,50.1189770955094,10.0036665335817));
#6584=CARTESIAN_POINT('Ctrl Pts',(0.,49.6521138697863,9.96180087327957));
#6585=CARTESIAN_POINT('',(-2.,49.6521138697863,9.96180087327957));
#6586=CARTESIAN_POINT('Ctrl Pts',(-2.,49.6521138697863,9.96180087327957));
#6587=CARTESIAN_POINT('Ctrl Pts',(-2.,50.1189770955094,10.0036665335817));
#6588=CARTESIAN_POINT('Ctrl Pts',(-2.,51.0449106291901,10.086699029284));
#6589=CARTESIAN_POINT('Ctrl Pts',(-2.,51.7440798633922,10.6986472312145));
#6590=CARTESIAN_POINT('Ctrl Pts',(-2.,52.0907222777605,11.0020461678505));
#6591=CARTESIAN_POINT('',(0.,49.6521138697863,9.96180087327957));
#6592=CARTESIAN_POINT('Ctrl Pts',(0.,47.1930419951677,11.0122779011726));
#6593=CARTESIAN_POINT('Ctrl Pts',(-2.,47.1930419951677,11.0122779011726));
#6594=CARTESIAN_POINT('Ctrl Pts',(0.,47.5399928075446,10.7059036133548));
#6595=CARTESIAN_POINT('Ctrl Pts',(-2.,47.5399928075446,10.7059036133548));
#6596=CARTESIAN_POINT('Ctrl Pts',(0.,48.2431105478498,10.0850167635378));
#6597=CARTESIAN_POINT('Ctrl Pts',(-2.,48.2431105478498,10.0850167635378));
#6598=CARTESIAN_POINT('Ctrl Pts',(0.,49.1783598358949,10.0032301759225));
#6599=CARTESIAN_POINT('Ctrl Pts',(-2.,49.1783598358949,10.0032301759225));
#6600=CARTESIAN_POINT('Ctrl Pts',(0.,49.6521138697863,9.96180087327957));
#6601=CARTESIAN_POINT('Ctrl Pts',(-2.,49.6521138697863,9.96180087327957));
#6602=CARTESIAN_POINT('',(0.,47.1930419951677,11.0122779011726));
#6603=CARTESIAN_POINT('Ctrl Pts',(0.,49.6521138697863,9.96180087327957));
#6604=CARTESIAN_POINT('Ctrl Pts',(0.,49.1783598358949,10.0032301759225));
#6605=CARTESIAN_POINT('Ctrl Pts',(0.,48.2431105478498,10.0850167635378));
#6606=CARTESIAN_POINT('Ctrl Pts',(0.,47.5399928075446,10.7059036133548));
#6607=CARTESIAN_POINT('Ctrl Pts',(0.,47.1930419951677,11.0122779011726));
#6608=CARTESIAN_POINT('',(-2.,47.1930419951677,11.0122779011726));
#6609=CARTESIAN_POINT('Ctrl Pts',(-2.,47.1930419951677,11.0122779011726));
#6610=CARTESIAN_POINT('Ctrl Pts',(-2.,47.5399928075446,10.7059036133548));
#6611=CARTESIAN_POINT('Ctrl Pts',(-2.,48.2431105478498,10.0850167635378));
#6612=CARTESIAN_POINT('Ctrl Pts',(-2.,49.1783598358949,10.0032301759225));
#6613=CARTESIAN_POINT('Ctrl Pts',(-2.,49.6521138697863,9.96180087327957));
#6614=CARTESIAN_POINT('',(0.,47.1930419951677,11.0122779011726));
#6615=CARTESIAN_POINT('Ctrl Pts',(0.,46.2278306037188,13.9931777119637));
#6616=CARTESIAN_POINT('Ctrl Pts',(-2.,46.2278306037188,13.9931777119637));
#6617=CARTESIAN_POINT('Ctrl Pts',(0.,46.2528564891252,13.4041137529846));
#6618=CARTESIAN_POINT('Ctrl Pts',(-2.,46.2528564891252,13.4041137529846));
#6619=CARTESIAN_POINT('Ctrl Pts',(0.,46.2990669627341,12.3164030051605));
#6620=CARTESIAN_POINT('Ctrl Pts',(-2.,46.2990669627341,12.3164030051605));
#6621=CARTESIAN_POINT('Ctrl Pts',(0.,46.9120348647281,11.4222093197362));
#6622=CARTESIAN_POINT('Ctrl Pts',(-2.,46.9120348647281,11.4222093197362));
#6623=CARTESIAN_POINT('Ctrl Pts',(0.,47.1930419951677,11.0122779011726));
#6624=CARTESIAN_POINT('Ctrl Pts',(-2.,47.1930419951677,11.0122779011726));
#6625=CARTESIAN_POINT('',(0.,46.2278306037188,13.9931777119637));
#6626=CARTESIAN_POINT('Ctrl Pts',(0.,47.1930419951677,11.0122779011726));
#6627=CARTESIAN_POINT('Ctrl Pts',(0.,46.9120348647281,11.4222093197362));
#6628=CARTESIAN_POINT('Ctrl Pts',(0.,46.2990669627341,12.3164030051605));
#6629=CARTESIAN_POINT('Ctrl Pts',(0.,46.2528564891252,13.4041137529846));
#6630=CARTESIAN_POINT('Ctrl Pts',(0.,46.2278306037188,13.9931777119637));
#6631=CARTESIAN_POINT('',(-2.,46.2278306037188,13.9931777119637));
#6632=CARTESIAN_POINT('Ctrl Pts',(-2.,46.2278306037188,13.9931777119637));
#6633=CARTESIAN_POINT('Ctrl Pts',(-2.,46.2528564891252,13.4041137529846));
#6634=CARTESIAN_POINT('Ctrl Pts',(-2.,46.2990669627341,12.3164030051605));
#6635=CARTESIAN_POINT('Ctrl Pts',(-2.,46.9120348647281,11.4222093197362));
#6636=CARTESIAN_POINT('Ctrl Pts',(-2.,47.1930419951677,11.0122779011726));
#6637=CARTESIAN_POINT('',(0.,46.2278306037188,13.9931777119637));
#6638=CARTESIAN_POINT('Ctrl Pts',(0.,46.6405176669359,16.124829351902));
#6639=CARTESIAN_POINT('Ctrl Pts',(-2.,46.6405176669359,16.124829351902));
#6640=CARTESIAN_POINT('Ctrl Pts',(0.,46.5202375502567,15.7988284197472));
#6641=CARTESIAN_POINT('Ctrl Pts',(-2.,46.5202375502567,15.7988284197472));
#6642=CARTESIAN_POINT('Ctrl Pts',(0.,46.2666113859599,15.1114133401618));
#6643=CARTESIAN_POINT('Ctrl Pts',(-2.,46.2666113859599,15.1114133401618));
#6644=CARTESIAN_POINT('Ctrl Pts',(0.,46.24119400263,14.3785084843923));
#6645=CARTESIAN_POINT('Ctrl Pts',(-2.,46.24119400263,14.3785084843923));
#6646=CARTESIAN_POINT('Ctrl Pts',(0.,46.2278306037188,13.9931777119637));
#6647=CARTESIAN_POINT('Ctrl Pts',(-2.,46.2278306037188,13.9931777119637));
#6648=CARTESIAN_POINT('',(0.,46.6405176669359,16.124829351902));
#6649=CARTESIAN_POINT('Ctrl Pts',(0.,46.2278306037188,13.9931777119637));
#6650=CARTESIAN_POINT('Ctrl Pts',(0.,46.24119400263,14.3785084843923));
#6651=CARTESIAN_POINT('Ctrl Pts',(0.,46.2666113859599,15.1114133401618));
#6652=CARTESIAN_POINT('Ctrl Pts',(0.,46.5202375502567,15.7988284197472));
#6653=CARTESIAN_POINT('Ctrl Pts',(0.,46.6405176669359,16.124829351902));
#6654=CARTESIAN_POINT('',(-2.,46.6405176669359,16.124829351902));
#6655=CARTESIAN_POINT('Ctrl Pts',(-2.,46.6405176669359,16.124829351902));
#6656=CARTESIAN_POINT('Ctrl Pts',(-2.,46.5202375502567,15.7988284197472));
#6657=CARTESIAN_POINT('Ctrl Pts',(-2.,46.2666113859599,15.1114133401618));
#6658=CARTESIAN_POINT('Ctrl Pts',(-2.,46.24119400263,14.3785084843923));
#6659=CARTESIAN_POINT('Ctrl Pts',(-2.,46.2278306037188,13.9931777119637));
#6660=CARTESIAN_POINT('',(0.,46.6405176669359,16.124829351902));
#6661=CARTESIAN_POINT('Ctrl Pts',(0.,47.8478848487139,17.5368347764015));
#6662=CARTESIAN_POINT('Ctrl Pts',(-2.,47.8478848487139,17.5368347764015));
#6663=CARTESIAN_POINT('Ctrl Pts',(0.,47.5978163008518,17.3502230764153));
#6664=CARTESIAN_POINT('Ctrl Pts',(-2.,47.5978163008518,17.3502230764153));
#6665=CARTESIAN_POINT('Ctrl Pts',(0.,47.0892706985072,16.9707248940756));
#6666=CARTESIAN_POINT('Ctrl Pts',(-2.,47.0892706985072,16.9707248940756));
#6667=CARTESIAN_POINT('Ctrl Pts',(0.,46.7917418332082,16.4098855835462));
#6668=CARTESIAN_POINT('Ctrl Pts',(-2.,46.7917418332082,16.4098855835462));
#6669=CARTESIAN_POINT('Ctrl Pts',(0.,46.6405176669359,16.124829351902));
#6670=CARTESIAN_POINT('Ctrl Pts',(-2.,46.6405176669359,16.124829351902));
#6671=CARTESIAN_POINT('',(0.,47.8478848487139,17.5368347764015));
#6672=CARTESIAN_POINT('Ctrl Pts',(0.,46.6405176669359,16.124829351902));
#6673=CARTESIAN_POINT('Ctrl Pts',(0.,46.7917418332082,16.4098855835462));
#6674=CARTESIAN_POINT('Ctrl Pts',(0.,47.0892706985072,16.9707248940756));
#6675=CARTESIAN_POINT('Ctrl Pts',(0.,47.5978163008518,17.3502230764153));
#6676=CARTESIAN_POINT('Ctrl Pts',(0.,47.8478848487139,17.5368347764015));
#6677=CARTESIAN_POINT('',(-2.,47.8478848487139,17.5368347764015));
#6678=CARTESIAN_POINT('Ctrl Pts',(-2.,47.8478848487139,17.5368347764015));
#6679=CARTESIAN_POINT('Ctrl Pts',(-2.,47.5978163008518,17.3502230764153));
#6680=CARTESIAN_POINT('Ctrl Pts',(-2.,47.0892706985072,16.9707248940756));
#6681=CARTESIAN_POINT('Ctrl Pts',(-2.,46.7917418332082,16.4098855835462));
#6682=CARTESIAN_POINT('Ctrl Pts',(-2.,46.6405176669359,16.124829351902));
#6683=CARTESIAN_POINT('',(0.,47.8478848487139,17.5368347764015));
#6684=CARTESIAN_POINT('Ctrl Pts',(0.,49.6316492110491,18.0381986498833));
#6685=CARTESIAN_POINT('Ctrl Pts',(-2.,49.6316492110491,18.0381986498833));
#6686=CARTESIAN_POINT('Ctrl Pts',(0.,49.3119103136873,18.0184693569372));
#6687=CARTESIAN_POINT('Ctrl Pts',(-2.,49.3119103136873,18.0184693569372));
#6688=CARTESIAN_POINT('Ctrl Pts',(0.,48.6810189172039,17.9795405894926));
#6689=CARTESIAN_POINT('Ctrl Pts',(-2.,48.6810189172039,17.9795405894926));
#6690=CARTESIAN_POINT('Ctrl Pts',(0.,48.1230649636995,17.6830583449227));
#6691=CARTESIAN_POINT('Ctrl Pts',(-2.,48.1230649636995,17.6830583449227));
#6692=CARTESIAN_POINT('Ctrl Pts',(0.,47.8478848487139,17.5368347764015));
#6693=CARTESIAN_POINT('Ctrl Pts',(-2.,47.8478848487139,17.5368347764015));
#6694=CARTESIAN_POINT('',(0.,49.6316492110491,18.0381986498833));
#6695=CARTESIAN_POINT('Ctrl Pts',(0.,47.8478848487139,17.5368347764015));
#6696=CARTESIAN_POINT('Ctrl Pts',(0.,48.1230649636995,17.6830583449227));
#6697=CARTESIAN_POINT('Ctrl Pts',(0.,48.6810189172039,17.9795405894926));
#6698=CARTESIAN_POINT('Ctrl Pts',(0.,49.3119103136873,18.0184693569372));
#6699=CARTESIAN_POINT('Ctrl Pts',(0.,49.6316492110491,18.0381986498833));
#6700=CARTESIAN_POINT('',(-2.,49.6316492110491,18.0381986498833));
#6701=CARTESIAN_POINT('Ctrl Pts',(-2.,49.6316492110491,18.0381986498833));
#6702=CARTESIAN_POINT('Ctrl Pts',(-2.,49.3119103136873,18.0184693569372));
#6703=CARTESIAN_POINT('Ctrl Pts',(-2.,48.6810189172039,17.9795405894926));
#6704=CARTESIAN_POINT('Ctrl Pts',(-2.,48.1230649636995,17.6830583449227));
#6705=CARTESIAN_POINT('Ctrl Pts',(-2.,47.8478848487139,17.5368347764015));
#6706=CARTESIAN_POINT('',(0.,49.6316492110491,18.0381986498833));
#6707=CARTESIAN_POINT('Ctrl Pts',(0.,52.049794152379,17.0729872584343));
#6708=CARTESIAN_POINT('Ctrl Pts',(-2.,52.049794152379,17.0729872584343));
#6709=CARTESIAN_POINT('Ctrl Pts',(0.,51.6955192982551,17.3545071332508));
#6710=CARTESIAN_POINT('Ctrl Pts',(-2.,51.6955192982551,17.3545071332508));
#6711=CARTESIAN_POINT('Ctrl Pts',(0.,50.9861232269078,17.9182194342407));
#6712=CARTESIAN_POINT('Ctrl Pts',(-2.,50.9861232269078,17.9182194342407));
#6713=CARTESIAN_POINT('Ctrl Pts',(0.,50.0834995157586,17.9981737808107));
#6714=CARTESIAN_POINT('Ctrl Pts',(-2.,50.0834995157586,17.9981737808107));
#6715=CARTESIAN_POINT('Ctrl Pts',(0.,49.6316492110491,18.0381986498833));
#6716=CARTESIAN_POINT('Ctrl Pts',(-2.,49.6316492110491,18.0381986498833));
#6717=CARTESIAN_POINT('',(0.,52.049794152379,17.0729872584343));
#6718=CARTESIAN_POINT('Ctrl Pts',(0.,49.6316492110491,18.0381986498833));
#6719=CARTESIAN_POINT('Ctrl Pts',(0.,50.0834995157586,17.9981737808107));
#6720=CARTESIAN_POINT('Ctrl Pts',(0.,50.9861232269078,17.9182194342407));
#6721=CARTESIAN_POINT('Ctrl Pts',(0.,51.6955192982551,17.3545071332508));
#6722=CARTESIAN_POINT('Ctrl Pts',(0.,52.049794152379,17.0729872584343));
#6723=CARTESIAN_POINT('',(-2.,52.049794152379,17.0729872584343));
#6724=CARTESIAN_POINT('Ctrl Pts',(-2.,52.049794152379,17.0729872584343));
#6725=CARTESIAN_POINT('Ctrl Pts',(-2.,51.6955192982551,17.3545071332508));
#6726=CARTESIAN_POINT('Ctrl Pts',(-2.,50.9861232269078,17.9182194342407));
#6727=CARTESIAN_POINT('Ctrl Pts',(-2.,50.0834995157586,17.9981737808107));
#6728=CARTESIAN_POINT('Ctrl Pts',(-2.,49.6316492110491,18.0381986498833));
#6729=CARTESIAN_POINT('',(0.,52.049794152379,17.0729872584343));
#6730=CARTESIAN_POINT('Ctrl Pts',(0.,53.0627548247576,13.8499310612679));
#6731=CARTESIAN_POINT('Ctrl Pts',(-2.,53.0627548247576,13.8499310612679));
#6732=CARTESIAN_POINT('Ctrl Pts',(0.,53.0479541979723,14.5187856201334));
#6733=CARTESIAN_POINT('Ctrl Pts',(-2.,53.0479541979723,14.5187856201334));
#6734=CARTESIAN_POINT('Ctrl Pts',(0.,53.0218081622793,15.7003501189351));
#6735=CARTESIAN_POINT('Ctrl Pts',(-2.,53.0218081622793,15.7003501189351));
#6736=CARTESIAN_POINT('Ctrl Pts',(0.,52.3439384971431,16.6576090356058));
#6737=CARTESIAN_POINT('Ctrl Pts',(-2.,52.3439384971431,16.6576090356058));
#6738=CARTESIAN_POINT('Ctrl Pts',(0.,52.049794152379,17.0729872584343));
#6739=CARTESIAN_POINT('Ctrl Pts',(-2.,52.049794152379,17.0729872584343));
#6740=CARTESIAN_POINT('Ctrl Pts',(0.,52.049794152379,17.0729872584343));
#6741=CARTESIAN_POINT('Ctrl Pts',(0.,52.3439384971431,16.6576090356058));
#6742=CARTESIAN_POINT('Ctrl Pts',(0.,53.0218081622793,15.7003501189351));
#6743=CARTESIAN_POINT('Ctrl Pts',(0.,53.0479541979723,14.5187856201334));
#6744=CARTESIAN_POINT('Ctrl Pts',(0.,53.0627548247576,13.8499310612679));
#6745=CARTESIAN_POINT('Ctrl Pts',(-2.,53.0627548247576,13.8499310612679));
#6746=CARTESIAN_POINT('Ctrl Pts',(-2.,53.0479541979723,14.5187856201334));
#6747=CARTESIAN_POINT('Ctrl Pts',(-2.,53.0218081622793,15.7003501189351));
#6748=CARTESIAN_POINT('Ctrl Pts',(-2.,52.3439384971431,16.6576090356058));
#6749=CARTESIAN_POINT('Ctrl Pts',(-2.,52.049794152379,17.0729872584343));
#6750=CARTESIAN_POINT('Ctrl Pts',(0.,53.09003944695,17.7687582373619));
#6751=CARTESIAN_POINT('Ctrl Pts',(-2.,53.09003944695,17.7687582373619));
#6752=CARTESIAN_POINT('Ctrl Pts',(0.,53.4794961483004,17.2289050602028));
#6753=CARTESIAN_POINT('Ctrl Pts',(-2.,53.4794961483004,17.2289050602028));
#6754=CARTESIAN_POINT('Ctrl Pts',(0.,54.315958318102,16.0694263341338));
#6755=CARTESIAN_POINT('Ctrl Pts',(-2.,54.315958318102,16.0694263341338));
#6756=CARTESIAN_POINT('Ctrl Pts',(0.,54.3883339951908,14.6362730047221));
#6757=CARTESIAN_POINT('Ctrl Pts',(-2.,54.3883339951908,14.6362730047221));
#6758=CARTESIAN_POINT('Ctrl Pts',(0.,54.427011564374,13.870395720005));
#6759=CARTESIAN_POINT('Ctrl Pts',(-2.,54.427011564374,13.870395720005));
#6760=CARTESIAN_POINT('',(0.,54.427011564374,13.870395720005));
#6761=CARTESIAN_POINT('',(0.,53.09003944695,17.7687582373619));
#6762=CARTESIAN_POINT('Ctrl Pts',(0.,54.427011564374,13.870395720005));
#6763=CARTESIAN_POINT('Ctrl Pts',(0.,54.3883339951908,14.6362730047221));
#6764=CARTESIAN_POINT('Ctrl Pts',(0.,54.315958318102,16.0694263341338));
#6765=CARTESIAN_POINT('Ctrl Pts',(0.,53.4794961483004,17.2289050602028));
#6766=CARTESIAN_POINT('Ctrl Pts',(0.,53.09003944695,17.7687582373619));
#6767=CARTESIAN_POINT('',(-2.,54.427011564374,13.870395720005));
#6768=CARTESIAN_POINT('',(0.,54.427011564374,13.870395720005));
#6769=CARTESIAN_POINT('',(-2.,53.09003944695,17.7687582373619));
#6770=CARTESIAN_POINT('Ctrl Pts',(-2.,53.09003944695,17.7687582373619));
#6771=CARTESIAN_POINT('Ctrl Pts',(-2.,53.4794961483004,17.2289050602028));
#6772=CARTESIAN_POINT('Ctrl Pts',(-2.,54.315958318102,16.0694263341338));
#6773=CARTESIAN_POINT('Ctrl Pts',(-2.,54.3883339951908,14.6362730047221));
#6774=CARTESIAN_POINT('Ctrl Pts',(-2.,54.427011564374,13.870395720005));
#6775=CARTESIAN_POINT('',(0.,53.09003944695,17.7687582373619));
#6776=CARTESIAN_POINT('Ctrl Pts',(0.,49.6384703665972,19.1773524880409));
#6777=CARTESIAN_POINT('Ctrl Pts',(-2.,49.6384703665972,19.1773524880409));
#6778=CARTESIAN_POINT('Ctrl Pts',(0.,50.3052680878238,19.1245221524181));
#6779=CARTESIAN_POINT('Ctrl Pts',(-2.,50.3052680878238,19.1245221524181));
#6780=CARTESIAN_POINT('Ctrl Pts',(0.,51.6075125675606,19.0213454156995));
#6781=CARTESIAN_POINT('Ctrl Pts',(-2.,51.6075125675606,19.0213454156995));
#6782=CARTESIAN_POINT('Ctrl Pts',(0.,52.6038593573066,18.1795318665734));
#6783=CARTESIAN_POINT('Ctrl Pts',(-2.,52.6038593573066,18.1795318665734));
#6784=CARTESIAN_POINT('Ctrl Pts',(0.,53.09003944695,17.7687582373619));
#6785=CARTESIAN_POINT('Ctrl Pts',(-2.,53.09003944695,17.7687582373619));
#6786=CARTESIAN_POINT('',(0.,49.6384703665972,19.1773524880409));
#6787=CARTESIAN_POINT('Ctrl Pts',(0.,53.09003944695,17.7687582373619));
#6788=CARTESIAN_POINT('Ctrl Pts',(0.,52.6038593573066,18.1795318665734));
#6789=CARTESIAN_POINT('Ctrl Pts',(0.,51.6075125675606,19.0213454156995));
#6790=CARTESIAN_POINT('Ctrl Pts',(0.,50.3052680878238,19.1245221524181));
#6791=CARTESIAN_POINT('Ctrl Pts',(0.,49.6384703665972,19.1773524880409));
#6792=CARTESIAN_POINT('',(-2.,49.6384703665972,19.1773524880409));
#6793=CARTESIAN_POINT('Ctrl Pts',(-2.,49.6384703665972,19.1773524880409));
#6794=CARTESIAN_POINT('Ctrl Pts',(-2.,50.3052680878238,19.1245221524181));
#6795=CARTESIAN_POINT('Ctrl Pts',(-2.,51.6075125675606,19.0213454156995));
#6796=CARTESIAN_POINT('Ctrl Pts',(-2.,52.6038593573066,18.1795318665734));
#6797=CARTESIAN_POINT('Ctrl Pts',(-2.,53.09003944695,17.7687582373619));
#6798=CARTESIAN_POINT('',(0.,49.6384703665972,19.1773524880409));
#6799=CARTESIAN_POINT('Ctrl Pts',(0.,47.1418821364641,18.5156884789467));
#6800=CARTESIAN_POINT('Ctrl Pts',(-2.,47.1418821364641,18.5156884789467));
#6801=CARTESIAN_POINT('Ctrl Pts',(0.,47.5278679796267,18.7086564476283));
#6802=CARTESIAN_POINT('Ctrl Pts',(-2.,47.5278679796267,18.7086564476283));
#6803=CARTESIAN_POINT('Ctrl Pts',(0.,48.3139143949941,19.1016288396209));
#6804=CARTESIAN_POINT('Ctrl Pts',(-2.,48.3139143949941,19.1016288396209));
#6805=CARTESIAN_POINT('Ctrl Pts',(0.,49.1917125062447,19.1518117514684));
#6806=CARTESIAN_POINT('Ctrl Pts',(-2.,49.1917125062447,19.1518117514684));
#6807=CARTESIAN_POINT('Ctrl Pts',(0.,49.6384703665972,19.1773524880409));
#6808=CARTESIAN_POINT('Ctrl Pts',(-2.,49.6384703665972,19.1773524880409));
#6809=CARTESIAN_POINT('',(0.,47.1418821364641,18.5156884789467));
#6810=CARTESIAN_POINT('Ctrl Pts',(0.,49.6384703665972,19.1773524880409));
#6811=CARTESIAN_POINT('Ctrl Pts',(0.,49.1917125062447,19.1518117514684));
#6812=CARTESIAN_POINT('Ctrl Pts',(0.,48.3139143949941,19.1016288396209));
#6813=CARTESIAN_POINT('Ctrl Pts',(0.,47.5278679796267,18.7086564476283));
#6814=CARTESIAN_POINT('Ctrl Pts',(0.,47.1418821364641,18.5156884789467));
#6815=CARTESIAN_POINT('',(-2.,47.1418821364641,18.5156884789467));
#6816=CARTESIAN_POINT('Ctrl Pts',(-2.,47.1418821364641,18.5156884789467));
#6817=CARTESIAN_POINT('Ctrl Pts',(-2.,47.5278679796267,18.7086564476283));
#6818=CARTESIAN_POINT('Ctrl Pts',(-2.,48.3139143949941,19.1016288396209));
#6819=CARTESIAN_POINT('Ctrl Pts',(-2.,49.1917125062447,19.1518117514684));
#6820=CARTESIAN_POINT('Ctrl Pts',(-2.,49.6384703665972,19.1773524880409));
#6821=CARTESIAN_POINT('',(0.,47.1418821364641,18.5156884789467));
#6822=CARTESIAN_POINT('Ctrl Pts',(0.,45.4467927962542,16.6705319285393));
#6823=CARTESIAN_POINT('Ctrl Pts',(-2.,45.4467927962542,16.6705319285393));
#6824=CARTESIAN_POINT('Ctrl Pts',(0.,45.6622535877037,17.0427057036388));
#6825=CARTESIAN_POINT('Ctrl Pts',(-2.,45.6622535877037,17.0427057036388));
#6826=CARTESIAN_POINT('Ctrl Pts',(0.,46.0909452561242,17.7832014361402));
#6827=CARTESIAN_POINT('Ctrl Pts',(-2.,46.0909452561242,17.7832014361402));
#6828=CARTESIAN_POINT('Ctrl Pts',(0.,46.7927867600128,18.2723743040064));
#6829=CARTESIAN_POINT('Ctrl Pts',(-2.,46.7927867600128,18.2723743040064));
#6830=CARTESIAN_POINT('Ctrl Pts',(0.,47.1418821364641,18.5156884789467));
#6831=CARTESIAN_POINT('Ctrl Pts',(-2.,47.1418821364641,18.5156884789467));
#6832=CARTESIAN_POINT('',(0.,45.4467927962542,16.6705319285393));
#6833=CARTESIAN_POINT('Ctrl Pts',(0.,47.1418821364641,18.5156884789467));
#6834=CARTESIAN_POINT('Ctrl Pts',(0.,46.7927867600128,18.2723743040064));
#6835=CARTESIAN_POINT('Ctrl Pts',(0.,46.0909452561242,17.7832014361402));
#6836=CARTESIAN_POINT('Ctrl Pts',(0.,45.6622535877037,17.0427057036388));
#6837=CARTESIAN_POINT('Ctrl Pts',(0.,45.4467927962542,16.6705319285393));
#6838=CARTESIAN_POINT('',(-2.,45.4467927962542,16.6705319285393));
#6839=CARTESIAN_POINT('Ctrl Pts',(-2.,45.4467927962542,16.6705319285393));
#6840=CARTESIAN_POINT('Ctrl Pts',(-2.,45.6622535877037,17.0427057036388));
#6841=CARTESIAN_POINT('Ctrl Pts',(-2.,46.0909452561242,17.7832014361402));
#6842=CARTESIAN_POINT('Ctrl Pts',(-2.,46.7927867600128,18.2723743040064));
#6843=CARTESIAN_POINT('Ctrl Pts',(-2.,47.1418821364641,18.5156884789467));
#6844=CARTESIAN_POINT('',(0.,45.4467927962542,16.6705319285393));
#6845=CARTESIAN_POINT('Ctrl Pts',(0.,44.8635732680559,13.9863565564156));
#6846=CARTESIAN_POINT('Ctrl Pts',(-2.,44.8635732680559,13.9863565564156));
#6847=CARTESIAN_POINT('Ctrl Pts',(0.,44.8844560380939,14.466287054825));
#6848=CARTESIAN_POINT('Ctrl Pts',(-2.,44.8844560380939,14.466287054825));
#6849=CARTESIAN_POINT('Ctrl Pts',(0.,44.9248705377263,15.3950982669489));
#6850=CARTESIAN_POINT('Ctrl Pts',(-2.,44.9248705377263,15.3950982669489));
#6851=CARTESIAN_POINT('Ctrl Pts',(0.,45.2767396577276,16.2549690863881));
#6852=CARTESIAN_POINT('Ctrl Pts',(-2.,45.2767396577276,16.2549690863881));
#6853=CARTESIAN_POINT('Ctrl Pts',(0.,45.4467927962542,16.6705319285393));
#6854=CARTESIAN_POINT('Ctrl Pts',(-2.,45.4467927962542,16.6705319285393));
#6855=CARTESIAN_POINT('',(0.,44.8635732680559,13.9863565564156));
#6856=CARTESIAN_POINT('Ctrl Pts',(0.,45.4467927962542,16.6705319285393));
#6857=CARTESIAN_POINT('Ctrl Pts',(0.,45.2767396577276,16.2549690863881));
#6858=CARTESIAN_POINT('Ctrl Pts',(0.,44.9248705377263,15.3950982669489));
#6859=CARTESIAN_POINT('Ctrl Pts',(0.,44.8844560380939,14.466287054825));
#6860=CARTESIAN_POINT('Ctrl Pts',(0.,44.8635732680559,13.9863565564156));
#6861=CARTESIAN_POINT('',(-2.,44.8635732680559,13.9863565564156));
#6862=CARTESIAN_POINT('Ctrl Pts',(-2.,44.8635732680559,13.9863565564156));
#6863=CARTESIAN_POINT('Ctrl Pts',(-2.,44.8844560380939,14.466287054825));
#6864=CARTESIAN_POINT('Ctrl Pts',(-2.,44.9248705377263,15.3950982669489));
#6865=CARTESIAN_POINT('Ctrl Pts',(-2.,45.2767396577276,16.2549690863881));
#6866=CARTESIAN_POINT('Ctrl Pts',(-2.,45.4467927962542,16.6705319285393));
#6867=CARTESIAN_POINT('',(0.,44.8635732680559,13.9863565564156));
#6868=CARTESIAN_POINT('Ctrl Pts',(0.,45.4774891883135,11.2646654248238));
#6869=CARTESIAN_POINT('Ctrl Pts',(-2.,45.4774891883135,11.2646654248238));
#6870=CARTESIAN_POINT('Ctrl Pts',(0.,45.2984789483334,11.6857037263388));
#6871=CARTESIAN_POINT('Ctrl Pts',(-2.,45.2984789483334,11.6857037263388));
#6872=CARTESIAN_POINT('Ctrl Pts',(0.,44.9288576212455,12.5550659247145));
#6873=CARTESIAN_POINT('Ctrl Pts',(-2.,44.9288576212455,12.5550659247145));
#6874=CARTESIAN_POINT('Ctrl Pts',(0.,44.8857853379349,13.4993803366132));
#6875=CARTESIAN_POINT('Ctrl Pts',(-2.,44.8857853379349,13.4993803366132));
#6876=CARTESIAN_POINT('Ctrl Pts',(0.,44.8635732680559,13.9863565564156));
#6877=CARTESIAN_POINT('Ctrl Pts',(-2.,44.8635732680559,13.9863565564156));
#6878=CARTESIAN_POINT('',(0.,45.4774891883135,11.2646654248238));
#6879=CARTESIAN_POINT('Ctrl Pts',(0.,44.8635732680559,13.9863565564156));
#6880=CARTESIAN_POINT('Ctrl Pts',(0.,44.8857853379349,13.4993803366132));
#6881=CARTESIAN_POINT('Ctrl Pts',(0.,44.9288576212455,12.5550659247145));
#6882=CARTESIAN_POINT('Ctrl Pts',(0.,45.2984789483334,11.6857037263388));
#6883=CARTESIAN_POINT('Ctrl Pts',(0.,45.4774891883135,11.2646654248238));
#6884=CARTESIAN_POINT('',(-2.,45.4774891883135,11.2646654248238));
#6885=CARTESIAN_POINT('Ctrl Pts',(-2.,45.4774891883135,11.2646654248238));
#6886=CARTESIAN_POINT('Ctrl Pts',(-2.,45.2984789483334,11.6857037263388));
#6887=CARTESIAN_POINT('Ctrl Pts',(-2.,44.9288576212455,12.5550659247145));
#6888=CARTESIAN_POINT('Ctrl Pts',(-2.,44.8857853379349,13.4993803366132));
#6889=CARTESIAN_POINT('Ctrl Pts',(-2.,44.8635732680559,13.9863565564156));
#6890=CARTESIAN_POINT('',(0.,45.4774891883135,11.2646654248238));
#6891=CARTESIAN_POINT('Ctrl Pts',(0.,47.2169160395861,9.44679409265518));
#6892=CARTESIAN_POINT('Ctrl Pts',(-2.,47.2169160395861,9.44679409265518));
#6893=CARTESIAN_POINT('Ctrl Pts',(0.,46.8617593046059,9.67943998589487));
#6894=CARTESIAN_POINT('Ctrl Pts',(-2.,46.8617593046059,9.67943998589487));
#6895=CARTESIAN_POINT('Ctrl Pts',(0.,46.1419850001136,10.1509291046608));
#6896=CARTESIAN_POINT('Ctrl Pts',(-2.,46.1419850001136,10.1509291046608));
#6897=CARTESIAN_POINT('Ctrl Pts',(0.,45.7009202685878,10.8901810341988));
#6898=CARTESIAN_POINT('Ctrl Pts',(-2.,45.7009202685878,10.8901810341988));
#6899=CARTESIAN_POINT('Ctrl Pts',(0.,45.4774891883135,11.2646654248238));
#6900=CARTESIAN_POINT('Ctrl Pts',(-2.,45.4774891883135,11.2646654248238));
#6901=CARTESIAN_POINT('',(0.,47.2169160395861,9.44679409265518));
#6902=CARTESIAN_POINT('Ctrl Pts',(0.,45.4774891883135,11.2646654248238));
#6903=CARTESIAN_POINT('Ctrl Pts',(0.,45.7009202685878,10.8901810341988));
#6904=CARTESIAN_POINT('Ctrl Pts',(0.,46.1419850001136,10.1509291046608));
#6905=CARTESIAN_POINT('Ctrl Pts',(0.,46.8617593046059,9.67943998589487));
#6906=CARTESIAN_POINT('Ctrl Pts',(0.,47.2169160395861,9.44679409265518));
#6907=CARTESIAN_POINT('',(-2.,47.2169160395861,9.44679409265518));
#6908=CARTESIAN_POINT('Ctrl Pts',(-2.,47.2169160395861,9.44679409265518));
#6909=CARTESIAN_POINT('Ctrl Pts',(-2.,46.8617593046059,9.67943998589487));
#6910=CARTESIAN_POINT('Ctrl Pts',(-2.,46.1419850001136,10.1509291046608));
#6911=CARTESIAN_POINT('Ctrl Pts',(-2.,45.7009202685878,10.8901810341988));
#6912=CARTESIAN_POINT('Ctrl Pts',(-2.,45.4774891883135,11.2646654248238));
#6913=CARTESIAN_POINT('',(0.,47.2169160395861,9.44679409265518));
#6914=CARTESIAN_POINT('Ctrl Pts',(0.,49.6452927142382,8.82946759462357));
#6915=CARTESIAN_POINT('Ctrl Pts',(-2.,49.6452927142382,8.82946759462357));
#6916=CARTESIAN_POINT('Ctrl Pts',(0.,49.2191287217387,8.85478695661278));
#6917=CARTESIAN_POINT('Ctrl Pts',(-2.,49.2191287217387,8.85478695661278));
#6918=CARTESIAN_POINT('Ctrl Pts',(0.,48.3700997841057,8.9052296767618));
#6919=CARTESIAN_POINT('Ctrl Pts',(-2.,48.3700997841057,8.9052296767618));
#6920=CARTESIAN_POINT('Ctrl Pts',(0.,47.6003135757032,9.26674085856392));
#6921=CARTESIAN_POINT('Ctrl Pts',(-2.,47.6003135757032,9.26674085856392));
#6922=CARTESIAN_POINT('Ctrl Pts',(0.,47.2169160395861,9.44679409265518));
#6923=CARTESIAN_POINT('Ctrl Pts',(-2.,47.2169160395861,9.44679409265518));
#6924=CARTESIAN_POINT('',(0.,49.6452927142382,8.82946759462357));
#6925=CARTESIAN_POINT('Ctrl Pts',(0.,47.2169160395861,9.44679409265518));
#6926=CARTESIAN_POINT('Ctrl Pts',(0.,47.6003135757032,9.26674085856392));
#6927=CARTESIAN_POINT('Ctrl Pts',(0.,48.3700997841057,8.9052296767618));
#6928=CARTESIAN_POINT('Ctrl Pts',(0.,49.2191287217387,8.85478695661278));
#6929=CARTESIAN_POINT('Ctrl Pts',(0.,49.6452927142382,8.82946759462357));
#6930=CARTESIAN_POINT('',(-2.,49.6452927142382,8.82946759462357));
#6931=CARTESIAN_POINT('Ctrl Pts',(-2.,49.6452927142382,8.82946759462357));
#6932=CARTESIAN_POINT('Ctrl Pts',(-2.,49.2191287217387,8.85478695661278));
#6933=CARTESIAN_POINT('Ctrl Pts',(-2.,48.3700997841057,8.9052296767618));
#6934=CARTESIAN_POINT('Ctrl Pts',(-2.,47.6003135757032,9.26674085856392));
#6935=CARTESIAN_POINT('Ctrl Pts',(-2.,47.2169160395861,9.44679409265518));
#6936=CARTESIAN_POINT('',(0.,49.6452927142382,8.82946759462357));
#6937=CARTESIAN_POINT('Ctrl Pts',(0.,52.1691667586565,9.51159626245499));
#6938=CARTESIAN_POINT('Ctrl Pts',(-2.,52.1691667586565,9.51159626245499));
#6939=CARTESIAN_POINT('Ctrl Pts',(0.,51.7812977038184,9.31266667254729));
#6940=CARTESIAN_POINT('Ctrl Pts',(-2.,51.7812977038184,9.31266667254729));
#6941=CARTESIAN_POINT('Ctrl Pts',(0.,50.9889528110652,8.90629023541025));
#6942=CARTESIAN_POINT('Ctrl Pts',(-2.,50.9889528110652,8.90629023541025));
#6943=CARTESIAN_POINT('Ctrl Pts',(0.,50.0993941762288,8.85543046542518));
#6944=CARTESIAN_POINT('Ctrl Pts',(-2.,50.0993941762288,8.85543046542518));
#6945=CARTESIAN_POINT('Ctrl Pts',(0.,49.6452927142382,8.82946759462357));
#6946=CARTESIAN_POINT('Ctrl Pts',(-2.,49.6452927142382,8.82946759462357));
#6947=CARTESIAN_POINT('',(0.,52.1691667586565,9.51159626245499));
#6948=CARTESIAN_POINT('Ctrl Pts',(0.,49.6452927142382,8.82946759462357));
#6949=CARTESIAN_POINT('Ctrl Pts',(0.,50.0993941762288,8.85543046542518));
#6950=CARTESIAN_POINT('Ctrl Pts',(0.,50.9889528110652,8.90629023541025));
#6951=CARTESIAN_POINT('Ctrl Pts',(0.,51.7812977038184,9.31266667254729));
#6952=CARTESIAN_POINT('Ctrl Pts',(0.,52.1691667586565,9.51159626245499));
#6953=CARTESIAN_POINT('',(-2.,52.1691667586565,9.51159626245499));
#6954=CARTESIAN_POINT('Ctrl Pts',(-2.,52.1691667586565,9.51159626245499));
#6955=CARTESIAN_POINT('Ctrl Pts',(-2.,51.7812977038184,9.31266667254729));
#6956=CARTESIAN_POINT('Ctrl Pts',(-2.,50.9889528110652,8.90629023541025));
#6957=CARTESIAN_POINT('Ctrl Pts',(-2.,50.0993941762288,8.85543046542518));
#6958=CARTESIAN_POINT('Ctrl Pts',(-2.,49.6452927142382,8.82946759462357));
#6959=CARTESIAN_POINT('',(0.,52.1691667586565,9.51159626245499));
#6960=CARTESIAN_POINT('Ctrl Pts',(0.,53.8540237694979,11.3738062977791));
#6961=CARTESIAN_POINT('Ctrl Pts',(-2.,53.8540237694979,11.3738062977791));
#6962=CARTESIAN_POINT('Ctrl Pts',(0.,53.6408536862623,11.001365145827));
#6963=CARTESIAN_POINT('Ctrl Pts',(-2.,53.6408536862623,11.001365145827));
#6964=CARTESIAN_POINT('Ctrl Pts',(0.,53.2151531334063,10.2576003459743));
#6965=CARTESIAN_POINT('Ctrl Pts',(-2.,53.2151531334063,10.2576003459743));
#6966=CARTESIAN_POINT('Ctrl Pts',(0.,52.5174794661453,9.76001508358012));
#6967=CARTESIAN_POINT('Ctrl Pts',(-2.,52.5174794661453,9.76001508358012));
#6968=CARTESIAN_POINT('Ctrl Pts',(0.,52.1691667586565,9.51159626245499));
#6969=CARTESIAN_POINT('Ctrl Pts',(-2.,52.1691667586565,9.51159626245499));
#6970=CARTESIAN_POINT('',(0.,53.8540237694979,11.3738062977791));
#6971=CARTESIAN_POINT('Ctrl Pts',(0.,52.1691667586565,9.51159626245499));
#6972=CARTESIAN_POINT('Ctrl Pts',(0.,52.5174794661453,9.76001508358012));
#6973=CARTESIAN_POINT('Ctrl Pts',(0.,53.2151531334063,10.2576003459743));
#6974=CARTESIAN_POINT('Ctrl Pts',(0.,53.6408536862623,11.001365145827));
#6975=CARTESIAN_POINT('Ctrl Pts',(0.,53.8540237694979,11.3738062977791));
#6976=CARTESIAN_POINT('',(-2.,53.8540237694979,11.3738062977791));
#6977=CARTESIAN_POINT('Ctrl Pts',(-2.,53.8540237694979,11.3738062977791));
#6978=CARTESIAN_POINT('Ctrl Pts',(-2.,53.6408536862623,11.001365145827));
#6979=CARTESIAN_POINT('Ctrl Pts',(-2.,53.2151531334063,10.2576003459743));
#6980=CARTESIAN_POINT('Ctrl Pts',(-2.,52.5174794661453,9.76001508358012));
#6981=CARTESIAN_POINT('Ctrl Pts',(-2.,52.1691667586565,9.51159626245499));
#6982=CARTESIAN_POINT('',(0.,53.8540237694979,11.3738062977791));
#6983=CARTESIAN_POINT('Ctrl Pts',(0.,54.427011564374,13.870395720005));
#6984=CARTESIAN_POINT('Ctrl Pts',(-2.,54.427011564374,13.870395720005));
#6985=CARTESIAN_POINT('Ctrl Pts',(0.,54.4032255647354,13.4374263336957));
#6986=CARTESIAN_POINT('Ctrl Pts',(-2.,54.4032255647354,13.4374263336957));
#6987=CARTESIAN_POINT('Ctrl Pts',(0.,54.3556974715777,12.5722867709464));
#6988=CARTESIAN_POINT('Ctrl Pts',(-2.,54.3556974715777,12.5722867709464));
#6989=CARTESIAN_POINT('Ctrl Pts',(0.,54.0211453178789,11.7730536801908));
#6990=CARTESIAN_POINT('Ctrl Pts',(-2.,54.0211453178789,11.7730536801908));
#6991=CARTESIAN_POINT('Ctrl Pts',(0.,53.8540237694979,11.3738062977791));
#6992=CARTESIAN_POINT('Ctrl Pts',(-2.,53.8540237694979,11.3738062977791));
#6993=CARTESIAN_POINT('Ctrl Pts',(0.,53.8540237694979,11.3738062977791));
#6994=CARTESIAN_POINT('Ctrl Pts',(0.,54.0211453178789,11.7730536801908));
#6995=CARTESIAN_POINT('Ctrl Pts',(0.,54.3556974715777,12.5722867709464));
#6996=CARTESIAN_POINT('Ctrl Pts',(0.,54.4032255647354,13.4374263336957));
#6997=CARTESIAN_POINT('Ctrl Pts',(0.,54.427011564374,13.870395720005));
#6998=CARTESIAN_POINT('Ctrl Pts',(-2.,54.427011564374,13.870395720005));
#6999=CARTESIAN_POINT('Ctrl Pts',(-2.,54.4032255647354,13.4374263336957));
#7000=CARTESIAN_POINT('Ctrl Pts',(-2.,54.3556974715777,12.5722867709464));
#7001=CARTESIAN_POINT('Ctrl Pts',(-2.,54.0211453178789,11.7730536801908));
#7002=CARTESIAN_POINT('Ctrl Pts',(-2.,53.8540237694979,11.3738062977791));
#7003=CARTESIAN_POINT('Origin',(-2.,40.0000008493662,14.0034100413322));
#7004=CARTESIAN_POINT('Origin',(0.,80.,0.));
#7005=CARTESIAN_POINT('',(0.,75.,5.));
#7006=CARTESIAN_POINT('',(0.,75.,65.));
#7007=CARTESIAN_POINT('',(0.,75.,0.));
#7008=CARTESIAN_POINT('',(0.,5.,5.));
#7009=CARTESIAN_POINT('',(0.,60.,5.));
#7010=CARTESIAN_POINT('',(0.,5.,65.));
#7011=CARTESIAN_POINT('',(0.,5.,0.));
#7012=CARTESIAN_POINT('',(0.,60.,65.));
#7013=CARTESIAN_POINT('',(0.,33.840383246541,9.00000005960464));
#7014=CARTESIAN_POINT('',(0.,33.840383246541,19.0000000596046));
#7015=CARTESIAN_POINT('',(0.,33.840383246541,9.50000002980232));
#7016=CARTESIAN_POINT('',(0.,30.3956353217363,19.0000000596046));
#7017=CARTESIAN_POINT('',(0.,55.1978176608682,19.0000000596046));
#7018=CARTESIAN_POINT('',(0.,28.6152803450823,18.8567534089088));
#7019=CARTESIAN_POINT('Ctrl Pts',(0.,30.3956353217363,19.0000000596046));
#7020=CARTESIAN_POINT('Ctrl Pts',(0.,30.0519339696093,18.9985807628922));
#7021=CARTESIAN_POINT('Ctrl Pts',(0.,29.454471036323,18.9961135710358));
#7022=CARTESIAN_POINT('Ctrl Pts',(0.,28.8654544802129,18.8982985647306));
#7023=CARTESIAN_POINT('Ctrl Pts',(0.,28.6152803450823,18.8567534089088));
#7024=CARTESIAN_POINT('',(0.,27.148705676198,18.1405183672905));
#7025=CARTESIAN_POINT('Ctrl Pts',(0.,28.6152803450823,18.8567534089088));
#7026=CARTESIAN_POINT('Ctrl Pts',(0.,28.3420869098921,18.7798026673691));
#7027=CARTESIAN_POINT('Ctrl Pts',(0.,27.8095398396548,18.629799458357));
#7028=CARTESIAN_POINT('Ctrl Pts',(0.,27.3651340002443,18.3007617269454));
#7029=CARTESIAN_POINT('Ctrl Pts',(0.,27.148705676198,18.1405183672905));
#7030=CARTESIAN_POINT('',(0.,25.9652125388384,16.4317873120308));
#7031=CARTESIAN_POINT('Ctrl Pts',(0.,27.148705676198,18.1405183672905));
#7032=CARTESIAN_POINT('Ctrl Pts',(0.,26.9004184699797,17.8990907185015));
#7033=CARTESIAN_POINT('Ctrl Pts',(0.,26.3944602612117,17.4071108755252));
#7034=CARTESIAN_POINT('Ctrl Pts',(0.,26.1100533717018,16.76089022833));
#7035=CARTESIAN_POINT('Ctrl Pts',(0.,25.9652125388384,16.4317873120308));
#7036=CARTESIAN_POINT('',(0.,25.5729901343584,14.0545704960823));
#7037=CARTESIAN_POINT('Ctrl Pts',(0.,25.9652125388384,16.4317873120308));
#7038=CARTESIAN_POINT('Ctrl Pts',(0.,25.8508842229926,16.0630679958707));
#7039=CARTESIAN_POINT('Ctrl Pts',(0.,25.6109203093124,15.2891623409093));
#7040=CARTESIAN_POINT('Ctrl Pts',(0.,25.5860245615286,14.47882895273));
#7041=CARTESIAN_POINT('Ctrl Pts',(0.,25.5729901343584,14.0545704960823));
#7042=CARTESIAN_POINT('',(0.,25.8390175849199,12.0354703068733));
#7043=CARTESIAN_POINT('Ctrl Pts',(0.,25.5729901343584,14.0545704960823));
#7044=CARTESIAN_POINT('Ctrl Pts',(0.,25.5814624102806,13.6945929067061));
#7045=CARTESIAN_POINT('Ctrl Pts',(0.,25.5975346881701,13.0116996790043));
#7046=CARTESIAN_POINT('Ctrl Pts',(0.,25.7614893324035,12.3488894280419));
#7047=CARTESIAN_POINT('Ctrl Pts',(0.,25.8390175849199,12.0354703068733));
#7048=CARTESIAN_POINT('',(0.,26.5211474448442,10.5791273713112));
#7049=CARTESIAN_POINT('Ctrl Pts',(0.,25.8390175849199,12.0354703068733));
#7050=CARTESIAN_POINT('Ctrl Pts',(0.,25.9288500163864,11.7620595087763));
#7051=CARTESIAN_POINT('Ctrl Pts',(0.,26.0975125740661,11.2487241381147));
#7052=CARTESIAN_POINT('Ctrl Pts',(0.,26.3862133942434,10.7924039692647));
#7053=CARTESIAN_POINT('Ctrl Pts',(0.,26.5211474448442,10.5791273713112));
#7054=CARTESIAN_POINT('',(0.,27.4317872077227,9.67189699411392));
#7055=CARTESIAN_POINT('Ctrl Pts',(0.,26.5211474448442,10.5791273713112));
#7056=CARTESIAN_POINT('Ctrl Pts',(0.,26.6590282085159,10.4000146887212));
#7057=CARTESIAN_POINT('Ctrl Pts',(0.,26.9228042535364,10.0573589493094));
#7058=CARTESIAN_POINT('Ctrl Pts',(0.,27.2673446432259,9.79643230891559));
#7059=CARTESIAN_POINT('Ctrl Pts',(0.,27.4317872077227,9.67189699411392));
#7060=CARTESIAN_POINT('',(0.,28.6255132704973,9.17053252458572));
#7061=CARTESIAN_POINT('Ctrl Pts',(0.,27.4317872077227,9.67189699411392));
#7062=CARTESIAN_POINT('Ctrl Pts',(0.,27.6103307596344,9.56707736055608));
#7063=CARTESIAN_POINT('Ctrl Pts',(0.,27.9856251887391,9.34674890784049));
#7064=CARTESIAN_POINT('Ctrl Pts',(0.,28.4054283576325,9.23114088479681));
#7065=CARTESIAN_POINT('Ctrl Pts',(0.,28.6255132704973,9.17053252458572));
#7066=CARTESIAN_POINT('',(0.,30.2319252043962,9.00000005960464));
#7067=CARTESIAN_POINT('Ctrl Pts',(0.,28.6255132704973,9.17053252458572));
#7068=CARTESIAN_POINT('Ctrl Pts',(0.,28.8751365917422,9.12083989709894));
#7069=CARTESIAN_POINT('Ctrl Pts',(0.,29.4052678063113,9.0153064363897));
#7070=CARTESIAN_POINT('Ctrl Pts',(0.,29.9458744538467,9.00529657128857));
#7071=CARTESIAN_POINT('Ctrl Pts',(0.,30.2319252043962,9.00000005960464));
#7072=CARTESIAN_POINT('',(0.,56.9201916232705,9.00000005960464));
#7073=CARTESIAN_POINT('',(0.,52.5,35.));
#7074=CARTESIAN_POINT('Origin',(0.,40.,35.));
#7075=CARTESIAN_POINT('',(0.,43.2128226310015,9.00000005960464));
#7076=CARTESIAN_POINT('',(0.,43.2128226310015,19.0000000596046));
#7077=CARTESIAN_POINT('',(0.,43.2128226310015,9.50000002980232));
#7078=CARTESIAN_POINT('',(0.,39.4611179381609,19.0000000596046));
#7079=CARTESIAN_POINT('',(0.,59.7305589690804,19.0000000596046));
#7080=CARTESIAN_POINT('',(0.,37.6227819472551,18.6964532732964));
#7081=CARTESIAN_POINT('Ctrl Pts',(0.,39.4611179381609,19.0000000596046));
#7082=CARTESIAN_POINT('Ctrl Pts',(0.,39.1135897720635,18.9936517364669));
#7083=CARTESIAN_POINT('Ctrl Pts',(0.,38.4850104466044,18.9821694306713));
#7084=CARTESIAN_POINT('Ctrl Pts',(0.,37.889187178193,18.7847318200454));
#7085=CARTESIAN_POINT('Ctrl Pts',(0.,37.6227819472551,18.6964532732964));
#7086=CARTESIAN_POINT('',(0.,36.5381991416216,17.7619370818138));
#7087=CARTESIAN_POINT('Ctrl Pts',(0.,37.6227819472551,18.6964532732964));
#7088=CARTESIAN_POINT('Ctrl Pts',(0.,37.4048088740945,18.5821218954384));
#7089=CARTESIAN_POINT('Ctrl Pts',(0.,36.9708825794218,18.3545185936206));
#7090=CARTESIAN_POINT('Ctrl Pts',(0.,36.681978688385,17.9588503300332));
#7091=CARTESIAN_POINT('Ctrl Pts',(0.,36.5381991416216,17.7619370818138));
#7092=CARTESIAN_POINT('',(0.,36.1459743529558,16.4420190453529));
#7093=CARTESIAN_POINT('Ctrl Pts',(0.,36.5381991416216,17.7619370818138));
#7094=CARTESIAN_POINT('Ctrl Pts',(0.,36.4238126550314,17.5515845101609));
#7095=CARTESIAN_POINT('Ctrl Pts',(0.,36.199521402179,17.1391210868741));
#7096=CARTESIAN_POINT('Ctrl Pts',(0.,36.1635840059508,16.6712702409155));
#7097=CARTESIAN_POINT('Ctrl Pts',(0.,36.1459743529558,16.4420190453529));
#7098=CARTESIAN_POINT('',(0.,36.4938580542803,15.2346524596214));
#7099=CARTESIAN_POINT('Ctrl Pts',(0.,36.1459743529558,16.4420190453529));
#7100=CARTESIAN_POINT('Ctrl Pts',(0.,36.1610104950733,16.2305377786036));
#7101=CARTESIAN_POINT('Ctrl Pts',(0.,36.1913696064331,15.8035410611247));
#7102=CARTESIAN_POINT('Ctrl Pts',(0.,36.3923954868708,15.4254726330506));
#7103=CARTESIAN_POINT('Ctrl Pts',(0.,36.4938580542803,15.2346524596214));
#7104=CARTESIAN_POINT('',(0.,37.5443374663591,14.3206003308296));
#7105=CARTESIAN_POINT('Ctrl Pts',(0.,36.4938580542803,15.2346524596214));
#7106=CARTESIAN_POINT('Ctrl Pts',(0.,36.6293457867814,15.0527347512717));
#7107=CARTESIAN_POINT('Ctrl Pts',(0.,36.9127167590144,14.6722560398059));
#7108=CARTESIAN_POINT('Ctrl Pts',(0.,37.327745688488,14.4411881049795));
#7109=CARTESIAN_POINT('Ctrl Pts',(0.,37.5443374663591,14.3206003308296));
#7110=CARTESIAN_POINT('',(0.,36.1493861228228,13.4133699536324));
#7111=CARTESIAN_POINT('Ctrl Pts',(0.,37.5443374663591,14.3206003308296));
#7112=CARTESIAN_POINT('Ctrl Pts',(0.,37.2632901151675,14.2212467900915));
#7113=CARTESIAN_POINT('Ctrl Pts',(0.,36.7243998082354,14.0307427350412));
#7114=CARTESIAN_POINT('Ctrl Pts',(0.,36.3354750376256,13.6131673390437));
#7115=CARTESIAN_POINT('Ctrl Pts',(0.,36.1493861228228,13.4133699536324));
#7116=CARTESIAN_POINT('',(0.,35.6616627722979,11.8990448117256));
#7117=CARTESIAN_POINT('Ctrl Pts',(0.,36.1493861228228,13.4133699536324));
#7118=CARTESIAN_POINT('Ctrl Pts',(0.,36.0071529229105,13.1869306308059));
#7119=CARTESIAN_POINT('Ctrl Pts',(0.,35.7163550952487,12.7239721709259));
#7120=CARTESIAN_POINT('Ctrl Pts',(0.,35.6801562609878,12.1779831336751));
#7121=CARTESIAN_POINT('Ctrl Pts',(0.,35.6616627722979,11.8990448117256));
#7122=CARTESIAN_POINT('',(0.,35.9583889991045,10.5927696824074));
#7123=CARTESIAN_POINT('Ctrl Pts',(0.,35.6616627722979,11.8990448117256));
#7124=CARTESIAN_POINT('Ctrl Pts',(0.,35.673457108715,11.6701339206205));
#7125=CARTESIAN_POINT('Ctrl Pts',(0.,35.6967818285815,11.2174350810587));
#7126=CARTESIAN_POINT('Ctrl Pts',(0.,35.8718469807978,10.7994146465249));
#7127=CARTESIAN_POINT('Ctrl Pts',(0.,35.9583889991045,10.5927696824074));
#7128=CARTESIAN_POINT('',(0.,36.6916763335466,9.66166406869888));
#7129=CARTESIAN_POINT('Ctrl Pts',(0.,35.9583889991045,10.5927696824074));
#7130=CARTESIAN_POINT('Ctrl Pts',(0.,36.0587563683893,10.4064280067514));
#7131=CARTESIAN_POINT('Ctrl Pts',(0.,36.249152821002,10.0529386777834));
#7132=CARTESIAN_POINT('Ctrl Pts',(0.,36.5496065821177,9.78728064019686));
#7133=CARTESIAN_POINT('Ctrl Pts',(0.,36.6916763335466,9.66166406869888));
#7134=CARTESIAN_POINT('',(0.,37.7864920645952,9.16712194681168));
#7135=CARTESIAN_POINT('Ctrl Pts',(0.,36.6916763335466,9.66166406869888));
#7136=CARTESIAN_POINT('Ctrl Pts',(0.,36.8519873084832,9.55784625307543));
#7137=CARTESIAN_POINT('Ctrl Pts',(0.,37.1916562896926,9.33787571345293));
#7138=CARTESIAN_POINT('Ctrl Pts',(0.,37.5809371296508,9.22612861869384));
#7139=CARTESIAN_POINT('Ctrl Pts',(0.,37.7864920645952,9.16712194681168));
#7140=CARTESIAN_POINT('',(0.,39.3997251540422,9.00000005960464));
#7141=CARTESIAN_POINT('Ctrl Pts',(0.,37.7864920645952,9.16712194681168));
#7142=CARTESIAN_POINT('Ctrl Pts',(0.,38.0298895264939,9.1184715638578));
#7143=CARTESIAN_POINT('Ctrl Pts',(0.,38.5621169221366,9.01208973713466));
#7144=CARTESIAN_POINT('Ctrl Pts',(0.,39.1050729763369,9.00425294260685));
#7145=CARTESIAN_POINT('Ctrl Pts',(0.,39.3997251540422,9.00000005960464));
#7146=CARTESIAN_POINT('',(0.,61.6064113155007,9.00000005960464));
#7147=CARTESIAN_POINT('Origin',(0.,39.7271477729082,14.798090159893));
#7148=CARTESIAN_POINT('',(0.,41.889494612813,14.798090159893));
#7149=CARTESIAN_POINT('',(0.,39.7271477729082,14.798090159893));
#7150=CARTESIAN_POINT('',(0.,59.8635738864541,14.798090159893));
#7151=CARTESIAN_POINT('',(-2.,41.889494612813,14.798090159893));
#7152=CARTESIAN_POINT('',(0.,41.889494612813,14.798090159893));
#7153=CARTESIAN_POINT('',(-2.,39.7271477729082,14.798090159893));
#7154=CARTESIAN_POINT('',(-2.,41.889494612813,14.798090159893));
#7155=CARTESIAN_POINT('',(0.,39.7271477729082,14.798090159893));
#7156=CARTESIAN_POINT('Ctrl Pts',(0.,38.4652101546526,14.9140521883965));
#7157=CARTESIAN_POINT('Ctrl Pts',(-2.,38.4652101546526,14.9140521883965));
#7158=CARTESIAN_POINT('Ctrl Pts',(0.,38.6335622556733,14.8805249616277));
#7159=CARTESIAN_POINT('Ctrl Pts',(-2.,38.6335622556733,14.8805249616277));
#7160=CARTESIAN_POINT('Ctrl Pts',(0.,39.0495857419912,14.7976741169852));
#7161=CARTESIAN_POINT('Ctrl Pts',(-2.,39.0495857419912,14.7976741169852));
#7162=CARTESIAN_POINT('Ctrl Pts',(0.,39.4743015720424,14.7979349049292));
#7163=CARTESIAN_POINT('Ctrl Pts',(-2.,39.4743015720424,14.7979349049292));
#7164=CARTESIAN_POINT('Ctrl Pts',(0.,39.7271477729082,14.798090159893));
#7165=CARTESIAN_POINT('Ctrl Pts',(-2.,39.7271477729082,14.798090159893));
#7166=CARTESIAN_POINT('',(0.,38.4652101546526,14.9140521883965));
#7167=CARTESIAN_POINT('Ctrl Pts',(0.,39.7271477729082,14.798090159893));
#7168=CARTESIAN_POINT('Ctrl Pts',(0.,39.4743015720424,14.7979349049292));
#7169=CARTESIAN_POINT('Ctrl Pts',(0.,39.0495857419912,14.7976741169852));
#7170=CARTESIAN_POINT('Ctrl Pts',(0.,38.6335622556733,14.8805249616277));
#7171=CARTESIAN_POINT('Ctrl Pts',(0.,38.4652101546526,14.9140521883965));
#7172=CARTESIAN_POINT('',(-2.,38.4652101546526,14.9140521883965));
#7173=CARTESIAN_POINT('Ctrl Pts',(-2.,38.4652101546526,14.9140521883965));
#7174=CARTESIAN_POINT('Ctrl Pts',(-2.,38.6335622556733,14.8805249616277));
#7175=CARTESIAN_POINT('Ctrl Pts',(-2.,39.0495857419912,14.7976741169852));
#7176=CARTESIAN_POINT('Ctrl Pts',(-2.,39.4743015720424,14.7979349049292));
#7177=CARTESIAN_POINT('Ctrl Pts',(-2.,39.7271477729082,14.798090159893));
#7178=CARTESIAN_POINT('',(0.,38.4652101546526,14.9140521883965));
#7179=CARTESIAN_POINT('Ctrl Pts',(0.,37.7046381980181,15.4120054841042));
#7180=CARTESIAN_POINT('Ctrl Pts',(-2.,37.7046381980181,15.4120054841042));
#7181=CARTESIAN_POINT('Ctrl Pts',(0.,37.8043774179078,15.3031288139282));
#7182=CARTESIAN_POINT('Ctrl Pts',(-2.,37.8043774179078,15.3031288139282));
#7183=CARTESIAN_POINT('Ctrl Pts',(0.,38.0151300353179,15.0730684300605));
#7184=CARTESIAN_POINT('Ctrl Pts',(-2.,38.0151300353179,15.0730684300605));
#7185=CARTESIAN_POINT('Ctrl Pts',(0.,38.309926747191,14.9689148290388));
#7186=CARTESIAN_POINT('Ctrl Pts',(-2.,38.309926747191,14.9689148290388));
#7187=CARTESIAN_POINT('Ctrl Pts',(0.,38.4652101546526,14.9140521883965));
#7188=CARTESIAN_POINT('Ctrl Pts',(-2.,38.4652101546526,14.9140521883965));
#7189=CARTESIAN_POINT('',(0.,37.7046381980181,15.4120054841042));
#7190=CARTESIAN_POINT('Ctrl Pts',(0.,38.4652101546526,14.9140521883965));
#7191=CARTESIAN_POINT('Ctrl Pts',(0.,38.309926747191,14.9689148290388));
#7192=CARTESIAN_POINT('Ctrl Pts',(0.,38.0151300353179,15.0730684300605));
#7193=CARTESIAN_POINT('Ctrl Pts',(0.,37.8043774179078,15.3031288139282));
#7194=CARTESIAN_POINT('Ctrl Pts',(0.,37.7046381980181,15.4120054841042));
#7195=CARTESIAN_POINT('',(-2.,37.7046381980181,15.4120054841042));
#7196=CARTESIAN_POINT('Ctrl Pts',(-2.,37.7046381980181,15.4120054841042));
#7197=CARTESIAN_POINT('Ctrl Pts',(-2.,37.8043774179078,15.3031288139282));
#7198=CARTESIAN_POINT('Ctrl Pts',(-2.,38.0151300353179,15.0730684300605));
#7199=CARTESIAN_POINT('Ctrl Pts',(-2.,38.309926747191,14.9689148290388));
#7200=CARTESIAN_POINT('Ctrl Pts',(-2.,38.4652101546526,14.9140521883965));
#7201=CARTESIAN_POINT('',(0.,37.7046381980181,15.4120054841042));
#7202=CARTESIAN_POINT('Ctrl Pts',(0.,37.4488389045,16.2851294875145));
#7203=CARTESIAN_POINT('Ctrl Pts',(-2.,37.4488389045,16.2851294875145));
#7204=CARTESIAN_POINT('Ctrl Pts',(0.,37.4570663221956,16.1208726895542));
#7205=CARTESIAN_POINT('Ctrl Pts',(-2.,37.4570663221956,16.1208726895542));
#7206=CARTESIAN_POINT('Ctrl Pts',(0.,37.4726985862726,15.8087813703621));
#7207=CARTESIAN_POINT('Ctrl Pts',(-2.,37.4726985862726,15.8087813703621));
#7208=CARTESIAN_POINT('Ctrl Pts',(0.,37.6300855670429,15.5395416389052));
#7209=CARTESIAN_POINT('Ctrl Pts',(-2.,37.6300855670429,15.5395416389052));
#7210=CARTESIAN_POINT('Ctrl Pts',(0.,37.7046381980181,15.4120054841042));
#7211=CARTESIAN_POINT('Ctrl Pts',(-2.,37.7046381980181,15.4120054841042));
#7212=CARTESIAN_POINT('',(0.,37.4488389045,16.2851294875145));
#7213=CARTESIAN_POINT('Ctrl Pts',(0.,37.7046381980181,15.4120054841042));
#7214=CARTESIAN_POINT('Ctrl Pts',(0.,37.6300855670429,15.5395416389052));
#7215=CARTESIAN_POINT('Ctrl Pts',(0.,37.4726985862726,15.8087813703621));
#7216=CARTESIAN_POINT('Ctrl Pts',(0.,37.4570663221956,16.1208726895542));
#7217=CARTESIAN_POINT('Ctrl Pts',(0.,37.4488389045,16.2851294875145));
#7218=CARTESIAN_POINT('',(-2.,37.4488389045,16.2851294875145));
#7219=CARTESIAN_POINT('Ctrl Pts',(-2.,37.4488389045,16.2851294875145));
#7220=CARTESIAN_POINT('Ctrl Pts',(-2.,37.4570663221956,16.1208726895542));
#7221=CARTESIAN_POINT('Ctrl Pts',(-2.,37.4726985862726,15.8087813703621));
#7222=CARTESIAN_POINT('Ctrl Pts',(-2.,37.6300855670429,15.5395416389052));
#7223=CARTESIAN_POINT('Ctrl Pts',(-2.,37.7046381980181,15.4120054841042));
#7224=CARTESIAN_POINT('',(0.,37.4488389045,16.2851294875145));
#7225=CARTESIAN_POINT('Ctrl Pts',(0.,37.6875841170549,17.1616646647453));
#7226=CARTESIAN_POINT('Ctrl Pts',(-2.,37.6875841170549,17.1616646647453));
#7227=CARTESIAN_POINT('Ctrl Pts',(0.,37.6179652680431,17.0282719299583));
#7228=CARTESIAN_POINT('Ctrl Pts',(-2.,37.6179652680431,17.0282719299583));
#7229=CARTESIAN_POINT('Ctrl Pts',(0.,37.4746767053046,16.7537248278631));
#7230=CARTESIAN_POINT('Ctrl Pts',(-2.,37.4746767053046,16.7537248278631));
#7231=CARTESIAN_POINT('Ctrl Pts',(0.,37.4576123120861,16.4442443419445));
#7232=CARTESIAN_POINT('Ctrl Pts',(-2.,37.4576123120861,16.4442443419445));
#7233=CARTESIAN_POINT('Ctrl Pts',(0.,37.4488389045,16.2851294875145));
#7234=CARTESIAN_POINT('Ctrl Pts',(-2.,37.4488389045,16.2851294875145));
#7235=CARTESIAN_POINT('',(0.,37.6875841170549,17.1616646647453));
#7236=CARTESIAN_POINT('Ctrl Pts',(0.,37.4488389045,16.2851294875145));
#7237=CARTESIAN_POINT('Ctrl Pts',(0.,37.4576123120861,16.4442443419445));
#7238=CARTESIAN_POINT('Ctrl Pts',(0.,37.4746767053046,16.7537248278631));
#7239=CARTESIAN_POINT('Ctrl Pts',(0.,37.6179652680431,17.0282719299583));
#7240=CARTESIAN_POINT('Ctrl Pts',(0.,37.6875841170549,17.1616646647453));
#7241=CARTESIAN_POINT('',(-2.,37.6875841170549,17.1616646647453));
#7242=CARTESIAN_POINT('Ctrl Pts',(-2.,37.6875841170549,17.1616646647453));
#7243=CARTESIAN_POINT('Ctrl Pts',(-2.,37.6179652680431,17.0282719299583));
#7244=CARTESIAN_POINT('Ctrl Pts',(-2.,37.4746767053046,16.7537248278631));
#7245=CARTESIAN_POINT('Ctrl Pts',(-2.,37.4576123120861,16.4442443419445));
#7246=CARTESIAN_POINT('Ctrl Pts',(-2.,37.4488389045,16.2851294875145));
#7247=CARTESIAN_POINT('',(0.,37.6875841170549,17.1616646647453));
#7248=CARTESIAN_POINT('Ctrl Pts',(0.,38.3697115927935,17.6800820231438));
#7249=CARTESIAN_POINT('Ctrl Pts',(-2.,38.3697115927935,17.6800820231438));
#7250=CARTESIAN_POINT('Ctrl Pts',(0.,38.23086974219,17.6241916791309));
#7251=CARTESIAN_POINT('Ctrl Pts',(-2.,38.23086974219,17.6241916791309));
#7252=CARTESIAN_POINT('Ctrl Pts',(0.,37.9560507689979,17.5135641782282));
#7253=CARTESIAN_POINT('Ctrl Pts',(-2.,37.9560507689979,17.5135641782282));
#7254=CARTESIAN_POINT('Ctrl Pts',(0.,37.7764489412759,17.2781465003207));
#7255=CARTESIAN_POINT('Ctrl Pts',(-2.,37.7764489412759,17.2781465003207));
#7256=CARTESIAN_POINT('Ctrl Pts',(0.,37.6875841170549,17.1616646647453));
#7257=CARTESIAN_POINT('Ctrl Pts',(-2.,37.6875841170549,17.1616646647453));
#7258=CARTESIAN_POINT('',(0.,38.3697115927935,17.6800820231438));
#7259=CARTESIAN_POINT('Ctrl Pts',(0.,37.6875841170549,17.1616646647453));
#7260=CARTESIAN_POINT('Ctrl Pts',(0.,37.7764489412759,17.2781465003207));
#7261=CARTESIAN_POINT('Ctrl Pts',(0.,37.9560507689979,17.5135641782282));
#7262=CARTESIAN_POINT('Ctrl Pts',(0.,38.23086974219,17.6241916791309));
#7263=CARTESIAN_POINT('Ctrl Pts',(0.,38.3697115927935,17.6800820231438));
#7264=CARTESIAN_POINT('',(-2.,38.3697115927935,17.6800820231438));
#7265=CARTESIAN_POINT('Ctrl Pts',(-2.,38.3697115927935,17.6800820231438));
#7266=CARTESIAN_POINT('Ctrl Pts',(-2.,38.23086974219,17.6241916791309));
#7267=CARTESIAN_POINT('Ctrl Pts',(-2.,37.9560507689979,17.5135641782282));
#7268=CARTESIAN_POINT('Ctrl Pts',(-2.,37.7764489412759,17.2781465003207));
#7269=CARTESIAN_POINT('Ctrl Pts',(-2.,37.6875841170549,17.1616646647453));
#7270=CARTESIAN_POINT('',(0.,38.3697115927935,17.6800820231438));
#7271=CARTESIAN_POINT('Ctrl Pts',(0.,39.8908578902483,17.8199180960655));
#7272=CARTESIAN_POINT('Ctrl Pts',(-2.,39.8908578902483,17.8199180960655));
#7273=CARTESIAN_POINT('Ctrl Pts',(0.,39.5831681800158,17.8205744057013));
#7274=CARTESIAN_POINT('Ctrl Pts',(-2.,39.5831681800158,17.8205744057013));
#7275=CARTESIAN_POINT('Ctrl Pts',(0.,39.0710798025925,17.8216667026658));
#7276=CARTESIAN_POINT('Ctrl Pts',(-2.,39.0710798025925,17.8216667026658));
#7277=CARTESIAN_POINT('Ctrl Pts',(0.,38.5697971747598,17.7204731509478));
#7278=CARTESIAN_POINT('Ctrl Pts',(-2.,38.5697971747598,17.7204731509478));
#7279=CARTESIAN_POINT('Ctrl Pts',(0.,38.3697115927935,17.6800820231438));
#7280=CARTESIAN_POINT('Ctrl Pts',(-2.,38.3697115927935,17.6800820231438));
#7281=CARTESIAN_POINT('',(0.,39.8908578902483,17.8199180960655));
#7282=CARTESIAN_POINT('Ctrl Pts',(0.,38.3697115927935,17.6800820231438));
#7283=CARTESIAN_POINT('Ctrl Pts',(0.,38.5697971747598,17.7204731509478));
#7284=CARTESIAN_POINT('Ctrl Pts',(0.,39.0710798025925,17.8216667026658));
#7285=CARTESIAN_POINT('Ctrl Pts',(0.,39.5831681800158,17.8205744057013));
#7286=CARTESIAN_POINT('Ctrl Pts',(0.,39.8908578902483,17.8199180960655));
#7287=CARTESIAN_POINT('',(-2.,39.8908578902483,17.8199180960655));
#7288=CARTESIAN_POINT('Ctrl Pts',(-2.,39.8908578902483,17.8199180960655));
#7289=CARTESIAN_POINT('Ctrl Pts',(-2.,39.5831681800158,17.8205744057013));
#7290=CARTESIAN_POINT('Ctrl Pts',(-2.,39.0710798025925,17.8216667026658));
#7291=CARTESIAN_POINT('Ctrl Pts',(-2.,38.5697971747598,17.7204731509478));
#7292=CARTESIAN_POINT('Ctrl Pts',(-2.,38.3697115927935,17.6800820231438));
#7293=CARTESIAN_POINT('',(0.,39.8908578902483,17.8199180960655));
#7294=CARTESIAN_POINT('Origin',(0.,41.889494612813,17.8199180960655));
#7295=CARTESIAN_POINT('',(0.,41.889494612813,17.8199180960655));
#7296=CARTESIAN_POINT('',(0.,60.9447473064065,17.8199180960655));
#7297=CARTESIAN_POINT('',(-2.,41.889494612813,17.8199180960655));
#7298=CARTESIAN_POINT('',(-2.,39.8908578902483,17.8199180960655));
#7299=CARTESIAN_POINT('',(0.,41.889494612813,17.8199180960655));
#7300=CARTESIAN_POINT('Origin',(0.,41.889494612813,14.798090159893));
#7301=CARTESIAN_POINT('',(0.,41.889494612813,7.39904507994652));
#7302=CARTESIAN_POINT('',(-2.,41.889494612813,17.8199180960655));
#7303=CARTESIAN_POINT('Origin',(0.,39.3997251540422,10.1800814270973));
#7304=CARTESIAN_POINT('',(0.,41.889494612813,10.1800814270973));
#7305=CARTESIAN_POINT('',(0.,39.3997251540422,10.1800814270973));
#7306=CARTESIAN_POINT('',(0.,59.6998625770211,10.1800814270973));
#7307=CARTESIAN_POINT('',(-2.,41.889494612813,10.1800814270973));
#7308=CARTESIAN_POINT('',(0.,41.889494612813,10.1800814270973));
#7309=CARTESIAN_POINT('',(-2.,39.3997251540422,10.1800814270973));
#7310=CARTESIAN_POINT('',(-2.,41.889494612813,10.1800814270973));
#7311=CARTESIAN_POINT('',(0.,39.3997251540422,10.1800814270973));
#7312=CARTESIAN_POINT('Ctrl Pts',(0.,38.4993159323931,10.2278307080269));
#7313=CARTESIAN_POINT('Ctrl Pts',(-2.,38.4993159323931,10.2278307080269));
#7314=CARTESIAN_POINT('Ctrl Pts',(0.,38.6174385548905,10.2140487523775));
#7315=CARTESIAN_POINT('Ctrl Pts',(-2.,38.6174385548905,10.2140487523775));
#7316=CARTESIAN_POINT('Ctrl Pts',(0.,38.9164118941887,10.1791660413824));
#7317=CARTESIAN_POINT('Ctrl Pts',(-2.,38.9164118941887,10.1791660413824));
#7318=CARTESIAN_POINT('Ctrl Pts',(0.,39.2175593197686,10.1797364086252));
#7319=CARTESIAN_POINT('Ctrl Pts',(-2.,39.2175593197686,10.1797364086252));
#7320=CARTESIAN_POINT('Ctrl Pts',(0.,39.3997251540422,10.1800814270973));
#7321=CARTESIAN_POINT('Ctrl Pts',(-2.,39.3997251540422,10.1800814270973));
#7322=CARTESIAN_POINT('',(0.,38.4993159323931,10.2278307080269));
#7323=CARTESIAN_POINT('Ctrl Pts',(0.,39.3997251540422,10.1800814270973));
#7324=CARTESIAN_POINT('Ctrl Pts',(0.,39.2175593197686,10.1797364086252));
#7325=CARTESIAN_POINT('Ctrl Pts',(0.,38.9164118941887,10.1791660413824));
#7326=CARTESIAN_POINT('Ctrl Pts',(0.,38.6174385548905,10.2140487523775));
#7327=CARTESIAN_POINT('Ctrl Pts',(0.,38.4993159323931,10.2278307080269));
#7328=CARTESIAN_POINT('',(-2.,38.4993159323931,10.2278307080269));
#7329=CARTESIAN_POINT('Ctrl Pts',(-2.,38.4993159323931,10.2278307080269));
#7330=CARTESIAN_POINT('Ctrl Pts',(-2.,38.6174385548905,10.2140487523775));
#7331=CARTESIAN_POINT('Ctrl Pts',(-2.,38.9164118941887,10.1791660413824));
#7332=CARTESIAN_POINT('Ctrl Pts',(-2.,39.2175593197686,10.1797364086252));
#7333=CARTESIAN_POINT('Ctrl Pts',(-2.,39.3997251540422,10.1800814270973));
#7334=CARTESIAN_POINT('',(0.,38.4993159323931,10.2278307080269));
#7335=CARTESIAN_POINT('Ctrl Pts',(0.,37.7353322058916,10.5006816983223));
#7336=CARTESIAN_POINT('Ctrl Pts',(-2.,37.7353322058916,10.5006816983223));
#7337=CARTESIAN_POINT('Ctrl Pts',(0.,37.8482359801226,10.4408314863157));
#7338=CARTESIAN_POINT('Ctrl Pts',(-2.,37.8482359801226,10.4408314863157));
#7339=CARTESIAN_POINT('Ctrl Pts',(0.,38.0894581610948,10.3129597763554));
#7340=CARTESIAN_POINT('Ctrl Pts',(-2.,38.0894581610948,10.3129597763554));
#7341=CARTESIAN_POINT('Ctrl Pts',(0.,38.3569978814073,10.2573907260018));
#7342=CARTESIAN_POINT('Ctrl Pts',(-2.,38.3569978814073,10.2573907260018));
#7343=CARTESIAN_POINT('Ctrl Pts',(0.,38.4993159323931,10.2278307080269));
#7344=CARTESIAN_POINT('Ctrl Pts',(-2.,38.4993159323931,10.2278307080269));
#7345=CARTESIAN_POINT('',(0.,37.7353322058916,10.5006816983223));
#7346=CARTESIAN_POINT('Ctrl Pts',(0.,38.4993159323931,10.2278307080269));
#7347=CARTESIAN_POINT('Ctrl Pts',(0.,38.3569978814073,10.2573907260018));
#7348=CARTESIAN_POINT('Ctrl Pts',(0.,38.0894581610948,10.3129597763554));
#7349=CARTESIAN_POINT('Ctrl Pts',(0.,37.8482359801226,10.4408314863157));
#7350=CARTESIAN_POINT('Ctrl Pts',(0.,37.7353322058916,10.5006816983223));
#7351=CARTESIAN_POINT('',(-2.,37.7353322058916,10.5006816983223));
#7352=CARTESIAN_POINT('Ctrl Pts',(-2.,37.7353322058916,10.5006816983223));
#7353=CARTESIAN_POINT('Ctrl Pts',(-2.,37.8482359801226,10.4408314863157));
#7354=CARTESIAN_POINT('Ctrl Pts',(-2.,38.0894581610948,10.3129597763554));
#7355=CARTESIAN_POINT('Ctrl Pts',(-2.,38.3569978814073,10.2573907260018));
#7356=CARTESIAN_POINT('Ctrl Pts',(-2.,38.4993159323931,10.2278307080269));
#7357=CARTESIAN_POINT('',(0.,37.7353322058916,10.5006816983223));
#7358=CARTESIAN_POINT('Ctrl Pts',(0.,37.2305571585894,11.0566166043282));
#7359=CARTESIAN_POINT('Ctrl Pts',(-2.,37.2305571585894,11.0566166043282));
#7360=CARTESIAN_POINT('Ctrl Pts',(0.,37.2990612430507,10.9434788442456));
#7361=CARTESIAN_POINT('Ctrl Pts',(-2.,37.2990612430507,10.9434788442456));
#7362=CARTESIAN_POINT('Ctrl Pts',(0.,37.431274113673,10.7251229877459));
#7363=CARTESIAN_POINT('Ctrl Pts',(-2.,37.431274113673,10.7251229877459));
#7364=CARTESIAN_POINT('Ctrl Pts',(0.,37.6364601756337,10.5736643504106));
#7365=CARTESIAN_POINT('Ctrl Pts',(-2.,37.6364601756337,10.5736643504106));
#7366=CARTESIAN_POINT('Ctrl Pts',(0.,37.7353322058916,10.5006816983223));
#7367=CARTESIAN_POINT('Ctrl Pts',(-2.,37.7353322058916,10.5006816983223));
#7368=CARTESIAN_POINT('',(0.,37.2305571585894,11.0566166043282));
#7369=CARTESIAN_POINT('Ctrl Pts',(0.,37.7353322058916,10.5006816983223));
#7370=CARTESIAN_POINT('Ctrl Pts',(0.,37.6364601756337,10.5736643504106));
#7371=CARTESIAN_POINT('Ctrl Pts',(0.,37.431274113673,10.7251229877459));
#7372=CARTESIAN_POINT('Ctrl Pts',(0.,37.2990612430507,10.9434788442456));
#7373=CARTESIAN_POINT('Ctrl Pts',(0.,37.2305571585894,11.0566166043282));
#7374=CARTESIAN_POINT('',(-2.,37.2305571585894,11.0566166043282));
#7375=CARTESIAN_POINT('Ctrl Pts',(-2.,37.2305571585894,11.0566166043282));
#7376=CARTESIAN_POINT('Ctrl Pts',(-2.,37.2990612430507,10.9434788442456));
#7377=CARTESIAN_POINT('Ctrl Pts',(-2.,37.431274113673,10.7251229877459));
#7378=CARTESIAN_POINT('Ctrl Pts',(-2.,37.6364601756337,10.5736643504106));
#7379=CARTESIAN_POINT('Ctrl Pts',(-2.,37.7353322058916,10.5006816983223));
#7380=CARTESIAN_POINT('',(0.,37.2305571585894,11.0566166043282));
#7381=CARTESIAN_POINT('Ctrl Pts',(0.,37.0327412635088,11.8990448117256));
#7382=CARTESIAN_POINT('Ctrl Pts',(-2.,37.0327412635088,11.8990448117256));
#7383=CARTESIAN_POINT('Ctrl Pts',(0.,37.0397075720233,11.7469792751221));
#7384=CARTESIAN_POINT('Ctrl Pts',(-2.,37.0397075720233,11.7469792751221));
#7385=CARTESIAN_POINT('Ctrl Pts',(0.,37.0531482707847,11.4535861437049));
#7386=CARTESIAN_POINT('Ctrl Pts',(-2.,37.0531482707847,11.4535861437049));
#7387=CARTESIAN_POINT('Ctrl Pts',(0.,37.1728815753951,11.1856712981331));
#7388=CARTESIAN_POINT('Ctrl Pts',(-2.,37.1728815753951,11.1856712981331));
#7389=CARTESIAN_POINT('Ctrl Pts',(0.,37.2305571585894,11.0566166043282));
#7390=CARTESIAN_POINT('Ctrl Pts',(-2.,37.2305571585894,11.0566166043282));
#7391=CARTESIAN_POINT('',(0.,37.0327412635088,11.8990448117256));
#7392=CARTESIAN_POINT('Ctrl Pts',(0.,37.2305571585894,11.0566166043282));
#7393=CARTESIAN_POINT('Ctrl Pts',(0.,37.1728815753951,11.1856712981331));
#7394=CARTESIAN_POINT('Ctrl Pts',(0.,37.0531482707847,11.4535861437049));
#7395=CARTESIAN_POINT('Ctrl Pts',(0.,37.0397075720233,11.7469792751221));
#7396=CARTESIAN_POINT('Ctrl Pts',(0.,37.0327412635088,11.8990448117256));
#7397=CARTESIAN_POINT('',(-2.,37.0327412635088,11.8990448117256));
#7398=CARTESIAN_POINT('Ctrl Pts',(-2.,37.0327412635088,11.8990448117256));
#7399=CARTESIAN_POINT('Ctrl Pts',(-2.,37.0397075720233,11.7469792751221));
#7400=CARTESIAN_POINT('Ctrl Pts',(-2.,37.0531482707847,11.4535861437049));
#7401=CARTESIAN_POINT('Ctrl Pts',(-2.,37.1728815753951,11.1856712981331));
#7402=CARTESIAN_POINT('Ctrl Pts',(-2.,37.2305571585894,11.0566166043282));
#7403=CARTESIAN_POINT('',(0.,37.0327412635088,11.8990448117256));
#7404=CARTESIAN_POINT('Ctrl Pts',(0.,37.3192345649004,12.8710779547691));
#7405=CARTESIAN_POINT('Ctrl Pts',(-2.,37.3192345649004,12.8710779547691));
#7406=CARTESIAN_POINT('Ctrl Pts',(0.,37.2356931931304,12.7248645744716));
#7407=CARTESIAN_POINT('Ctrl Pts',(-2.,37.2356931931304,12.7248645744716));
#7408=CARTESIAN_POINT('Ctrl Pts',(0.,37.0636656730548,12.4237835091082));
#7409=CARTESIAN_POINT('Ctrl Pts',(-2.,37.0636656730548,12.4237835091082));
#7410=CARTESIAN_POINT('Ctrl Pts',(0.,37.0432450574416,12.0772777101635));
#7411=CARTESIAN_POINT('Ctrl Pts',(-2.,37.0432450574416,12.0772777101635));
#7412=CARTESIAN_POINT('Ctrl Pts',(0.,37.0327412635088,11.8990448117256));
#7413=CARTESIAN_POINT('Ctrl Pts',(-2.,37.0327412635088,11.8990448117256));
#7414=CARTESIAN_POINT('',(0.,37.3192345649004,12.8710779547691));
#7415=CARTESIAN_POINT('Ctrl Pts',(0.,37.0327412635088,11.8990448117256));
#7416=CARTESIAN_POINT('Ctrl Pts',(0.,37.0432450574416,12.0772777101635));
#7417=CARTESIAN_POINT('Ctrl Pts',(0.,37.0636656730548,12.4237835091082));
#7418=CARTESIAN_POINT('Ctrl Pts',(0.,37.2356931931304,12.7248645744716));
#7419=CARTESIAN_POINT('Ctrl Pts',(0.,37.3192345649004,12.8710779547691));
#7420=CARTESIAN_POINT('',(-2.,37.3192345649004,12.8710779547691));
#7421=CARTESIAN_POINT('Ctrl Pts',(-2.,37.3192345649004,12.8710779547691));
#7422=CARTESIAN_POINT('Ctrl Pts',(-2.,37.2356931931304,12.7248645744716));
#7423=CARTESIAN_POINT('Ctrl Pts',(-2.,37.0636656730548,12.4237835091082));
#7424=CARTESIAN_POINT('Ctrl Pts',(-2.,37.0432450574416,12.0772777101635));
#7425=CARTESIAN_POINT('Ctrl Pts',(-2.,37.0327412635088,11.8990448117256));
#7426=CARTESIAN_POINT('',(0.,37.3192345649004,12.8710779547691));
#7427=CARTESIAN_POINT('Ctrl Pts',(0.,38.1139146834612,13.4508869051933));
#7428=CARTESIAN_POINT('Ctrl Pts',(-2.,38.1139146834612,13.4508869051933));
#7429=CARTESIAN_POINT('Ctrl Pts',(0.,37.9546005567541,13.3861506154355));
#7430=CARTESIAN_POINT('Ctrl Pts',(-2.,37.9546005567541,13.3861506154355));
#7431=CARTESIAN_POINT('Ctrl Pts',(0.,37.6412943417011,13.2588406126138));
#7432=CARTESIAN_POINT('Ctrl Pts',(-2.,37.6412943417011,13.2588406126138));
#7433=CARTESIAN_POINT('Ctrl Pts',(0.,37.4253651826258,12.9988601038369));
#7434=CARTESIAN_POINT('Ctrl Pts',(-2.,37.4253651826258,12.9988601038369));
#7435=CARTESIAN_POINT('Ctrl Pts',(0.,37.3192345649004,12.8710779547691));
#7436=CARTESIAN_POINT('Ctrl Pts',(-2.,37.3192345649004,12.8710779547691));
#7437=CARTESIAN_POINT('',(0.,38.1139146834612,13.4508869051933));
#7438=CARTESIAN_POINT('Ctrl Pts',(0.,37.3192345649004,12.8710779547691));
#7439=CARTESIAN_POINT('Ctrl Pts',(0.,37.4253651826258,12.9988601038369));
#7440=CARTESIAN_POINT('Ctrl Pts',(0.,37.6412943417011,13.2588406126138));
#7441=CARTESIAN_POINT('Ctrl Pts',(0.,37.9546005567541,13.3861506154355));
#7442=CARTESIAN_POINT('Ctrl Pts',(0.,38.1139146834612,13.4508869051933));
#7443=CARTESIAN_POINT('',(-2.,38.1139146834612,13.4508869051933));
#7444=CARTESIAN_POINT('Ctrl Pts',(-2.,38.1139146834612,13.4508869051933));
#7445=CARTESIAN_POINT('Ctrl Pts',(-2.,37.9546005567541,13.3861506154355));
#7446=CARTESIAN_POINT('Ctrl Pts',(-2.,37.6412943417011,13.2588406126138));
#7447=CARTESIAN_POINT('Ctrl Pts',(-2.,37.4253651826258,12.9988601038369));
#7448=CARTESIAN_POINT('Ctrl Pts',(-2.,37.3192345649004,12.8710779547691));
#7449=CARTESIAN_POINT('',(0.,38.1139146834612,13.4508869051933));
#7450=CARTESIAN_POINT('Ctrl Pts',(0.,39.5770775824785,13.6180081963539));
#7451=CARTESIAN_POINT('Ctrl Pts',(-2.,39.5770775824785,13.6180081963539));
#7452=CARTESIAN_POINT('Ctrl Pts',(0.,39.2944862863543,13.6160455463523));
#7453=CARTESIAN_POINT('Ctrl Pts',(-2.,39.2944862863543,13.6160455463523));
#7454=CARTESIAN_POINT('Ctrl Pts',(0.,38.8002229042055,13.6126127936771));
#7455=CARTESIAN_POINT('Ctrl Pts',(-2.,38.8002229042055,13.6126127936771));
#7456=CARTESIAN_POINT('Ctrl Pts',(0.,38.3197016134148,13.4993798025231));
#7457=CARTESIAN_POINT('Ctrl Pts',(-2.,38.3197016134148,13.4993798025231));
#7458=CARTESIAN_POINT('Ctrl Pts',(0.,38.1139146834612,13.4508869051933));
#7459=CARTESIAN_POINT('Ctrl Pts',(-2.,38.1139146834612,13.4508869051933));
#7460=CARTESIAN_POINT('',(0.,39.5770775824785,13.6180081963539));
#7461=CARTESIAN_POINT('Ctrl Pts',(0.,38.1139146834612,13.4508869051933));
#7462=CARTESIAN_POINT('Ctrl Pts',(0.,38.3197016134148,13.4993798025231));
#7463=CARTESIAN_POINT('Ctrl Pts',(0.,38.8002229042055,13.6126127936771));
#7464=CARTESIAN_POINT('Ctrl Pts',(0.,39.2944862863543,13.6160455463523));
#7465=CARTESIAN_POINT('Ctrl Pts',(0.,39.5770775824785,13.6180081963539));
#7466=CARTESIAN_POINT('',(-2.,39.5770775824785,13.6180081963539));
#7467=CARTESIAN_POINT('Ctrl Pts',(-2.,39.5770775824785,13.6180081963539));
#7468=CARTESIAN_POINT('Ctrl Pts',(-2.,39.2944862863543,13.6160455463523));
#7469=CARTESIAN_POINT('Ctrl Pts',(-2.,38.8002229042055,13.6126127936771));
#7470=CARTESIAN_POINT('Ctrl Pts',(-2.,38.3197016134148,13.4993798025231));
#7471=CARTESIAN_POINT('Ctrl Pts',(-2.,38.1139146834612,13.4508869051933));
#7472=CARTESIAN_POINT('',(0.,39.5770775824785,13.6180081963539));
#7473=CARTESIAN_POINT('Origin',(0.,41.889494612813,13.6180081963539));
#7474=CARTESIAN_POINT('',(0.,41.889494612813,13.6180081963539));
#7475=CARTESIAN_POINT('',(0.,60.9447473064065,13.6180081963539));
#7476=CARTESIAN_POINT('',(-2.,41.889494612813,13.6180081963539));
#7477=CARTESIAN_POINT('',(-2.,39.5770775824785,13.6180081963539));
#7478=CARTESIAN_POINT('',(0.,41.889494612813,13.6180081963539));
#7479=CARTESIAN_POINT('Origin',(0.,41.889494612813,10.1800814270973));
#7480=CARTESIAN_POINT('',(0.,41.889494612813,5.09004071354866));
#7481=CARTESIAN_POINT('',(-2.,41.889494612813,13.6180081963539));
#7482=CARTESIAN_POINT('Origin',(0.,43.2128226310015,19.0000000596046));
#7483=CARTESIAN_POINT('',(-2.,43.2128226310015,9.00000005960464));
#7484=CARTESIAN_POINT('',(0.,43.2128226310015,9.00000005960464));
#7485=CARTESIAN_POINT('',(-2.,43.2128226310015,19.0000000596046));
#7486=CARTESIAN_POINT('',(-2.,43.2128226310015,9.00000005960464));
#7487=CARTESIAN_POINT('',(0.,43.2128226310015,19.0000000596046));
#7488=CARTESIAN_POINT('Origin',(0.,39.4611179381609,19.0000000596046));
#7489=CARTESIAN_POINT('',(-2.,39.4611179381609,19.0000000596046));
#7490=CARTESIAN_POINT('',(-2.,43.2128226310015,19.0000000596046));
#7491=CARTESIAN_POINT('',(0.,39.4611179381609,19.0000000596046));
#7492=CARTESIAN_POINT('Ctrl Pts',(0.,37.6227819472551,18.6964532732964));
#7493=CARTESIAN_POINT('Ctrl Pts',(-2.,37.6227819472551,18.6964532732964));
#7494=CARTESIAN_POINT('Ctrl Pts',(0.,37.889187178193,18.7847318200454));
#7495=CARTESIAN_POINT('Ctrl Pts',(-2.,37.889187178193,18.7847318200454));
#7496=CARTESIAN_POINT('Ctrl Pts',(0.,38.4850104466044,18.9821694306713));
#7497=CARTESIAN_POINT('Ctrl Pts',(-2.,38.4850104466044,18.9821694306713));
#7498=CARTESIAN_POINT('Ctrl Pts',(0.,39.1135897720635,18.9936517364669));
#7499=CARTESIAN_POINT('Ctrl Pts',(-2.,39.1135897720635,18.9936517364669));
#7500=CARTESIAN_POINT('Ctrl Pts',(0.,39.4611179381609,19.0000000596046));
#7501=CARTESIAN_POINT('Ctrl Pts',(-2.,39.4611179381609,19.0000000596046));
#7502=CARTESIAN_POINT('',(-2.,37.6227819472551,18.6964532732964));
#7503=CARTESIAN_POINT('Ctrl Pts',(-2.,37.6227819472551,18.6964532732964));
#7504=CARTESIAN_POINT('Ctrl Pts',(-2.,37.889187178193,18.7847318200454));
#7505=CARTESIAN_POINT('Ctrl Pts',(-2.,38.4850104466044,18.9821694306713));
#7506=CARTESIAN_POINT('Ctrl Pts',(-2.,39.1135897720635,18.9936517364669));
#7507=CARTESIAN_POINT('Ctrl Pts',(-2.,39.4611179381609,19.0000000596046));
#7508=CARTESIAN_POINT('',(0.,37.6227819472551,18.6964532732964));
#7509=CARTESIAN_POINT('Ctrl Pts',(0.,36.5381991416216,17.7619370818138));
#7510=CARTESIAN_POINT('Ctrl Pts',(-2.,36.5381991416216,17.7619370818138));
#7511=CARTESIAN_POINT('Ctrl Pts',(0.,36.681978688385,17.9588503300332));
#7512=CARTESIAN_POINT('Ctrl Pts',(-2.,36.681978688385,17.9588503300332));
#7513=CARTESIAN_POINT('Ctrl Pts',(0.,36.9708825794218,18.3545185936206));
#7514=CARTESIAN_POINT('Ctrl Pts',(-2.,36.9708825794218,18.3545185936206));
#7515=CARTESIAN_POINT('Ctrl Pts',(0.,37.4048088740945,18.5821218954384));
#7516=CARTESIAN_POINT('Ctrl Pts',(-2.,37.4048088740945,18.5821218954384));
#7517=CARTESIAN_POINT('Ctrl Pts',(0.,37.6227819472551,18.6964532732964));
#7518=CARTESIAN_POINT('Ctrl Pts',(-2.,37.6227819472551,18.6964532732964));
#7519=CARTESIAN_POINT('',(-2.,36.5381991416216,17.7619370818138));
#7520=CARTESIAN_POINT('Ctrl Pts',(-2.,36.5381991416216,17.7619370818138));
#7521=CARTESIAN_POINT('Ctrl Pts',(-2.,36.681978688385,17.9588503300332));
#7522=CARTESIAN_POINT('Ctrl Pts',(-2.,36.9708825794218,18.3545185936206));
#7523=CARTESIAN_POINT('Ctrl Pts',(-2.,37.4048088740945,18.5821218954384));
#7524=CARTESIAN_POINT('Ctrl Pts',(-2.,37.6227819472551,18.6964532732964));
#7525=CARTESIAN_POINT('',(0.,36.5381991416216,17.7619370818138));
#7526=CARTESIAN_POINT('Ctrl Pts',(0.,36.1459743529558,16.4420190453529));
#7527=CARTESIAN_POINT('Ctrl Pts',(-2.,36.1459743529558,16.4420190453529));
#7528=CARTESIAN_POINT('Ctrl Pts',(0.,36.1635840059508,16.6712702409155));
#7529=CARTESIAN_POINT('Ctrl Pts',(-2.,36.1635840059508,16.6712702409155));
#7530=CARTESIAN_POINT('Ctrl Pts',(0.,36.199521402179,17.1391210868741));
#7531=CARTESIAN_POINT('Ctrl Pts',(-2.,36.199521402179,17.1391210868741));
#7532=CARTESIAN_POINT('Ctrl Pts',(0.,36.4238126550314,17.5515845101609));
#7533=CARTESIAN_POINT('Ctrl Pts',(-2.,36.4238126550314,17.5515845101609));
#7534=CARTESIAN_POINT('Ctrl Pts',(0.,36.5381991416216,17.7619370818138));
#7535=CARTESIAN_POINT('Ctrl Pts',(-2.,36.5381991416216,17.7619370818138));
#7536=CARTESIAN_POINT('',(-2.,36.1459743529558,16.4420190453529));
#7537=CARTESIAN_POINT('Ctrl Pts',(-2.,36.1459743529558,16.4420190453529));
#7538=CARTESIAN_POINT('Ctrl Pts',(-2.,36.1635840059508,16.6712702409155));
#7539=CARTESIAN_POINT('Ctrl Pts',(-2.,36.199521402179,17.1391210868741));
#7540=CARTESIAN_POINT('Ctrl Pts',(-2.,36.4238126550314,17.5515845101609));
#7541=CARTESIAN_POINT('Ctrl Pts',(-2.,36.5381991416216,17.7619370818138));
#7542=CARTESIAN_POINT('',(0.,36.1459743529558,16.4420190453529));
#7543=CARTESIAN_POINT('Ctrl Pts',(0.,36.4938580542803,15.2346524596214));
#7544=CARTESIAN_POINT('Ctrl Pts',(-2.,36.4938580542803,15.2346524596214));
#7545=CARTESIAN_POINT('Ctrl Pts',(0.,36.3923954868708,15.4254726330506));
#7546=CARTESIAN_POINT('Ctrl Pts',(-2.,36.3923954868708,15.4254726330506));
#7547=CARTESIAN_POINT('Ctrl Pts',(0.,36.1913696064331,15.8035410611247));
#7548=CARTESIAN_POINT('Ctrl Pts',(-2.,36.1913696064331,15.8035410611247));
#7549=CARTESIAN_POINT('Ctrl Pts',(0.,36.1610104950733,16.2305377786036));
#7550=CARTESIAN_POINT('Ctrl Pts',(-2.,36.1610104950733,16.2305377786036));
#7551=CARTESIAN_POINT('Ctrl Pts',(0.,36.1459743529558,16.4420190453529));
#7552=CARTESIAN_POINT('Ctrl Pts',(-2.,36.1459743529558,16.4420190453529));
#7553=CARTESIAN_POINT('',(-2.,36.4938580542803,15.2346524596214));
#7554=CARTESIAN_POINT('Ctrl Pts',(-2.,36.4938580542803,15.2346524596214));
#7555=CARTESIAN_POINT('Ctrl Pts',(-2.,36.3923954868708,15.4254726330506));
#7556=CARTESIAN_POINT('Ctrl Pts',(-2.,36.1913696064331,15.8035410611247));
#7557=CARTESIAN_POINT('Ctrl Pts',(-2.,36.1610104950733,16.2305377786036));
#7558=CARTESIAN_POINT('Ctrl Pts',(-2.,36.1459743529558,16.4420190453529));
#7559=CARTESIAN_POINT('',(0.,36.4938580542803,15.2346524596214));
#7560=CARTESIAN_POINT('Ctrl Pts',(0.,37.5443374663591,14.3206003308296));
#7561=CARTESIAN_POINT('Ctrl Pts',(-2.,37.5443374663591,14.3206003308296));
#7562=CARTESIAN_POINT('Ctrl Pts',(0.,37.327745688488,14.4411881049795));
#7563=CARTESIAN_POINT('Ctrl Pts',(-2.,37.327745688488,14.4411881049795));
#7564=CARTESIAN_POINT('Ctrl Pts',(0.,36.9127167590144,14.6722560398059));
#7565=CARTESIAN_POINT('Ctrl Pts',(-2.,36.9127167590144,14.6722560398059));
#7566=CARTESIAN_POINT('Ctrl Pts',(0.,36.6293457867814,15.0527347512717));
#7567=CARTESIAN_POINT('Ctrl Pts',(-2.,36.6293457867814,15.0527347512717));
#7568=CARTESIAN_POINT('Ctrl Pts',(0.,36.4938580542803,15.2346524596214));
#7569=CARTESIAN_POINT('Ctrl Pts',(-2.,36.4938580542803,15.2346524596214));
#7570=CARTESIAN_POINT('',(-2.,37.5443374663591,14.3206003308296));
#7571=CARTESIAN_POINT('Ctrl Pts',(-2.,37.5443374663591,14.3206003308296));
#7572=CARTESIAN_POINT('Ctrl Pts',(-2.,37.327745688488,14.4411881049795));
#7573=CARTESIAN_POINT('Ctrl Pts',(-2.,36.9127167590144,14.6722560398059));
#7574=CARTESIAN_POINT('Ctrl Pts',(-2.,36.6293457867814,15.0527347512717));
#7575=CARTESIAN_POINT('Ctrl Pts',(-2.,36.4938580542803,15.2346524596214));
#7576=CARTESIAN_POINT('',(0.,37.5443374663591,14.3206003308296));
#7577=CARTESIAN_POINT('Ctrl Pts',(0.,36.1493861228228,13.4133699536324));
#7578=CARTESIAN_POINT('Ctrl Pts',(-2.,36.1493861228228,13.4133699536324));
#7579=CARTESIAN_POINT('Ctrl Pts',(0.,36.3354750376256,13.6131673390437));
#7580=CARTESIAN_POINT('Ctrl Pts',(-2.,36.3354750376256,13.6131673390437));
#7581=CARTESIAN_POINT('Ctrl Pts',(0.,36.7243998082354,14.0307427350412));
#7582=CARTESIAN_POINT('Ctrl Pts',(-2.,36.7243998082354,14.0307427350412));
#7583=CARTESIAN_POINT('Ctrl Pts',(0.,37.2632901151675,14.2212467900915));
#7584=CARTESIAN_POINT('Ctrl Pts',(-2.,37.2632901151675,14.2212467900915));
#7585=CARTESIAN_POINT('Ctrl Pts',(0.,37.5443374663591,14.3206003308296));
#7586=CARTESIAN_POINT('Ctrl Pts',(-2.,37.5443374663591,14.3206003308296));
#7587=CARTESIAN_POINT('',(-2.,36.1493861228228,13.4133699536324));
#7588=CARTESIAN_POINT('Ctrl Pts',(-2.,36.1493861228228,13.4133699536324));
#7589=CARTESIAN_POINT('Ctrl Pts',(-2.,36.3354750376256,13.6131673390437));
#7590=CARTESIAN_POINT('Ctrl Pts',(-2.,36.7243998082354,14.0307427350412));
#7591=CARTESIAN_POINT('Ctrl Pts',(-2.,37.2632901151675,14.2212467900915));
#7592=CARTESIAN_POINT('Ctrl Pts',(-2.,37.5443374663591,14.3206003308296));
#7593=CARTESIAN_POINT('',(0.,36.1493861228228,13.4133699536324));
#7594=CARTESIAN_POINT('Ctrl Pts',(0.,35.6616627722979,11.8990448117256));
#7595=CARTESIAN_POINT('Ctrl Pts',(-2.,35.6616627722979,11.8990448117256));
#7596=CARTESIAN_POINT('Ctrl Pts',(0.,35.6801562609878,12.1779831336751));
#7597=CARTESIAN_POINT('Ctrl Pts',(-2.,35.6801562609878,12.1779831336751));
#7598=CARTESIAN_POINT('Ctrl Pts',(0.,35.7163550952487,12.7239721709259));
#7599=CARTESIAN_POINT('Ctrl Pts',(-2.,35.7163550952487,12.7239721709259));
#7600=CARTESIAN_POINT('Ctrl Pts',(0.,36.0071529229105,13.1869306308059));
#7601=CARTESIAN_POINT('Ctrl Pts',(-2.,36.0071529229105,13.1869306308059));
#7602=CARTESIAN_POINT('Ctrl Pts',(0.,36.1493861228228,13.4133699536324));
#7603=CARTESIAN_POINT('Ctrl Pts',(-2.,36.1493861228228,13.4133699536324));
#7604=CARTESIAN_POINT('',(-2.,35.6616627722979,11.8990448117256));
#7605=CARTESIAN_POINT('Ctrl Pts',(-2.,35.6616627722979,11.8990448117256));
#7606=CARTESIAN_POINT('Ctrl Pts',(-2.,35.6801562609878,12.1779831336751));
#7607=CARTESIAN_POINT('Ctrl Pts',(-2.,35.7163550952487,12.7239721709259));
#7608=CARTESIAN_POINT('Ctrl Pts',(-2.,36.0071529229105,13.1869306308059));
#7609=CARTESIAN_POINT('Ctrl Pts',(-2.,36.1493861228228,13.4133699536324));
#7610=CARTESIAN_POINT('',(0.,35.6616627722979,11.8990448117256));
#7611=CARTESIAN_POINT('Ctrl Pts',(0.,35.9583889991045,10.5927696824074));
#7612=CARTESIAN_POINT('Ctrl Pts',(-2.,35.9583889991045,10.5927696824074));
#7613=CARTESIAN_POINT('Ctrl Pts',(0.,35.8718469807978,10.7994146465249));
#7614=CARTESIAN_POINT('Ctrl Pts',(-2.,35.8718469807978,10.7994146465249));
#7615=CARTESIAN_POINT('Ctrl Pts',(0.,35.6967818285815,11.2174350810587));
#7616=CARTESIAN_POINT('Ctrl Pts',(-2.,35.6967818285815,11.2174350810587));
#7617=CARTESIAN_POINT('Ctrl Pts',(0.,35.673457108715,11.6701339206205));
#7618=CARTESIAN_POINT('Ctrl Pts',(-2.,35.673457108715,11.6701339206205));
#7619=CARTESIAN_POINT('Ctrl Pts',(0.,35.6616627722979,11.8990448117256));
#7620=CARTESIAN_POINT('Ctrl Pts',(-2.,35.6616627722979,11.8990448117256));
#7621=CARTESIAN_POINT('',(-2.,35.9583889991045,10.5927696824074));
#7622=CARTESIAN_POINT('Ctrl Pts',(-2.,35.9583889991045,10.5927696824074));
#7623=CARTESIAN_POINT('Ctrl Pts',(-2.,35.8718469807978,10.7994146465249));
#7624=CARTESIAN_POINT('Ctrl Pts',(-2.,35.6967818285815,11.2174350810587));
#7625=CARTESIAN_POINT('Ctrl Pts',(-2.,35.673457108715,11.6701339206205));
#7626=CARTESIAN_POINT('Ctrl Pts',(-2.,35.6616627722979,11.8990448117256));
#7627=CARTESIAN_POINT('',(0.,35.9583889991045,10.5927696824074));
#7628=CARTESIAN_POINT('Ctrl Pts',(0.,36.6916763335466,9.66166406869888));
#7629=CARTESIAN_POINT('Ctrl Pts',(-2.,36.6916763335466,9.66166406869888));
#7630=CARTESIAN_POINT('Ctrl Pts',(0.,36.5496065821177,9.78728064019686));
#7631=CARTESIAN_POINT('Ctrl Pts',(-2.,36.5496065821177,9.78728064019686));
#7632=CARTESIAN_POINT('Ctrl Pts',(0.,36.249152821002,10.0529386777834));
#7633=CARTESIAN_POINT('Ctrl Pts',(-2.,36.249152821002,10.0529386777834));
#7634=CARTESIAN_POINT('Ctrl Pts',(0.,36.0587563683893,10.4064280067514));
#7635=CARTESIAN_POINT('Ctrl Pts',(-2.,36.0587563683893,10.4064280067514));
#7636=CARTESIAN_POINT('Ctrl Pts',(0.,35.9583889991045,10.5927696824074));
#7637=CARTESIAN_POINT('Ctrl Pts',(-2.,35.9583889991045,10.5927696824074));
#7638=CARTESIAN_POINT('',(-2.,36.6916763335466,9.66166406869888));
#7639=CARTESIAN_POINT('Ctrl Pts',(-2.,36.6916763335466,9.66166406869888));
#7640=CARTESIAN_POINT('Ctrl Pts',(-2.,36.5496065821177,9.78728064019686));
#7641=CARTESIAN_POINT('Ctrl Pts',(-2.,36.249152821002,10.0529386777834));
#7642=CARTESIAN_POINT('Ctrl Pts',(-2.,36.0587563683893,10.4064280067514));
#7643=CARTESIAN_POINT('Ctrl Pts',(-2.,35.9583889991045,10.5927696824074));
#7644=CARTESIAN_POINT('',(0.,36.6916763335466,9.66166406869888));
#7645=CARTESIAN_POINT('Ctrl Pts',(0.,37.7864920645952,9.16712194681168));
#7646=CARTESIAN_POINT('Ctrl Pts',(-2.,37.7864920645952,9.16712194681168));
#7647=CARTESIAN_POINT('Ctrl Pts',(0.,37.5809371296508,9.22612861869384));
#7648=CARTESIAN_POINT('Ctrl Pts',(-2.,37.5809371296508,9.22612861869384));
#7649=CARTESIAN_POINT('Ctrl Pts',(0.,37.1916562896926,9.33787571345293));
#7650=CARTESIAN_POINT('Ctrl Pts',(-2.,37.1916562896926,9.33787571345293));
#7651=CARTESIAN_POINT('Ctrl Pts',(0.,36.8519873084832,9.55784625307543));
#7652=CARTESIAN_POINT('Ctrl Pts',(-2.,36.8519873084832,9.55784625307543));
#7653=CARTESIAN_POINT('Ctrl Pts',(0.,36.6916763335466,9.66166406869888));
#7654=CARTESIAN_POINT('Ctrl Pts',(-2.,36.6916763335466,9.66166406869888));
#7655=CARTESIAN_POINT('',(-2.,37.7864920645952,9.16712194681168));
#7656=CARTESIAN_POINT('Ctrl Pts',(-2.,37.7864920645952,9.16712194681168));
#7657=CARTESIAN_POINT('Ctrl Pts',(-2.,37.5809371296508,9.22612861869384));
#7658=CARTESIAN_POINT('Ctrl Pts',(-2.,37.1916562896926,9.33787571345293));
#7659=CARTESIAN_POINT('Ctrl Pts',(-2.,36.8519873084832,9.55784625307543));
#7660=CARTESIAN_POINT('Ctrl Pts',(-2.,36.6916763335466,9.66166406869888));
#7661=CARTESIAN_POINT('',(0.,37.7864920645952,9.16712194681168));
#7662=CARTESIAN_POINT('Ctrl Pts',(0.,39.3997251540422,9.00000005960464));
#7663=CARTESIAN_POINT('Ctrl Pts',(-2.,39.3997251540422,9.00000005960464));
#7664=CARTESIAN_POINT('Ctrl Pts',(0.,39.1050729763369,9.00425294260685));
#7665=CARTESIAN_POINT('Ctrl Pts',(-2.,39.1050729763369,9.00425294260685));
#7666=CARTESIAN_POINT('Ctrl Pts',(0.,38.5621169221366,9.01208973713466));
#7667=CARTESIAN_POINT('Ctrl Pts',(-2.,38.5621169221366,9.01208973713466));
#7668=CARTESIAN_POINT('Ctrl Pts',(0.,38.0298895264939,9.1184715638578));
#7669=CARTESIAN_POINT('Ctrl Pts',(-2.,38.0298895264939,9.1184715638578));
#7670=CARTESIAN_POINT('Ctrl Pts',(0.,37.7864920645952,9.16712194681168));
#7671=CARTESIAN_POINT('Ctrl Pts',(-2.,37.7864920645952,9.16712194681168));
#7672=CARTESIAN_POINT('',(-2.,39.3997251540422,9.00000005960464));
#7673=CARTESIAN_POINT('Ctrl Pts',(-2.,39.3997251540422,9.00000005960464));
#7674=CARTESIAN_POINT('Ctrl Pts',(-2.,39.1050729763369,9.00425294260685));
#7675=CARTESIAN_POINT('Ctrl Pts',(-2.,38.5621169221366,9.01208973713466));
#7676=CARTESIAN_POINT('Ctrl Pts',(-2.,38.0298895264939,9.1184715638578));
#7677=CARTESIAN_POINT('Ctrl Pts',(-2.,37.7864920645952,9.16712194681168));
#7678=CARTESIAN_POINT('',(0.,39.3997251540422,9.00000005960464));
#7679=CARTESIAN_POINT('Origin',(0.,43.2128226310015,9.00000005960464));
#7680=CARTESIAN_POINT('',(-2.,39.3997251540422,9.00000005960464));
#7681=CARTESIAN_POINT('Origin',(-2.,40.0000008493662,14.0034100413322));
#7682=CARTESIAN_POINT('Origin',(0.,80.,0.));
#7683=CARTESIAN_POINT('Origin',(0.,80.,0.));
#7684=CARTESIAN_POINT('Origin',(0.,30.3819930106401,10.1800814270973));
#7685=CARTESIAN_POINT('',(0.,32.5170552283525,10.1800814270973));
#7686=CARTESIAN_POINT('',(0.,30.3819930106401,10.1800814270973));
#7687=CARTESIAN_POINT('',(0.,55.1909965053201,10.1800814270973));
#7688=CARTESIAN_POINT('',(-2.,32.5170552283525,10.1800814270973));
#7689=CARTESIAN_POINT('',(0.,32.5170552283525,10.1800814270973));
#7690=CARTESIAN_POINT('',(-2.,30.3819930106401,10.1800814270973));
#7691=CARTESIAN_POINT('',(-2.,32.5170552283525,10.1800814270973));
#7692=CARTESIAN_POINT('',(0.,30.3819930106401,10.1800814270973));
#7693=CARTESIAN_POINT('Ctrl Pts',(0.,28.830150321126,10.3642562031746));
#7694=CARTESIAN_POINT('Ctrl Pts',(-2.,28.830150321126,10.3642562031746));
#7695=CARTESIAN_POINT('Ctrl Pts',(0.,29.0523047239987,10.3107606585003));
#7696=CARTESIAN_POINT('Ctrl Pts',(-2.,29.0523047239987,10.3107606585003));
#7697=CARTESIAN_POINT('Ctrl Pts',(0.,29.5617105119617,10.1880939918264));
#7698=CARTESIAN_POINT('Ctrl Pts',(-2.,29.5617105119617,10.1880939918264));
#7699=CARTESIAN_POINT('Ctrl Pts',(0.,30.086223020887,10.1829705246846));
#7700=CARTESIAN_POINT('Ctrl Pts',(-2.,30.086223020887,10.1829705246846));
#7701=CARTESIAN_POINT('Ctrl Pts',(0.,30.3819930106401,10.1800814270973));
#7702=CARTESIAN_POINT('Ctrl Pts',(-2.,30.3819930106401,10.1800814270973));
#7703=CARTESIAN_POINT('',(0.,28.830150321126,10.3642562031746));
#7704=CARTESIAN_POINT('Ctrl Pts',(0.,30.3819930106401,10.1800814270973));
#7705=CARTESIAN_POINT('Ctrl Pts',(0.,30.086223020887,10.1829705246846));
#7706=CARTESIAN_POINT('Ctrl Pts',(0.,29.5617105119617,10.1880939918264));
#7707=CARTESIAN_POINT('Ctrl Pts',(0.,29.0523047239987,10.3107606585003));
#7708=CARTESIAN_POINT('Ctrl Pts',(0.,28.830150321126,10.3642562031746));
#7709=CARTESIAN_POINT('',(-2.,28.830150321126,10.3642562031746));
#7710=CARTESIAN_POINT('Ctrl Pts',(-2.,28.830150321126,10.3642562031746));
#7711=CARTESIAN_POINT('Ctrl Pts',(-2.,29.0523047239987,10.3107606585003));
#7712=CARTESIAN_POINT('Ctrl Pts',(-2.,29.5617105119617,10.1880939918264));
#7713=CARTESIAN_POINT('Ctrl Pts',(-2.,30.086223020887,10.1829705246846));
#7714=CARTESIAN_POINT('Ctrl Pts',(-2.,30.3819930106401,10.1800814270973));
#7715=CARTESIAN_POINT('',(0.,28.830150321126,10.3642562031746));
#7716=CARTESIAN_POINT('Ctrl Pts',(0.,27.9331528693438,10.882673561573));
#7717=CARTESIAN_POINT('Ctrl Pts',(-2.,27.9331528693438,10.882673561573));
#7718=CARTESIAN_POINT('Ctrl Pts',(0.,28.0590259880209,10.7759574377395));
#7719=CARTESIAN_POINT('Ctrl Pts',(-2.,28.0590259880209,10.7759574377395));
#7720=CARTESIAN_POINT('Ctrl Pts',(0.,28.3263926898324,10.5492820493854));
#7721=CARTESIAN_POINT('Ctrl Pts',(-2.,28.3263926898324,10.5492820493854));
#7722=CARTESIAN_POINT('Ctrl Pts',(0.,28.6558157748092,10.4282877829508));
#7723=CARTESIAN_POINT('Ctrl Pts',(-2.,28.6558157748092,10.4282877829508));
#7724=CARTESIAN_POINT('Ctrl Pts',(0.,28.830150321126,10.3642562031746));
#7725=CARTESIAN_POINT('Ctrl Pts',(-2.,28.830150321126,10.3642562031746));
#7726=CARTESIAN_POINT('',(0.,27.9331528693438,10.882673561573));
#7727=CARTESIAN_POINT('Ctrl Pts',(0.,28.830150321126,10.3642562031746));
#7728=CARTESIAN_POINT('Ctrl Pts',(0.,28.6558157748092,10.4282877829508));
#7729=CARTESIAN_POINT('Ctrl Pts',(0.,28.3263926898324,10.5492820493854));
#7730=CARTESIAN_POINT('Ctrl Pts',(0.,28.0590259880209,10.7759574377395));
#7731=CARTESIAN_POINT('Ctrl Pts',(0.,27.9331528693438,10.882673561573));
#7732=CARTESIAN_POINT('',(-2.,27.9331528693438,10.882673561573));
#7733=CARTESIAN_POINT('Ctrl Pts',(-2.,27.9331528693438,10.882673561573));
#7734=CARTESIAN_POINT('Ctrl Pts',(-2.,28.0590259880209,10.7759574377395));
#7735=CARTESIAN_POINT('Ctrl Pts',(-2.,28.3263926898324,10.5492820493854));
#7736=CARTESIAN_POINT('Ctrl Pts',(-2.,28.6558157748092,10.4282877829508));
#7737=CARTESIAN_POINT('Ctrl Pts',(-2.,28.830150321126,10.3642562031746));
#7738=CARTESIAN_POINT('',(0.,27.9331528693438,10.882673561573));
#7739=CARTESIAN_POINT('Ctrl Pts',(0.,27.1998655349016,12.1480217576027));
#7740=CARTESIAN_POINT('Ctrl Pts',(-2.,27.1998655349016,12.1480217576027));
#7741=CARTESIAN_POINT('Ctrl Pts',(0.,27.2908943926959,11.9019744385298));
#7742=CARTESIAN_POINT('Ctrl Pts',(-2.,27.2908943926959,11.9019744385298));
#7743=CARTESIAN_POINT('Ctrl Pts',(0.,27.4627501095426,11.4374553901523));
#7744=CARTESIAN_POINT('Ctrl Pts',(-2.,27.4627501095426,11.4374553901523));
#7745=CARTESIAN_POINT('Ctrl Pts',(0.,27.7826827491582,11.0601344430916));
#7746=CARTESIAN_POINT('Ctrl Pts',(-2.,27.7826827491582,11.0601344430916));
#7747=CARTESIAN_POINT('Ctrl Pts',(0.,27.9331528693438,10.882673561573));
#7748=CARTESIAN_POINT('Ctrl Pts',(-2.,27.9331528693438,10.882673561573));
#7749=CARTESIAN_POINT('',(0.,27.1998655349016,12.1480217576027));
#7750=CARTESIAN_POINT('Ctrl Pts',(0.,27.9331528693438,10.882673561573));
#7751=CARTESIAN_POINT('Ctrl Pts',(0.,27.7826827491582,11.0601344430916));
#7752=CARTESIAN_POINT('Ctrl Pts',(0.,27.4627501095426,11.4374553901523));
#7753=CARTESIAN_POINT('Ctrl Pts',(0.,27.2908943926959,11.9019744385298));
#7754=CARTESIAN_POINT('Ctrl Pts',(0.,27.1998655349016,12.1480217576027));
#7755=CARTESIAN_POINT('',(-2.,27.1998655349016,12.1480217576027));
#7756=CARTESIAN_POINT('Ctrl Pts',(-2.,27.1998655349016,12.1480217576027));
#7757=CARTESIAN_POINT('Ctrl Pts',(-2.,27.2908943926959,11.9019744385298));
#7758=CARTESIAN_POINT('Ctrl Pts',(-2.,27.4627501095426,11.4374553901523));
#7759=CARTESIAN_POINT('Ctrl Pts',(-2.,27.7826827491582,11.0601344430916));
#7760=CARTESIAN_POINT('Ctrl Pts',(-2.,27.9331528693438,10.882673561573));
#7761=CARTESIAN_POINT('',(0.,27.1998655349016,12.1480217576027));
#7762=CARTESIAN_POINT('Ctrl Pts',(0.,26.9372450858355,14.0750339627266));
#7763=CARTESIAN_POINT('Ctrl Pts',(-2.,26.9372450858355,14.0750339627266));
#7764=CARTESIAN_POINT('Ctrl Pts',(0.,26.9444277895342,13.7236329989919));
#7765=CARTESIAN_POINT('Ctrl Pts',(-2.,26.9444277895342,13.7236329989919));
#7766=CARTESIAN_POINT('Ctrl Pts',(0.,26.9577733154993,13.0707269510276));
#7767=CARTESIAN_POINT('Ctrl Pts',(-2.,26.9577733154993,13.0707269510276));
#7768=CARTESIAN_POINT('Ctrl Pts',(0.,27.123386926742,12.439510716269));
#7769=CARTESIAN_POINT('Ctrl Pts',(-2.,27.123386926742,12.439510716269));
#7770=CARTESIAN_POINT('Ctrl Pts',(0.,27.1998655349016,12.1480217576027));
#7771=CARTESIAN_POINT('Ctrl Pts',(-2.,27.1998655349016,12.1480217576027));
#7772=CARTESIAN_POINT('',(0.,26.9372450858355,14.0750339627266));
#7773=CARTESIAN_POINT('Ctrl Pts',(0.,27.1998655349016,12.1480217576027));
#7774=CARTESIAN_POINT('Ctrl Pts',(0.,27.123386926742,12.439510716269));
#7775=CARTESIAN_POINT('Ctrl Pts',(0.,26.9577733154993,13.0707269510276));
#7776=CARTESIAN_POINT('Ctrl Pts',(0.,26.9444277895342,13.7236329989919));
#7777=CARTESIAN_POINT('Ctrl Pts',(0.,26.9372450858355,14.0750339627266));
#7778=CARTESIAN_POINT('',(-2.,26.9372450858355,14.0750339627266));
#7779=CARTESIAN_POINT('Ctrl Pts',(-2.,26.9372450858355,14.0750339627266));
#7780=CARTESIAN_POINT('Ctrl Pts',(-2.,26.9444277895342,13.7236329989919));
#7781=CARTESIAN_POINT('Ctrl Pts',(-2.,26.9577733154993,13.0707269510276));
#7782=CARTESIAN_POINT('Ctrl Pts',(-2.,27.123386926742,12.439510716269));
#7783=CARTESIAN_POINT('Ctrl Pts',(-2.,27.1998655349016,12.1480217576027));
#7784=CARTESIAN_POINT('',(0.,26.9372450858355,14.0750339627266));
#7785=CARTESIAN_POINT('Ctrl Pts',(0.,27.4522530585527,16.4863577485085));
#7786=CARTESIAN_POINT('Ctrl Pts',(-2.,27.4522530585527,16.4863577485085));
#7787=CARTESIAN_POINT('Ctrl Pts',(0.,27.302594500019,16.1498297541089));
#7788=CARTESIAN_POINT('Ctrl Pts',(-2.,27.302594500019,16.1498297541089));
#7789=CARTESIAN_POINT('Ctrl Pts',(0.,26.9624232597127,15.3849076115044));
#7790=CARTESIAN_POINT('Ctrl Pts',(-2.,26.9624232597127,15.3849076115044));
#7791=CARTESIAN_POINT('Ctrl Pts',(0.,26.9462839152176,14.545271577302));
#7792=CARTESIAN_POINT('Ctrl Pts',(-2.,26.9462839152176,14.545271577302));
#7793=CARTESIAN_POINT('Ctrl Pts',(0.,26.9372450858355,14.0750339627266));
#7794=CARTESIAN_POINT('Ctrl Pts',(-2.,26.9372450858355,14.0750339627266));
#7795=CARTESIAN_POINT('',(0.,27.4522530585527,16.4863577485085));
#7796=CARTESIAN_POINT('Ctrl Pts',(0.,26.9372450858355,14.0750339627266));
#7797=CARTESIAN_POINT('Ctrl Pts',(0.,26.9462839152176,14.545271577302));
#7798=CARTESIAN_POINT('Ctrl Pts',(0.,26.9624232597127,15.3849076115044));
#7799=CARTESIAN_POINT('Ctrl Pts',(0.,27.302594500019,16.1498297541089));
#7800=CARTESIAN_POINT('Ctrl Pts',(0.,27.4522530585527,16.4863577485085));
#7801=CARTESIAN_POINT('',(-2.,27.4522530585527,16.4863577485085));
#7802=CARTESIAN_POINT('Ctrl Pts',(-2.,27.4522530585527,16.4863577485085));
#7803=CARTESIAN_POINT('Ctrl Pts',(-2.,27.302594500019,16.1498297541089));
#7804=CARTESIAN_POINT('Ctrl Pts',(-2.,26.9624232597127,15.3849076115044));
#7805=CARTESIAN_POINT('Ctrl Pts',(-2.,26.9462839152176,14.545271577302));
#7806=CARTESIAN_POINT('Ctrl Pts',(-2.,26.9372450858355,14.0750339627266));
#7807=CARTESIAN_POINT('',(0.,27.4522530585527,16.4863577485085));
#7808=CARTESIAN_POINT('Ctrl Pts',(0.,28.7039577513933,17.615279853344));
#7809=CARTESIAN_POINT('Ctrl Pts',(-2.,28.7039577513933,17.615279853344));
#7810=CARTESIAN_POINT('Ctrl Pts',(0.,28.4631276701503,17.4889963668824));
#7811=CARTESIAN_POINT('Ctrl Pts',(-2.,28.4631276701503,17.4889963668824));
#7812=CARTESIAN_POINT('Ctrl Pts',(0.,27.9507537257931,17.2203240825419));
#7813=CARTESIAN_POINT('Ctrl Pts',(-2.,27.9507537257931,17.2203240825419));
#7814=CARTESIAN_POINT('Ctrl Pts',(0.,27.6249303413716,16.7405987567362));
#7815=CARTESIAN_POINT('Ctrl Pts',(-2.,27.6249303413716,16.7405987567362));
#7816=CARTESIAN_POINT('Ctrl Pts',(0.,27.4522530585527,16.4863577485085));
#7817=CARTESIAN_POINT('Ctrl Pts',(-2.,27.4522530585527,16.4863577485085));
#7818=CARTESIAN_POINT('',(0.,28.7039577513933,17.615279853344));
#7819=CARTESIAN_POINT('Ctrl Pts',(0.,27.4522530585527,16.4863577485085));
#7820=CARTESIAN_POINT('Ctrl Pts',(0.,27.6249303413716,16.7405987567362));
#7821=CARTESIAN_POINT('Ctrl Pts',(0.,27.9507537257931,17.2203240825419));
#7822=CARTESIAN_POINT('Ctrl Pts',(0.,28.4631276701503,17.4889963668824));
#7823=CARTESIAN_POINT('Ctrl Pts',(0.,28.7039577513933,17.615279853344));
#7824=CARTESIAN_POINT('',(-2.,28.7039577513933,17.615279853344));
#7825=CARTESIAN_POINT('Ctrl Pts',(-2.,28.7039577513933,17.615279853344));
#7826=CARTESIAN_POINT('Ctrl Pts',(-2.,28.4631276701503,17.4889963668824));
#7827=CARTESIAN_POINT('Ctrl Pts',(-2.,27.9507537257931,17.2203240825419));
#7828=CARTESIAN_POINT('Ctrl Pts',(-2.,27.6249303413716,16.7405987567362));
#7829=CARTESIAN_POINT('Ctrl Pts',(-2.,27.4522530585527,16.4863577485085));
#7830=CARTESIAN_POINT('',(0.,28.7039577513933,17.615279853344));
#7831=CARTESIAN_POINT('Ctrl Pts',(0.,30.4160987883806,17.8199180960655));
#7832=CARTESIAN_POINT('Ctrl Pts',(-2.,30.4160987883806,17.8199180960655));
#7833=CARTESIAN_POINT('Ctrl Pts',(0.,30.0745052774594,17.8194533547164));
#7834=CARTESIAN_POINT('Ctrl Pts',(-2.,30.0745052774594,17.8194533547164));
#7835=CARTESIAN_POINT('Ctrl Pts',(0.,29.4947079166773,17.8186645346744));
#7836=CARTESIAN_POINT('Ctrl Pts',(-2.,29.4947079166773,17.8186645346744));
#7837=CARTESIAN_POINT('Ctrl Pts',(0.,28.9342260336379,17.6745059442902));
#7838=CARTESIAN_POINT('Ctrl Pts',(-2.,28.9342260336379,17.6745059442902));
#7839=CARTESIAN_POINT('Ctrl Pts',(0.,28.7039577513933,17.615279853344));
#7840=CARTESIAN_POINT('Ctrl Pts',(-2.,28.7039577513933,17.615279853344));
#7841=CARTESIAN_POINT('',(0.,30.4160987883806,17.8199180960655));
#7842=CARTESIAN_POINT('Ctrl Pts',(0.,28.7039577513933,17.615279853344));
#7843=CARTESIAN_POINT('Ctrl Pts',(0.,28.9342260336379,17.6745059442902));
#7844=CARTESIAN_POINT('Ctrl Pts',(0.,29.4947079166773,17.8186645346744));
#7845=CARTESIAN_POINT('Ctrl Pts',(0.,30.0745052774594,17.8194533547164));
#7846=CARTESIAN_POINT('Ctrl Pts',(0.,30.4160987883806,17.8199180960655));
#7847=CARTESIAN_POINT('',(-2.,30.4160987883806,17.8199180960655));
#7848=CARTESIAN_POINT('Ctrl Pts',(-2.,30.4160987883806,17.8199180960655));
#7849=CARTESIAN_POINT('Ctrl Pts',(-2.,30.0745052774594,17.8194533547164));
#7850=CARTESIAN_POINT('Ctrl Pts',(-2.,29.4947079166773,17.8186645346744));
#7851=CARTESIAN_POINT('Ctrl Pts',(-2.,28.9342260336379,17.6745059442902));
#7852=CARTESIAN_POINT('Ctrl Pts',(-2.,28.7039577513933,17.615279853344));
#7853=CARTESIAN_POINT('',(0.,30.4160987883806,17.8199180960655));
#7854=CARTESIAN_POINT('Origin',(0.,32.5170552283525,17.8199180960655));
#7855=CARTESIAN_POINT('',(0.,32.5170552283525,17.8199180960655));
#7856=CARTESIAN_POINT('',(0.,56.2585276141763,17.8199180960655));
#7857=CARTESIAN_POINT('',(-2.,32.5170552283525,17.8199180960655));
#7858=CARTESIAN_POINT('',(-2.,30.4160987883806,17.8199180960655));
#7859=CARTESIAN_POINT('',(0.,32.5170552283525,17.8199180960655));
#7860=CARTESIAN_POINT('Origin',(0.,32.5170552283525,10.1800814270973));
#7861=CARTESIAN_POINT('',(0.,32.5170552283525,5.09004071354866));
#7862=CARTESIAN_POINT('',(-2.,32.5170552283525,17.8199180960655));
#7863=CARTESIAN_POINT('Origin',(0.,33.840383246541,19.0000000596046));
#7864=CARTESIAN_POINT('',(-2.,33.840383246541,9.00000005960464));
#7865=CARTESIAN_POINT('',(0.,33.840383246541,9.00000005960464));
#7866=CARTESIAN_POINT('',(-2.,33.840383246541,19.0000000596046));
#7867=CARTESIAN_POINT('',(-2.,33.840383246541,9.00000005960464));
#7868=CARTESIAN_POINT('',(0.,33.840383246541,19.0000000596046));
#7869=CARTESIAN_POINT('Origin',(0.,30.3956353217363,19.0000000596046));
#7870=CARTESIAN_POINT('',(-2.,30.3956353217363,19.0000000596046));
#7871=CARTESIAN_POINT('',(-2.,33.840383246541,19.0000000596046));
#7872=CARTESIAN_POINT('',(0.,30.3956353217363,19.0000000596046));
#7873=CARTESIAN_POINT('Ctrl Pts',(0.,28.6152803450823,18.8567534089088));
#7874=CARTESIAN_POINT('Ctrl Pts',(-2.,28.6152803450823,18.8567534089088));
#7875=CARTESIAN_POINT('Ctrl Pts',(0.,28.8654544802129,18.8982985647306));
#7876=CARTESIAN_POINT('Ctrl Pts',(-2.,28.8654544802129,18.8982985647306));
#7877=CARTESIAN_POINT('Ctrl Pts',(0.,29.454471036323,18.9961135710358));
#7878=CARTESIAN_POINT('Ctrl Pts',(-2.,29.454471036323,18.9961135710358));
#7879=CARTESIAN_POINT('Ctrl Pts',(0.,30.0519339696093,18.9985807628922));
#7880=CARTESIAN_POINT('Ctrl Pts',(-2.,30.0519339696093,18.9985807628922));
#7881=CARTESIAN_POINT('Ctrl Pts',(0.,30.3956353217363,19.0000000596046));
#7882=CARTESIAN_POINT('Ctrl Pts',(-2.,30.3956353217363,19.0000000596046));
#7883=CARTESIAN_POINT('',(-2.,28.6152803450823,18.8567534089088));
#7884=CARTESIAN_POINT('Ctrl Pts',(-2.,28.6152803450823,18.8567534089088));
#7885=CARTESIAN_POINT('Ctrl Pts',(-2.,28.8654544802129,18.8982985647306));
#7886=CARTESIAN_POINT('Ctrl Pts',(-2.,29.454471036323,18.9961135710358));
#7887=CARTESIAN_POINT('Ctrl Pts',(-2.,30.0519339696093,18.9985807628922));
#7888=CARTESIAN_POINT('Ctrl Pts',(-2.,30.3956353217363,19.0000000596046));
#7889=CARTESIAN_POINT('',(0.,28.6152803450823,18.8567534089088));
#7890=CARTESIAN_POINT('Ctrl Pts',(0.,27.148705676198,18.1405183672905));
#7891=CARTESIAN_POINT('Ctrl Pts',(-2.,27.148705676198,18.1405183672905));
#7892=CARTESIAN_POINT('Ctrl Pts',(0.,27.3651340002443,18.3007617269454));
#7893=CARTESIAN_POINT('Ctrl Pts',(-2.,27.3651340002443,18.3007617269454));
#7894=CARTESIAN_POINT('Ctrl Pts',(0.,27.8095398396548,18.629799458357));
#7895=CARTESIAN_POINT('Ctrl Pts',(-2.,27.8095398396548,18.629799458357));
#7896=CARTESIAN_POINT('Ctrl Pts',(0.,28.3420869098921,18.7798026673691));
#7897=CARTESIAN_POINT('Ctrl Pts',(-2.,28.3420869098921,18.7798026673691));
#7898=CARTESIAN_POINT('Ctrl Pts',(0.,28.6152803450823,18.8567534089088));
#7899=CARTESIAN_POINT('Ctrl Pts',(-2.,28.6152803450823,18.8567534089088));
#7900=CARTESIAN_POINT('',(-2.,27.148705676198,18.1405183672905));
#7901=CARTESIAN_POINT('Ctrl Pts',(-2.,27.148705676198,18.1405183672905));
#7902=CARTESIAN_POINT('Ctrl Pts',(-2.,27.3651340002443,18.3007617269454));
#7903=CARTESIAN_POINT('Ctrl Pts',(-2.,27.8095398396548,18.629799458357));
#7904=CARTESIAN_POINT('Ctrl Pts',(-2.,28.3420869098921,18.7798026673691));
#7905=CARTESIAN_POINT('Ctrl Pts',(-2.,28.6152803450823,18.8567534089088));
#7906=CARTESIAN_POINT('',(0.,27.148705676198,18.1405183672905));
#7907=CARTESIAN_POINT('Ctrl Pts',(0.,25.9652125388384,16.4317873120308));
#7908=CARTESIAN_POINT('Ctrl Pts',(-2.,25.9652125388384,16.4317873120308));
#7909=CARTESIAN_POINT('Ctrl Pts',(0.,26.1100533717018,16.76089022833));
#7910=CARTESIAN_POINT('Ctrl Pts',(-2.,26.1100533717018,16.76089022833));
#7911=CARTESIAN_POINT('Ctrl Pts',(0.,26.3944602612117,17.4071108755252));
#7912=CARTESIAN_POINT('Ctrl Pts',(-2.,26.3944602612117,17.4071108755252));
#7913=CARTESIAN_POINT('Ctrl Pts',(0.,26.9004184699797,17.8990907185015));
#7914=CARTESIAN_POINT('Ctrl Pts',(-2.,26.9004184699797,17.8990907185015));
#7915=CARTESIAN_POINT('Ctrl Pts',(0.,27.148705676198,18.1405183672905));
#7916=CARTESIAN_POINT('Ctrl Pts',(-2.,27.148705676198,18.1405183672905));
#7917=CARTESIAN_POINT('',(-2.,25.9652125388384,16.4317873120308));
#7918=CARTESIAN_POINT('Ctrl Pts',(-2.,25.9652125388384,16.4317873120308));
#7919=CARTESIAN_POINT('Ctrl Pts',(-2.,26.1100533717018,16.76089022833));
#7920=CARTESIAN_POINT('Ctrl Pts',(-2.,26.3944602612117,17.4071108755252));
#7921=CARTESIAN_POINT('Ctrl Pts',(-2.,26.9004184699797,17.8990907185015));
#7922=CARTESIAN_POINT('Ctrl Pts',(-2.,27.148705676198,18.1405183672905));
#7923=CARTESIAN_POINT('',(0.,25.9652125388384,16.4317873120308));
#7924=CARTESIAN_POINT('Ctrl Pts',(0.,25.5729901343584,14.0545704960823));
#7925=CARTESIAN_POINT('Ctrl Pts',(-2.,25.5729901343584,14.0545704960823));
#7926=CARTESIAN_POINT('Ctrl Pts',(0.,25.5860245615286,14.47882895273));
#7927=CARTESIAN_POINT('Ctrl Pts',(-2.,25.5860245615286,14.47882895273));
#7928=CARTESIAN_POINT('Ctrl Pts',(0.,25.6109203093124,15.2891623409093));
#7929=CARTESIAN_POINT('Ctrl Pts',(-2.,25.6109203093124,15.2891623409093));
#7930=CARTESIAN_POINT('Ctrl Pts',(0.,25.8508842229926,16.0630679958707));
#7931=CARTESIAN_POINT('Ctrl Pts',(-2.,25.8508842229926,16.0630679958707));
#7932=CARTESIAN_POINT('Ctrl Pts',(0.,25.9652125388384,16.4317873120308));
#7933=CARTESIAN_POINT('Ctrl Pts',(-2.,25.9652125388384,16.4317873120308));
#7934=CARTESIAN_POINT('',(-2.,25.5729901343584,14.0545704960823));
#7935=CARTESIAN_POINT('Ctrl Pts',(-2.,25.5729901343584,14.0545704960823));
#7936=CARTESIAN_POINT('Ctrl Pts',(-2.,25.5860245615286,14.47882895273));
#7937=CARTESIAN_POINT('Ctrl Pts',(-2.,25.6109203093124,15.2891623409093));
#7938=CARTESIAN_POINT('Ctrl Pts',(-2.,25.8508842229926,16.0630679958707));
#7939=CARTESIAN_POINT('Ctrl Pts',(-2.,25.9652125388384,16.4317873120308));
#7940=CARTESIAN_POINT('',(0.,25.5729901343584,14.0545704960823));
#7941=CARTESIAN_POINT('Ctrl Pts',(0.,25.8390175849199,12.0354703068733));
#7942=CARTESIAN_POINT('Ctrl Pts',(-2.,25.8390175849199,12.0354703068733));
#7943=CARTESIAN_POINT('Ctrl Pts',(0.,25.7614893324035,12.3488894280419));
#7944=CARTESIAN_POINT('Ctrl Pts',(-2.,25.7614893324035,12.3488894280419));
#7945=CARTESIAN_POINT('Ctrl Pts',(0.,25.5975346881701,13.0116996790043));
#7946=CARTESIAN_POINT('Ctrl Pts',(-2.,25.5975346881701,13.0116996790043));
#7947=CARTESIAN_POINT('Ctrl Pts',(0.,25.5814624102806,13.6945929067061));
#7948=CARTESIAN_POINT('Ctrl Pts',(-2.,25.5814624102806,13.6945929067061));
#7949=CARTESIAN_POINT('Ctrl Pts',(0.,25.5729901343584,14.0545704960823));
#7950=CARTESIAN_POINT('Ctrl Pts',(-2.,25.5729901343584,14.0545704960823));
#7951=CARTESIAN_POINT('',(-2.,25.8390175849199,12.0354703068733));
#7952=CARTESIAN_POINT('Ctrl Pts',(-2.,25.8390175849199,12.0354703068733));
#7953=CARTESIAN_POINT('Ctrl Pts',(-2.,25.7614893324035,12.3488894280419));
#7954=CARTESIAN_POINT('Ctrl Pts',(-2.,25.5975346881701,13.0116996790043));
#7955=CARTESIAN_POINT('Ctrl Pts',(-2.,25.5814624102806,13.6945929067061));
#7956=CARTESIAN_POINT('Ctrl Pts',(-2.,25.5729901343584,14.0545704960823));
#7957=CARTESIAN_POINT('',(0.,25.8390175849199,12.0354703068733));
#7958=CARTESIAN_POINT('Ctrl Pts',(0.,26.5211474448442,10.5791273713112));
#7959=CARTESIAN_POINT('Ctrl Pts',(-2.,26.5211474448442,10.5791273713112));
#7960=CARTESIAN_POINT('Ctrl Pts',(0.,26.3862133942434,10.7924039692647));
#7961=CARTESIAN_POINT('Ctrl Pts',(-2.,26.3862133942434,10.7924039692647));
#7962=CARTESIAN_POINT('Ctrl Pts',(0.,26.0975125740661,11.2487241381147));
#7963=CARTESIAN_POINT('Ctrl Pts',(-2.,26.0975125740661,11.2487241381147));
#7964=CARTESIAN_POINT('Ctrl Pts',(0.,25.9288500163864,11.7620595087763));
#7965=CARTESIAN_POINT('Ctrl Pts',(-2.,25.9288500163864,11.7620595087763));
#7966=CARTESIAN_POINT('Ctrl Pts',(0.,25.8390175849199,12.0354703068733));
#7967=CARTESIAN_POINT('Ctrl Pts',(-2.,25.8390175849199,12.0354703068733));
#7968=CARTESIAN_POINT('',(-2.,26.5211474448442,10.5791273713112));
#7969=CARTESIAN_POINT('Ctrl Pts',(-2.,26.5211474448442,10.5791273713112));
#7970=CARTESIAN_POINT('Ctrl Pts',(-2.,26.3862133942434,10.7924039692647));
#7971=CARTESIAN_POINT('Ctrl Pts',(-2.,26.0975125740661,11.2487241381147));
#7972=CARTESIAN_POINT('Ctrl Pts',(-2.,25.9288500163864,11.7620595087763));
#7973=CARTESIAN_POINT('Ctrl Pts',(-2.,25.8390175849199,12.0354703068733));
#7974=CARTESIAN_POINT('',(0.,26.5211474448442,10.5791273713112));
#7975=CARTESIAN_POINT('Ctrl Pts',(0.,27.4317872077227,9.67189699411392));
#7976=CARTESIAN_POINT('Ctrl Pts',(-2.,27.4317872077227,9.67189699411392));
#7977=CARTESIAN_POINT('Ctrl Pts',(0.,27.2673446432259,9.79643230891559));
#7978=CARTESIAN_POINT('Ctrl Pts',(-2.,27.2673446432259,9.79643230891559));
#7979=CARTESIAN_POINT('Ctrl Pts',(0.,26.9228042535364,10.0573589493094));
#7980=CARTESIAN_POINT('Ctrl Pts',(-2.,26.9228042535364,10.0573589493094));
#7981=CARTESIAN_POINT('Ctrl Pts',(0.,26.6590282085159,10.4000146887212));
#7982=CARTESIAN_POINT('Ctrl Pts',(-2.,26.6590282085159,10.4000146887212));
#7983=CARTESIAN_POINT('Ctrl Pts',(0.,26.5211474448442,10.5791273713112));
#7984=CARTESIAN_POINT('Ctrl Pts',(-2.,26.5211474448442,10.5791273713112));
#7985=CARTESIAN_POINT('',(-2.,27.4317872077227,9.67189699411392));
#7986=CARTESIAN_POINT('Ctrl Pts',(-2.,27.4317872077227,9.67189699411392));
#7987=CARTESIAN_POINT('Ctrl Pts',(-2.,27.2673446432259,9.79643230891559));
#7988=CARTESIAN_POINT('Ctrl Pts',(-2.,26.9228042535364,10.0573589493094));
#7989=CARTESIAN_POINT('Ctrl Pts',(-2.,26.6590282085159,10.4000146887212));
#7990=CARTESIAN_POINT('Ctrl Pts',(-2.,26.5211474448442,10.5791273713112));
#7991=CARTESIAN_POINT('',(0.,27.4317872077227,9.67189699411392));
#7992=CARTESIAN_POINT('Ctrl Pts',(0.,28.6255132704973,9.17053252458572));
#7993=CARTESIAN_POINT('Ctrl Pts',(-2.,28.6255132704973,9.17053252458572));
#7994=CARTESIAN_POINT('Ctrl Pts',(0.,28.4054283576325,9.23114088479681));
#7995=CARTESIAN_POINT('Ctrl Pts',(-2.,28.4054283576325,9.23114088479681));
#7996=CARTESIAN_POINT('Ctrl Pts',(0.,27.9856251887391,9.34674890784049));
#7997=CARTESIAN_POINT('Ctrl Pts',(-2.,27.9856251887391,9.34674890784049));
#7998=CARTESIAN_POINT('Ctrl Pts',(0.,27.6103307596344,9.56707736055608));
#7999=CARTESIAN_POINT('Ctrl Pts',(-2.,27.6103307596344,9.56707736055608));
#8000=CARTESIAN_POINT('Ctrl Pts',(0.,27.4317872077227,9.67189699411392));
#8001=CARTESIAN_POINT('Ctrl Pts',(-2.,27.4317872077227,9.67189699411392));
#8002=CARTESIAN_POINT('',(-2.,28.6255132704973,9.17053252458572));
#8003=CARTESIAN_POINT('Ctrl Pts',(-2.,28.6255132704973,9.17053252458572));
#8004=CARTESIAN_POINT('Ctrl Pts',(-2.,28.4054283576325,9.23114088479681));
#8005=CARTESIAN_POINT('Ctrl Pts',(-2.,27.9856251887391,9.34674890784049));
#8006=CARTESIAN_POINT('Ctrl Pts',(-2.,27.6103307596344,9.56707736055608));
#8007=CARTESIAN_POINT('Ctrl Pts',(-2.,27.4317872077227,9.67189699411392));
#8008=CARTESIAN_POINT('',(0.,28.6255132704973,9.17053252458572));
#8009=CARTESIAN_POINT('Ctrl Pts',(0.,30.2319252043962,9.00000005960464));
#8010=CARTESIAN_POINT('Ctrl Pts',(-2.,30.2319252043962,9.00000005960464));
#8011=CARTESIAN_POINT('Ctrl Pts',(0.,29.9458744538467,9.00529657128857));
#8012=CARTESIAN_POINT('Ctrl Pts',(-2.,29.9458744538467,9.00529657128857));
#8013=CARTESIAN_POINT('Ctrl Pts',(0.,29.4052678063113,9.0153064363897));
#8014=CARTESIAN_POINT('Ctrl Pts',(-2.,29.4052678063113,9.0153064363897));
#8015=CARTESIAN_POINT('Ctrl Pts',(0.,28.8751365917422,9.12083989709894));
#8016=CARTESIAN_POINT('Ctrl Pts',(-2.,28.8751365917422,9.12083989709894));
#8017=CARTESIAN_POINT('Ctrl Pts',(0.,28.6255132704973,9.17053252458572));
#8018=CARTESIAN_POINT('Ctrl Pts',(-2.,28.6255132704973,9.17053252458572));
#8019=CARTESIAN_POINT('',(-2.,30.2319252043962,9.00000005960464));
#8020=CARTESIAN_POINT('Ctrl Pts',(-2.,30.2319252043962,9.00000005960464));
#8021=CARTESIAN_POINT('Ctrl Pts',(-2.,29.9458744538467,9.00529657128857));
#8022=CARTESIAN_POINT('Ctrl Pts',(-2.,29.4052678063113,9.0153064363897));
#8023=CARTESIAN_POINT('Ctrl Pts',(-2.,28.8751365917422,9.12083989709894));
#8024=CARTESIAN_POINT('Ctrl Pts',(-2.,28.6255132704973,9.17053252458572));
#8025=CARTESIAN_POINT('',(0.,30.2319252043962,9.00000005960464));
#8026=CARTESIAN_POINT('Origin',(0.,33.840383246541,9.00000005960464));
#8027=CARTESIAN_POINT('',(-2.,30.2319252043962,9.00000005960464));
#8028=CARTESIAN_POINT('Origin',(-2.,40.0000008493662,14.0034100413322));
#8029=CARTESIAN_POINT('Origin',(0.,80.,0.));
#8030=CARTESIAN_POINT('Origin',(150.,34.4236002862453,33.9999997615814));
#8031=CARTESIAN_POINT('',(150.,33.1002722680569,33.9999997615814));
#8032=CARTESIAN_POINT('',(150.,34.4236002862453,33.9999997615814));
#8033=CARTESIAN_POINT('',(150.,17.2118001431227,33.9999997615814));
#8034=CARTESIAN_POINT('',(152.,33.1002722680569,33.9999997615814));
#8035=CARTESIAN_POINT('',(150.,33.1002722680569,33.9999997615814));
#8036=CARTESIAN_POINT('',(152.,34.4236002862453,33.9999997615814));
#8037=CARTESIAN_POINT('',(152.,33.1002722680569,33.9999997615814));
#8038=CARTESIAN_POINT('',(150.,34.4236002862453,33.9999997615814));
#8039=CARTESIAN_POINT('Origin',(150.,34.4236002862453,28.2223737239838));
#8040=CARTESIAN_POINT('',(150.,34.4236002862453,28.2223737239838));
#8041=CARTESIAN_POINT('',(150.,34.4236002862453,14.1111868619919));
#8042=CARTESIAN_POINT('',(152.,34.4236002862453,28.2223737239838));
#8043=CARTESIAN_POINT('',(152.,34.4236002862453,33.9999997615814));
#8044=CARTESIAN_POINT('',(150.,34.4236002862453,28.2223737239838));
#8045=CARTESIAN_POINT('Ctrl Pts',(150.,34.082537740469,25.828104019165));
#8046=CARTESIAN_POINT('Ctrl Pts',(152.,34.082537740469,25.828104019165));
#8047=CARTESIAN_POINT('Ctrl Pts',(150.,34.181670515963,26.173298583384));
#8048=CARTESIAN_POINT('Ctrl Pts',(152.,34.181670515963,26.173298583384));
#8049=CARTESIAN_POINT('Ctrl Pts',(150.,34.4060029694205,26.9544564106062));
#8050=CARTESIAN_POINT('Ctrl Pts',(152.,34.4060029694205,26.9544564106062));
#8051=CARTESIAN_POINT('Ctrl Pts',(150.,34.4172970648776,27.768215650808));
#8052=CARTESIAN_POINT('Ctrl Pts',(152.,34.4172970648776,27.768215650808));
#8053=CARTESIAN_POINT('Ctrl Pts',(150.,34.4236002862453,28.2223737239838));
#8054=CARTESIAN_POINT('Ctrl Pts',(152.,34.4236002862453,28.2223737239838));
#8055=CARTESIAN_POINT('',(150.,34.082537740469,25.828104019165));
#8056=CARTESIAN_POINT('Ctrl Pts',(150.,34.4236002862453,28.2223737239838));
#8057=CARTESIAN_POINT('Ctrl Pts',(150.,34.4172970648776,27.768215650808));
#8058=CARTESIAN_POINT('Ctrl Pts',(150.,34.4060029694205,26.9544564106062));
#8059=CARTESIAN_POINT('Ctrl Pts',(150.,34.181670515963,26.173298583384));
#8060=CARTESIAN_POINT('Ctrl Pts',(150.,34.082537740469,25.828104019165));
#8061=CARTESIAN_POINT('',(152.,34.082537740469,25.828104019165));
#8062=CARTESIAN_POINT('Ctrl Pts',(152.,34.082537740469,25.828104019165));
#8063=CARTESIAN_POINT('Ctrl Pts',(152.,34.181670515963,26.173298583384));
#8064=CARTESIAN_POINT('Ctrl Pts',(152.,34.4060029694205,26.9544564106062));
#8065=CARTESIAN_POINT('Ctrl Pts',(152.,34.4172970648776,27.768215650808));
#8066=CARTESIAN_POINT('Ctrl Pts',(152.,34.4236002862453,28.2223737239838));
#8067=CARTESIAN_POINT('',(150.,34.082537740469,25.828104019165));
#8068=CARTESIAN_POINT('Ctrl Pts',(150.,32.8512953221798,24.3854022026062));
#8069=CARTESIAN_POINT('Ctrl Pts',(152.,32.8512953221798,24.3854022026062));
#8070=CARTESIAN_POINT('Ctrl Pts',(150.,33.1234950444107,24.5803259645737));
#8071=CARTESIAN_POINT('Ctrl Pts',(152.,33.1234950444107,24.5803259645737));
#8072=CARTESIAN_POINT('Ctrl Pts',(150.,33.6536424389844,24.9599675149053));
#8073=CARTESIAN_POINT('Ctrl Pts',(152.,33.6536424389844,24.9599675149053));
#8074=CARTESIAN_POINT('Ctrl Pts',(150.,33.9421580460121,25.5439583621876));
#8075=CARTESIAN_POINT('Ctrl Pts',(152.,33.9421580460121,25.5439583621876));
#8076=CARTESIAN_POINT('Ctrl Pts',(150.,34.082537740469,25.828104019165));
#8077=CARTESIAN_POINT('Ctrl Pts',(152.,34.082537740469,25.828104019165));
#8078=CARTESIAN_POINT('',(150.,32.8512953221798,24.3854022026062));
#8079=CARTESIAN_POINT('Ctrl Pts',(150.,34.082537740469,25.828104019165));
#8080=CARTESIAN_POINT('Ctrl Pts',(150.,33.9421580460121,25.5439583621876));
#8081=CARTESIAN_POINT('Ctrl Pts',(150.,33.6536424389844,24.9599675149053));
#8082=CARTESIAN_POINT('Ctrl Pts',(150.,33.1234950444107,24.5803259645737));
#8083=CARTESIAN_POINT('Ctrl Pts',(150.,32.8512953221798,24.3854022026062));
#8084=CARTESIAN_POINT('',(152.,32.8512953221798,24.3854022026062));
#8085=CARTESIAN_POINT('Ctrl Pts',(152.,32.8512953221798,24.3854022026062));
#8086=CARTESIAN_POINT('Ctrl Pts',(152.,33.1234950444107,24.5803259645737));
#8087=CARTESIAN_POINT('Ctrl Pts',(152.,33.6536424389844,24.9599675149053));
#8088=CARTESIAN_POINT('Ctrl Pts',(152.,33.9421580460121,25.5439583621876));
#8089=CARTESIAN_POINT('Ctrl Pts',(152.,34.082537740469,25.828104019165));
#8090=CARTESIAN_POINT('',(150.,32.8512953221798,24.3854022026062));
#8091=CARTESIAN_POINT('Ctrl Pts',(150.,30.5150066316128,23.8294672966003));
#8092=CARTESIAN_POINT('Ctrl Pts',(152.,30.5150066316128,23.8294672966003));
#8093=CARTESIAN_POINT('Ctrl Pts',(150.,30.9587404987229,23.8437583957777));
#8094=CARTESIAN_POINT('Ctrl Pts',(152.,30.9587404987229,23.8437583957777));
#8095=CARTESIAN_POINT('Ctrl Pts',(150.,31.7773163921588,23.8701218314862));
#8096=CARTESIAN_POINT('Ctrl Pts',(152.,31.7773163921588,23.8701218314862));
#8097=CARTESIAN_POINT('Ctrl Pts',(150.,32.5139680274458,24.223557189859));
#8098=CARTESIAN_POINT('Ctrl Pts',(152.,32.5139680274458,24.223557189859));
#8099=CARTESIAN_POINT('Ctrl Pts',(150.,32.8512953221798,24.3854022026062));
#8100=CARTESIAN_POINT('Ctrl Pts',(152.,32.8512953221798,24.3854022026062));
#8101=CARTESIAN_POINT('',(150.,30.5150066316128,23.8294672966003));
#8102=CARTESIAN_POINT('Ctrl Pts',(150.,32.8512953221798,24.3854022026062));
#8103=CARTESIAN_POINT('Ctrl Pts',(150.,32.5139680274458,24.223557189859));
#8104=CARTESIAN_POINT('Ctrl Pts',(150.,31.7773163921588,23.8701218314862));
#8105=CARTESIAN_POINT('Ctrl Pts',(150.,30.9587404987229,23.8437583957777));
#8106=CARTESIAN_POINT('Ctrl Pts',(150.,30.5150066316128,23.8294672966003));
#8107=CARTESIAN_POINT('',(152.,30.5150066316128,23.8294672966003));
#8108=CARTESIAN_POINT('Ctrl Pts',(152.,30.5150066316128,23.8294672966003));
#8109=CARTESIAN_POINT('Ctrl Pts',(152.,30.9587404987229,23.8437583957777));
#8110=CARTESIAN_POINT('Ctrl Pts',(152.,31.7773163921588,23.8701218314862));
#8111=CARTESIAN_POINT('Ctrl Pts',(152.,32.5139680274458,24.223557189859));
#8112=CARTESIAN_POINT('Ctrl Pts',(152.,32.8512953221798,24.3854022026062));
#8113=CARTESIAN_POINT('',(150.,30.5150066316128,23.8294672966003));
#8114=CARTESIAN_POINT('Ctrl Pts',(150.,28.2162342965603,24.3137788772583));
#8115=CARTESIAN_POINT('Ctrl Pts',(152.,28.2162342965603,24.3137788772583));
#8116=CARTESIAN_POINT('Ctrl Pts',(150.,28.5523163602979,24.1727843819389));
#8117=CARTESIAN_POINT('Ctrl Pts',(152.,28.5523163602979,24.1727843819389));
#8118=CARTESIAN_POINT('Ctrl Pts',(150.,29.2861278076824,23.8649328604));
#8119=CARTESIAN_POINT('Ctrl Pts',(152.,29.2861278076824,23.8649328604));
#8120=CARTESIAN_POINT('Ctrl Pts',(150.,30.0830635644121,23.8419332160297));
#8121=CARTESIAN_POINT('Ctrl Pts',(152.,30.0830635644121,23.8419332160297));
#8122=CARTESIAN_POINT('Ctrl Pts',(150.,30.5150066316128,23.8294672966003));
#8123=CARTESIAN_POINT('Ctrl Pts',(152.,30.5150066316128,23.8294672966003));
#8124=CARTESIAN_POINT('',(150.,28.2162342965603,24.3137788772583));
#8125=CARTESIAN_POINT('Ctrl Pts',(150.,30.5150066316128,23.8294672966003));
#8126=CARTESIAN_POINT('Ctrl Pts',(150.,30.0830635644121,23.8419332160297));
#8127=CARTESIAN_POINT('Ctrl Pts',(150.,29.2861278076824,23.8649328604));
#8128=CARTESIAN_POINT('Ctrl Pts',(150.,28.5523163602979,24.1727843819389));
#8129=CARTESIAN_POINT('Ctrl Pts',(150.,28.2162342965603,24.3137788772583));
#8130=CARTESIAN_POINT('',(152.,28.2162342965603,24.3137788772583));
#8131=CARTESIAN_POINT('Ctrl Pts',(152.,28.2162342965603,24.3137788772583));
#8132=CARTESIAN_POINT('Ctrl Pts',(152.,28.5523163602979,24.1727843819389));
#8133=CARTESIAN_POINT('Ctrl Pts',(152.,29.2861278076824,23.8649328604));
#8134=CARTESIAN_POINT('Ctrl Pts',(152.,30.0830635644121,23.8419332160297));
#8135=CARTESIAN_POINT('Ctrl Pts',(152.,30.5150066316128,23.8294672966003));
#8136=CARTESIAN_POINT('',(150.,28.2162342965603,24.3137788772583));
#8137=CARTESIAN_POINT('Ctrl Pts',(150.,26.9406543672085,25.7155525684357));
#8138=CARTESIAN_POINT('Ctrl Pts',(152.,26.9406543672085,25.7155525684357));
#8139=CARTESIAN_POINT('Ctrl Pts',(150.,27.090204653389,25.427292367461));
#8140=CARTESIAN_POINT('Ctrl Pts',(152.,27.090204653389,25.427292367461));
#8141=CARTESIAN_POINT('Ctrl Pts',(150.,27.3911494806011,24.847217139322));
#8142=CARTESIAN_POINT('Ctrl Pts',(152.,27.3911494806011,24.847217139322));
#8143=CARTESIAN_POINT('Ctrl Pts',(150.,27.9400846934222,24.4923166003121));
#8144=CARTESIAN_POINT('Ctrl Pts',(152.,27.9400846934222,24.4923166003121));
#8145=CARTESIAN_POINT('Ctrl Pts',(150.,28.2162342965603,24.3137788772583));
#8146=CARTESIAN_POINT('Ctrl Pts',(152.,28.2162342965603,24.3137788772583));
#8147=CARTESIAN_POINT('',(150.,26.9406543672085,25.7155525684357));
#8148=CARTESIAN_POINT('Ctrl Pts',(150.,28.2162342965603,24.3137788772583));
#8149=CARTESIAN_POINT('Ctrl Pts',(150.,27.9400846934222,24.4923166003121));
#8150=CARTESIAN_POINT('Ctrl Pts',(150.,27.3911494806011,24.847217139322));
#8151=CARTESIAN_POINT('Ctrl Pts',(150.,27.090204653389,25.427292367461));
#8152=CARTESIAN_POINT('Ctrl Pts',(150.,26.9406543672085,25.7155525684357));
#8153=CARTESIAN_POINT('',(152.,26.9406543672085,25.7155525684357));
#8154=CARTESIAN_POINT('Ctrl Pts',(152.,26.9406543672085,25.7155525684357));
#8155=CARTESIAN_POINT('Ctrl Pts',(152.,27.090204653389,25.427292367461));
#8156=CARTESIAN_POINT('Ctrl Pts',(152.,27.3911494806011,24.847217139322));
#8157=CARTESIAN_POINT('Ctrl Pts',(152.,27.9400846934222,24.4923166003121));
#8158=CARTESIAN_POINT('Ctrl Pts',(152.,28.2162342965603,24.3137788772583));
#8159=CARTESIAN_POINT('',(150.,26.9406543672085,25.7155525684357));
#8160=CARTESIAN_POINT('Ctrl Pts',(150.,26.5586625039577,28.2223737239838));
#8161=CARTESIAN_POINT('Ctrl Pts',(152.,26.5586625039577,28.2223737239838));
#8162=CARTESIAN_POINT('Ctrl Pts',(150.,26.5655083029552,27.7444804531572));
#8163=CARTESIAN_POINT('Ctrl Pts',(152.,26.5655083029552,27.7444804531572));
#8164=CARTESIAN_POINT('Ctrl Pts',(150.,26.5777487480776,26.8899963588863));
#8165=CARTESIAN_POINT('Ctrl Pts',(152.,26.5777487480776,26.8899963588863));
#8166=CARTESIAN_POINT('Ctrl Pts',(150.,26.8296400625757,26.0748196997616));
#8167=CARTESIAN_POINT('Ctrl Pts',(152.,26.8296400625757,26.0748196997616));
#8168=CARTESIAN_POINT('Ctrl Pts',(150.,26.9406543672085,25.7155525684357));
#8169=CARTESIAN_POINT('Ctrl Pts',(152.,26.9406543672085,25.7155525684357));
#8170=CARTESIAN_POINT('',(150.,26.5586625039577,28.2223737239838));
#8171=CARTESIAN_POINT('Ctrl Pts',(150.,26.9406543672085,25.7155525684357));
#8172=CARTESIAN_POINT('Ctrl Pts',(150.,26.8296400625757,26.0748196997616));
#8173=CARTESIAN_POINT('Ctrl Pts',(150.,26.5777487480776,26.8899963588863));
#8174=CARTESIAN_POINT('Ctrl Pts',(150.,26.5655083029552,27.7444804531572));
#8175=CARTESIAN_POINT('Ctrl Pts',(150.,26.5586625039577,28.2223737239838));
#8176=CARTESIAN_POINT('',(152.,26.5586625039577,28.2223737239838));
#8177=CARTESIAN_POINT('Ctrl Pts',(152.,26.5586625039577,28.2223737239838));
#8178=CARTESIAN_POINT('Ctrl Pts',(152.,26.5655083029552,27.7444804531572));
#8179=CARTESIAN_POINT('Ctrl Pts',(152.,26.5777487480776,26.8899963588863));
#8180=CARTESIAN_POINT('Ctrl Pts',(152.,26.8296400625757,26.0748196997616));
#8181=CARTESIAN_POINT('Ctrl Pts',(152.,26.9406543672085,25.7155525684357));
#8182=CARTESIAN_POINT('',(150.,26.5586625039577,28.2223737239838));
#8183=CARTESIAN_POINT('Origin',(150.,26.5586625039577,33.9999997615814));
#8184=CARTESIAN_POINT('',(150.,26.5586625039577,33.9999997615814));
#8185=CARTESIAN_POINT('',(150.,26.5586625039577,16.9999998807907));
#8186=CARTESIAN_POINT('',(152.,26.5586625039577,33.9999997615814));
#8187=CARTESIAN_POINT('',(152.,26.5586625039577,28.2223737239838));
#8188=CARTESIAN_POINT('',(150.,26.5586625039577,33.9999997615814));
#8189=CARTESIAN_POINT('Origin',(150.,27.8819914162159,33.9999997615814));
#8190=CARTESIAN_POINT('',(150.,27.8819914162159,33.9999997615814));
#8191=CARTESIAN_POINT('',(150.,13.9409957081079,33.9999997615814));
#8192=CARTESIAN_POINT('',(152.,27.8819914162159,33.9999997615814));
#8193=CARTESIAN_POINT('',(152.,26.5586625039577,33.9999997615814));
#8194=CARTESIAN_POINT('',(150.,27.8819914162159,33.9999997615814));
#8195=CARTESIAN_POINT('Origin',(150.,27.8819914162159,28.2291948795319));
#8196=CARTESIAN_POINT('',(150.,27.8819914162159,28.2291948795319));
#8197=CARTESIAN_POINT('',(150.,27.8819914162159,14.1145974397659));
#8198=CARTESIAN_POINT('',(152.,27.8819914162159,28.2291948795319));
#8199=CARTESIAN_POINT('',(152.,27.8819914162159,33.9999997615814));
#8200=CARTESIAN_POINT('',(150.,27.8819914162159,28.2291948795319));
#8201=CARTESIAN_POINT('Ctrl Pts',(150.,28.1241469085217,26.3090038299561));
#8202=CARTESIAN_POINT('Ctrl Pts',(152.,28.1241469085217,26.3090038299561));
#8203=CARTESIAN_POINT('Ctrl Pts',(150.,28.0539987375682,26.570554523331));
#8204=CARTESIAN_POINT('Ctrl Pts',(152.,28.0539987375682,26.570554523331));
#8205=CARTESIAN_POINT('Ctrl Pts',(150.,27.8856426234846,27.1982780658548));
#8206=CARTESIAN_POINT('Ctrl Pts',(152.,27.8856426234846,27.1982780658548));
#8207=CARTESIAN_POINT('Ctrl Pts',(150.,27.8833365996572,27.8493829091269));
#8208=CARTESIAN_POINT('Ctrl Pts',(152.,27.8833365996572,27.8493829091269));
#8209=CARTESIAN_POINT('Ctrl Pts',(150.,27.8819914162159,28.2291948795319));
#8210=CARTESIAN_POINT('Ctrl Pts',(152.,27.8819914162159,28.2291948795319));
#8211=CARTESIAN_POINT('',(150.,28.1241469085217,26.3090038299561));
#8212=CARTESIAN_POINT('Ctrl Pts',(150.,27.8819914162159,28.2291948795319));
#8213=CARTESIAN_POINT('Ctrl Pts',(150.,27.8833365996572,27.8493829091269));
#8214=CARTESIAN_POINT('Ctrl Pts',(150.,27.8856426234846,27.1982780658548));
#8215=CARTESIAN_POINT('Ctrl Pts',(150.,28.0539987375682,26.570554523331));
#8216=CARTESIAN_POINT('Ctrl Pts',(150.,28.1241469085217,26.3090038299561));
#8217=CARTESIAN_POINT('',(152.,28.1241469085217,26.3090038299561));
#8218=CARTESIAN_POINT('Ctrl Pts',(152.,28.1241469085217,26.3090038299561));
#8219=CARTESIAN_POINT('Ctrl Pts',(152.,28.0539987375682,26.570554523331));
#8220=CARTESIAN_POINT('Ctrl Pts',(152.,27.8856426234846,27.1982780658548));
#8221=CARTESIAN_POINT('Ctrl Pts',(152.,27.8833365996572,27.8493829091269));
#8222=CARTESIAN_POINT('Ctrl Pts',(152.,27.8819914162159,28.2291948795319));
#8223=CARTESIAN_POINT('',(150.,28.1241469085217,26.3090038299561));
#8224=CARTESIAN_POINT('Ctrl Pts',(150.,28.956343382597,25.3574347496033));
#8225=CARTESIAN_POINT('Ctrl Pts',(152.,28.956343382597,25.3574347496033));
#8226=CARTESIAN_POINT('Ctrl Pts',(150.,28.7744088478299,25.480008814332));
#8227=CARTESIAN_POINT('Ctrl Pts',(152.,28.7744088478299,25.480008814332));
#8228=CARTESIAN_POINT('Ctrl Pts',(150.,28.4127488508227,25.7236686337265));
#8229=CARTESIAN_POINT('Ctrl Pts',(152.,28.4127488508227,25.7236686337265));
#8230=CARTESIAN_POINT('Ctrl Pts',(150.,28.2199550182474,26.11468823298));
#8231=CARTESIAN_POINT('Ctrl Pts',(152.,28.2199550182474,26.11468823298));
#8232=CARTESIAN_POINT('Ctrl Pts',(150.,28.1241469085217,26.3090038299561));
#8233=CARTESIAN_POINT('Ctrl Pts',(152.,28.1241469085217,26.3090038299561));
#8234=CARTESIAN_POINT('',(150.,28.956343382597,25.3574347496033));
#8235=CARTESIAN_POINT('Ctrl Pts',(150.,28.1241469085217,26.3090038299561));
#8236=CARTESIAN_POINT('Ctrl Pts',(150.,28.2199550182474,26.11468823298));
#8237=CARTESIAN_POINT('Ctrl Pts',(150.,28.4127488508227,25.7236686337265));
#8238=CARTESIAN_POINT('Ctrl Pts',(150.,28.7744088478299,25.480008814332));
#8239=CARTESIAN_POINT('Ctrl Pts',(150.,28.956343382597,25.3574347496033));
#8240=CARTESIAN_POINT('',(152.,28.956343382597,25.3574347496033));
#8241=CARTESIAN_POINT('Ctrl Pts',(152.,28.956343382597,25.3574347496033));
#8242=CARTESIAN_POINT('Ctrl Pts',(152.,28.7744088478299,25.480008814332));
#8243=CARTESIAN_POINT('Ctrl Pts',(152.,28.4127488508227,25.7236686337265));
#8244=CARTESIAN_POINT('Ctrl Pts',(152.,28.2199550182474,26.11468823298));
#8245=CARTESIAN_POINT('Ctrl Pts',(152.,28.1241469085217,26.3090038299561));
#8246=CARTESIAN_POINT('',(150.,28.956343382597,25.3574347496033));
#8247=CARTESIAN_POINT('Ctrl Pts',(150.,30.3990446031094,25.0231921672821));
#8248=CARTESIAN_POINT('Ctrl Pts',(152.,30.3990446031094,25.0231921672821));
#8249=CARTESIAN_POINT('Ctrl Pts',(150.,30.1324910777992,25.033463674954));
#8250=CARTESIAN_POINT('Ctrl Pts',(152.,30.1324910777992,25.033463674954));
#8251=CARTESIAN_POINT('Ctrl Pts',(150.,29.6295099361003,25.0528458033642));
#8252=CARTESIAN_POINT('Ctrl Pts',(152.,29.6295099361003,25.0528458033642));
#8253=CARTESIAN_POINT('Ctrl Pts',(150.,29.171589904817,25.2600417477623));
#8254=CARTESIAN_POINT('Ctrl Pts',(152.,29.171589904817,25.2600417477623));
#8255=CARTESIAN_POINT('Ctrl Pts',(150.,28.956343382597,25.3574347496033));
#8256=CARTESIAN_POINT('Ctrl Pts',(152.,28.956343382597,25.3574347496033));
#8257=CARTESIAN_POINT('',(150.,30.3990446031094,25.0231921672821));
#8258=CARTESIAN_POINT('Ctrl Pts',(150.,28.956343382597,25.3574347496033));
#8259=CARTESIAN_POINT('Ctrl Pts',(150.,29.171589904817,25.2600417477623));
#8260=CARTESIAN_POINT('Ctrl Pts',(150.,29.6295099361003,25.0528458033642));
#8261=CARTESIAN_POINT('Ctrl Pts',(150.,30.1324910777992,25.033463674954));
#8262=CARTESIAN_POINT('Ctrl Pts',(150.,30.3990446031094,25.0231921672821));
#8263=CARTESIAN_POINT('',(152.,30.3990446031094,25.0231921672821));
#8264=CARTESIAN_POINT('Ctrl Pts',(152.,30.3990446031094,25.0231921672821));
#8265=CARTESIAN_POINT('Ctrl Pts',(152.,30.1324910777992,25.033463674954));
#8266=CARTESIAN_POINT('Ctrl Pts',(152.,29.6295099361003,25.0528458033642));
#8267=CARTESIAN_POINT('Ctrl Pts',(152.,29.171589904817,25.2600417477623));
#8268=CARTESIAN_POINT('Ctrl Pts',(152.,28.956343382597,25.3574347496033));
#8269=CARTESIAN_POINT('',(150.,30.3990446031094,25.0231921672821));
#8270=CARTESIAN_POINT('Ctrl Pts',(150.,32.4795357882977,25.6848561763763));
#8271=CARTESIAN_POINT('Ctrl Pts',(152.,32.4795357882977,25.6848561763763));
#8272=CARTESIAN_POINT('Ctrl Pts',(150.,32.2120114001582,25.4927151654262));
#8273=CARTESIAN_POINT('Ctrl Pts',(152.,32.2120114001582,25.4927151654262));
#8274=CARTESIAN_POINT('Ctrl Pts',(150.,31.5958206274061,25.050155446523));
#8275=CARTESIAN_POINT('Ctrl Pts',(152.,31.5958206274061,25.050155446523));
#8276=CARTESIAN_POINT('Ctrl Pts',(150.,30.8315185360616,25.0329357744249));
#8277=CARTESIAN_POINT('Ctrl Pts',(152.,30.8315185360616,25.0329357744249));
#8278=CARTESIAN_POINT('Ctrl Pts',(150.,30.3990446031094,25.0231921672821));
#8279=CARTESIAN_POINT('Ctrl Pts',(152.,30.3990446031094,25.0231921672821));
#8280=CARTESIAN_POINT('',(150.,32.4795357882977,25.6848561763763));
#8281=CARTESIAN_POINT('Ctrl Pts',(150.,30.3990446031094,25.0231921672821));
#8282=CARTESIAN_POINT('Ctrl Pts',(150.,30.8315185360616,25.0329357744249));
#8283=CARTESIAN_POINT('Ctrl Pts',(150.,31.5958206274061,25.050155446523));
#8284=CARTESIAN_POINT('Ctrl Pts',(150.,32.2120114001582,25.4927151654262));
#8285=CARTESIAN_POINT('Ctrl Pts',(150.,32.4795357882977,25.6848561763763));
#8286=CARTESIAN_POINT('',(152.,32.4795357882977,25.6848561763763));
#8287=CARTESIAN_POINT('Ctrl Pts',(152.,32.4795357882977,25.6848561763763));
#8288=CARTESIAN_POINT('Ctrl Pts',(152.,32.2120114001582,25.4927151654262));
#8289=CARTESIAN_POINT('Ctrl Pts',(152.,31.5958206274061,25.050155446523));
#8290=CARTESIAN_POINT('Ctrl Pts',(152.,30.8315185360616,25.0329357744249));
#8291=CARTESIAN_POINT('Ctrl Pts',(152.,30.3990446031094,25.0231921672821));
#8292=CARTESIAN_POINT('',(150.,32.4795357882977,25.6848561763763));
#8293=CARTESIAN_POINT('Ctrl Pts',(150.,33.1002722680569,28.2291948795319));
#8294=CARTESIAN_POINT('Ctrl Pts',(152.,33.1002722680569,28.2291948795319));
#8295=CARTESIAN_POINT('Ctrl Pts',(150.,33.1014572136556,27.6885501628551));
#8296=CARTESIAN_POINT('Ctrl Pts',(152.,33.1014572136556,27.6885501628551));
#8297=CARTESIAN_POINT('Ctrl Pts',(150.,33.1034444333848,26.781858877913));
#8298=CARTESIAN_POINT('Ctrl Pts',(152.,33.1034444333848,26.781858877913));
#8299=CARTESIAN_POINT('Ctrl Pts',(150.,32.6589754253523,26.0003603261613));
#8300=CARTESIAN_POINT('Ctrl Pts',(152.,32.6589754253523,26.0003603261613));
#8301=CARTESIAN_POINT('Ctrl Pts',(150.,32.4795357882977,25.6848561763763));
#8302=CARTESIAN_POINT('Ctrl Pts',(152.,32.4795357882977,25.6848561763763));
#8303=CARTESIAN_POINT('',(150.,33.1002722680569,28.2291948795319));
#8304=CARTESIAN_POINT('Ctrl Pts',(150.,32.4795357882977,25.6848561763763));
#8305=CARTESIAN_POINT('Ctrl Pts',(150.,32.6589754253523,26.0003603261613));
#8306=CARTESIAN_POINT('Ctrl Pts',(150.,33.1034444333848,26.781858877913));
#8307=CARTESIAN_POINT('Ctrl Pts',(150.,33.1014572136556,27.6885501628551));
#8308=CARTESIAN_POINT('Ctrl Pts',(150.,33.1002722680569,28.2291948795319));
#8309=CARTESIAN_POINT('',(152.,33.1002722680569,28.2291948795319));
#8310=CARTESIAN_POINT('Ctrl Pts',(152.,33.1002722680569,28.2291948795319));
#8311=CARTESIAN_POINT('Ctrl Pts',(152.,33.1014572136556,27.6885501628551));
#8312=CARTESIAN_POINT('Ctrl Pts',(152.,33.1034444333848,26.781858877913));
#8313=CARTESIAN_POINT('Ctrl Pts',(152.,32.6589754253523,26.0003603261613));
#8314=CARTESIAN_POINT('Ctrl Pts',(152.,32.4795357882977,25.6848561763763));
#8315=CARTESIAN_POINT('',(150.,33.1002722680569,28.2291948795319));
#8316=CARTESIAN_POINT('Origin',(150.,33.1002722680569,33.9999997615814));
#8317=CARTESIAN_POINT('',(150.,33.1002722680569,16.9999998807907));
#8318=CARTESIAN_POINT('',(152.,33.1002722680569,28.2291948795319));
#8319=CARTESIAN_POINT('Origin',(152.,39.9999986588955,28.999999165535));
#8320=CARTESIAN_POINT('Origin',(150.,37.4249647557735,27.3219645023346));
#8321=CARTESIAN_POINT('',(150.,36.176670640707,27.2128236293793));
#8322=CARTESIAN_POINT('',(150.,37.4249647557735,27.3219645023346));
#8323=CARTESIAN_POINT('',(150.,17.6690960649281,25.5946690445693));
#8324=CARTESIAN_POINT('',(152.,36.176670640707,27.2128236293793));
#8325=CARTESIAN_POINT('',(150.,36.176670640707,27.2128236293793));
#8326=CARTESIAN_POINT('',(152.,37.4249647557735,27.3219645023346));
#8327=CARTESIAN_POINT('',(152.,36.176670640707,27.2128236293793));
#8328=CARTESIAN_POINT('',(150.,37.4249647557735,27.3219645023346));
#8329=CARTESIAN_POINT('Ctrl Pts',(150.,37.8376530110836,26.0907232761383));
#8330=CARTESIAN_POINT('Ctrl Pts',(152.,37.8376530110836,26.0907232761383));
#8331=CARTESIAN_POINT('Ctrl Pts',(150.,37.7386576485551,26.2698258947742));
#8332=CARTESIAN_POINT('Ctrl Pts',(152.,37.7386576485551,26.2698258947742));
#8333=CARTESIAN_POINT('Ctrl Pts',(150.,37.5260852761729,26.6544122791349));
#8334=CARTESIAN_POINT('Ctrl Pts',(152.,37.5260852761729,26.6544122791349));
#8335=CARTESIAN_POINT('Ctrl Pts',(150.,37.4601785779279,27.0894986766677));
#8336=CARTESIAN_POINT('Ctrl Pts',(152.,37.4601785779279,27.0894986766677));
#8337=CARTESIAN_POINT('Ctrl Pts',(150.,37.4249647557735,27.3219645023346));
#8338=CARTESIAN_POINT('Ctrl Pts',(152.,37.4249647557735,27.3219645023346));
#8339=CARTESIAN_POINT('',(150.,37.8376530110836,26.0907232761383));
#8340=CARTESIAN_POINT('Ctrl Pts',(150.,37.4249647557735,27.3219645023346));
#8341=CARTESIAN_POINT('Ctrl Pts',(150.,37.4601785779279,27.0894986766677));
#8342=CARTESIAN_POINT('Ctrl Pts',(150.,37.5260852761729,26.6544122791349));
#8343=CARTESIAN_POINT('Ctrl Pts',(150.,37.7386576485551,26.2698258947742));
#8344=CARTESIAN_POINT('Ctrl Pts',(150.,37.8376530110836,26.0907232761383));
#8345=CARTESIAN_POINT('',(152.,37.8376530110836,26.0907232761383));
#8346=CARTESIAN_POINT('Ctrl Pts',(152.,37.8376530110836,26.0907232761383));
#8347=CARTESIAN_POINT('Ctrl Pts',(152.,37.7386576485551,26.2698258947742));
#8348=CARTESIAN_POINT('Ctrl Pts',(152.,37.5260852761729,26.6544122791349));
#8349=CARTESIAN_POINT('Ctrl Pts',(152.,37.4601785779279,27.0894986766677));
#8350=CARTESIAN_POINT('Ctrl Pts',(152.,37.4249647557735,27.3219645023346));
#8351=CARTESIAN_POINT('',(150.,37.8376530110836,26.0907232761383));
#8352=CARTESIAN_POINT('Ctrl Pts',(150.,38.8437913358212,25.3130960464478));
#8353=CARTESIAN_POINT('Ctrl Pts',(152.,38.8437913358212,25.3130960464478));
#8354=CARTESIAN_POINT('Ctrl Pts',(150.,38.6355266966037,25.4137359264435));
#8355=CARTESIAN_POINT('Ctrl Pts',(152.,38.6355266966037,25.4137359264435));
#8356=CARTESIAN_POINT('Ctrl Pts',(150.,38.2447020215859,25.6025944313772));
#8357=CARTESIAN_POINT('Ctrl Pts',(152.,38.2447020215859,25.6025944313772));
#8358=CARTESIAN_POINT('Ctrl Pts',(150.,37.9672534007134,25.9353078670884));
#8359=CARTESIAN_POINT('Ctrl Pts',(152.,37.9672534007134,25.9353078670884));
#8360=CARTESIAN_POINT('Ctrl Pts',(150.,37.8376530110836,26.0907232761383));
#8361=CARTESIAN_POINT('Ctrl Pts',(152.,37.8376530110836,26.0907232761383));
#8362=CARTESIAN_POINT('',(150.,38.8437913358212,25.3130960464478));
#8363=CARTESIAN_POINT('Ctrl Pts',(150.,37.8376530110836,26.0907232761383));
#8364=CARTESIAN_POINT('Ctrl Pts',(150.,37.9672534007134,25.9353078670884));
#8365=CARTESIAN_POINT('Ctrl Pts',(150.,38.2447020215859,25.6025944313772));
#8366=CARTESIAN_POINT('Ctrl Pts',(150.,38.6355266966037,25.4137359264435));
#8367=CARTESIAN_POINT('Ctrl Pts',(150.,38.8437913358212,25.3130960464478));
#8368=CARTESIAN_POINT('',(152.,38.8437913358212,25.3130960464478));
#8369=CARTESIAN_POINT('Ctrl Pts',(152.,38.8437913358212,25.3130960464478));
#8370=CARTESIAN_POINT('Ctrl Pts',(152.,38.6355266966037,25.4137359264435));
#8371=CARTESIAN_POINT('Ctrl Pts',(152.,38.2447020215859,25.6025944313772));
#8372=CARTESIAN_POINT('Ctrl Pts',(152.,37.9672534007134,25.9353078670884));
#8373=CARTESIAN_POINT('Ctrl Pts',(152.,37.8376530110836,26.0907232761383));
#8374=CARTESIAN_POINT('',(150.,38.8437913358212,25.3130960464478));
#8375=CARTESIAN_POINT('Ctrl Pts',(150.,40.3785799443722,25.016371011734));
#8376=CARTESIAN_POINT('Ctrl Pts',(152.,40.3785799443722,25.016371011734));
#8377=CARTESIAN_POINT('Ctrl Pts',(150.,40.105772359914,25.0269008052156));
#8378=CARTESIAN_POINT('Ctrl Pts',(152.,40.105772359914,25.0269008052156));
#8379=CARTESIAN_POINT('Ctrl Pts',(150.,39.5786898618987,25.0472450704342));
#8380=CARTESIAN_POINT('Ctrl Pts',(152.,39.5786898618987,25.0472450704342));
#8381=CARTESIAN_POINT('Ctrl Pts',(150.,39.0829472667997,25.226580921687));
#8382=CARTESIAN_POINT('Ctrl Pts',(152.,39.0829472667997,25.226580921687));
#8383=CARTESIAN_POINT('Ctrl Pts',(150.,38.8437913358212,25.3130960464478));
#8384=CARTESIAN_POINT('Ctrl Pts',(152.,38.8437913358212,25.3130960464478));
#8385=CARTESIAN_POINT('',(150.,40.3785799443722,25.016371011734));
#8386=CARTESIAN_POINT('Ctrl Pts',(150.,38.8437913358212,25.3130960464478));
#8387=CARTESIAN_POINT('Ctrl Pts',(150.,39.0829472667997,25.226580921687));
#8388=CARTESIAN_POINT('Ctrl Pts',(150.,39.5786898618987,25.0472450704342));
#8389=CARTESIAN_POINT('Ctrl Pts',(150.,40.105772359914,25.0269008052156));
#8390=CARTESIAN_POINT('Ctrl Pts',(150.,40.3785799443722,25.016371011734));
#8391=CARTESIAN_POINT('',(152.,40.3785799443722,25.016371011734));
#8392=CARTESIAN_POINT('Ctrl Pts',(152.,40.3785799443722,25.016371011734));
#8393=CARTESIAN_POINT('Ctrl Pts',(152.,40.105772359914,25.0269008052156));
#8394=CARTESIAN_POINT('Ctrl Pts',(152.,39.5786898618987,25.0472450704342));
#8395=CARTESIAN_POINT('Ctrl Pts',(152.,39.0829472667997,25.226580921687));
#8396=CARTESIAN_POINT('Ctrl Pts',(152.,38.8437913358212,25.3130960464478));
#8397=CARTESIAN_POINT('',(150.,40.3785799443722,25.016371011734));
#8398=CARTESIAN_POINT('Ctrl Pts',(150.,41.7155526578426,25.2414727210999));
#8399=CARTESIAN_POINT('Ctrl Pts',(152.,41.7155526578426,25.2414727210999));
#8400=CARTESIAN_POINT('Ctrl Pts',(150.,41.5091194995426,25.1758630650883));
#8401=CARTESIAN_POINT('Ctrl Pts',(152.,41.5091194995426,25.1758630650883));
#8402=CARTESIAN_POINT('Ctrl Pts',(150.,41.0743950249764,25.0376966800416));
#8403=CARTESIAN_POINT('Ctrl Pts',(152.,41.0743950249764,25.0376966800416));
#8404=CARTESIAN_POINT('Ctrl Pts',(150.,40.6181647971395,25.0237139211421));
#8405=CARTESIAN_POINT('Ctrl Pts',(152.,40.6181647971395,25.0237139211421));
#8406=CARTESIAN_POINT('Ctrl Pts',(150.,40.3785799443722,25.016371011734));
#8407=CARTESIAN_POINT('Ctrl Pts',(152.,40.3785799443722,25.016371011734));
#8408=CARTESIAN_POINT('',(150.,41.7155526578426,25.2414727210999));
#8409=CARTESIAN_POINT('Ctrl Pts',(150.,40.3785799443722,25.016371011734));
#8410=CARTESIAN_POINT('Ctrl Pts',(150.,40.6181647971395,25.0237139211421));
#8411=CARTESIAN_POINT('Ctrl Pts',(150.,41.0743950249764,25.0376966800416));
#8412=CARTESIAN_POINT('Ctrl Pts',(150.,41.5091194995426,25.1758630650883));
#8413=CARTESIAN_POINT('Ctrl Pts',(150.,41.7155526578426,25.2414727210999));
#8414=CARTESIAN_POINT('',(152.,41.7155526578426,25.2414727210999));
#8415=CARTESIAN_POINT('Ctrl Pts',(152.,41.7155526578426,25.2414727210999));
#8416=CARTESIAN_POINT('Ctrl Pts',(152.,41.5091194995426,25.1758630650883));
#8417=CARTESIAN_POINT('Ctrl Pts',(152.,41.0743950249764,25.0376966800416));
#8418=CARTESIAN_POINT('Ctrl Pts',(152.,40.6181647971395,25.0237139211421));
#8419=CARTESIAN_POINT('Ctrl Pts',(152.,40.3785799443722,25.016371011734));
#8420=CARTESIAN_POINT('',(150.,41.7155526578426,25.2414727210999));
#8421=CARTESIAN_POINT('Ctrl Pts',(150.,42.5784443318844,25.8587992191315));
#8422=CARTESIAN_POINT('Ctrl Pts',(152.,42.5784443318844,25.8587992191315));
#8423=CARTESIAN_POINT('Ctrl Pts',(150.,42.4659931271434,25.7328957402946));
#8424=CARTESIAN_POINT('Ctrl Pts',(152.,42.4659931271434,25.7328957402946));
#8425=CARTESIAN_POINT('Ctrl Pts',(150.,42.2250714787481,25.4631531996971));
#8426=CARTESIAN_POINT('Ctrl Pts',(152.,42.2250714787481,25.4631531996971));
#8427=CARTESIAN_POINT('Ctrl Pts',(150.,41.8927576126341,25.3185707154746));
#8428=CARTESIAN_POINT('Ctrl Pts',(152.,41.8927576126341,25.3185707154746));
#8429=CARTESIAN_POINT('Ctrl Pts',(150.,41.7155526578426,25.2414727210999));
#8430=CARTESIAN_POINT('Ctrl Pts',(152.,41.7155526578426,25.2414727210999));
#8431=CARTESIAN_POINT('',(150.,42.5784443318844,25.8587992191315));
#8432=CARTESIAN_POINT('Ctrl Pts',(150.,41.7155526578426,25.2414727210999));
#8433=CARTESIAN_POINT('Ctrl Pts',(150.,41.8927576126341,25.3185707154746));
#8434=CARTESIAN_POINT('Ctrl Pts',(150.,42.2250714787481,25.4631531996971));
#8435=CARTESIAN_POINT('Ctrl Pts',(150.,42.4659931271434,25.7328957402946));
#8436=CARTESIAN_POINT('Ctrl Pts',(150.,42.5784443318844,25.8587992191315));
#8437=CARTESIAN_POINT('',(152.,42.5784443318844,25.8587992191315));
#8438=CARTESIAN_POINT('Ctrl Pts',(152.,42.5784443318844,25.8587992191315));
#8439=CARTESIAN_POINT('Ctrl Pts',(152.,42.4659931271434,25.7328957402946));
#8440=CARTESIAN_POINT('Ctrl Pts',(152.,42.2250714787481,25.4631531996971));
#8441=CARTESIAN_POINT('Ctrl Pts',(152.,41.8927576126341,25.3185707154746));
#8442=CARTESIAN_POINT('Ctrl Pts',(152.,41.7155526578426,25.2414727210999));
#8443=CARTESIAN_POINT('',(150.,42.5784443318844,25.8587992191315));
#8444=CARTESIAN_POINT('Ctrl Pts',(150.,42.8615282475948,26.7148697376251));
#8445=CARTESIAN_POINT('Ctrl Pts',(152.,42.8615282475948,26.7148697376251));
#8446=CARTESIAN_POINT('Ctrl Pts',(150.,42.8492096736143,26.5625183578983));
#8447=CARTESIAN_POINT('Ctrl Pts',(152.,42.8492096736143,26.5625183578983));
#8448=CARTESIAN_POINT('Ctrl Pts',(150.,42.8242913831933,26.2543385367529));
#8449=CARTESIAN_POINT('Ctrl Pts',(152.,42.8242913831933,26.2543385367529));
#8450=CARTESIAN_POINT('Ctrl Pts',(150.,42.6610074367333,25.9916336541136));
#8451=CARTESIAN_POINT('Ctrl Pts',(152.,42.6610074367333,25.9916336541136));
#8452=CARTESIAN_POINT('Ctrl Pts',(150.,42.5784443318844,25.8587992191315));
#8453=CARTESIAN_POINT('Ctrl Pts',(152.,42.5784443318844,25.8587992191315));
#8454=CARTESIAN_POINT('',(150.,42.8615282475948,26.7148697376251));
#8455=CARTESIAN_POINT('Ctrl Pts',(150.,42.5784443318844,25.8587992191315));
#8456=CARTESIAN_POINT('Ctrl Pts',(150.,42.6610074367333,25.9916336541136));
#8457=CARTESIAN_POINT('Ctrl Pts',(150.,42.8242913831933,26.2543385367529));
#8458=CARTESIAN_POINT('Ctrl Pts',(150.,42.8492096736143,26.5625183578983));
#8459=CARTESIAN_POINT('Ctrl Pts',(150.,42.8615282475948,26.7148697376251));
#8460=CARTESIAN_POINT('',(152.,42.8615282475948,26.7148697376251));
#8461=CARTESIAN_POINT('Ctrl Pts',(152.,42.8615282475948,26.7148697376251));
#8462=CARTESIAN_POINT('Ctrl Pts',(152.,42.8492096736143,26.5625183578983));
#8463=CARTESIAN_POINT('Ctrl Pts',(152.,42.8242913831933,26.2543385367529));
#8464=CARTESIAN_POINT('Ctrl Pts',(152.,42.6610074367333,25.9916336541136));
#8465=CARTESIAN_POINT('Ctrl Pts',(152.,42.5784443318844,25.8587992191315));
#8466=CARTESIAN_POINT('',(150.,42.8615282475948,26.7148697376251));
#8467=CARTESIAN_POINT('Ctrl Pts',(150.,42.5886760652065,27.5368344783783));
#8468=CARTESIAN_POINT('Ctrl Pts',(152.,42.5886760652065,27.5368344783783));
#8469=CARTESIAN_POINT('Ctrl Pts',(150.,42.668252835145,27.4135936929008));
#8470=CARTESIAN_POINT('Ctrl Pts',(152.,42.668252835145,27.4135936929008));
#8471=CARTESIAN_POINT('Ctrl Pts',(150.,42.829884478731,27.1632742751995));
#8472=CARTESIAN_POINT('Ctrl Pts',(152.,42.829884478731,27.1632742751995));
#8473=CARTESIAN_POINT('Ctrl Pts',(150.,42.8508730604087,26.8658578927818));
#8474=CARTESIAN_POINT('Ctrl Pts',(152.,42.8508730604087,26.8658578927818));
#8475=CARTESIAN_POINT('Ctrl Pts',(150.,42.8615282475948,26.7148697376251));
#8476=CARTESIAN_POINT('Ctrl Pts',(152.,42.8615282475948,26.7148697376251));
#8477=CARTESIAN_POINT('',(150.,42.5886760652065,27.5368344783783));
#8478=CARTESIAN_POINT('Ctrl Pts',(150.,42.8615282475948,26.7148697376251));
#8479=CARTESIAN_POINT('Ctrl Pts',(150.,42.8508730604087,26.8658578927818));
#8480=CARTESIAN_POINT('Ctrl Pts',(150.,42.829884478731,27.1632742751995));
#8481=CARTESIAN_POINT('Ctrl Pts',(150.,42.668252835145,27.4135936929008));
#8482=CARTESIAN_POINT('Ctrl Pts',(150.,42.5886760652065,27.5368344783783));
#8483=CARTESIAN_POINT('',(152.,42.5886760652065,27.5368344783783));
#8484=CARTESIAN_POINT('Ctrl Pts',(152.,42.5886760652065,27.5368344783783));
#8485=CARTESIAN_POINT('Ctrl Pts',(152.,42.668252835145,27.4135936929008));
#8486=CARTESIAN_POINT('Ctrl Pts',(152.,42.829884478731,27.1632742751995));
#8487=CARTESIAN_POINT('Ctrl Pts',(152.,42.8508730604087,26.8658578927818));
#8488=CARTESIAN_POINT('Ctrl Pts',(152.,42.8615282475948,26.7148697376251));
#8489=CARTESIAN_POINT('',(150.,42.5886760652065,27.5368344783783));
#8490=CARTESIAN_POINT('Ctrl Pts',(150.,41.6882668435574,28.1268751621246));
#8491=CARTESIAN_POINT('Ctrl Pts',(152.,41.6882668435574,28.1268751621246));
#8492=CARTESIAN_POINT('Ctrl Pts',(150.,41.8762474159114,28.0502667308305));
#8493=CARTESIAN_POINT('Ctrl Pts',(152.,41.8762474159114,28.0502667308305));
#8494=CARTESIAN_POINT('Ctrl Pts',(150.,42.2158092305669,27.9118838244354));
#8495=CARTESIAN_POINT('Ctrl Pts',(152.,42.2158092305669,27.9118838244354));
#8496=CARTESIAN_POINT('Ctrl Pts',(150.,42.4735983557549,27.652585775265));
#8497=CARTESIAN_POINT('Ctrl Pts',(152.,42.4735983557549,27.652585775265));
#8498=CARTESIAN_POINT('Ctrl Pts',(150.,42.5886760652065,27.5368344783783));
#8499=CARTESIAN_POINT('Ctrl Pts',(152.,42.5886760652065,27.5368344783783));
#8500=CARTESIAN_POINT('',(150.,41.6882668435574,28.1268751621246));
#8501=CARTESIAN_POINT('Ctrl Pts',(150.,42.5886760652065,27.5368344783783));
#8502=CARTESIAN_POINT('Ctrl Pts',(150.,42.4735983557549,27.652585775265));
#8503=CARTESIAN_POINT('Ctrl Pts',(150.,42.2158092305669,27.9118838244354));
#8504=CARTESIAN_POINT('Ctrl Pts',(150.,41.8762474159114,28.0502667308305));
#8505=CARTESIAN_POINT('Ctrl Pts',(150.,41.6882668435574,28.1268751621246));
#8506=CARTESIAN_POINT('',(152.,41.6882668435574,28.1268751621246));
#8507=CARTESIAN_POINT('Ctrl Pts',(152.,41.6882668435574,28.1268751621246));
#8508=CARTESIAN_POINT('Ctrl Pts',(152.,41.8762474159114,28.0502667308305));
#8509=CARTESIAN_POINT('Ctrl Pts',(152.,42.2158092305669,27.9118838244354));
#8510=CARTESIAN_POINT('Ctrl Pts',(152.,42.4735983557549,27.652585775265));
#8511=CARTESIAN_POINT('Ctrl Pts',(152.,42.5886760652065,27.5368344783783));
#8512=CARTESIAN_POINT('',(150.,41.6882668435574,28.1268751621246));
#8513=CARTESIAN_POINT('Ctrl Pts',(150.,39.9079118669033,28.6145961284637));
#8514=CARTESIAN_POINT('Ctrl Pts',(152.,39.9079118669033,28.6145961284637));
#8515=CARTESIAN_POINT('Ctrl Pts',(150.,40.2876805029519,28.525051895435));
#8516=CARTESIAN_POINT('Ctrl Pts',(152.,40.2876805029519,28.525051895435));
#8517=CARTESIAN_POINT('Ctrl Pts',(150.,40.887110096941,28.3837146228076));
#8518=CARTESIAN_POINT('Ctrl Pts',(152.,40.887110096941,28.3837146228076));
#8519=CARTESIAN_POINT('Ctrl Pts',(150.,41.4734153133966,28.1957535075501));
#8520=CARTESIAN_POINT('Ctrl Pts',(152.,41.4734153133966,28.1957535075501));
#8521=CARTESIAN_POINT('Ctrl Pts',(150.,41.6882668435574,28.1268751621246));
#8522=CARTESIAN_POINT('Ctrl Pts',(152.,41.6882668435574,28.1268751621246));
#8523=CARTESIAN_POINT('',(150.,39.9079118669033,28.6145961284637));
#8524=CARTESIAN_POINT('Ctrl Pts',(150.,41.6882668435574,28.1268751621246));
#8525=CARTESIAN_POINT('Ctrl Pts',(150.,41.4734153133966,28.1957535075501));
#8526=CARTESIAN_POINT('Ctrl Pts',(150.,40.887110096941,28.3837146228076));
#8527=CARTESIAN_POINT('Ctrl Pts',(150.,40.2876805029519,28.525051895435));
#8528=CARTESIAN_POINT('Ctrl Pts',(150.,39.9079118669033,28.6145961284637));
#8529=CARTESIAN_POINT('',(152.,39.9079118669033,28.6145961284637));
#8530=CARTESIAN_POINT('Ctrl Pts',(152.,39.9079118669033,28.6145961284637));
#8531=CARTESIAN_POINT('Ctrl Pts',(152.,40.2876805029519,28.525051895435));
#8532=CARTESIAN_POINT('Ctrl Pts',(152.,40.887110096941,28.3837146228076));
#8533=CARTESIAN_POINT('Ctrl Pts',(152.,41.4734153133966,28.1957535075501));
#8534=CARTESIAN_POINT('Ctrl Pts',(152.,41.6882668435574,28.1268751621246));
#8535=CARTESIAN_POINT('',(150.,39.9079118669033,28.6145961284637));
#8536=CARTESIAN_POINT('Ctrl Pts',(150.,37.9774890840054,29.2387449741364));
#8537=CARTESIAN_POINT('Ctrl Pts',(152.,37.9774890840054,29.2387449741364));
#8538=CARTESIAN_POINT('Ctrl Pts',(150.,38.2284999150468,29.132048879155));
#8539=CARTESIAN_POINT('Ctrl Pts',(152.,38.2284999150468,29.132048879155));
#8540=CARTESIAN_POINT('Ctrl Pts',(150.,38.8527526179823,28.866700466067));
#8541=CARTESIAN_POINT('Ctrl Pts',(152.,38.8527526179823,28.866700466067));
#8542=CARTESIAN_POINT('Ctrl Pts',(150.,39.513093064725,28.708928365705));
#8543=CARTESIAN_POINT('Ctrl Pts',(152.,39.513093064725,28.708928365705));
#8544=CARTESIAN_POINT('Ctrl Pts',(150.,39.9079118669033,28.6145961284637));
#8545=CARTESIAN_POINT('Ctrl Pts',(152.,39.9079118669033,28.6145961284637));
#8546=CARTESIAN_POINT('',(150.,37.9774890840054,29.2387449741364));
#8547=CARTESIAN_POINT('Ctrl Pts',(150.,39.9079118669033,28.6145961284637));
#8548=CARTESIAN_POINT('Ctrl Pts',(150.,39.513093064725,28.708928365705));
#8549=CARTESIAN_POINT('Ctrl Pts',(150.,38.8527526179823,28.866700466067));
#8550=CARTESIAN_POINT('Ctrl Pts',(150.,38.2284999150468,29.132048879155));
#8551=CARTESIAN_POINT('Ctrl Pts',(150.,37.9774890840054,29.2387449741364));
#8552=CARTESIAN_POINT('',(152.,37.9774890840054,29.2387449741364));
#8553=CARTESIAN_POINT('Ctrl Pts',(152.,37.9774890840054,29.2387449741364));
#8554=CARTESIAN_POINT('Ctrl Pts',(152.,38.2284999150468,29.132048879155));
#8555=CARTESIAN_POINT('Ctrl Pts',(152.,38.8527526179823,28.866700466067));
#8556=CARTESIAN_POINT('Ctrl Pts',(152.,39.513093064725,28.708928365705));
#8557=CARTESIAN_POINT('Ctrl Pts',(152.,39.9079118669033,28.6145961284637));
#8558=CARTESIAN_POINT('',(150.,37.9774890840054,29.2387449741364));
#8559=CARTESIAN_POINT('Ctrl Pts',(150.,36.9099579751492,30.169849395752));
#8560=CARTESIAN_POINT('Ctrl Pts',(152.,36.9099579751492,30.169849395752));
#8561=CARTESIAN_POINT('Ctrl Pts',(150.,37.0481500282882,29.9890725051579));
#8562=CARTESIAN_POINT('Ctrl Pts',(152.,37.0481500282882,29.9890725051579));
#8563=CARTESIAN_POINT('Ctrl Pts',(150.,37.3403662710382,29.6068078050867));
#8564=CARTESIAN_POINT('Ctrl Pts',(152.,37.3403662710382,29.6068078050867));
#8565=CARTESIAN_POINT('Ctrl Pts',(150.,37.7575799994997,29.3657854105287));
#8566=CARTESIAN_POINT('Ctrl Pts',(152.,37.7575799994997,29.3657854105287));
#8567=CARTESIAN_POINT('Ctrl Pts',(150.,37.9774890840054,29.2387449741364));
#8568=CARTESIAN_POINT('Ctrl Pts',(152.,37.9774890840054,29.2387449741364));
#8569=CARTESIAN_POINT('',(150.,36.9099579751492,30.169849395752));
#8570=CARTESIAN_POINT('Ctrl Pts',(150.,37.9774890840054,29.2387449741364));
#8571=CARTESIAN_POINT('Ctrl Pts',(150.,37.7575799994997,29.3657854105287));
#8572=CARTESIAN_POINT('Ctrl Pts',(150.,37.3403662710382,29.6068078050867));
#8573=CARTESIAN_POINT('Ctrl Pts',(150.,37.0481500282882,29.9890725051579));
#8574=CARTESIAN_POINT('Ctrl Pts',(150.,36.9099579751492,30.169849395752));
#8575=CARTESIAN_POINT('',(152.,36.9099579751492,30.169849395752));
#8576=CARTESIAN_POINT('Ctrl Pts',(152.,36.9099579751492,30.169849395752));
#8577=CARTESIAN_POINT('Ctrl Pts',(152.,37.0481500282882,29.9890725051579));
#8578=CARTESIAN_POINT('Ctrl Pts',(152.,37.3403662710382,29.6068078050867));
#8579=CARTESIAN_POINT('Ctrl Pts',(152.,37.7575799994997,29.3657854105287));
#8580=CARTESIAN_POINT('Ctrl Pts',(152.,37.9774890840054,29.2387449741364));
#8581=CARTESIAN_POINT('',(150.,36.9099579751492,30.169849395752));
#8582=CARTESIAN_POINT('Ctrl Pts',(150.,36.5586625039577,31.4147341251373));
#8583=CARTESIAN_POINT('Ctrl Pts',(152.,36.5586625039577,31.4147341251373));
#8584=CARTESIAN_POINT('Ctrl Pts',(150.,36.5725633539784,31.1918006543542));
#8585=CARTESIAN_POINT('Ctrl Pts',(152.,36.5725633539784,31.1918006543542));
#8586=CARTESIAN_POINT('Ctrl Pts',(150.,36.6000259740604,30.7513716732086));
#8587=CARTESIAN_POINT('Ctrl Pts',(152.,36.6000259740604,30.7513716732086));
#8588=CARTESIAN_POINT('Ctrl Pts',(150.,36.8075012044642,30.3620879978333));
#8589=CARTESIAN_POINT('Ctrl Pts',(152.,36.8075012044642,30.3620879978333));
#8590=CARTESIAN_POINT('Ctrl Pts',(150.,36.9099579751492,30.169849395752));
#8591=CARTESIAN_POINT('Ctrl Pts',(152.,36.9099579751492,30.169849395752));
#8592=CARTESIAN_POINT('',(150.,36.5586625039577,31.4147341251373));
#8593=CARTESIAN_POINT('Ctrl Pts',(150.,36.9099579751492,30.169849395752));
#8594=CARTESIAN_POINT('Ctrl Pts',(150.,36.8075012044642,30.3620879978333));
#8595=CARTESIAN_POINT('Ctrl Pts',(150.,36.6000259740604,30.7513716732086));
#8596=CARTESIAN_POINT('Ctrl Pts',(150.,36.5725633539784,31.1918006543542));
#8597=CARTESIAN_POINT('Ctrl Pts',(150.,36.5586625039577,31.4147341251373));
#8598=CARTESIAN_POINT('',(152.,36.5586625039577,31.4147341251373));
#8599=CARTESIAN_POINT('Ctrl Pts',(152.,36.5586625039577,31.4147341251373));
#8600=CARTESIAN_POINT('Ctrl Pts',(152.,36.5725633539784,31.1918006543542));
#8601=CARTESIAN_POINT('Ctrl Pts',(152.,36.6000259740604,30.7513716732086));
#8602=CARTESIAN_POINT('Ctrl Pts',(152.,36.8075012044642,30.3620879978333));
#8603=CARTESIAN_POINT('Ctrl Pts',(152.,36.9099579751492,30.169849395752));
#8604=CARTESIAN_POINT('',(150.,36.5586625039577,31.4147341251373));
#8605=CARTESIAN_POINT('Ctrl Pts',(150.,36.988403648138,32.8301495313644));
#8606=CARTESIAN_POINT('Ctrl Pts',(152.,36.988403648138,32.8301495313644));
#8607=CARTESIAN_POINT('Ctrl Pts',(150.,36.8630659404658,32.6078957686607));
#8608=CARTESIAN_POINT('Ctrl Pts',(152.,36.8630659404658,32.6078957686607));
#8609=CARTESIAN_POINT('Ctrl Pts',(150.,36.6148697698101,32.1677845376407));
#8610=CARTESIAN_POINT('Ctrl Pts',(152.,36.6148697698101,32.1677845376407));
#8611=CARTESIAN_POINT('Ctrl Pts',(150.,36.5772730741139,31.6640737313344));
#8612=CARTESIAN_POINT('Ctrl Pts',(152.,36.5772730741139,31.6640737313344));
#8613=CARTESIAN_POINT('Ctrl Pts',(150.,36.5586625039577,31.4147341251373));
#8614=CARTESIAN_POINT('Ctrl Pts',(152.,36.5586625039577,31.4147341251373));
#8615=CARTESIAN_POINT('',(150.,36.988403648138,32.8301495313644));
#8616=CARTESIAN_POINT('Ctrl Pts',(150.,36.5586625039577,31.4147341251373));
#8617=CARTESIAN_POINT('Ctrl Pts',(150.,36.5772730741139,31.6640737313344));
#8618=CARTESIAN_POINT('Ctrl Pts',(150.,36.6148697698101,32.1677845376407));
#8619=CARTESIAN_POINT('Ctrl Pts',(150.,36.8630659404658,32.6078957686607));
#8620=CARTESIAN_POINT('Ctrl Pts',(150.,36.988403648138,32.8301495313644));
#8621=CARTESIAN_POINT('',(152.,36.988403648138,32.8301495313644));
#8622=CARTESIAN_POINT('Ctrl Pts',(152.,36.988403648138,32.8301495313644));
#8623=CARTESIAN_POINT('Ctrl Pts',(152.,36.8630659404658,32.6078957686607));
#8624=CARTESIAN_POINT('Ctrl Pts',(152.,36.6148697698101,32.1677845376407));
#8625=CARTESIAN_POINT('Ctrl Pts',(152.,36.5772730741139,31.6640737313344));
#8626=CARTESIAN_POINT('Ctrl Pts',(152.,36.5586625039577,31.4147341251373));
#8627=CARTESIAN_POINT('',(150.,36.988403648138,32.8301495313644));
#8628=CARTESIAN_POINT('Ctrl Pts',(150.,38.2435189187527,33.8294672966003));
#8629=CARTESIAN_POINT('Ctrl Pts',(152.,38.2435189187527,33.8294672966003));
#8630=CARTESIAN_POINT('Ctrl Pts',(150.,37.9875312767355,33.7065333793022));
#8631=CARTESIAN_POINT('Ctrl Pts',(152.,37.9875312767355,33.7065333793022));
#8632=CARTESIAN_POINT('Ctrl Pts',(150.,37.4924273425662,33.4687677371111));
#8633=CARTESIAN_POINT('Ctrl Pts',(152.,37.4924273425662,33.4687677371111));
#8634=CARTESIAN_POINT('Ctrl Pts',(150.,37.1525509606853,33.0381307500569));
#8635=CARTESIAN_POINT('Ctrl Pts',(152.,37.1525509606853,33.0381307500569));
#8636=CARTESIAN_POINT('Ctrl Pts',(150.,36.988403648138,32.8301495313644));
#8637=CARTESIAN_POINT('Ctrl Pts',(152.,36.988403648138,32.8301495313644));
#8638=CARTESIAN_POINT('',(150.,38.2435189187527,33.8294672966003));
#8639=CARTESIAN_POINT('Ctrl Pts',(150.,36.988403648138,32.8301495313644));
#8640=CARTESIAN_POINT('Ctrl Pts',(150.,37.1525509606853,33.0381307500569));
#8641=CARTESIAN_POINT('Ctrl Pts',(150.,37.4924273425662,33.4687677371111));
#8642=CARTESIAN_POINT('Ctrl Pts',(150.,37.9875312767355,33.7065333793022));
#8643=CARTESIAN_POINT('Ctrl Pts',(150.,38.2435189187527,33.8294672966003));
#8644=CARTESIAN_POINT('',(152.,38.2435189187527,33.8294672966003));
#8645=CARTESIAN_POINT('Ctrl Pts',(152.,38.2435189187527,33.8294672966003));
#8646=CARTESIAN_POINT('Ctrl Pts',(152.,37.9875312767355,33.7065333793022));
#8647=CARTESIAN_POINT('Ctrl Pts',(152.,37.4924273425662,33.4687677371111));
#8648=CARTESIAN_POINT('Ctrl Pts',(152.,37.1525509606853,33.0381307500569));
#8649=CARTESIAN_POINT('Ctrl Pts',(152.,36.988403648138,32.8301495313644));
#8650=CARTESIAN_POINT('',(150.,38.2435189187527,33.8294672966003));
#8651=CARTESIAN_POINT('Ctrl Pts',(150.,40.0784443318844,34.1705310344696));
#8652=CARTESIAN_POINT('Ctrl Pts',(152.,40.0784443318844,34.1705310344696));
#8653=CARTESIAN_POINT('Ctrl Pts',(150.,39.7542333813386,34.1581980440359));
#8654=CARTESIAN_POINT('Ctrl Pts',(152.,39.7542333813386,34.1581980440359));
#8655=CARTESIAN_POINT('Ctrl Pts',(150.,39.1256150639949,34.134285391853));
#8656=CARTESIAN_POINT('Ctrl Pts',(152.,39.1256150639949,34.134285391853));
#8657=CARTESIAN_POINT('Ctrl Pts',(150.,38.5313101011388,33.9289167279561));
#8658=CARTESIAN_POINT('Ctrl Pts',(152.,38.5313101011388,33.9289167279561));
#8659=CARTESIAN_POINT('Ctrl Pts',(150.,38.2435189187527,33.8294672966003));
#8660=CARTESIAN_POINT('Ctrl Pts',(152.,38.2435189187527,33.8294672966003));
#8661=CARTESIAN_POINT('',(150.,40.0784443318844,34.1705310344696));
#8662=CARTESIAN_POINT('Ctrl Pts',(150.,38.2435189187527,33.8294672966003));
#8663=CARTESIAN_POINT('Ctrl Pts',(150.,38.5313101011388,33.9289167279561));
#8664=CARTESIAN_POINT('Ctrl Pts',(150.,39.1256150639949,34.134285391853));
#8665=CARTESIAN_POINT('Ctrl Pts',(150.,39.7542333813386,34.1581980440359));
#8666=CARTESIAN_POINT('Ctrl Pts',(150.,40.0784443318844,34.1705310344696));
#8667=CARTESIAN_POINT('',(152.,40.0784443318844,34.1705310344696));
#8668=CARTESIAN_POINT('Ctrl Pts',(152.,40.0784443318844,34.1705310344696));
#8669=CARTESIAN_POINT('Ctrl Pts',(152.,39.7542333813386,34.1581980440359));
#8670=CARTESIAN_POINT('Ctrl Pts',(152.,39.1256150639949,34.134285391853));
#8671=CARTESIAN_POINT('Ctrl Pts',(152.,38.5313101011388,33.9289167279561));
#8672=CARTESIAN_POINT('Ctrl Pts',(152.,38.2435189187527,33.8294672966003));
#8673=CARTESIAN_POINT('',(150.,40.0784443318844,34.1705310344696));
#8674=CARTESIAN_POINT('Ctrl Pts',(150.,42.0395635068417,33.8124138116837));
#8675=CARTESIAN_POINT('Ctrl Pts',(152.,42.0395635068417,33.8124138116837));
#8676=CARTESIAN_POINT('Ctrl Pts',(150.,41.7373822252126,33.9167986608162));
#8677=CARTESIAN_POINT('Ctrl Pts',(152.,41.7373822252126,33.9167986608162));
#8678=CARTESIAN_POINT('Ctrl Pts',(150.,41.1024303246635,34.1361350736738));
#8679=CARTESIAN_POINT('Ctrl Pts',(152.,41.1024303246635,34.1361350736738));
#8680=CARTESIAN_POINT('Ctrl Pts',(150.,40.4305622641709,34.1587032998328));
#8681=CARTESIAN_POINT('Ctrl Pts',(152.,40.4305622641709,34.1587032998328));
#8682=CARTESIAN_POINT('Ctrl Pts',(150.,40.0784443318844,34.1705310344696));
#8683=CARTESIAN_POINT('Ctrl Pts',(152.,40.0784443318844,34.1705310344696));
#8684=CARTESIAN_POINT('',(150.,42.0395635068417,33.8124138116837));
#8685=CARTESIAN_POINT('Ctrl Pts',(150.,40.0784443318844,34.1705310344696));
#8686=CARTESIAN_POINT('Ctrl Pts',(150.,40.4305622641709,34.1587032998328));
#8687=CARTESIAN_POINT('Ctrl Pts',(150.,41.1024303246635,34.1361350736738));
#8688=CARTESIAN_POINT('Ctrl Pts',(150.,41.7373822252126,33.9167986608162));
#8689=CARTESIAN_POINT('Ctrl Pts',(150.,42.0395635068417,33.8124138116837));
#8690=CARTESIAN_POINT('',(152.,42.0395635068417,33.8124138116837));
#8691=CARTESIAN_POINT('Ctrl Pts',(152.,42.0395635068417,33.8124138116837));
#8692=CARTESIAN_POINT('Ctrl Pts',(152.,41.7373822252126,33.9167986608162));
#8693=CARTESIAN_POINT('Ctrl Pts',(152.,41.1024303246635,34.1361350736738));
#8694=CARTESIAN_POINT('Ctrl Pts',(152.,40.4305622641709,34.1587032998328));
#8695=CARTESIAN_POINT('Ctrl Pts',(152.,40.0784443318844,34.1705310344696));
#8696=CARTESIAN_POINT('',(150.,42.0395635068417,33.8124138116837));
#8697=CARTESIAN_POINT('Ctrl Pts',(150.,43.3458386361599,32.7585256099701));
#8698=CARTESIAN_POINT('Ctrl Pts',(152.,43.3458386361599,32.7585256099701));
#8699=CARTESIAN_POINT('Ctrl Pts',(150.,43.1734906545269,32.9778952186842));
#8700=CARTESIAN_POINT('Ctrl Pts',(152.,43.1734906545269,32.9778952186842));
#8701=CARTESIAN_POINT('Ctrl Pts',(150.,42.8191738941274,33.4288800712669));
#8702=CARTESIAN_POINT('Ctrl Pts',(152.,42.8191738941274,33.4288800712669));
#8703=CARTESIAN_POINT('Ctrl Pts',(150.,42.3040956258853,33.6822757392159));
#8704=CARTESIAN_POINT('Ctrl Pts',(152.,42.3040956258853,33.6822757392159));
#8705=CARTESIAN_POINT('Ctrl Pts',(150.,42.0395635068417,33.8124138116837));
#8706=CARTESIAN_POINT('Ctrl Pts',(152.,42.0395635068417,33.8124138116837));
#8707=CARTESIAN_POINT('',(150.,43.3458386361599,32.7585256099701));
#8708=CARTESIAN_POINT('Ctrl Pts',(150.,42.0395635068417,33.8124138116837));
#8709=CARTESIAN_POINT('Ctrl Pts',(150.,42.3040956258853,33.6822757392159));
#8710=CARTESIAN_POINT('Ctrl Pts',(150.,42.8191738941274,33.4288800712669));
#8711=CARTESIAN_POINT('Ctrl Pts',(150.,43.1734906545269,32.9778952186842));
#8712=CARTESIAN_POINT('Ctrl Pts',(150.,43.3458386361599,32.7585256099701));
#8713=CARTESIAN_POINT('',(152.,43.3458386361599,32.7585256099701));
#8714=CARTESIAN_POINT('Ctrl Pts',(152.,43.3458386361599,32.7585256099701));
#8715=CARTESIAN_POINT('Ctrl Pts',(152.,43.1734906545269,32.9778952186842));
#8716=CARTESIAN_POINT('Ctrl Pts',(152.,42.8191738941274,33.4288800712669));
#8717=CARTESIAN_POINT('Ctrl Pts',(152.,42.3040956258853,33.6822757392159));
#8718=CARTESIAN_POINT('Ctrl Pts',(152.,42.0395635068417,33.8124138116837));
#8719=CARTESIAN_POINT('',(150.,43.3458386361599,32.7585256099701));
#8720=CARTESIAN_POINT('Ctrl Pts',(150.,43.8369701802731,31.1828100681305));
#8721=CARTESIAN_POINT('Ctrl Pts',(152.,43.8369701802731,31.1828100681305));
#8722=CARTESIAN_POINT('Ctrl Pts',(150.,43.8091376496966,31.4666734236753));
#8723=CARTESIAN_POINT('Ctrl Pts',(152.,43.8091376496966,31.4666734236753));
#8724=CARTESIAN_POINT('Ctrl Pts',(150.,43.7542874767255,32.0260891084626));
#8725=CARTESIAN_POINT('Ctrl Pts',(152.,43.7542874767255,32.0260891084626));
#8726=CARTESIAN_POINT('Ctrl Pts',(150.,43.4806330564288,32.5168102620509));
#8727=CARTESIAN_POINT('Ctrl Pts',(152.,43.4806330564288,32.5168102620509));
#8728=CARTESIAN_POINT('Ctrl Pts',(150.,43.3458386361599,32.7585256099701));
#8729=CARTESIAN_POINT('Ctrl Pts',(152.,43.3458386361599,32.7585256099701));
#8730=CARTESIAN_POINT('',(150.,43.8369701802731,31.1828100681305));
#8731=CARTESIAN_POINT('Ctrl Pts',(150.,43.3458386361599,32.7585256099701));
#8732=CARTESIAN_POINT('Ctrl Pts',(150.,43.4806330564288,32.5168102620509));
#8733=CARTESIAN_POINT('Ctrl Pts',(150.,43.7542874767255,32.0260891084626));
#8734=CARTESIAN_POINT('Ctrl Pts',(150.,43.8091376496966,31.4666734236753));
#8735=CARTESIAN_POINT('Ctrl Pts',(150.,43.8369701802731,31.1828100681305));
#8736=CARTESIAN_POINT('',(152.,43.8369701802731,31.1828100681305));
#8737=CARTESIAN_POINT('Ctrl Pts',(152.,43.8369701802731,31.1828100681305));
#8738=CARTESIAN_POINT('Ctrl Pts',(152.,43.8091376496966,31.4666734236753));
#8739=CARTESIAN_POINT('Ctrl Pts',(152.,43.7542874767255,32.0260891084626));
#8740=CARTESIAN_POINT('Ctrl Pts',(152.,43.4806330564288,32.5168102620509));
#8741=CARTESIAN_POINT('Ctrl Pts',(152.,43.3458386361599,32.7585256099701));
#8742=CARTESIAN_POINT('',(150.,43.8369701802731,31.1828100681305));
#8743=CARTESIAN_POINT('Origin',(150.,42.5682114064693,31.0873115062714));
#8744=CARTESIAN_POINT('',(150.,42.5682114064693,31.0873115062714));
#8745=CARTESIAN_POINT('',(150.,20.2406419548567,29.4067313861856));
#8746=CARTESIAN_POINT('',(152.,42.5682114064693,31.0873115062714));
#8747=CARTESIAN_POINT('',(152.,43.8369701802731,31.1828100681305));
#8748=CARTESIAN_POINT('',(150.,42.5682114064693,31.0873115062714));
#8749=CARTESIAN_POINT('Ctrl Pts',(150.,41.8758521974087,32.5197803974152));
#8750=CARTESIAN_POINT('Ctrl Pts',(152.,41.8758521974087,32.5197803974152));
#8751=CARTESIAN_POINT('Ctrl Pts',(150.,42.0529979804964,32.3302207608882));
#8752=CARTESIAN_POINT('Ctrl Pts',(152.,42.0529979804964,32.3302207608882));
#8753=CARTESIAN_POINT('Ctrl Pts',(150.,42.4307147498605,31.9260347155712));
#8754=CARTESIAN_POINT('Ctrl Pts',(152.,42.4307147498605,31.9260347155712));
#8755=CARTESIAN_POINT('Ctrl Pts',(150.,42.5205226221976,31.3782108719615));
#8756=CARTESIAN_POINT('Ctrl Pts',(152.,42.5205226221976,31.3782108719615));
#8757=CARTESIAN_POINT('Ctrl Pts',(150.,42.5682114064693,31.0873115062714));
#8758=CARTESIAN_POINT('Ctrl Pts',(152.,42.5682114064693,31.0873115062714));
#8759=CARTESIAN_POINT('',(150.,41.8758521974087,32.5197803974152));
#8760=CARTESIAN_POINT('Ctrl Pts',(150.,42.5682114064693,31.0873115062714));
#8761=CARTESIAN_POINT('Ctrl Pts',(150.,42.5205226221976,31.3782108719615));
#8762=CARTESIAN_POINT('Ctrl Pts',(150.,42.4307147498605,31.9260347155712));
#8763=CARTESIAN_POINT('Ctrl Pts',(150.,42.0529979804964,32.3302207608882));
#8764=CARTESIAN_POINT('Ctrl Pts',(150.,41.8758521974087,32.5197803974152));
#8765=CARTESIAN_POINT('',(152.,41.8758521974087,32.5197803974152));
#8766=CARTESIAN_POINT('Ctrl Pts',(152.,41.8758521974087,32.5197803974152));
#8767=CARTESIAN_POINT('Ctrl Pts',(152.,42.0529979804964,32.3302207608882));
#8768=CARTESIAN_POINT('Ctrl Pts',(152.,42.4307147498605,31.9260347155712));
#8769=CARTESIAN_POINT('Ctrl Pts',(152.,42.5205226221976,31.3782108719615));
#8770=CARTESIAN_POINT('Ctrl Pts',(152.,42.5682114064693,31.0873115062714));
#8771=CARTESIAN_POINT('',(150.,41.8758521974087,32.5197803974152));
#8772=CARTESIAN_POINT('Ctrl Pts',(150.,40.133014768362,33.0040919780731));
#8773=CARTESIAN_POINT('Ctrl Pts',(152.,40.133014768362,33.0040919780731));
#8774=CARTESIAN_POINT('Ctrl Pts',(150.,40.4795785279197,32.9945236727465));
#8775=CARTESIAN_POINT('Ctrl Pts',(152.,40.4795785279197,32.9945236727465));
#8776=CARTESIAN_POINT('Ctrl Pts',(150.,41.1035875653238,32.9772953595377));
#8777=CARTESIAN_POINT('Ctrl Pts',(152.,41.1035875653238,32.9772953595377));
#8778=CARTESIAN_POINT('Ctrl Pts',(150.,41.6381682995173,32.6605921541925));
#8779=CARTESIAN_POINT('Ctrl Pts',(152.,41.6381682995173,32.6605921541925));
#8780=CARTESIAN_POINT('Ctrl Pts',(150.,41.8758521974087,32.5197803974152));
#8781=CARTESIAN_POINT('Ctrl Pts',(152.,41.8758521974087,32.5197803974152));
#8782=CARTESIAN_POINT('',(150.,40.133014768362,33.0040919780731));
#8783=CARTESIAN_POINT('Ctrl Pts',(150.,41.8758521974087,32.5197803974152));
#8784=CARTESIAN_POINT('Ctrl Pts',(150.,41.6381682995173,32.6605921541925));
#8785=CARTESIAN_POINT('Ctrl Pts',(150.,41.1035875653238,32.9772953595377));
#8786=CARTESIAN_POINT('Ctrl Pts',(150.,40.4795785279197,32.9945236727465));
#8787=CARTESIAN_POINT('Ctrl Pts',(150.,40.133014768362,33.0040919780731));
#8788=CARTESIAN_POINT('',(152.,40.133014768362,33.0040919780731));
#8789=CARTESIAN_POINT('Ctrl Pts',(152.,40.133014768362,33.0040919780731));
#8790=CARTESIAN_POINT('Ctrl Pts',(152.,40.4795785279197,32.9945236727465));
#8791=CARTESIAN_POINT('Ctrl Pts',(152.,41.1035875653238,32.9772953595377));
#8792=CARTESIAN_POINT('Ctrl Pts',(152.,41.6381682995173,32.6605921541925));
#8793=CARTESIAN_POINT('Ctrl Pts',(152.,41.8758521974087,32.5197803974152));
#8794=CARTESIAN_POINT('',(150.,40.133014768362,33.0040919780731));
#8795=CARTESIAN_POINT('Ctrl Pts',(150.,38.3833549916744,32.5641191005707));
#8796=CARTESIAN_POINT('Ctrl Pts',(152.,38.3833549916744,32.5641191005707));
#8797=CARTESIAN_POINT('Ctrl Pts',(150.,38.6157870958222,32.6918010226943));
#8798=CARTESIAN_POINT('Ctrl Pts',(152.,38.6157870958222,32.6918010226943));
#8799=CARTESIAN_POINT('Ctrl Pts',(150.,39.1573006039203,32.9892706249396));
#8800=CARTESIAN_POINT('Ctrl Pts',(152.,39.1573006039203,32.9892706249396));
#8801=CARTESIAN_POINT('Ctrl Pts',(150.,39.7784686741776,32.9987063302517));
#8802=CARTESIAN_POINT('Ctrl Pts',(152.,39.7784686741776,32.9987063302517));
#8803=CARTESIAN_POINT('Ctrl Pts',(150.,40.133014768362,33.0040919780731));
#8804=CARTESIAN_POINT('Ctrl Pts',(152.,40.133014768362,33.0040919780731));
#8805=CARTESIAN_POINT('',(150.,38.3833549916744,32.5641191005707));
#8806=CARTESIAN_POINT('Ctrl Pts',(150.,40.133014768362,33.0040919780731));
#8807=CARTESIAN_POINT('Ctrl Pts',(150.,39.7784686741776,32.9987063302517));
#8808=CARTESIAN_POINT('Ctrl Pts',(150.,39.1573006039203,32.9892706249396));
#8809=CARTESIAN_POINT('Ctrl Pts',(150.,38.6157870958222,32.6918010226943));
#8810=CARTESIAN_POINT('Ctrl Pts',(150.,38.3833549916744,32.5641191005707));
#8811=CARTESIAN_POINT('',(152.,38.3833549916744,32.5641191005707));
#8812=CARTESIAN_POINT('Ctrl Pts',(152.,38.3833549916744,32.5641191005707));
#8813=CARTESIAN_POINT('Ctrl Pts',(152.,38.6157870958222,32.6918010226943));
#8814=CARTESIAN_POINT('Ctrl Pts',(152.,39.1573006039203,32.9892706249396));
#8815=CARTESIAN_POINT('Ctrl Pts',(152.,39.7784686741776,32.9987063302517));
#8816=CARTESIAN_POINT('Ctrl Pts',(152.,40.133014768362,33.0040919780731));
#8817=CARTESIAN_POINT('',(150.,38.3833549916744,32.5641191005707));
#8818=CARTESIAN_POINT('Ctrl Pts',(150.,37.8342424333096,31.5034091472626));
#8819=CARTESIAN_POINT('Ctrl Pts',(152.,37.8342424333096,31.5034091472626));
#8820=CARTESIAN_POINT('Ctrl Pts',(150.,37.8602780339662,31.7052518504167));
#8821=CARTESIAN_POINT('Ctrl Pts',(152.,37.8602780339662,31.7052518504167));
#8822=CARTESIAN_POINT('Ctrl Pts',(150.,37.9143160143475,32.1241848405552));
#8823=CARTESIAN_POINT('Ctrl Pts',(152.,37.9143160143475,32.1241848405552));
#8824=CARTESIAN_POINT('Ctrl Pts',(150.,38.2232605268061,32.4139587869528));
#8825=CARTESIAN_POINT('Ctrl Pts',(152.,38.2232605268061,32.4139587869528));
#8826=CARTESIAN_POINT('Ctrl Pts',(150.,38.3833549916744,32.5641191005707));
#8827=CARTESIAN_POINT('Ctrl Pts',(152.,38.3833549916744,32.5641191005707));
#8828=CARTESIAN_POINT('',(150.,37.8342424333096,31.5034091472626));
#8829=CARTESIAN_POINT('Ctrl Pts',(150.,38.3833549916744,32.5641191005707));
#8830=CARTESIAN_POINT('Ctrl Pts',(150.,38.2232605268061,32.4139587869528));
#8831=CARTESIAN_POINT('Ctrl Pts',(150.,37.9143160143475,32.1241848405552));
#8832=CARTESIAN_POINT('Ctrl Pts',(150.,37.8602780339662,31.7052518504167));
#8833=CARTESIAN_POINT('Ctrl Pts',(150.,37.8342424333096,31.5034091472626));
#8834=CARTESIAN_POINT('',(152.,37.8342424333096,31.5034091472626));
#8835=CARTESIAN_POINT('Ctrl Pts',(152.,37.8342424333096,31.5034091472626));
#8836=CARTESIAN_POINT('Ctrl Pts',(152.,37.8602780339662,31.7052518504167));
#8837=CARTESIAN_POINT('Ctrl Pts',(152.,37.9143160143475,32.1241848405552));
#8838=CARTESIAN_POINT('Ctrl Pts',(152.,38.2232605268061,32.4139587869528));
#8839=CARTESIAN_POINT('Ctrl Pts',(152.,38.3833549916744,32.5641191005707));
#8840=CARTESIAN_POINT('',(150.,37.8342424333096,31.5034091472626));
#8841=CARTESIAN_POINT('Ctrl Pts',(150.,38.2230554521084,30.6166434288025));
#8842=CARTESIAN_POINT('Ctrl Pts',(152.,38.2230554521084,30.6166434288025));
#8843=CARTESIAN_POINT('Ctrl Pts',(150.,38.1096543962819,30.7413794465849));
#8844=CARTESIAN_POINT('Ctrl Pts',(152.,38.1096543962819,30.7413794465849));
#8845=CARTESIAN_POINT('Ctrl Pts',(150.,37.8807369622959,30.9931782407695));
#8846=CARTESIAN_POINT('Ctrl Pts',(152.,37.8807369622959,30.9931782407695));
#8847=CARTESIAN_POINT('Ctrl Pts',(150.,37.8498357908817,31.3322876595783));
#8848=CARTESIAN_POINT('Ctrl Pts',(152.,37.8498357908817,31.3322876595783));
#8849=CARTESIAN_POINT('Ctrl Pts',(150.,37.8342424333096,31.5034091472626));
#8850=CARTESIAN_POINT('Ctrl Pts',(152.,37.8342424333096,31.5034091472626));
#8851=CARTESIAN_POINT('',(150.,38.2230554521084,30.6166434288025));
#8852=CARTESIAN_POINT('Ctrl Pts',(150.,37.8342424333096,31.5034091472626));
#8853=CARTESIAN_POINT('Ctrl Pts',(150.,37.8498357908817,31.3322876595783));
#8854=CARTESIAN_POINT('Ctrl Pts',(150.,37.8807369622959,30.9931782407695));
#8855=CARTESIAN_POINT('Ctrl Pts',(150.,38.1096543962819,30.7413794465849));
#8856=CARTESIAN_POINT('Ctrl Pts',(150.,38.2230554521084,30.6166434288025));
#8857=CARTESIAN_POINT('',(152.,38.2230554521084,30.6166434288025));
#8858=CARTESIAN_POINT('Ctrl Pts',(152.,38.2230554521084,30.6166434288025));
#8859=CARTESIAN_POINT('Ctrl Pts',(152.,38.1096543962819,30.7413794465849));
#8860=CARTESIAN_POINT('Ctrl Pts',(152.,37.8807369622959,30.9931782407695));
#8861=CARTESIAN_POINT('Ctrl Pts',(152.,37.8498357908817,31.3322876595783));
#8862=CARTESIAN_POINT('Ctrl Pts',(152.,37.8342424333096,31.5034091472626));
#8863=CARTESIAN_POINT('',(150.,38.2230554521084,30.6166434288025));
#8864=CARTESIAN_POINT('Ctrl Pts',(150.,40.2182804048061,29.9038195610046));
#8865=CARTESIAN_POINT('Ctrl Pts',(152.,40.2182804048061,29.9038195610046));
#8866=CARTESIAN_POINT('Ctrl Pts',(150.,39.7726229028681,29.99699389803));
#8867=CARTESIAN_POINT('Ctrl Pts',(152.,39.7726229028681,29.99699389803));
#8868=CARTESIAN_POINT('Ctrl Pts',(150.,39.0721108751992,30.1434510842605));
#8869=CARTESIAN_POINT('Ctrl Pts',(152.,39.0721108751992,30.1434510842605));
#8870=CARTESIAN_POINT('Ctrl Pts',(150.,38.4495503156778,30.4904141714367));
#8871=CARTESIAN_POINT('Ctrl Pts',(152.,38.4495503156778,30.4904141714367));
#8872=CARTESIAN_POINT('Ctrl Pts',(150.,38.2230554521084,30.6166434288025));
#8873=CARTESIAN_POINT('Ctrl Pts',(152.,38.2230554521084,30.6166434288025));
#8874=CARTESIAN_POINT('',(150.,40.2182804048061,29.9038195610046));
#8875=CARTESIAN_POINT('Ctrl Pts',(150.,38.2230554521084,30.6166434288025));
#8876=CARTESIAN_POINT('Ctrl Pts',(150.,38.4495503156778,30.4904141714367));
#8877=CARTESIAN_POINT('Ctrl Pts',(150.,39.0721108751992,30.1434510842605));
#8878=CARTESIAN_POINT('Ctrl Pts',(150.,39.7726229028681,29.99699389803));
#8879=CARTESIAN_POINT('Ctrl Pts',(150.,40.2182804048061,29.9038195610046));
#8880=CARTESIAN_POINT('',(152.,40.2182804048061,29.9038195610046));
#8881=CARTESIAN_POINT('Ctrl Pts',(152.,40.2182804048061,29.9038195610046));
#8882=CARTESIAN_POINT('Ctrl Pts',(152.,39.7726229028681,29.99699389803));
#8883=CARTESIAN_POINT('Ctrl Pts',(152.,39.0721108751992,30.1434510842605));
#8884=CARTESIAN_POINT('Ctrl Pts',(152.,38.4495503156778,30.4904141714367));
#8885=CARTESIAN_POINT('Ctrl Pts',(152.,38.2230554521084,30.6166434288025));
#8886=CARTESIAN_POINT('',(150.,40.2182804048061,29.9038195610046));
#8887=CARTESIAN_POINT('Ctrl Pts',(150.,42.4317859113216,29.2660295963287));
#8888=CARTESIAN_POINT('Ctrl Pts',(152.,42.4317859113216,29.2660295963287));
#8889=CARTESIAN_POINT('Ctrl Pts',(150.,42.1487552840179,29.3695915442403));
#8890=CARTESIAN_POINT('Ctrl Pts',(152.,42.1487552840179,29.3695915442403));
#8891=CARTESIAN_POINT('Ctrl Pts',(150.,41.4263573270963,29.6339196146646));
#8892=CARTESIAN_POINT('Ctrl Pts',(152.,41.4263573270963,29.6339196146646));
#8893=CARTESIAN_POINT('Ctrl Pts',(150.,40.6751623046782,29.8017462592272));
#8894=CARTESIAN_POINT('Ctrl Pts',(152.,40.6751623046782,29.8017462592272));
#8895=CARTESIAN_POINT('Ctrl Pts',(150.,40.2182804048061,29.9038195610046));
#8896=CARTESIAN_POINT('Ctrl Pts',(152.,40.2182804048061,29.9038195610046));
#8897=CARTESIAN_POINT('',(150.,42.4317859113216,29.2660295963287));
#8898=CARTESIAN_POINT('Ctrl Pts',(150.,40.2182804048061,29.9038195610046));
#8899=CARTESIAN_POINT('Ctrl Pts',(150.,40.6751623046782,29.8017462592272));
#8900=CARTESIAN_POINT('Ctrl Pts',(150.,41.4263573270963,29.6339196146646));
#8901=CARTESIAN_POINT('Ctrl Pts',(150.,42.1487552840179,29.3695915442403));
#8902=CARTESIAN_POINT('Ctrl Pts',(150.,42.4317859113216,29.2660295963287));
#8903=CARTESIAN_POINT('',(152.,42.4317859113216,29.2660295963287));
#8904=CARTESIAN_POINT('Ctrl Pts',(152.,42.4317859113216,29.2660295963287));
#8905=CARTESIAN_POINT('Ctrl Pts',(152.,42.1487552840179,29.3695915442403));
#8906=CARTESIAN_POINT('Ctrl Pts',(152.,41.4263573270963,29.6339196146646));
#8907=CARTESIAN_POINT('Ctrl Pts',(152.,40.6751623046782,29.8017462592272));
#8908=CARTESIAN_POINT('Ctrl Pts',(152.,40.2182804048061,29.9038195610046));
#8909=CARTESIAN_POINT('',(150.,42.4317859113216,29.2660295963287));
#8910=CARTESIAN_POINT('Ctrl Pts',(150.,43.7210081517696,28.2462477684021));
#8911=CARTESIAN_POINT('Ctrl Pts',(152.,43.7210081517696,28.2462477684021));
#8912=CARTESIAN_POINT('Ctrl Pts',(150.,43.5545569129362,28.4469340412695));
#8913=CARTESIAN_POINT('Ctrl Pts',(152.,43.5545569129362,28.4469340412695));
#8914=CARTESIAN_POINT('Ctrl Pts',(150.,43.1976687349382,28.8772255715387));
#8915=CARTESIAN_POINT('Ctrl Pts',(152.,43.1976687349382,28.8772255715387));
#8916=CARTESIAN_POINT('Ctrl Pts',(150.,42.6982680735955,29.1307486707981));
#8917=CARTESIAN_POINT('Ctrl Pts',(152.,42.6982680735955,29.1307486707981));
#8918=CARTESIAN_POINT('Ctrl Pts',(150.,42.4317859113216,29.2660295963287));
#8919=CARTESIAN_POINT('Ctrl Pts',(152.,42.4317859113216,29.2660295963287));
#8920=CARTESIAN_POINT('',(150.,43.7210081517696,28.2462477684021));
#8921=CARTESIAN_POINT('Ctrl Pts',(150.,42.4317859113216,29.2660295963287));
#8922=CARTESIAN_POINT('Ctrl Pts',(150.,42.6982680735955,29.1307486707981));
#8923=CARTESIAN_POINT('Ctrl Pts',(150.,43.1976687349382,28.8772255715387));
#8924=CARTESIAN_POINT('Ctrl Pts',(150.,43.5545569129362,28.4469340412695));
#8925=CARTESIAN_POINT('Ctrl Pts',(150.,43.7210081517696,28.2462477684021));
#8926=CARTESIAN_POINT('',(152.,43.7210081517696,28.2462477684021));
#8927=CARTESIAN_POINT('Ctrl Pts',(152.,43.7210081517696,28.2462477684021));
#8928=CARTESIAN_POINT('Ctrl Pts',(152.,43.5545569129362,28.4469340412695));
#8929=CARTESIAN_POINT('Ctrl Pts',(152.,43.1976687349382,28.8772255715387));
#8930=CARTESIAN_POINT('Ctrl Pts',(152.,42.6982680735955,29.1307486707981));
#8931=CARTESIAN_POINT('Ctrl Pts',(152.,42.4317859113216,29.2660295963287));
#8932=CARTESIAN_POINT('',(150.,43.7210081517696,28.2462477684021));
#8933=CARTESIAN_POINT('Ctrl Pts',(150.,44.1371069848537,26.8240106105804));
#8934=CARTESIAN_POINT('Ctrl Pts',(152.,44.1371069848537,26.8240106105804));
#8935=CARTESIAN_POINT('Ctrl Pts',(150.,44.1212609149295,27.0822555610659));
#8936=CARTESIAN_POINT('Ctrl Pts',(152.,44.1212609149295,27.0822555610659));
#8937=CARTESIAN_POINT('Ctrl Pts',(150.,44.0902156904061,27.5882026197514));
#8938=CARTESIAN_POINT('Ctrl Pts',(152.,44.0902156904061,27.5882026197514));
#8939=CARTESIAN_POINT('Ctrl Pts',(150.,43.8423557093627,28.0299678628789));
#8940=CARTESIAN_POINT('Ctrl Pts',(152.,43.8423557093627,28.0299678628789));
#8941=CARTESIAN_POINT('Ctrl Pts',(150.,43.7210081517696,28.2462477684021));
#8942=CARTESIAN_POINT('Ctrl Pts',(152.,43.7210081517696,28.2462477684021));
#8943=CARTESIAN_POINT('',(150.,44.1371069848537,26.8240106105804));
#8944=CARTESIAN_POINT('Ctrl Pts',(150.,43.7210081517696,28.2462477684021));
#8945=CARTESIAN_POINT('Ctrl Pts',(150.,43.8423557093627,28.0299678628789));
#8946=CARTESIAN_POINT('Ctrl Pts',(150.,44.0902156904061,27.5882026197514));
#8947=CARTESIAN_POINT('Ctrl Pts',(150.,44.1212609149295,27.0822555610659));
#8948=CARTESIAN_POINT('Ctrl Pts',(150.,44.1371069848537,26.8240106105804));
#8949=CARTESIAN_POINT('',(152.,44.1371069848537,26.8240106105804));
#8950=CARTESIAN_POINT('Ctrl Pts',(152.,44.1371069848537,26.8240106105804));
#8951=CARTESIAN_POINT('Ctrl Pts',(152.,44.1212609149295,27.0822555610659));
#8952=CARTESIAN_POINT('Ctrl Pts',(152.,44.0902156904061,27.5882026197514));
#8953=CARTESIAN_POINT('Ctrl Pts',(152.,43.8423557093627,28.0299678628789));
#8954=CARTESIAN_POINT('Ctrl Pts',(152.,43.7210081517696,28.2462477684021));
#8955=CARTESIAN_POINT('',(150.,44.1371069848537,26.8240106105804));
#8956=CARTESIAN_POINT('Ctrl Pts',(150.,43.6800812184811,25.3199183940887));
#8957=CARTESIAN_POINT('Ctrl Pts',(152.,43.6800812184811,25.3199183940887));
#8958=CARTESIAN_POINT('Ctrl Pts',(150.,43.8133724507455,25.5571853692713));
#8959=CARTESIAN_POINT('Ctrl Pts',(152.,43.8133724507455,25.5571853692713));
#8960=CARTESIAN_POINT('Ctrl Pts',(150.,44.0762915655924,26.0251983213433));
#8961=CARTESIAN_POINT('Ctrl Pts',(152.,44.0762915655924,26.0251983213433));
#8962=CARTESIAN_POINT('Ctrl Pts',(150.,44.1170243601519,26.5602247548415));
#8963=CARTESIAN_POINT('Ctrl Pts',(152.,44.1170243601519,26.5602247548415));
#8964=CARTESIAN_POINT('Ctrl Pts',(150.,44.1371069848537,26.8240106105804));
#8965=CARTESIAN_POINT('Ctrl Pts',(152.,44.1371069848537,26.8240106105804));
#8966=CARTESIAN_POINT('',(150.,43.6800812184811,25.3199183940887));
#8967=CARTESIAN_POINT('Ctrl Pts',(150.,44.1371069848537,26.8240106105804));
#8968=CARTESIAN_POINT('Ctrl Pts',(150.,44.1170243601519,26.5602247548415));
#8969=CARTESIAN_POINT('Ctrl Pts',(150.,44.0762915655924,26.0251983213433));
#8970=CARTESIAN_POINT('Ctrl Pts',(150.,43.8133724507455,25.5571853692713));
#8971=CARTESIAN_POINT('Ctrl Pts',(150.,43.6800812184811,25.3199183940887));
#8972=CARTESIAN_POINT('',(152.,43.6800812184811,25.3199183940887));
#8973=CARTESIAN_POINT('Ctrl Pts',(152.,43.6800812184811,25.3199183940887));
#8974=CARTESIAN_POINT('Ctrl Pts',(152.,43.8133724507455,25.5571853692713));
#8975=CARTESIAN_POINT('Ctrl Pts',(152.,44.0762915655924,26.0251983213433));
#8976=CARTESIAN_POINT('Ctrl Pts',(152.,44.1170243601519,26.5602247548415));
#8977=CARTESIAN_POINT('Ctrl Pts',(152.,44.1371069848537,26.8240106105804));
#8978=CARTESIAN_POINT('',(150.,43.6800812184811,25.3199183940887));
#8979=CARTESIAN_POINT('Ctrl Pts',(150.,42.3669837415218,24.2216908931732));
#8980=CARTESIAN_POINT('Ctrl Pts',(152.,42.3669837415218,24.2216908931732));
#8981=CARTESIAN_POINT('Ctrl Pts',(150.,42.6332587454944,24.3617854631816));
#8982=CARTESIAN_POINT('Ctrl Pts',(152.,42.6332587454944,24.3617854631816));
#8983=CARTESIAN_POINT('Ctrl Pts',(150.,43.1503090915093,24.6338198066872));
#8984=CARTESIAN_POINT('Ctrl Pts',(152.,43.1503090915093,24.6338198066872));
#8985=CARTESIAN_POINT('Ctrl Pts',(150.,43.5070552460341,25.0958354927134));
#8986=CARTESIAN_POINT('Ctrl Pts',(152.,43.5070552460341,25.0958354927134));
#8987=CARTESIAN_POINT('Ctrl Pts',(150.,43.6800812184811,25.3199183940887));
#8988=CARTESIAN_POINT('Ctrl Pts',(152.,43.6800812184811,25.3199183940887));
#8989=CARTESIAN_POINT('',(150.,42.3669837415218,24.2216908931732));
#8990=CARTESIAN_POINT('Ctrl Pts',(150.,43.6800812184811,25.3199183940887));
#8991=CARTESIAN_POINT('Ctrl Pts',(150.,43.5070552460341,25.0958354927134));
#8992=CARTESIAN_POINT('Ctrl Pts',(150.,43.1503090915093,24.6338198066872));
#8993=CARTESIAN_POINT('Ctrl Pts',(150.,42.6332587454944,24.3617854631816));
#8994=CARTESIAN_POINT('Ctrl Pts',(150.,42.3669837415218,24.2216908931732));
#8995=CARTESIAN_POINT('',(152.,42.3669837415218,24.2216908931732));
#8996=CARTESIAN_POINT('Ctrl Pts',(152.,42.3669837415218,24.2216908931732));
#8997=CARTESIAN_POINT('Ctrl Pts',(152.,42.6332587454944,24.3617854631816));
#8998=CARTESIAN_POINT('Ctrl Pts',(152.,43.1503090915093,24.6338198066872));
#8999=CARTESIAN_POINT('Ctrl Pts',(152.,43.5070552460341,25.0958354927134));
#9000=CARTESIAN_POINT('Ctrl Pts',(152.,43.6800812184811,25.3199183940887));
#9001=CARTESIAN_POINT('',(150.,42.3669837415218,24.2216908931732));
#9002=CARTESIAN_POINT('Ctrl Pts',(150.,40.4399727284908,23.8294672966003));
#9003=CARTESIAN_POINT('Ctrl Pts',(152.,40.4399727284908,23.8294672966003));
#9004=CARTESIAN_POINT('Ctrl Pts',(150.,40.7829091120425,23.8435239513782));
#9005=CARTESIAN_POINT('Ctrl Pts',(152.,40.7829091120425,23.8435239513782));
#9006=CARTESIAN_POINT('Ctrl Pts',(150.,41.4467092846869,23.8707325250843));
#9007=CARTESIAN_POINT('Ctrl Pts',(152.,41.4467092846869,23.8707325250843));
#9008=CARTESIAN_POINT('Ctrl Pts',(150.,42.0671019943475,24.1073271750169));
#9009=CARTESIAN_POINT('Ctrl Pts',(152.,42.0671019943475,24.1073271750169));
#9010=CARTESIAN_POINT('Ctrl Pts',(150.,42.3669837415218,24.2216908931732));
#9011=CARTESIAN_POINT('Ctrl Pts',(152.,42.3669837415218,24.2216908931732));
#9012=CARTESIAN_POINT('',(150.,40.4399727284908,23.8294672966003));
#9013=CARTESIAN_POINT('Ctrl Pts',(150.,42.3669837415218,24.2216908931732));
#9014=CARTESIAN_POINT('Ctrl Pts',(150.,42.0671019943475,24.1073271750169));
#9015=CARTESIAN_POINT('Ctrl Pts',(150.,41.4467092846869,23.8707325250843));
#9016=CARTESIAN_POINT('Ctrl Pts',(150.,40.7829091120425,23.8435239513782));
#9017=CARTESIAN_POINT('Ctrl Pts',(150.,40.4399727284908,23.8294672966003));
#9018=CARTESIAN_POINT('',(152.,40.4399727284908,23.8294672966003));
#9019=CARTESIAN_POINT('Ctrl Pts',(152.,40.4399727284908,23.8294672966003));
#9020=CARTESIAN_POINT('Ctrl Pts',(152.,40.7829091120425,23.8435239513782));
#9021=CARTESIAN_POINT('Ctrl Pts',(152.,41.4467092846869,23.8707325250843));
#9022=CARTESIAN_POINT('Ctrl Pts',(152.,42.0671019943475,24.1073271750169));
#9023=CARTESIAN_POINT('Ctrl Pts',(152.,42.3669837415218,24.2216908931732));
#9024=CARTESIAN_POINT('',(150.,40.4399727284908,23.8294672966003));
#9025=CARTESIAN_POINT('Ctrl Pts',(150.,38.1650744378567,24.2251026630402));
#9026=CARTESIAN_POINT('Ctrl Pts',(152.,38.1650744378567,24.2251026630402));
#9027=CARTESIAN_POINT('Ctrl Pts',(150.,38.5045917186968,24.109896999548));
#9028=CARTESIAN_POINT('Ctrl Pts',(152.,38.5045917186968,24.109896999548));
#9029=CARTESIAN_POINT('Ctrl Pts',(150.,39.2413786081956,23.8598890404627));
#9030=CARTESIAN_POINT('Ctrl Pts',(152.,39.2413786081956,23.8598890404627));
#9031=CARTESIAN_POINT('Ctrl Pts',(150.,40.0200950434867,23.8401242914666));
#9032=CARTESIAN_POINT('Ctrl Pts',(152.,40.0200950434867,23.8401242914666));
#9033=CARTESIAN_POINT('Ctrl Pts',(150.,40.4399727284908,23.8294672966003));
#9034=CARTESIAN_POINT('Ctrl Pts',(152.,40.4399727284908,23.8294672966003));
#9035=CARTESIAN_POINT('',(150.,38.1650744378567,24.2251026630402));
#9036=CARTESIAN_POINT('Ctrl Pts',(150.,40.4399727284908,23.8294672966003));
#9037=CARTESIAN_POINT('Ctrl Pts',(150.,40.0200950434867,23.8401242914666));
#9038=CARTESIAN_POINT('Ctrl Pts',(150.,39.2413786081956,23.8598890404627));
#9039=CARTESIAN_POINT('Ctrl Pts',(150.,38.5045917186968,24.109896999548));
#9040=CARTESIAN_POINT('Ctrl Pts',(150.,38.1650744378567,24.2251026630402));
#9041=CARTESIAN_POINT('',(152.,38.1650744378567,24.2251026630402));
#9042=CARTESIAN_POINT('Ctrl Pts',(152.,38.1650744378567,24.2251026630402));
#9043=CARTESIAN_POINT('Ctrl Pts',(152.,38.5045917186968,24.109896999548));
#9044=CARTESIAN_POINT('Ctrl Pts',(152.,39.2413786081956,23.8598890404627));
#9045=CARTESIAN_POINT('Ctrl Pts',(152.,40.0200950434867,23.8401242914666));
#9046=CARTESIAN_POINT('Ctrl Pts',(152.,40.4399727284908,23.8294672966003));
#9047=CARTESIAN_POINT('',(150.,38.1650744378567,24.2251026630402));
#9048=CARTESIAN_POINT('Ctrl Pts',(150.,36.7257843911648,25.415415763855));
#9049=CARTESIAN_POINT('Ctrl Pts',(152.,36.7257843911648,25.415415763855));
#9050=CARTESIAN_POINT('Ctrl Pts',(150.,36.9181893247521,25.1663053760196));
#9051=CARTESIAN_POINT('Ctrl Pts',(152.,36.9181893247521,25.1663053760196));
#9052=CARTESIAN_POINT('Ctrl Pts',(150.,37.3081621855316,24.6613999726976));
#9053=CARTESIAN_POINT('Ctrl Pts',(152.,37.3081621855316,24.6613999726976));
#9054=CARTESIAN_POINT('Ctrl Pts',(150.,37.8769269918523,24.3718130819135));
#9055=CARTESIAN_POINT('Ctrl Pts',(152.,37.8769269918523,24.3718130819135));
#9056=CARTESIAN_POINT('Ctrl Pts',(150.,38.1650744378567,24.2251026630402));
#9057=CARTESIAN_POINT('Ctrl Pts',(152.,38.1650744378567,24.2251026630402));
#9058=CARTESIAN_POINT('',(150.,36.7257843911648,25.415415763855));
#9059=CARTESIAN_POINT('Ctrl Pts',(150.,38.1650744378567,24.2251026630402));
#9060=CARTESIAN_POINT('Ctrl Pts',(150.,37.8769269918523,24.3718130819135));
#9061=CARTESIAN_POINT('Ctrl Pts',(150.,37.3081621855316,24.6613999726976));
#9062=CARTESIAN_POINT('Ctrl Pts',(150.,36.9181893247521,25.1663053760196));
#9063=CARTESIAN_POINT('Ctrl Pts',(150.,36.7257843911648,25.415415763855));
#9064=CARTESIAN_POINT('',(152.,36.7257843911648,25.415415763855));
#9065=CARTESIAN_POINT('Ctrl Pts',(152.,36.7257843911648,25.415415763855));
#9066=CARTESIAN_POINT('Ctrl Pts',(152.,36.9181893247521,25.1663053760196));
#9067=CARTESIAN_POINT('Ctrl Pts',(152.,37.3081621855316,24.6613999726976));
#9068=CARTESIAN_POINT('Ctrl Pts',(152.,37.8769269918523,24.3718130819135));
#9069=CARTESIAN_POINT('Ctrl Pts',(152.,38.1650744378567,24.2251026630402));
#9070=CARTESIAN_POINT('',(150.,36.7257843911648,25.415415763855));
#9071=CARTESIAN_POINT('Ctrl Pts',(150.,36.176670640707,27.2128236293793));
#9072=CARTESIAN_POINT('Ctrl Pts',(152.,36.176670640707,27.2128236293793));
#9073=CARTESIAN_POINT('Ctrl Pts',(150.,36.2051091019868,26.8891892335887));
#9074=CARTESIAN_POINT('Ctrl Pts',(152.,36.2051091019868,26.8891892335887));
#9075=CARTESIAN_POINT('Ctrl Pts',(150.,36.2611893212825,26.2509870570013));
#9076=CARTESIAN_POINT('Ctrl Pts',(152.,36.2611893212825,26.2509870570013));
#9077=CARTESIAN_POINT('Ctrl Pts',(150.,36.5723930725476,25.6912890797015));
#9078=CARTESIAN_POINT('Ctrl Pts',(152.,36.5723930725476,25.6912890797015));
#9079=CARTESIAN_POINT('Ctrl Pts',(150.,36.7257843911648,25.415415763855));
#9080=CARTESIAN_POINT('Ctrl Pts',(152.,36.7257843911648,25.415415763855));
#9081=CARTESIAN_POINT('Ctrl Pts',(150.,36.7257843911648,25.415415763855));
#9082=CARTESIAN_POINT('Ctrl Pts',(150.,36.5723930725476,25.6912890797015));
#9083=CARTESIAN_POINT('Ctrl Pts',(150.,36.2611893212825,26.2509870570013));
#9084=CARTESIAN_POINT('Ctrl Pts',(150.,36.2051091019868,26.8891892335887));
#9085=CARTESIAN_POINT('Ctrl Pts',(150.,36.176670640707,27.2128236293793));
#9086=CARTESIAN_POINT('Ctrl Pts',(152.,36.176670640707,27.2128236293793));
#9087=CARTESIAN_POINT('Ctrl Pts',(152.,36.2051091019868,26.8891892335887));
#9088=CARTESIAN_POINT('Ctrl Pts',(152.,36.2611893212825,26.2509870570013));
#9089=CARTESIAN_POINT('Ctrl Pts',(152.,36.5723930725476,25.6912890797015));
#9090=CARTESIAN_POINT('Ctrl Pts',(152.,36.7257843911648,25.415415763855));
#9091=CARTESIAN_POINT('Origin',(152.,39.9999986588955,28.999999165535));
#9092=CARTESIAN_POINT('Origin',(150.,49.3758498132229,29.7980892658234));
#9093=CARTESIAN_POINT('',(150.,47.2135029733181,29.7980892658234));
#9094=CARTESIAN_POINT('',(150.,49.3758498132229,29.7980892658234));
#9095=CARTESIAN_POINT('',(150.,24.6879249066114,29.7980892658234));
#9096=CARTESIAN_POINT('',(152.,47.2135029733181,29.7980892658234));
#9097=CARTESIAN_POINT('',(150.,47.2135029733181,29.7980892658234));
#9098=CARTESIAN_POINT('',(152.,49.3758498132229,29.7980892658234));
#9099=CARTESIAN_POINT('',(152.,47.2135029733181,29.7980892658234));
#9100=CARTESIAN_POINT('',(150.,49.3758498132229,29.7980892658234));
#9101=CARTESIAN_POINT('Ctrl Pts',(150.,50.6377898156643,29.9140512943268));
#9102=CARTESIAN_POINT('Ctrl Pts',(152.,50.6377898156643,29.9140512943268));
#9103=CARTESIAN_POINT('Ctrl Pts',(150.,50.4694369187705,29.8805240612856));
#9104=CARTESIAN_POINT('Ctrl Pts',(152.,50.4694369187705,29.8805240612856));
#9105=CARTESIAN_POINT('Ctrl Pts',(150.,50.0534125982164,29.797673426676));
#9106=CARTESIAN_POINT('Ctrl Pts',(152.,50.0534125982164,29.797673426676));
#9107=CARTESIAN_POINT('Ctrl Pts',(150.,49.6286960022205,29.7979340870769));
#9108=CARTESIAN_POINT('Ctrl Pts',(152.,49.6286960022205,29.7979340870769));
#9109=CARTESIAN_POINT('Ctrl Pts',(150.,49.3758498132229,29.7980892658234));
#9110=CARTESIAN_POINT('Ctrl Pts',(152.,49.3758498132229,29.7980892658234));
#9111=CARTESIAN_POINT('',(150.,50.6377898156643,29.9140512943268));
#9112=CARTESIAN_POINT('Ctrl Pts',(150.,49.3758498132229,29.7980892658234));
#9113=CARTESIAN_POINT('Ctrl Pts',(150.,49.6286960022205,29.7979340870769));
#9114=CARTESIAN_POINT('Ctrl Pts',(150.,50.0534125982164,29.797673426676));
#9115=CARTESIAN_POINT('Ctrl Pts',(150.,50.4694369187705,29.8805240612856));
#9116=CARTESIAN_POINT('Ctrl Pts',(150.,50.6377898156643,29.9140512943268));
#9117=CARTESIAN_POINT('',(152.,50.6377898156643,29.9140512943268));
#9118=CARTESIAN_POINT('Ctrl Pts',(152.,50.6377898156643,29.9140512943268));
#9119=CARTESIAN_POINT('Ctrl Pts',(152.,50.4694369187705,29.8805240612856));
#9120=CARTESIAN_POINT('Ctrl Pts',(152.,50.0534125982164,29.797673426676));
#9121=CARTESIAN_POINT('Ctrl Pts',(152.,49.6286960022205,29.7979340870769));
#9122=CARTESIAN_POINT('Ctrl Pts',(152.,49.3758498132229,29.7980892658234));
#9123=CARTESIAN_POINT('',(150.,50.6377898156643,29.9140512943268));
#9124=CARTESIAN_POINT('Ctrl Pts',(150.,51.398359388113,30.4120051860809));
#9125=CARTESIAN_POINT('Ctrl Pts',(152.,51.398359388113,30.4120051860809));
#9126=CARTESIAN_POINT('Ctrl Pts',(150.,51.2986201369831,30.3031285946457));
#9127=CARTESIAN_POINT('Ctrl Pts',(152.,51.2986201369831,30.3031285946457));
#9128=CARTESIAN_POINT('Ctrl Pts',(150.,51.0878678945897,30.0730688585921));
#9129=CARTESIAN_POINT('Ctrl Pts',(152.,51.0878678945897,30.0730688585921));
#9130=CARTESIAN_POINT('Ctrl Pts',(150.,50.793072327935,29.9689143237222));
#9131=CARTESIAN_POINT('Ctrl Pts',(152.,50.793072327935,29.9689143237222));
#9132=CARTESIAN_POINT('Ctrl Pts',(150.,50.6377898156643,29.9140512943268));
#9133=CARTESIAN_POINT('Ctrl Pts',(152.,50.6377898156643,29.9140512943268));
#9134=CARTESIAN_POINT('',(150.,51.398359388113,30.4120051860809));
#9135=CARTESIAN_POINT('Ctrl Pts',(150.,50.6377898156643,29.9140512943268));
#9136=CARTESIAN_POINT('Ctrl Pts',(150.,50.793072327935,29.9689143237222));
#9137=CARTESIAN_POINT('Ctrl Pts',(150.,51.0878678945897,30.0730688585921));
#9138=CARTESIAN_POINT('Ctrl Pts',(150.,51.2986201369831,30.3031285946457));
#9139=CARTESIAN_POINT('Ctrl Pts',(150.,51.398359388113,30.4120051860809));
#9140=CARTESIAN_POINT('',(152.,51.398359388113,30.4120051860809));
#9141=CARTESIAN_POINT('Ctrl Pts',(152.,51.398359388113,30.4120051860809));
#9142=CARTESIAN_POINT('Ctrl Pts',(152.,51.2986201369831,30.3031285946457));
#9143=CARTESIAN_POINT('Ctrl Pts',(152.,51.0878678945897,30.0730688585921));
#9144=CARTESIAN_POINT('Ctrl Pts',(152.,50.793072327935,29.9689143237222));
#9145=CARTESIAN_POINT('Ctrl Pts',(152.,50.6377898156643,29.9140512943268));
#9146=CARTESIAN_POINT('',(150.,51.398359388113,30.4120051860809));
#9147=CARTESIAN_POINT('Ctrl Pts',(150.,51.6541586816311,31.2851297855377));
#9148=CARTESIAN_POINT('Ctrl Pts',(152.,51.6541586816311,31.2851297855377));
#9149=CARTESIAN_POINT('Ctrl Pts',(150.,51.645931172548,31.1208732212969));
#9150=CARTESIAN_POINT('Ctrl Pts',(152.,51.645931172548,31.1208732212969));
#9151=CARTESIAN_POINT('Ctrl Pts',(150.,51.6302987076536,30.8087818035585));
#9152=CARTESIAN_POINT('Ctrl Pts',(152.,51.6302987076536,30.8087818035585));
#9153=CARTESIAN_POINT('Ctrl Pts',(150.,51.4729120228918,30.5395417431));
#9154=CARTESIAN_POINT('Ctrl Pts',(152.,51.4729120228918,30.5395417431));
#9155=CARTESIAN_POINT('Ctrl Pts',(150.,51.398359388113,30.4120051860809));
#9156=CARTESIAN_POINT('Ctrl Pts',(152.,51.398359388113,30.4120051860809));
#9157=CARTESIAN_POINT('',(150.,51.6541586816311,31.2851297855377));
#9158=CARTESIAN_POINT('Ctrl Pts',(150.,51.398359388113,30.4120051860809));
#9159=CARTESIAN_POINT('Ctrl Pts',(150.,51.4729120228918,30.5395417431));
#9160=CARTESIAN_POINT('Ctrl Pts',(150.,51.6302987076536,30.8087818035585));
#9161=CARTESIAN_POINT('Ctrl Pts',(150.,51.645931172548,31.1208732212969));
#9162=CARTESIAN_POINT('Ctrl Pts',(150.,51.6541586816311,31.2851297855377));
#9163=CARTESIAN_POINT('',(152.,51.6541586816311,31.2851297855377));
#9164=CARTESIAN_POINT('Ctrl Pts',(152.,51.6541586816311,31.2851297855377));
#9165=CARTESIAN_POINT('Ctrl Pts',(152.,51.645931172548,31.1208732212969));
#9166=CARTESIAN_POINT('Ctrl Pts',(152.,51.6302987076536,30.8087818035585));
#9167=CARTESIAN_POINT('Ctrl Pts',(152.,51.4729120228918,30.5395417431));
#9168=CARTESIAN_POINT('Ctrl Pts',(152.,51.398359388113,30.4120051860809));
#9169=CARTESIAN_POINT('',(150.,51.6541586816311,31.2851297855377));
#9170=CARTESIAN_POINT('Ctrl Pts',(150.,51.4154158532619,32.1616637706757));
#9171=CARTESIAN_POINT('Ctrl Pts',(152.,51.4154158532619,32.1616637706757));
#9172=CARTESIAN_POINT('Ctrl Pts',(150.,51.4850337106677,32.0282715590231));
#9173=CARTESIAN_POINT('Ctrl Pts',(152.,51.4850337106677,32.0282715590231));
#9174=CARTESIAN_POINT('Ctrl Pts',(150.,51.6283207534746,31.7537245354084));
#9175=CARTESIAN_POINT('Ctrl Pts',(152.,51.6283207534746,31.7537245354084));
#9176=CARTESIAN_POINT('Ctrl Pts',(150.,51.6453852108925,31.4442448005404));
#9177=CARTESIAN_POINT('Ctrl Pts',(152.,51.6453852108925,31.4442448005404));
#9178=CARTESIAN_POINT('Ctrl Pts',(150.,51.6541586816311,31.2851297855377));
#9179=CARTESIAN_POINT('Ctrl Pts',(152.,51.6541586816311,31.2851297855377));
#9180=CARTESIAN_POINT('',(150.,51.4154158532619,32.1616637706757));
#9181=CARTESIAN_POINT('Ctrl Pts',(150.,51.6541586816311,31.2851297855377));
#9182=CARTESIAN_POINT('Ctrl Pts',(150.,51.6453852108925,31.4442448005404));
#9183=CARTESIAN_POINT('Ctrl Pts',(150.,51.6283207534746,31.7537245354084));
#9184=CARTESIAN_POINT('Ctrl Pts',(150.,51.4850337106677,32.0282715590231));
#9185=CARTESIAN_POINT('Ctrl Pts',(150.,51.4154158532619,32.1616637706757));
#9186=CARTESIAN_POINT('',(152.,51.4154158532619,32.1616637706757));
#9187=CARTESIAN_POINT('Ctrl Pts',(152.,51.4154158532619,32.1616637706757));
#9188=CARTESIAN_POINT('Ctrl Pts',(152.,51.4850337106677,32.0282715590231));
#9189=CARTESIAN_POINT('Ctrl Pts',(152.,51.6283207534746,31.7537245354084));
#9190=CARTESIAN_POINT('Ctrl Pts',(152.,51.6453852108925,31.4442448005404));
#9191=CARTESIAN_POINT('Ctrl Pts',(152.,51.6541586816311,31.2851297855377));
#9192=CARTESIAN_POINT('',(150.,51.4154158532619,32.1616637706757));
#9193=CARTESIAN_POINT('Ctrl Pts',(150.,50.7332859933376,32.6800817251205));
#9194=CARTESIAN_POINT('Ctrl Pts',(152.,50.7332859933376,32.6800817251205));
#9195=CARTESIAN_POINT('Ctrl Pts',(150.,50.8721277382007,32.624191277344));
#9196=CARTESIAN_POINT('Ctrl Pts',(152.,50.8721277382007,32.624191277344));
#9197=CARTESIAN_POINT('Ctrl Pts',(150.,51.1469471472559,32.5135633113464));
#9198=CARTESIAN_POINT('Ctrl Pts',(152.,51.1469471472559,32.5135633113464));
#9199=CARTESIAN_POINT('Ctrl Pts',(150.,51.3265502066233,32.2781458020407));
#9200=CARTESIAN_POINT('Ctrl Pts',(152.,51.3265502066233,32.2781458020407));
#9201=CARTESIAN_POINT('Ctrl Pts',(150.,51.4154158532619,32.1616637706757));
#9202=CARTESIAN_POINT('Ctrl Pts',(152.,51.4154158532619,32.1616637706757));
#9203=CARTESIAN_POINT('',(150.,50.7332859933376,32.6800817251205));
#9204=CARTESIAN_POINT('Ctrl Pts',(150.,51.4154158532619,32.1616637706757));
#9205=CARTESIAN_POINT('Ctrl Pts',(150.,51.3265502066233,32.2781458020407));
#9206=CARTESIAN_POINT('Ctrl Pts',(150.,51.1469471472559,32.5135633113464));
#9207=CARTESIAN_POINT('Ctrl Pts',(150.,50.8721277382007,32.624191277344));
#9208=CARTESIAN_POINT('Ctrl Pts',(150.,50.7332859933376,32.6800817251205));
#9209=CARTESIAN_POINT('',(152.,50.7332859933376,32.6800817251205));
#9210=CARTESIAN_POINT('Ctrl Pts',(152.,50.7332859933376,32.6800817251205));
#9211=CARTESIAN_POINT('Ctrl Pts',(152.,50.8721277382007,32.624191277344));
#9212=CARTESIAN_POINT('Ctrl Pts',(152.,51.1469471472559,32.5135633113464));
#9213=CARTESIAN_POINT('Ctrl Pts',(152.,51.3265502066233,32.2781458020407));
#9214=CARTESIAN_POINT('Ctrl Pts',(152.,51.4154158532619,32.1616637706757));
#9215=CARTESIAN_POINT('',(150.,50.7332859933376,32.6800817251205));
#9216=CARTESIAN_POINT('Ctrl Pts',(150.,49.2121420800686,32.8199177980423));
#9217=CARTESIAN_POINT('Ctrl Pts',(152.,49.2121420800686,32.8199177980423));
#9218=CARTESIAN_POINT('Ctrl Pts',(150.,49.5198309905151,32.8205740540027));
#9219=CARTESIAN_POINT('Ctrl Pts',(152.,49.5198309905151,32.8205740540027));
#9220=CARTESIAN_POINT('Ctrl Pts',(150.,50.0319185662678,32.8216662627644));
#9221=CARTESIAN_POINT('Ctrl Pts',(152.,50.0319185662678,32.8216662627644));
#9222=CARTESIAN_POINT('Ctrl Pts',(150.,50.5332004121122,32.7204728573768));
#9223=CARTESIAN_POINT('Ctrl Pts',(152.,50.5332004121122,32.7204728573768));
#9224=CARTESIAN_POINT('Ctrl Pts',(150.,50.7332859933376,32.6800817251205));
#9225=CARTESIAN_POINT('Ctrl Pts',(152.,50.7332859933376,32.6800817251205));
#9226=CARTESIAN_POINT('',(150.,49.2121420800686,32.8199177980423));
#9227=CARTESIAN_POINT('Ctrl Pts',(150.,50.7332859933376,32.6800817251205));
#9228=CARTESIAN_POINT('Ctrl Pts',(150.,50.5332004121122,32.7204728573768));
#9229=CARTESIAN_POINT('Ctrl Pts',(150.,50.0319185662678,32.8216662627644));
#9230=CARTESIAN_POINT('Ctrl Pts',(150.,49.5198309905151,32.8205740540027));
#9231=CARTESIAN_POINT('Ctrl Pts',(150.,49.2121420800686,32.8199177980423));
#9232=CARTESIAN_POINT('',(152.,49.2121420800686,32.8199177980423));
#9233=CARTESIAN_POINT('Ctrl Pts',(152.,49.2121420800686,32.8199177980423));
#9234=CARTESIAN_POINT('Ctrl Pts',(152.,49.5198309905151,32.8205740540027));
#9235=CARTESIAN_POINT('Ctrl Pts',(152.,50.0319185662678,32.8216662627644));
#9236=CARTESIAN_POINT('Ctrl Pts',(152.,50.5332004121122,32.7204728573768));
#9237=CARTESIAN_POINT('Ctrl Pts',(152.,50.7332859933376,32.6800817251205));
#9238=CARTESIAN_POINT('',(150.,49.2121420800686,32.8199177980423));
#9239=CARTESIAN_POINT('Origin',(150.,47.2135029733181,32.8199177980423));
#9240=CARTESIAN_POINT('',(150.,47.2135029733181,32.8199177980423));
#9241=CARTESIAN_POINT('',(150.,23.606751486659,32.8199177980423));
#9242=CARTESIAN_POINT('',(152.,47.2135029733181,32.8199177980423));
#9243=CARTESIAN_POINT('',(152.,49.2121420800686,32.8199177980423));
#9244=CARTESIAN_POINT('',(150.,47.2135029733181,32.8199177980423));
#9245=CARTESIAN_POINT('Origin',(150.,47.2135029733181,29.7980892658234));
#9246=CARTESIAN_POINT('',(150.,47.2135029733181,14.8990446329117));
#9247=CARTESIAN_POINT('',(152.,47.2135029733181,32.8199177980423));
#9248=CARTESIAN_POINT('Origin',(150.,49.7032748162746,25.1800811290741));
#9249=CARTESIAN_POINT('',(150.,47.2135029733181,25.1800811290741));
#9250=CARTESIAN_POINT('',(150.,49.7032748162746,25.1800811290741));
#9251=CARTESIAN_POINT('',(150.,24.8516374081373,25.1800811290741));
#9252=CARTESIAN_POINT('',(152.,47.2135029733181,25.1800811290741));
#9253=CARTESIAN_POINT('',(150.,47.2135029733181,25.1800811290741));
#9254=CARTESIAN_POINT('',(152.,49.7032748162746,25.1800811290741));
#9255=CARTESIAN_POINT('',(152.,47.2135029733181,25.1800811290741));
#9256=CARTESIAN_POINT('',(150.,49.7032748162746,25.1800811290741));
#9257=CARTESIAN_POINT('Ctrl Pts',(150.,50.603681653738,25.2278304100037));
#9258=CARTESIAN_POINT('Ctrl Pts',(152.,50.603681653738,25.2278304100037));
#9259=CARTESIAN_POINT('Ctrl Pts',(150.,50.485559835376,25.2140479309991));
#9260=CARTESIAN_POINT('Ctrl Pts',(152.,50.485559835376,25.2140479309991));
#9261=CARTESIAN_POINT('Ctrl Pts',(150.,50.1865873974303,25.1791637630606));
#9262=CARTESIAN_POINT('Ctrl Pts',(152.,50.1865873974303,25.1791637630606));
#9263=CARTESIAN_POINT('Ctrl Pts',(150.,49.8854406759244,25.179735363673));
#9264=CARTESIAN_POINT('Ctrl Pts',(152.,49.8854406759244,25.179735363673));
#9265=CARTESIAN_POINT('Ctrl Pts',(150.,49.7032748162746,25.1800811290741));
#9266=CARTESIAN_POINT('Ctrl Pts',(152.,49.7032748162746,25.1800811290741));
#9267=CARTESIAN_POINT('',(150.,50.603681653738,25.2278304100037));
#9268=CARTESIAN_POINT('Ctrl Pts',(150.,49.7032748162746,25.1800811290741));
#9269=CARTESIAN_POINT('Ctrl Pts',(150.,49.8854406759244,25.179735363673));
#9270=CARTESIAN_POINT('Ctrl Pts',(150.,50.1865873974303,25.1791637630606));
#9271=CARTESIAN_POINT('Ctrl Pts',(150.,50.485559835376,25.2140479309991));
#9272=CARTESIAN_POINT('Ctrl Pts',(150.,50.603681653738,25.2278304100037));
#9273=CARTESIAN_POINT('',(152.,50.603681653738,25.2278304100037));
#9274=CARTESIAN_POINT('Ctrl Pts',(152.,50.603681653738,25.2278304100037));
#9275=CARTESIAN_POINT('Ctrl Pts',(152.,50.485559835376,25.2140479309991));
#9276=CARTESIAN_POINT('Ctrl Pts',(152.,50.1865873974303,25.1791637630606));
#9277=CARTESIAN_POINT('Ctrl Pts',(152.,49.8854406759244,25.179735363673));
#9278=CARTESIAN_POINT('Ctrl Pts',(152.,49.7032748162746,25.1800811290741));
#9279=CARTESIAN_POINT('',(150.,50.603681653738,25.2278304100037));
#9280=CARTESIAN_POINT('Ctrl Pts',(150.,51.3676653802395,25.5006814002991));
#9281=CARTESIAN_POINT('Ctrl Pts',(152.,51.3676653802395,25.5006814002991));
#9282=CARTESIAN_POINT('Ctrl Pts',(150.,51.2547616060085,25.4408311882924));
#9283=CARTESIAN_POINT('Ctrl Pts',(152.,51.2547616060085,25.4408311882924));
#9284=CARTESIAN_POINT('Ctrl Pts',(150.,51.0135394250363,25.3129594783321));
#9285=CARTESIAN_POINT('Ctrl Pts',(152.,51.0135394250363,25.3129594783321));
#9286=CARTESIAN_POINT('Ctrl Pts',(150.,50.7459997047238,25.2573904279786));
#9287=CARTESIAN_POINT('Ctrl Pts',(152.,50.7459997047238,25.2573904279786));
#9288=CARTESIAN_POINT('Ctrl Pts',(150.,50.603681653738,25.2278304100037));
#9289=CARTESIAN_POINT('Ctrl Pts',(152.,50.603681653738,25.2278304100037));
#9290=CARTESIAN_POINT('',(150.,51.3676653802395,25.5006814002991));
#9291=CARTESIAN_POINT('Ctrl Pts',(150.,50.603681653738,25.2278304100037));
#9292=CARTESIAN_POINT('Ctrl Pts',(150.,50.7459997047238,25.2573904279786));
#9293=CARTESIAN_POINT('Ctrl Pts',(150.,51.0135394250363,25.3129594783321));
#9294=CARTESIAN_POINT('Ctrl Pts',(150.,51.2547616060085,25.4408311882924));
#9295=CARTESIAN_POINT('Ctrl Pts',(150.,51.3676653802395,25.5006814002991));
#9296=CARTESIAN_POINT('',(152.,51.3676653802395,25.5006814002991));
#9297=CARTESIAN_POINT('Ctrl Pts',(152.,51.3676653802395,25.5006814002991));
#9298=CARTESIAN_POINT('Ctrl Pts',(152.,51.2547616060085,25.4408311882924));
#9299=CARTESIAN_POINT('Ctrl Pts',(152.,51.0135394250363,25.3129594783321));
#9300=CARTESIAN_POINT('Ctrl Pts',(152.,50.7459997047238,25.2573904279786));
#9301=CARTESIAN_POINT('Ctrl Pts',(152.,50.603681653738,25.2278304100037));
#9302=CARTESIAN_POINT('',(150.,51.3676653802395,25.5006814002991));
#9303=CARTESIAN_POINT('Ctrl Pts',(150.,51.8724404275417,26.0566163063049));
#9304=CARTESIAN_POINT('Ctrl Pts',(152.,51.8724404275417,26.0566163063049));
#9305=CARTESIAN_POINT('Ctrl Pts',(150.,51.8039363430804,25.9434785462224));
#9306=CARTESIAN_POINT('Ctrl Pts',(152.,51.8039363430804,25.9434785462224));
#9307=CARTESIAN_POINT('Ctrl Pts',(150.,51.6717234724581,25.7251226897226));
#9308=CARTESIAN_POINT('Ctrl Pts',(152.,51.6717234724581,25.7251226897226));
#9309=CARTESIAN_POINT('Ctrl Pts',(150.,51.4665374104974,25.5736640523874));
#9310=CARTESIAN_POINT('Ctrl Pts',(152.,51.4665374104974,25.5736640523874));
#9311=CARTESIAN_POINT('Ctrl Pts',(150.,51.3676653802395,25.5006814002991));
#9312=CARTESIAN_POINT('Ctrl Pts',(152.,51.3676653802395,25.5006814002991));
#9313=CARTESIAN_POINT('',(150.,51.8724404275417,26.0566163063049));
#9314=CARTESIAN_POINT('Ctrl Pts',(150.,51.3676653802395,25.5006814002991));
#9315=CARTESIAN_POINT('Ctrl Pts',(150.,51.4665374104974,25.5736640523874));
#9316=CARTESIAN_POINT('Ctrl Pts',(150.,51.6717234724581,25.7251226897226));
#9317=CARTESIAN_POINT('Ctrl Pts',(150.,51.8039363430804,25.9434785462224));
#9318=CARTESIAN_POINT('Ctrl Pts',(150.,51.8724404275417,26.0566163063049));
#9319=CARTESIAN_POINT('',(152.,51.8724404275417,26.0566163063049));
#9320=CARTESIAN_POINT('Ctrl Pts',(152.,51.8724404275417,26.0566163063049));
#9321=CARTESIAN_POINT('Ctrl Pts',(152.,51.8039363430804,25.9434785462224));
#9322=CARTESIAN_POINT('Ctrl Pts',(152.,51.6717234724581,25.7251226897226));
#9323=CARTESIAN_POINT('Ctrl Pts',(152.,51.4665374104974,25.5736640523874));
#9324=CARTESIAN_POINT('Ctrl Pts',(152.,51.3676653802395,25.5006814002991));
#9325=CARTESIAN_POINT('',(150.,51.8724404275417,26.0566163063049));
#9326=CARTESIAN_POINT('Ctrl Pts',(150.,52.0702563226223,26.8990445137024));
#9327=CARTESIAN_POINT('Ctrl Pts',(152.,52.0702563226223,26.8990445137024));
#9328=CARTESIAN_POINT('Ctrl Pts',(150.,52.0632900141078,26.7469789770989));
#9329=CARTESIAN_POINT('Ctrl Pts',(152.,52.0632900141078,26.7469789770989));
#9330=CARTESIAN_POINT('Ctrl Pts',(150.,52.0498493153464,26.4535858456817));
#9331=CARTESIAN_POINT('Ctrl Pts',(152.,52.0498493153464,26.4535858456817));
#9332=CARTESIAN_POINT('Ctrl Pts',(150.,51.930116010736,26.1856710001099));
#9333=CARTESIAN_POINT('Ctrl Pts',(152.,51.930116010736,26.1856710001099));
#9334=CARTESIAN_POINT('Ctrl Pts',(150.,51.8724404275417,26.0566163063049));
#9335=CARTESIAN_POINT('Ctrl Pts',(152.,51.8724404275417,26.0566163063049));
#9336=CARTESIAN_POINT('',(150.,52.0702563226223,26.8990445137024));
#9337=CARTESIAN_POINT('Ctrl Pts',(150.,51.8724404275417,26.0566163063049));
#9338=CARTESIAN_POINT('Ctrl Pts',(150.,51.930116010736,26.1856710001099));
#9339=CARTESIAN_POINT('Ctrl Pts',(150.,52.0498493153464,26.4535858456817));
#9340=CARTESIAN_POINT('Ctrl Pts',(150.,52.0632900141078,26.7469789770989));
#9341=CARTESIAN_POINT('Ctrl Pts',(150.,52.0702563226223,26.8990445137024));
#9342=CARTESIAN_POINT('',(152.,52.0702563226223,26.8990445137024));
#9343=CARTESIAN_POINT('Ctrl Pts',(152.,52.0702563226223,26.8990445137024));
#9344=CARTESIAN_POINT('Ctrl Pts',(152.,52.0632900141078,26.7469789770989));
#9345=CARTESIAN_POINT('Ctrl Pts',(152.,52.0498493153464,26.4535858456817));
#9346=CARTESIAN_POINT('Ctrl Pts',(152.,51.930116010736,26.1856710001099));
#9347=CARTESIAN_POINT('Ctrl Pts',(152.,51.8724404275417,26.0566163063049));
#9348=CARTESIAN_POINT('',(150.,52.0702563226223,26.8990445137024));
#9349=CARTESIAN_POINT('Ctrl Pts',(150.,51.7837630212307,27.8710782527924));
#9350=CARTESIAN_POINT('Ctrl Pts',(152.,51.7837630212307,27.8710782527924));
#9351=CARTESIAN_POINT('Ctrl Pts',(150.,51.8673032191742,27.7248649599835));
#9352=CARTESIAN_POINT('Ctrl Pts',(152.,51.8673032191742,27.7248649599835));
#9353=CARTESIAN_POINT('Ctrl Pts',(150.,52.0393288527461,27.4237831460633));
#9354=CARTESIAN_POINT('Ctrl Pts',(152.,52.0393288527461,27.4237831460633));
#9355=CARTESIAN_POINT('Ctrl Pts',(150.,52.0597514690156,27.0772777328053));
#9356=CARTESIAN_POINT('Ctrl Pts',(152.,52.0597514690156,27.0772777328053));
#9357=CARTESIAN_POINT('Ctrl Pts',(150.,52.0702563226223,26.8990445137024));
#9358=CARTESIAN_POINT('Ctrl Pts',(152.,52.0702563226223,26.8990445137024));
#9359=CARTESIAN_POINT('',(150.,51.7837630212307,27.8710782527924));
#9360=CARTESIAN_POINT('Ctrl Pts',(150.,52.0702563226223,26.8990445137024));
#9361=CARTESIAN_POINT('Ctrl Pts',(150.,52.0597514690156,27.0772777328053));
#9362=CARTESIAN_POINT('Ctrl Pts',(150.,52.0393288527461,27.4237831460633));
#9363=CARTESIAN_POINT('Ctrl Pts',(150.,51.8673032191742,27.7248649599835));
#9364=CARTESIAN_POINT('Ctrl Pts',(150.,51.7837630212307,27.8710782527924));
#9365=CARTESIAN_POINT('',(152.,51.7837630212307,27.8710782527924));
#9366=CARTESIAN_POINT('Ctrl Pts',(152.,51.7837630212307,27.8710782527924));
#9367=CARTESIAN_POINT('Ctrl Pts',(152.,51.8673032191742,27.7248649599835));
#9368=CARTESIAN_POINT('Ctrl Pts',(152.,52.0393288527461,27.4237831460633));
#9369=CARTESIAN_POINT('Ctrl Pts',(152.,52.0597514690156,27.0772777328053));
#9370=CARTESIAN_POINT('Ctrl Pts',(152.,52.0702563226223,26.8990445137024));
#9371=CARTESIAN_POINT('',(150.,51.7837630212307,27.8710782527924));
#9372=CARTESIAN_POINT('Ctrl Pts',(150.,50.9890852868557,28.4508860111237));
#9373=CARTESIAN_POINT('Ctrl Pts',(152.,50.9890852868557,28.4508860111237));
#9374=CARTESIAN_POINT('Ctrl Pts',(150.,51.1483985164428,28.3861497778979));
#9375=CARTESIAN_POINT('Ctrl Pts',(152.,51.1483985164428,28.3861497778979));
#9376=CARTESIAN_POINT('Ctrl Pts',(150.,51.4617035608688,28.2588396450274));
#9377=CARTESIAN_POINT('Ctrl Pts',(152.,51.4617035608688,28.2588396450274));
#9378=CARTESIAN_POINT('Ctrl Pts',(150.,51.6776323682981,27.9988601527363));
#9379=CARTESIAN_POINT('Ctrl Pts',(152.,51.6776323682981,27.9988601527363));
#9380=CARTESIAN_POINT('Ctrl Pts',(150.,51.7837630212307,27.8710782527924));
#9381=CARTESIAN_POINT('Ctrl Pts',(152.,51.7837630212307,27.8710782527924));
#9382=CARTESIAN_POINT('',(150.,50.9890852868557,28.4508860111237));
#9383=CARTESIAN_POINT('Ctrl Pts',(150.,51.7837630212307,27.8710782527924));
#9384=CARTESIAN_POINT('Ctrl Pts',(150.,51.6776323682981,27.9988601527363));
#9385=CARTESIAN_POINT('Ctrl Pts',(150.,51.4617035608688,28.2588396450274));
#9386=CARTESIAN_POINT('Ctrl Pts',(150.,51.1483985164428,28.3861497778979));
#9387=CARTESIAN_POINT('Ctrl Pts',(150.,50.9890852868557,28.4508860111237));
#9388=CARTESIAN_POINT('',(152.,50.9890852868557,28.4508860111237));
#9389=CARTESIAN_POINT('Ctrl Pts',(152.,50.9890852868557,28.4508860111237));
#9390=CARTESIAN_POINT('Ctrl Pts',(152.,51.1483985164428,28.3861497778979));
#9391=CARTESIAN_POINT('Ctrl Pts',(152.,51.4617035608688,28.2588396450274));
#9392=CARTESIAN_POINT('Ctrl Pts',(152.,51.6776323682981,27.9988601527363));
#9393=CARTESIAN_POINT('Ctrl Pts',(152.,51.7837630212307,27.8710782527924));
#9394=CARTESIAN_POINT('',(150.,50.9890852868557,28.4508860111237));
#9395=CARTESIAN_POINT('Ctrl Pts',(150.,49.5259200036526,28.6180078983307));
#9396=CARTESIAN_POINT('Ctrl Pts',(152.,49.5259200036526,28.6180078983307));
#9397=CARTESIAN_POINT('Ctrl Pts',(150.,49.8085113001038,28.6160452423674));
#9398=CARTESIAN_POINT('Ctrl Pts',(152.,49.8085113001038,28.6160452423674));
#9399=CARTESIAN_POINT('Ctrl Pts',(150.,50.3027755045167,28.6126124735581));
#9400=CARTESIAN_POINT('Ctrl Pts',(152.,50.3027755045167,28.6126124735581));
#9401=CARTESIAN_POINT('Ctrl Pts',(150.,50.7832975688795,28.4993791559064));
#9402=CARTESIAN_POINT('Ctrl Pts',(152.,50.7832975688795,28.4993791559064));
#9403=CARTESIAN_POINT('Ctrl Pts',(150.,50.9890852868557,28.4508860111237));
#9404=CARTESIAN_POINT('Ctrl Pts',(152.,50.9890852868557,28.4508860111237));
#9405=CARTESIAN_POINT('',(150.,49.5259200036526,28.6180078983307));
#9406=CARTESIAN_POINT('Ctrl Pts',(150.,50.9890852868557,28.4508860111237));
#9407=CARTESIAN_POINT('Ctrl Pts',(150.,50.7832975688795,28.4993791559064));
#9408=CARTESIAN_POINT('Ctrl Pts',(150.,50.3027755045167,28.6126124735581));
#9409=CARTESIAN_POINT('Ctrl Pts',(150.,49.8085113001038,28.6160452423674));
#9410=CARTESIAN_POINT('Ctrl Pts',(150.,49.5259200036526,28.6180078983307));
#9411=CARTESIAN_POINT('',(152.,49.5259200036526,28.6180078983307));
#9412=CARTESIAN_POINT('Ctrl Pts',(152.,49.5259200036526,28.6180078983307));
#9413=CARTESIAN_POINT('Ctrl Pts',(152.,49.8085113001038,28.6160452423674));
#9414=CARTESIAN_POINT('Ctrl Pts',(152.,50.3027755045167,28.6126124735581));
#9415=CARTESIAN_POINT('Ctrl Pts',(152.,50.7832975688795,28.4993791559064));
#9416=CARTESIAN_POINT('Ctrl Pts',(152.,50.9890852868557,28.4508860111237));
#9417=CARTESIAN_POINT('',(150.,49.5259200036526,28.6180078983307));
#9418=CARTESIAN_POINT('Origin',(150.,47.2135029733181,28.6180078983307));
#9419=CARTESIAN_POINT('',(150.,47.2135029733181,28.6180078983307));
#9420=CARTESIAN_POINT('',(150.,23.606751486659,28.6180078983307));
#9421=CARTESIAN_POINT('',(152.,47.2135029733181,28.6180078983307));
#9422=CARTESIAN_POINT('',(152.,49.5259200036526,28.6180078983307));
#9423=CARTESIAN_POINT('',(150.,47.2135029733181,28.6180078983307));
#9424=CARTESIAN_POINT('Origin',(150.,47.2135029733181,25.1800811290741));
#9425=CARTESIAN_POINT('',(150.,47.2135029733181,12.590040564537));
#9426=CARTESIAN_POINT('',(152.,47.2135029733181,28.6180078983307));
#9427=CARTESIAN_POINT('Origin',(150.,45.8901749551296,33.9999997615814));
#9428=CARTESIAN_POINT('',(150.,45.8901749551296,23.9999997615814));
#9429=CARTESIAN_POINT('',(150.,45.8901749551296,33.9999997615814));
#9430=CARTESIAN_POINT('',(150.,45.8901749551296,16.9999998807907));
#9431=CARTESIAN_POINT('',(152.,45.8901749551296,23.9999997615814));
#9432=CARTESIAN_POINT('',(150.,45.8901749551296,23.9999997615814));
#9433=CARTESIAN_POINT('',(152.,45.8901749551296,33.9999997615814));
#9434=CARTESIAN_POINT('',(152.,45.8901749551296,23.9999997615814));
#9435=CARTESIAN_POINT('',(150.,45.8901749551296,33.9999997615814));
#9436=CARTESIAN_POINT('Origin',(150.,49.641882032156,33.9999997615814));
#9437=CARTESIAN_POINT('',(150.,49.641882032156,33.9999997615814));
#9438=CARTESIAN_POINT('',(150.,24.820941016078,33.9999997615814));
#9439=CARTESIAN_POINT('',(152.,49.641882032156,33.9999997615814));
#9440=CARTESIAN_POINT('',(152.,45.8901749551296,33.9999997615814));
#9441=CARTESIAN_POINT('',(150.,49.641882032156,33.9999997615814));
#9442=CARTESIAN_POINT('Ctrl Pts',(150.,51.4802180230618,33.6964529752731));
#9443=CARTESIAN_POINT('Ctrl Pts',(152.,51.4802180230618,33.6964529752731));
#9444=CARTESIAN_POINT('Ctrl Pts',(150.,51.2138127921239,33.7847315220222));
#9445=CARTESIAN_POINT('Ctrl Pts',(152.,51.2138127921239,33.7847315220222));
#9446=CARTESIAN_POINT('Ctrl Pts',(150.,50.6179895237125,33.982169132648));
#9447=CARTESIAN_POINT('Ctrl Pts',(152.,50.6179895237125,33.982169132648));
#9448=CARTESIAN_POINT('Ctrl Pts',(150.,49.9894101982534,33.9936514384437));
#9449=CARTESIAN_POINT('Ctrl Pts',(152.,49.9894101982534,33.9936514384437));
#9450=CARTESIAN_POINT('Ctrl Pts',(150.,49.641882032156,33.9999997615814));
#9451=CARTESIAN_POINT('Ctrl Pts',(152.,49.641882032156,33.9999997615814));
#9452=CARTESIAN_POINT('',(150.,51.4802180230618,33.6964529752731));
#9453=CARTESIAN_POINT('Ctrl Pts',(150.,49.641882032156,33.9999997615814));
#9454=CARTESIAN_POINT('Ctrl Pts',(150.,49.9894101982534,33.9936514384437));
#9455=CARTESIAN_POINT('Ctrl Pts',(150.,50.6179895237125,33.982169132648));
#9456=CARTESIAN_POINT('Ctrl Pts',(150.,51.2138127921239,33.7847315220222));
#9457=CARTESIAN_POINT('Ctrl Pts',(150.,51.4802180230618,33.6964529752731));
#9458=CARTESIAN_POINT('',(152.,51.4802180230618,33.6964529752731));
#9459=CARTESIAN_POINT('Ctrl Pts',(152.,51.4802180230618,33.6964529752731));
#9460=CARTESIAN_POINT('Ctrl Pts',(152.,51.2138127921239,33.7847315220222));
#9461=CARTESIAN_POINT('Ctrl Pts',(152.,50.6179895237125,33.982169132648));
#9462=CARTESIAN_POINT('Ctrl Pts',(152.,49.9894101982534,33.9936514384437));
#9463=CARTESIAN_POINT('Ctrl Pts',(152.,49.641882032156,33.9999997615814));
#9464=CARTESIAN_POINT('',(150.,51.4802180230618,33.6964529752731));
#9465=CARTESIAN_POINT('Ctrl Pts',(150.,52.5647984445095,32.7619367837906));
#9466=CARTESIAN_POINT('Ctrl Pts',(152.,52.5647984445095,32.7619367837906));
#9467=CARTESIAN_POINT('Ctrl Pts',(150.,52.4210188595119,32.9588499633656));
#9468=CARTESIAN_POINT('Ctrl Pts',(152.,52.4210188595119,32.9588499633656));
#9469=CARTESIAN_POINT('Ctrl Pts',(150.,52.1321152949463,33.3545175366868));
#9470=CARTESIAN_POINT('Ctrl Pts',(152.,52.1321152949463,33.3545175366868));
#9471=CARTESIAN_POINT('Ctrl Pts',(150.,51.6981901947455,33.5821214489134));
#9472=CARTESIAN_POINT('Ctrl Pts',(152.,51.6981901947455,33.5821214489134));
#9473=CARTESIAN_POINT('Ctrl Pts',(150.,51.4802180230618,33.6964529752731));
#9474=CARTESIAN_POINT('Ctrl Pts',(152.,51.4802180230618,33.6964529752731));
#9475=CARTESIAN_POINT('',(150.,52.5647984445095,32.7619367837906));
#9476=CARTESIAN_POINT('Ctrl Pts',(150.,51.4802180230618,33.6964529752731));
#9477=CARTESIAN_POINT('Ctrl Pts',(150.,51.6981901947455,33.5821214489134));
#9478=CARTESIAN_POINT('Ctrl Pts',(150.,52.1321152949463,33.3545175366868));
#9479=CARTESIAN_POINT('Ctrl Pts',(150.,52.4210188595119,32.9588499633656));
#9480=CARTESIAN_POINT('Ctrl Pts',(150.,52.5647984445095,32.7619367837906));
#9481=CARTESIAN_POINT('',(152.,52.5647984445095,32.7619367837906));
#9482=CARTESIAN_POINT('Ctrl Pts',(152.,52.5647984445095,32.7619367837906));
#9483=CARTESIAN_POINT('Ctrl Pts',(152.,52.4210188595119,32.9588499633656));
#9484=CARTESIAN_POINT('Ctrl Pts',(152.,52.1321152949463,33.3545175366868));
#9485=CARTESIAN_POINT('Ctrl Pts',(152.,51.6981901947455,33.5821214489134));
#9486=CARTESIAN_POINT('Ctrl Pts',(152.,51.4802180230618,33.6964529752731));
#9487=CARTESIAN_POINT('',(150.,52.5647984445095,32.7619367837906));
#9488=CARTESIAN_POINT('Ctrl Pts',(150.,52.9570256173611,31.4420187473297));
#9489=CARTESIAN_POINT('Ctrl Pts',(152.,52.9570256173611,31.4420187473297));
#9490=CARTESIAN_POINT('Ctrl Pts',(150.,52.9394150405717,31.6712701337945));
#9491=CARTESIAN_POINT('Ctrl Pts',(152.,52.9394150405717,31.6712701337945));
#9492=CARTESIAN_POINT('Ctrl Pts',(150.,52.9034757981859,32.139120860321));
#9493=CARTESIAN_POINT('Ctrl Pts',(152.,52.9034757981859,32.139120860321));
#9494=CARTESIAN_POINT('Ctrl Pts',(150.,52.6791847216194,32.551584381904));
#9495=CARTESIAN_POINT('Ctrl Pts',(152.,52.6791847216194,32.551584381904));
#9496=CARTESIAN_POINT('Ctrl Pts',(150.,52.5647984445095,32.7619367837906));
#9497=CARTESIAN_POINT('Ctrl Pts',(152.,52.5647984445095,32.7619367837906));
#9498=CARTESIAN_POINT('',(150.,52.9570256173611,31.4420187473297));
#9499=CARTESIAN_POINT('Ctrl Pts',(150.,52.5647984445095,32.7619367837906));
#9500=CARTESIAN_POINT('Ctrl Pts',(150.,52.6791847216194,32.551584381904));
#9501=CARTESIAN_POINT('Ctrl Pts',(150.,52.9034757981859,32.139120860321));
#9502=CARTESIAN_POINT('Ctrl Pts',(150.,52.9394150405717,31.6712701337945));
#9503=CARTESIAN_POINT('Ctrl Pts',(150.,52.9570256173611,31.4420187473297));
#9504=CARTESIAN_POINT('',(152.,52.9570256173611,31.4420187473297));
#9505=CARTESIAN_POINT('Ctrl Pts',(152.,52.9570256173611,31.4420187473297));
#9506=CARTESIAN_POINT('Ctrl Pts',(152.,52.9394150405717,31.6712701337945));
#9507=CARTESIAN_POINT('Ctrl Pts',(152.,52.9034757981859,32.139120860321));
#9508=CARTESIAN_POINT('Ctrl Pts',(152.,52.6791847216194,32.551584381904));
#9509=CARTESIAN_POINT('Ctrl Pts',(152.,52.5647984445095,32.7619367837906));
#9510=CARTESIAN_POINT('',(150.,52.9570256173611,31.4420187473297));
#9511=CARTESIAN_POINT('Ctrl Pts',(150.,52.6091395318508,30.2346527576447));
#9512=CARTESIAN_POINT('Ctrl Pts',(152.,52.6091395318508,30.2346527576447));
#9513=CARTESIAN_POINT('Ctrl Pts',(150.,52.7106042934694,30.4254725321858));
#9514=CARTESIAN_POINT('Ctrl Pts',(152.,52.7106042934694,30.4254725321858));
#9515=CARTESIAN_POINT('Ctrl Pts',(150.,52.9116342516348,30.8035396628942));
#9516=CARTESIAN_POINT('Ctrl Pts',(152.,52.9116342516348,30.8035396628942));
#9517=CARTESIAN_POINT('Ctrl Pts',(150.,52.941990776715,31.2305373094678));
#9518=CARTESIAN_POINT('Ctrl Pts',(152.,52.941990776715,31.2305373094678));
#9519=CARTESIAN_POINT('Ctrl Pts',(150.,52.9570256173611,31.4420187473297));
#9520=CARTESIAN_POINT('Ctrl Pts',(152.,52.9570256173611,31.4420187473297));
#9521=CARTESIAN_POINT('',(150.,52.6091395318508,30.2346527576447));
#9522=CARTESIAN_POINT('Ctrl Pts',(150.,52.9570256173611,31.4420187473297));
#9523=CARTESIAN_POINT('Ctrl Pts',(150.,52.941990776715,31.2305373094678));
#9524=CARTESIAN_POINT('Ctrl Pts',(150.,52.9116342516348,30.8035396628942));
#9525=CARTESIAN_POINT('Ctrl Pts',(150.,52.7106042934694,30.4254725321858));
#9526=CARTESIAN_POINT('Ctrl Pts',(150.,52.6091395318508,30.2346527576447));
#9527=CARTESIAN_POINT('',(152.,52.6091395318508,30.2346527576447));
#9528=CARTESIAN_POINT('Ctrl Pts',(152.,52.6091395318508,30.2346527576447));
#9529=CARTESIAN_POINT('Ctrl Pts',(152.,52.7106042934694,30.4254725321858));
#9530=CARTESIAN_POINT('Ctrl Pts',(152.,52.9116342516348,30.8035396628942));
#9531=CARTESIAN_POINT('Ctrl Pts',(152.,52.941990776715,31.2305373094678));
#9532=CARTESIAN_POINT('Ctrl Pts',(152.,52.9570256173611,31.4420187473297));
#9533=CARTESIAN_POINT('',(150.,52.6091395318508,30.2346527576447));
#9534=CARTESIAN_POINT('Ctrl Pts',(150.,51.5586625039577,29.3206000328064));
#9535=CARTESIAN_POINT('Ctrl Pts',(152.,51.5586625039577,29.3206000328064));
#9536=CARTESIAN_POINT('Ctrl Pts',(150.,51.7752534008688,29.4411879370269));
#9537=CARTESIAN_POINT('Ctrl Pts',(152.,51.7752534008688,29.4411879370269));
#9538=CARTESIAN_POINT('Ctrl Pts',(150.,52.1902813150469,29.6722564956667));
#9539=CARTESIAN_POINT('Ctrl Pts',(152.,52.1902813150469,29.6722564956667));
#9540=CARTESIAN_POINT('Ctrl Pts',(150.,52.4736517949975,30.05273488259));
#9541=CARTESIAN_POINT('Ctrl Pts',(152.,52.4736517949975,30.05273488259));
#9542=CARTESIAN_POINT('Ctrl Pts',(150.,52.6091395318508,30.2346527576447));
#9543=CARTESIAN_POINT('Ctrl Pts',(152.,52.6091395318508,30.2346527576447));
#9544=CARTESIAN_POINT('',(150.,51.5586625039577,29.3206000328064));
#9545=CARTESIAN_POINT('Ctrl Pts',(150.,52.6091395318508,30.2346527576447));
#9546=CARTESIAN_POINT('Ctrl Pts',(150.,52.4736517949975,30.05273488259));
#9547=CARTESIAN_POINT('Ctrl Pts',(150.,52.1902813150469,29.6722564956667));
#9548=CARTESIAN_POINT('Ctrl Pts',(150.,51.7752534008688,29.4411879370269));
#9549=CARTESIAN_POINT('Ctrl Pts',(150.,51.5586625039577,29.3206000328064));
#9550=CARTESIAN_POINT('',(152.,51.5586625039577,29.3206000328064));
#9551=CARTESIAN_POINT('Ctrl Pts',(152.,51.5586625039577,29.3206000328064));
#9552=CARTESIAN_POINT('Ctrl Pts',(152.,51.7752534008688,29.4411879370269));
#9553=CARTESIAN_POINT('Ctrl Pts',(152.,52.1902813150469,29.6722564956667));
#9554=CARTESIAN_POINT('Ctrl Pts',(152.,52.4736517949975,30.05273488259));
#9555=CARTESIAN_POINT('Ctrl Pts',(152.,52.6091395318508,30.2346527576447));
#9556=CARTESIAN_POINT('',(150.,51.5586625039577,29.3206000328064));
#9557=CARTESIAN_POINT('Ctrl Pts',(150.,52.9536114633083,28.4133696556091));
#9558=CARTESIAN_POINT('Ctrl Pts',(152.,52.9536114633083,28.4133696556091));
#9559=CARTESIAN_POINT('Ctrl Pts',(150.,52.7675233929724,28.61316707855));
#9560=CARTESIAN_POINT('Ctrl Pts',(152.,52.7675233929724,28.61316707855));
#9561=CARTESIAN_POINT('Ctrl Pts',(150.,52.3785999469644,29.030743025753));
#9562=CARTESIAN_POINT('Ctrl Pts',(152.,52.3785999469644,29.030743025753));
#9563=CARTESIAN_POINT('Ctrl Pts',(150.,51.8397099732759,29.2212466260419));
#9564=CARTESIAN_POINT('Ctrl Pts',(152.,51.8397099732759,29.2212466260419));
#9565=CARTESIAN_POINT('Ctrl Pts',(150.,51.5586625039577,29.3206000328064));
#9566=CARTESIAN_POINT('Ctrl Pts',(152.,51.5586625039577,29.3206000328064));
#9567=CARTESIAN_POINT('',(150.,52.9536114633083,28.4133696556091));
#9568=CARTESIAN_POINT('Ctrl Pts',(150.,51.5586625039577,29.3206000328064));
#9569=CARTESIAN_POINT('Ctrl Pts',(150.,51.8397099732759,29.2212466260419));
#9570=CARTESIAN_POINT('Ctrl Pts',(150.,52.3785999469644,29.030743025753));
#9571=CARTESIAN_POINT('Ctrl Pts',(150.,52.7675233929724,28.61316707855));
#9572=CARTESIAN_POINT('Ctrl Pts',(150.,52.9536114633083,28.4133696556091));
#9573=CARTESIAN_POINT('',(152.,52.9536114633083,28.4133696556091));
#9574=CARTESIAN_POINT('Ctrl Pts',(152.,52.9536114633083,28.4133696556091));
#9575=CARTESIAN_POINT('Ctrl Pts',(152.,52.7675233929724,28.61316707855));
#9576=CARTESIAN_POINT('Ctrl Pts',(152.,52.3785999469644,29.030743025753));
#9577=CARTESIAN_POINT('Ctrl Pts',(152.,51.8397099732759,29.2212466260419));
#9578=CARTESIAN_POINT('Ctrl Pts',(152.,51.5586625039577,29.3206000328064));
#9579=CARTESIAN_POINT('',(150.,52.9536114633083,28.4133696556091));
#9580=CARTESIAN_POINT('Ctrl Pts',(150.,53.4413348138332,26.8990445137024));
#9581=CARTESIAN_POINT('Ctrl Pts',(152.,53.4413348138332,26.8990445137024));
#9582=CARTESIAN_POINT('Ctrl Pts',(150.,53.4228413251433,27.1779828356519));
#9583=CARTESIAN_POINT('Ctrl Pts',(152.,53.4228413251433,27.1779828356519));
#9584=CARTESIAN_POINT('Ctrl Pts',(150.,53.3866424908824,27.7239718729027));
#9585=CARTESIAN_POINT('Ctrl Pts',(152.,53.3866424908824,27.7239718729027));
#9586=CARTESIAN_POINT('Ctrl Pts',(150.,53.0958446632205,28.1869303327827));
#9587=CARTESIAN_POINT('Ctrl Pts',(152.,53.0958446632205,28.1869303327827));
#9588=CARTESIAN_POINT('Ctrl Pts',(150.,52.9536114633083,28.4133696556091));
#9589=CARTESIAN_POINT('Ctrl Pts',(152.,52.9536114633083,28.4133696556091));
#9590=CARTESIAN_POINT('',(150.,53.4413348138332,26.8990445137024));
#9591=CARTESIAN_POINT('Ctrl Pts',(150.,52.9536114633083,28.4133696556091));
#9592=CARTESIAN_POINT('Ctrl Pts',(150.,53.0958446632205,28.1869303327827));
#9593=CARTESIAN_POINT('Ctrl Pts',(150.,53.3866424908824,27.7239718729027));
#9594=CARTESIAN_POINT('Ctrl Pts',(150.,53.4228413251433,27.1779828356519));
#9595=CARTESIAN_POINT('Ctrl Pts',(150.,53.4413348138332,26.8990445137024));
#9596=CARTESIAN_POINT('',(152.,53.4413348138332,26.8990445137024));
#9597=CARTESIAN_POINT('Ctrl Pts',(152.,53.4413348138332,26.8990445137024));
#9598=CARTESIAN_POINT('Ctrl Pts',(152.,53.4228413251433,27.1779828356519));
#9599=CARTESIAN_POINT('Ctrl Pts',(152.,53.3866424908824,27.7239718729027));
#9600=CARTESIAN_POINT('Ctrl Pts',(152.,53.0958446632205,28.1869303327827));
#9601=CARTESIAN_POINT('Ctrl Pts',(152.,52.9536114633083,28.4133696556091));
#9602=CARTESIAN_POINT('',(150.,53.4413348138332,26.8990445137024));
#9603=CARTESIAN_POINT('Ctrl Pts',(150.,53.1446085870266,25.5927693843842));
#9604=CARTESIAN_POINT('Ctrl Pts',(152.,53.1446085870266,25.5927693843842));
#9605=CARTESIAN_POINT('Ctrl Pts',(150.,53.2311506053332,25.7994143485017));
#9606=CARTESIAN_POINT('Ctrl Pts',(152.,53.2311506053332,25.7994143485017));
#9607=CARTESIAN_POINT('Ctrl Pts',(150.,53.4062157575496,26.2174347830355));
#9608=CARTESIAN_POINT('Ctrl Pts',(152.,53.4062157575496,26.2174347830355));
#9609=CARTESIAN_POINT('Ctrl Pts',(150.,53.4295404774161,26.6701336225973));
#9610=CARTESIAN_POINT('Ctrl Pts',(152.,53.4295404774161,26.6701336225973));
#9611=CARTESIAN_POINT('Ctrl Pts',(150.,53.4413348138332,26.8990445137024));
#9612=CARTESIAN_POINT('Ctrl Pts',(152.,53.4413348138332,26.8990445137024));
#9613=CARTESIAN_POINT('',(150.,53.1446085870266,25.5927693843842));
#9614=CARTESIAN_POINT('Ctrl Pts',(150.,53.4413348138332,26.8990445137024));
#9615=CARTESIAN_POINT('Ctrl Pts',(150.,53.4295404774161,26.6701336225973));
#9616=CARTESIAN_POINT('Ctrl Pts',(150.,53.4062157575496,26.2174347830355));
#9617=CARTESIAN_POINT('Ctrl Pts',(150.,53.2311506053332,25.7994143485017));
#9618=CARTESIAN_POINT('Ctrl Pts',(150.,53.1446085870266,25.5927693843842));
#9619=CARTESIAN_POINT('',(152.,53.1446085870266,25.5927693843842));
#9620=CARTESIAN_POINT('Ctrl Pts',(152.,53.1446085870266,25.5927693843842));
#9621=CARTESIAN_POINT('Ctrl Pts',(152.,53.2311506053332,25.7994143485017));
#9622=CARTESIAN_POINT('Ctrl Pts',(152.,53.4062157575496,26.2174347830355));
#9623=CARTESIAN_POINT('Ctrl Pts',(152.,53.4295404774161,26.6701336225973));
#9624=CARTESIAN_POINT('Ctrl Pts',(152.,53.4413348138332,26.8990445137024));
#9625=CARTESIAN_POINT('',(150.,53.1446085870266,25.5927693843842));
#9626=CARTESIAN_POINT('Ctrl Pts',(150.,52.4113236367702,24.6616637706757));
#9627=CARTESIAN_POINT('Ctrl Pts',(152.,52.4113236367702,24.6616637706757));
#9628=CARTESIAN_POINT('Ctrl Pts',(150.,52.5533924630684,24.7872804661665));
#9629=CARTESIAN_POINT('Ctrl Pts',(152.,52.5533924630684,24.7872804661665));
#9630=CARTESIAN_POINT('Ctrl Pts',(150.,52.8538447438483,25.0529391869971));
#9631=CARTESIAN_POINT('Ctrl Pts',(152.,52.8538447438483,25.0529391869971));
#9632=CARTESIAN_POINT('Ctrl Pts',(150.,53.0442411169674,25.4064278139157));
#9633=CARTESIAN_POINT('Ctrl Pts',(152.,53.0442411169674,25.4064278139157));
#9634=CARTESIAN_POINT('Ctrl Pts',(150.,53.1446085870266,25.5927693843842));
#9635=CARTESIAN_POINT('Ctrl Pts',(152.,53.1446085870266,25.5927693843842));
#9636=CARTESIAN_POINT('',(150.,52.4113236367702,24.6616637706757));
#9637=CARTESIAN_POINT('Ctrl Pts',(150.,53.1446085870266,25.5927693843842));
#9638=CARTESIAN_POINT('Ctrl Pts',(150.,53.0442411169674,25.4064278139157));
#9639=CARTESIAN_POINT('Ctrl Pts',(150.,52.8538447438483,25.0529391869971));
#9640=CARTESIAN_POINT('Ctrl Pts',(150.,52.5533924630684,24.7872804661665));
#9641=CARTESIAN_POINT('Ctrl Pts',(150.,52.4113236367702,24.6616637706757));
#9642=CARTESIAN_POINT('',(152.,52.4113236367702,24.6616637706757));
#9643=CARTESIAN_POINT('Ctrl Pts',(152.,52.4113236367702,24.6616637706757));
#9644=CARTESIAN_POINT('Ctrl Pts',(152.,52.5533924630684,24.7872804661665));
#9645=CARTESIAN_POINT('Ctrl Pts',(152.,52.8538447438483,25.0529391869971));
#9646=CARTESIAN_POINT('Ctrl Pts',(152.,53.0442411169674,25.4064278139157));
#9647=CARTESIAN_POINT('Ctrl Pts',(152.,53.1446085870266,25.5927693843842));
#9648=CARTESIAN_POINT('',(150.,52.4113236367702,24.6616637706757));
#9649=CARTESIAN_POINT('Ctrl Pts',(150.,51.3165055215359,24.1671216487885));
#9650=CARTESIAN_POINT('Ctrl Pts',(152.,51.3165055215359,24.1671216487885));
#9651=CARTESIAN_POINT('Ctrl Pts',(150.,51.5220603889062,24.2261284400585));
#9652=CARTESIAN_POINT('Ctrl Pts',(152.,51.5220603889062,24.2261284400585));
#9653=CARTESIAN_POINT('Ctrl Pts',(150.,51.9113417647746,24.3378759514896));
#9654=CARTESIAN_POINT('Ctrl Pts',(152.,51.9113417647746,24.3378759514896));
#9655=CARTESIAN_POINT('Ctrl Pts',(150.,52.2510118397421,24.5578459923583));
#9656=CARTESIAN_POINT('Ctrl Pts',(152.,52.2510118397421,24.5578459923583));
#9657=CARTESIAN_POINT('Ctrl Pts',(150.,52.4113236367702,24.6616637706757));
#9658=CARTESIAN_POINT('Ctrl Pts',(152.,52.4113236367702,24.6616637706757));
#9659=CARTESIAN_POINT('',(150.,51.3165055215359,24.1671216487885));
#9660=CARTESIAN_POINT('Ctrl Pts',(150.,52.4113236367702,24.6616637706757));
#9661=CARTESIAN_POINT('Ctrl Pts',(150.,52.2510118397421,24.5578459923583));
#9662=CARTESIAN_POINT('Ctrl Pts',(150.,51.9113417647746,24.3378759514896));
#9663=CARTESIAN_POINT('Ctrl Pts',(150.,51.5220603889062,24.2261284400585));
#9664=CARTESIAN_POINT('Ctrl Pts',(150.,51.3165055215359,24.1671216487885));
#9665=CARTESIAN_POINT('',(152.,51.3165055215359,24.1671216487885));
#9666=CARTESIAN_POINT('Ctrl Pts',(152.,51.3165055215359,24.1671216487885));
#9667=CARTESIAN_POINT('Ctrl Pts',(152.,51.5220603889062,24.2261284400585));
#9668=CARTESIAN_POINT('Ctrl Pts',(152.,51.9113417647746,24.3378759514896));
#9669=CARTESIAN_POINT('Ctrl Pts',(152.,52.2510118397421,24.5578459923583));
#9670=CARTESIAN_POINT('Ctrl Pts',(152.,52.4113236367702,24.6616637706757));
#9671=CARTESIAN_POINT('',(150.,51.3165055215359,24.1671216487885));
#9672=CARTESIAN_POINT('Ctrl Pts',(150.,49.7032748162746,23.9999997615814));
#9673=CARTESIAN_POINT('Ctrl Pts',(152.,49.7032748162746,23.9999997615814));
#9674=CARTESIAN_POINT('Ctrl Pts',(150.,49.9979261946219,24.0042526928651));
#9675=CARTESIAN_POINT('Ctrl Pts',(152.,49.9979261946219,24.0042526928651));
#9676=CARTESIAN_POINT('Ctrl Pts',(150.,50.5408814464565,24.0120895860408));
#9677=CARTESIAN_POINT('Ctrl Pts',(152.,50.5408814464565,24.0120895860408));
#9678=CARTESIAN_POINT('Ctrl Pts',(150.,51.0731080603896,24.1184712630134));
#9679=CARTESIAN_POINT('Ctrl Pts',(152.,51.0731080603896,24.1184712630134));
#9680=CARTESIAN_POINT('Ctrl Pts',(150.,51.3165055215359,24.1671216487885));
#9681=CARTESIAN_POINT('Ctrl Pts',(152.,51.3165055215359,24.1671216487885));
#9682=CARTESIAN_POINT('',(150.,49.7032748162746,23.9999997615814));
#9683=CARTESIAN_POINT('Ctrl Pts',(150.,51.3165055215359,24.1671216487885));
#9684=CARTESIAN_POINT('Ctrl Pts',(150.,51.0731080603896,24.1184712630134));
#9685=CARTESIAN_POINT('Ctrl Pts',(150.,50.5408814464565,24.0120895860408));
#9686=CARTESIAN_POINT('Ctrl Pts',(150.,49.9979261946219,24.0042526928651));
#9687=CARTESIAN_POINT('Ctrl Pts',(150.,49.7032748162746,23.9999997615814));
#9688=CARTESIAN_POINT('',(152.,49.7032748162746,23.9999997615814));
#9689=CARTESIAN_POINT('Ctrl Pts',(152.,49.7032748162746,23.9999997615814));
#9690=CARTESIAN_POINT('Ctrl Pts',(152.,49.9979261946219,24.0042526928651));
#9691=CARTESIAN_POINT('Ctrl Pts',(152.,50.5408814464565,24.0120895860408));
#9692=CARTESIAN_POINT('Ctrl Pts',(152.,51.0731080603896,24.1184712630134));
#9693=CARTESIAN_POINT('Ctrl Pts',(152.,51.3165055215359,24.1671216487885));
#9694=CARTESIAN_POINT('',(150.,49.7032748162746,23.9999997615814));
#9695=CARTESIAN_POINT('Origin',(150.,45.8901749551296,23.9999997615814));
#9696=CARTESIAN_POINT('',(150.,22.9450874775648,23.9999997615814));
#9697=CARTESIAN_POINT('',(152.,49.7032748162746,23.9999997615814));
#9698=CARTESIAN_POINT('Origin',(152.,39.9999986588955,28.999999165535));
#9699=CARTESIAN_POINT('Origin',(150.,0.,0.));
#9700=CARTESIAN_POINT('',(150.,5.,5.));
#9701=CARTESIAN_POINT('',(150.,5.,65.));
#9702=CARTESIAN_POINT('',(150.,5.,0.));
#9703=CARTESIAN_POINT('',(150.,75.,5.));
#9704=CARTESIAN_POINT('',(150.,20.,5.));
#9705=CARTESIAN_POINT('',(150.,75.,65.));
#9706=CARTESIAN_POINT('',(150.,75.,0.));
#9707=CARTESIAN_POINT('',(150.,20.,65.));
#9708=CARTESIAN_POINT('',(150.,33.75,50.));
#9709=CARTESIAN_POINT('Origin',(150.,40.,50.));
#9710=CARTESIAN_POINT('Origin',(150.,0.,0.));
#9711=CARTESIAN_POINT('Origin',(145.,75.,5.));
#9712=CARTESIAN_POINT('',(145.,80.,5.));
#9713=CARTESIAN_POINT('Origin',(145.,75.,5.));
#9714=CARTESIAN_POINT('',(145.,75.,0.));
#9715=CARTESIAN_POINT('Origin',(145.,75.,5.));
#9716=CARTESIAN_POINT('Origin',(145.,75.,5.));
#9717=CARTESIAN_POINT('Origin',(5.,75.,5.));
#9718=CARTESIAN_POINT('',(5.,75.,0.));
#9719=CARTESIAN_POINT('',(5.,80.,5.));
#9720=CARTESIAN_POINT('Origin',(5.,75.,5.));
#9721=CARTESIAN_POINT('Origin',(5.,75.,5.));
#9722=CARTESIAN_POINT('Origin',(5.,75.,5.));
#9723=CARTESIAN_POINT('Origin',(145.,75.,65.));
#9724=CARTESIAN_POINT('',(145.,75.,70.));
#9725=CARTESIAN_POINT('Origin',(145.,75.,65.));
#9726=CARTESIAN_POINT('',(145.,80.,65.));
#9727=CARTESIAN_POINT('Origin',(145.,75.,65.));
#9728=CARTESIAN_POINT('Origin',(145.,75.,65.));
#9729=CARTESIAN_POINT('Origin',(145.,75.,0.));
#9730=CARTESIAN_POINT('',(145.,80.,0.));
#9731=CARTESIAN_POINT('Origin',(145.,5.,5.));
#9732=CARTESIAN_POINT('',(145.,0.,5.));
#9733=CARTESIAN_POINT('Origin',(145.,5.,5.));
#9734=CARTESIAN_POINT('',(145.,5.,0.));
#9735=CARTESIAN_POINT('Origin',(145.,5.,5.));
#9736=CARTESIAN_POINT('Origin',(145.,5.,5.));
#9737=CARTESIAN_POINT('Origin',(5.,75.,65.));
#9738=CARTESIAN_POINT('',(5.,80.,65.));
#9739=CARTESIAN_POINT('',(5.,75.,70.));
#9740=CARTESIAN_POINT('Origin',(5.,75.,65.));
#9741=CARTESIAN_POINT('Origin',(5.,75.,65.));
#9742=CARTESIAN_POINT('Origin',(5.,75.,65.));
#9743=CARTESIAN_POINT('Origin',(5.,75.,0.));
#9744=CARTESIAN_POINT('',(5.,80.,0.));
#9745=CARTESIAN_POINT('Origin',(5.,5.,5.));
#9746=CARTESIAN_POINT('',(5.,0.,5.));
#9747=CARTESIAN_POINT('Origin',(5.,5.,5.));
#9748=CARTESIAN_POINT('',(5.,5.,0.));
#9749=CARTESIAN_POINT('Origin',(5.,5.,5.));
#9750=CARTESIAN_POINT('Origin',(5.,5.,5.));
#9751=CARTESIAN_POINT('Origin',(5.,60.,5.));
#9752=CARTESIAN_POINT('',(5.,60.,0.));
#9753=CARTESIAN_POINT('Origin',(37.5,5.,5.));
#9754=CARTESIAN_POINT('',(37.5,0.,5.));
#9755=CARTESIAN_POINT('',(37.5,5.,0.));
#9756=CARTESIAN_POINT('Origin',(145.,5.,65.));
#9757=CARTESIAN_POINT('',(145.,0.,65.));
#9758=CARTESIAN_POINT('',(145.,5.,70.));
#9759=CARTESIAN_POINT('Origin',(145.,5.,65.));
#9760=CARTESIAN_POINT('Origin',(145.,5.,65.));
#9761=CARTESIAN_POINT('Origin',(145.,5.,65.));
#9762=CARTESIAN_POINT('Origin',(145.,5.,0.));
#9763=CARTESIAN_POINT('',(145.,0.,0.));
#9764=CARTESIAN_POINT('Origin',(145.,20.,65.));
#9765=CARTESIAN_POINT('',(145.,20.,70.));
#9766=CARTESIAN_POINT('Origin',(5.,5.,65.));
#9767=CARTESIAN_POINT('',(5.,5.,70.));
#9768=CARTESIAN_POINT('Origin',(5.,5.,65.));
#9769=CARTESIAN_POINT('',(5.,0.,65.));
#9770=CARTESIAN_POINT('Origin',(5.,5.,65.));
#9771=CARTESIAN_POINT('Origin',(5.,5.,65.));
#9772=CARTESIAN_POINT('Origin',(5.,5.,0.));
#9773=CARTESIAN_POINT('',(5.,0.,0.));
#9774=CARTESIAN_POINT('Origin',(37.5,5.,65.));
#9775=CARTESIAN_POINT('',(37.5,5.,70.));
#9776=CARTESIAN_POINT('',(37.5,0.,65.));
#9777=CARTESIAN_POINT('Origin',(5.,60.,65.));
#9778=CARTESIAN_POINT('',(5.,60.,70.));
#9779=CARTESIAN_POINT('Origin',(112.5,75.,65.));
#9780=CARTESIAN_POINT('',(112.5,75.,70.));
#9781=CARTESIAN_POINT('',(112.5,80.,65.));
#9782=CARTESIAN_POINT('Origin',(145.,20.,5.));
#9783=CARTESIAN_POINT('',(145.,20.,0.));
#9784=CARTESIAN_POINT('Origin',(112.5,75.,5.));
#9785=CARTESIAN_POINT('',(112.5,80.,5.));
#9786=CARTESIAN_POINT('',(112.5,75.,0.));
#9787=CARTESIAN_POINT('Origin',(150.,80.,0.));
#9788=CARTESIAN_POINT('Origin',(0.,80.,0.));
#9789=CARTESIAN_POINT('Origin',(75.,40.,0.));
#9790=CARTESIAN_POINT('Origin',(0.,0.,0.));
#9791=CARTESIAN_POINT('Origin',(150.,0.,0.));
#9792=CARTESIAN_POINT('Origin',(75.,40.,70.));
#9793=CARTESIAN_POINT('',(140.,10.,70.));
#9794=CARTESIAN_POINT('',(10.,10.,70.));
#9795=CARTESIAN_POINT('',(107.5,10.,70.));
#9796=CARTESIAN_POINT('',(10.,70.,70.));
#9797=CARTESIAN_POINT('',(10.,25.,70.));
#9798=CARTESIAN_POINT('',(140.,70.,70.));
#9799=CARTESIAN_POINT('',(42.5,70.,70.));
#9800=CARTESIAN_POINT('',(140.,55.,70.));
#9801=CARTESIAN_POINT('Origin',(10.,70.,70.));
#9802=CARTESIAN_POINT('',(140.,70.,65.));
#9803=CARTESIAN_POINT('',(10.,70.,65.));
#9804=CARTESIAN_POINT('',(42.5,70.,65.));
#9805=CARTESIAN_POINT('',(140.,70.,70.));
#9806=CARTESIAN_POINT('',(10.,70.,70.));
#9807=CARTESIAN_POINT('Origin',(10.,10.,70.));
#9808=CARTESIAN_POINT('',(10.,10.,65.));
#9809=CARTESIAN_POINT('',(10.,25.,65.));
#9810=CARTESIAN_POINT('',(10.,10.,70.));
#9811=CARTESIAN_POINT('Origin',(140.,10.,70.));
#9812=CARTESIAN_POINT('',(140.,10.,65.));
#9813=CARTESIAN_POINT('',(107.5,10.,65.));
#9814=CARTESIAN_POINT('',(140.,10.,70.));
#9815=CARTESIAN_POINT('Origin',(140.,70.,70.));
#9816=CARTESIAN_POINT('',(140.,55.,65.));
#9817=CARTESIAN_POINT('Origin',(150.,40.,50.));
#9818=CARTESIAN_POINT('',(145.,33.75,50.));
#9819=CARTESIAN_POINT('',(150.,33.75,50.));
#9820=CARTESIAN_POINT('Origin',(145.,40.,50.));
#9821=CARTESIAN_POINT('Origin',(0.,40.,35.));
#9822=CARTESIAN_POINT('',(5.,52.5,35.));
#9823=CARTESIAN_POINT('',(0.,52.5,35.));
#9824=CARTESIAN_POINT('Origin',(5.,40.,35.));
#9825=CARTESIAN_POINT('Origin',(150.,75.,0.));
#9826=CARTESIAN_POINT('',(145.,75.,5.));
#9827=CARTESIAN_POINT('',(5.,75.,5.));
#9828=CARTESIAN_POINT('',(112.5,75.,5.));
#9829=CARTESIAN_POINT('',(145.,75.,65.));
#9830=CARTESIAN_POINT('',(145.,75.,0.));
#9831=CARTESIAN_POINT('',(5.,75.,65.));
#9832=CARTESIAN_POINT('',(112.5,75.,65.));
#9833=CARTESIAN_POINT('',(5.,75.,0.));
#9834=CARTESIAN_POINT('Origin',(145.,0.,0.));
#9835=CARTESIAN_POINT('',(145.,5.,5.));
#9836=CARTESIAN_POINT('',(145.,20.,5.));
#9837=CARTESIAN_POINT('',(145.,5.,65.));
#9838=CARTESIAN_POINT('',(145.,5.,0.));
#9839=CARTESIAN_POINT('',(145.,20.,65.));
#9840=CARTESIAN_POINT('Origin',(0.,5.,0.));
#9841=CARTESIAN_POINT('',(5.,5.,5.));
#9842=CARTESIAN_POINT('',(37.5,5.,5.));
#9843=CARTESIAN_POINT('',(5.,5.,65.));
#9844=CARTESIAN_POINT('',(5.,5.,0.));
#9845=CARTESIAN_POINT('',(37.5,5.,65.));
#9846=CARTESIAN_POINT('Origin',(5.,80.,0.));
#9847=CARTESIAN_POINT('',(5.,60.,5.));
#9848=CARTESIAN_POINT('',(5.,60.,65.));
#9849=CARTESIAN_POINT('Origin',(75.,40.,65.));
#9850=CARTESIAN_POINT('Origin',(75.,40.,5.));
#9851=CARTESIAN_POINT('',(70.7757258415221,50.0000004172323,4.00000000000004));
#9852=CARTESIAN_POINT('',(19.5769842863083,21.1121468544006,5.));
#9853=CARTESIAN_POINT('',(0.,0.,0.));
#9854=UNCERTAINTY_MEASURE_WITH_UNIT(LENGTH_MEASURE(0.01),#9864,
'DISTANCE_ACCURACY_VALUE',
'Maximum model space distance between geometric entities at asserted c
onnectivities');
#9855=UNCERTAINTY_MEASURE_WITH_UNIT(LENGTH_MEASURE(0.01),#9864,
'DISTANCE_ACCURACY_VALUE',
'Maximum model space distance between geometric entities at asserted c
onnectivities');
#9856=UNCERTAINTY_MEASURE_WITH_UNIT(LENGTH_MEASURE(0.01),#9864,
'DISTANCE_ACCURACY_VALUE',
'Maximum model space distance between geometric entities at asserted c
onnectivities');
#9857=UNCERTAINTY_MEASURE_WITH_UNIT(LENGTH_MEASURE(0.01),#9864,
'DISTANCE_ACCURACY_VALUE',
'Maximum model space distance between geometric entities at asserted c
onnectivities');
#9858=UNCERTAINTY_MEASURE_WITH_UNIT(LENGTH_MEASURE(0.01),#9864,
'DISTANCE_ACCURACY_VALUE',
'Maximum model space distance between geometric entities at asserted c
onnectivities');
#9859=(
GEOMETRIC_REPRESENTATION_CONTEXT(3)
GLOBAL_UNCERTAINTY_ASSIGNED_CONTEXT((#9854))
GLOBAL_UNIT_ASSIGNED_CONTEXT((#9864,#9866,#9867))
REPRESENTATION_CONTEXT('','3D')
);
#9860=(
GEOMETRIC_REPRESENTATION_CONTEXT(3)
GLOBAL_UNCERTAINTY_ASSIGNED_CONTEXT((#9855))
GLOBAL_UNIT_ASSIGNED_CONTEXT((#9864,#9866,#9867))
REPRESENTATION_CONTEXT('','3D')
);
#9861=(
GEOMETRIC_REPRESENTATION_CONTEXT(3)
GLOBAL_UNCERTAINTY_ASSIGNED_CONTEXT((#9856))
GLOBAL_UNIT_ASSIGNED_CONTEXT((#9864,#9866,#9867))
REPRESENTATION_CONTEXT('','3D')
);
#9862=(
GEOMETRIC_REPRESENTATION_CONTEXT(3)
GLOBAL_UNCERTAINTY_ASSIGNED_CONTEXT((#9857))
GLOBAL_UNIT_ASSIGNED_CONTEXT((#9864,#9866,#9867))
REPRESENTATION_CONTEXT('','3D')
);
#9863=(
GEOMETRIC_REPRESENTATION_CONTEXT(3)
GLOBAL_UNCERTAINTY_ASSIGNED_CONTEXT((#9858))
GLOBAL_UNIT_ASSIGNED_CONTEXT((#9864,#9866,#9867))
REPRESENTATION_CONTEXT('','3D')
);
#9864=(
LENGTH_UNIT()
NAMED_UNIT(*)
SI_UNIT(.MILLI.,.METRE.)
);
#9865=(
LENGTH_UNIT()
NAMED_UNIT(*)
SI_UNIT($,.METRE.)
);
#9866=(
NAMED_UNIT(*)
PLANE_ANGLE_UNIT()
SI_UNIT($,.RADIAN.)
);
#9867=(
NAMED_UNIT(*)
SI_UNIT($,.STERADIAN.)
SOLID_ANGLE_UNIT()
);
#9868=SHAPE_DEFINITION_REPRESENTATION(#9872,#9879);
#9869=SHAPE_DEFINITION_REPRESENTATION(#9873,#9880);
#9870=SHAPE_DEFINITION_REPRESENTATION(#9874,#9881);
#9871=SHAPE_DEFINITION_REPRESENTATION(#9875,#9882);
#9872=PRODUCT_DEFINITION_SHAPE('',$,#9884);
#9873=PRODUCT_DEFINITION_SHAPE('',$,#9885);
#9874=PRODUCT_DEFINITION_SHAPE('',$,#9886);
#9875=PRODUCT_DEFINITION_SHAPE('',$,#9887);
#9876=PRODUCT_DEFINITION_SHAPE($,$,#20);
#9877=PRODUCT_DEFINITION_SHAPE($,$,#21);
#9878=PRODUCT_DEFINITION_SHAPE($,$,#22);
#9879=SHAPE_REPRESENTATION('',(#5138,#5330,#5331,#5332),#9859);
#9880=SHAPE_REPRESENTATION('',(#5139),#9860);
#9881=SHAPE_REPRESENTATION('',(#5174),#9861);
#9882=SHAPE_REPRESENTATION('',(#5209),#9862);
#9883=PRODUCT_DEFINITION_CONTEXT('part definition',#9897,'design');
#9884=PRODUCT_DEFINITION('AssemblyCaseOBD','AssemblyCaseOBD v3',#9888,#9883);
#9885=PRODUCT_DEFINITION('ESPBlock','ESPBlock v3',#9889,#9883);
#9886=PRODUCT_DEFINITION('MAX485 Block','MAX485 Block v1',#9890,#9883);
#9887=PRODUCT_DEFINITION('CaseOBDCar','CaseOBDCar v4',#9891,#9883);
#9888=PRODUCT_DEFINITION_FORMATION('',$,#9899);
#9889=PRODUCT_DEFINITION_FORMATION('',$,#9900);
#9890=PRODUCT_DEFINITION_FORMATION('',$,#9901);
#9891=PRODUCT_DEFINITION_FORMATION('',$,#9902);
#9892=PRODUCT_RELATED_PRODUCT_CATEGORY('AssemblyCaseOBD v3',
'AssemblyCaseOBD v3',(#9899));
#9893=PRODUCT_RELATED_PRODUCT_CATEGORY('ESPBlock v3','ESPBlock v3',(#9900));
#9894=PRODUCT_RELATED_PRODUCT_CATEGORY('MAX485 Block v1',
'MAX485 Block v1',(#9901));
#9895=PRODUCT_RELATED_PRODUCT_CATEGORY('CaseOBDCar v4','CaseOBDCar v4',
(#9902));
#9896=APPLICATION_PROTOCOL_DEFINITION('international standard',
'automotive_design',2009,#9897);
#9897=APPLICATION_CONTEXT(
'Core Data for Automotive Mechanical Design Process');
#9898=PRODUCT_CONTEXT('part definition',#9897,'mechanical');
#9899=PRODUCT('AssemblyCaseOBD','AssemblyCaseOBD v3',$,(#9898));
#9900=PRODUCT('ESPBlock','ESPBlock v3',$,(#9898));
#9901=PRODUCT('MAX485 Block','MAX485 Block v1',$,(#9898));
#9902=PRODUCT('CaseOBDCar','CaseOBDCar v4',$,(#9898));
#9903=PRESENTATION_STYLE_ASSIGNMENT((#9904));
#9904=SURFACE_STYLE_USAGE(.BOTH.,#9905);
#9905=SURFACE_SIDE_STYLE('',(#9906));
#9906=SURFACE_STYLE_FILL_AREA(#9907);
#9907=FILL_AREA_STYLE('Acier - Satin\X\E9',(#9908));
#9908=FILL_AREA_STYLE_COLOUR('Acier - Satin\X\E9',#9909);
#9909=COLOUR_RGB('Acier - Satin\X\E9',0.627450980392157,0.627450980392157,
0.627450980392157);
ENDSEC;
END-ISO-10303-21;
