ISO-10303-21;
HEADER;
/* Generated by software containing ST-Developer
 * from STEP Tools, Inc. (www.steptools.com) 
 */

FILE_DESCRIPTION(
/* description */ (''),
/* implementation_level */ '2;1');

FILE_NAME(
/* name */ 'CaseOBDCar.step',
/* time_stamp */ '2026-08-04T16:01:58+02:00',
/* author */ (''),
/* organization */ (''),
/* preprocessor_version */ 'ST-DEVELOPER v20.1',
/* originating_system */ 'Autodesk Translation Framework v15.8.0.0',
/* authorisation */ '');

FILE_SCHEMA (('AUTOMOTIVE_DESIGN { 1 0 10303 214 3 1 1 }'));
ENDSEC;

DATA;
#10=MECHANICAL_DESIGN_GEOMETRIC_PRESENTATION_REPRESENTATION('',(#13),#7977);
#11=SHAPE_REPRESENTATION_RELATIONSHIP('SRR','None',#7984,#12);
#12=ADVANCED_BREP_SHAPE_REPRESENTATION('',(#14),#7976);
#13=STYLED_ITEM('',(#7993),#14);
#14=MANIFOLD_SOLID_BREP('Corps1',#3941);
#15=CYLINDRICAL_SURFACE('',#4023,5.);
#16=CYLINDRICAL_SURFACE('',#4032,5.);
#17=CYLINDRICAL_SURFACE('',#4037,5.);
#18=CYLINDRICAL_SURFACE('',#4038,5.);
#19=CYLINDRICAL_SURFACE('',#4043,5.);
#20=CYLINDRICAL_SURFACE('',#4044,5.);
#21=CYLINDRICAL_SURFACE('',#4049,5.);
#22=CYLINDRICAL_SURFACE('',#4050,5.);
#23=CYLINDRICAL_SURFACE('',#4051,5.);
#24=CYLINDRICAL_SURFACE('',#4052,5.);
#25=CYLINDRICAL_SURFACE('',#4053,5.);
#26=CYLINDRICAL_SURFACE('',#4054,5.);
#27=CYLINDRICAL_SURFACE('',#4065,6.25);
#28=CYLINDRICAL_SURFACE('',#4067,12.5);
#29=SPHERICAL_SURFACE('',#4011,5.);
#30=SPHERICAL_SURFACE('',#4015,5.);
#31=SPHERICAL_SURFACE('',#4019,5.);
#32=SPHERICAL_SURFACE('',#4024,5.);
#33=SPHERICAL_SURFACE('',#4028,5.);
#34=SPHERICAL_SURFACE('',#4033,5.);
#35=SPHERICAL_SURFACE('',#4039,5.);
#36=SPHERICAL_SURFACE('',#4045,5.);
#37=CIRCLE('',#3967,12.5);
#38=CIRCLE('',#4009,6.25);
#39=CIRCLE('',#4012,5.);
#40=CIRCLE('',#4013,5.);
#41=CIRCLE('',#4014,5.);
#42=CIRCLE('',#4016,5.);
#43=CIRCLE('',#4017,5.);
#44=CIRCLE('',#4018,5.);
#45=CIRCLE('',#4020,5.);
#46=CIRCLE('',#4021,5.);
#47=CIRCLE('',#4022,5.);
#48=CIRCLE('',#4025,5.);
#49=CIRCLE('',#4026,5.);
#50=CIRCLE('',#4027,5.);
#51=CIRCLE('',#4029,5.);
#52=CIRCLE('',#4030,5.);
#53=CIRCLE('',#4031,5.);
#54=CIRCLE('',#4034,5.);
#55=CIRCLE('',#4035,5.);
#56=CIRCLE('',#4036,5.);
#57=CIRCLE('',#4040,5.);
#58=CIRCLE('',#4041,5.);
#59=CIRCLE('',#4042,5.);
#60=CIRCLE('',#4046,5.);
#61=CIRCLE('',#4047,5.);
#62=CIRCLE('',#4048,5.);
#63=CIRCLE('',#4066,6.25);
#64=CIRCLE('',#4068,12.5);
#65=FACE_BOUND('',#720,.T.);
#66=FACE_BOUND('',#722,.T.);
#67=FACE_BOUND('',#723,.T.);
#68=FACE_BOUND('',#724,.T.);
#69=FACE_BOUND('',#725,.T.);
#70=FACE_BOUND('',#760,.T.);
#71=FACE_BOUND('',#761,.T.);
#72=FACE_BOUND('',#787,.T.);
#73=FACE_BOUND('',#877,.T.);
#74=FACE_BOUND('',#878,.T.);
#75=FACE_BOUND('',#880,.T.);
#76=FACE_BOUND('',#881,.T.);
#77=FACE_BOUND('',#882,.T.);
#78=FACE_BOUND('',#883,.T.);
#79=FACE_BOUND('',#911,.T.);
#80=FACE_BOUND('',#920,.T.);
#81=FACE_BOUND('',#923,.T.);
#82=FACE_BOUND('',#925,.T.);
#83=FACE_BOUND('',#927,.T.);
#84=FACE_BOUND('',#928,.T.);
#85=B_SPLINE_CURVE_WITH_KNOTS('',3,(#4678,#4679,#4680,#4681,#4682),
 .UNSPECIFIED.,.F.,.F.,(4,1,4),(0.,0.163396283522652,0.306558120700729),
 .UNSPECIFIED.);
#86=B_SPLINE_CURVE_WITH_KNOTS('',3,(#4686,#4687,#4688,#4689,#4690),
 .UNSPECIFIED.,.F.,.F.,(4,1,4),(-0.306558120700729,-0.163396283522652,0.),
 .UNSPECIFIED.);
#87=B_SPLINE_CURVE_WITH_KNOTS('',3,(#4703,#4704,#4705,#4706,#4707),
 .UNSPECIFIED.,.F.,.F.,(4,1,4),(0.,0.134505614362509,0.271294519919361),
 .UNSPECIFIED.);
#88=B_SPLINE_CURVE_WITH_KNOTS('',3,(#4709,#4710,#4711,#4712,#4713),
 .UNSPECIFIED.,.F.,.F.,(4,1,4),(-0.271294519919361,-0.134505614362509,0.),
 .UNSPECIFIED.);
#89=B_SPLINE_CURVE_WITH_KNOTS('',3,(#4726,#4727,#4728,#4729,#4730),
 .UNSPECIFIED.,.F.,.F.,(4,1,4),(0.,0.138679128864697,0.273769819904358),
 .UNSPECIFIED.);
#90=B_SPLINE_CURVE_WITH_KNOTS('',3,(#4732,#4733,#4734,#4735,#4736),
 .UNSPECIFIED.,.F.,.F.,(4,1,4),(-0.273769819904358,-0.138679128864697,0.),
 .UNSPECIFIED.);
#91=B_SPLINE_CURVE_WITH_KNOTS('',3,(#4749,#4750,#4751,#4752,#4753),
 .UNSPECIFIED.,.F.,.F.,(4,1,4),(0.,0.146223284450344,0.318960518019508),
 .UNSPECIFIED.);
#92=B_SPLINE_CURVE_WITH_KNOTS('',3,(#4755,#4756,#4757,#4758,#4759),
 .UNSPECIFIED.,.F.,.F.,(4,1,4),(-0.318960518019508,-0.146223284450344,0.),
 .UNSPECIFIED.);
#93=B_SPLINE_CURVE_WITH_KNOTS('',3,(#4772,#4773,#4774,#4775,#4776),
 .UNSPECIFIED.,.F.,.F.,(4,1,4),(0.,0.114806319220736,0.218363325357027),
 .UNSPECIFIED.);
#94=B_SPLINE_CURVE_WITH_KNOTS('',3,(#4778,#4779,#4780,#4781,#4782),
 .UNSPECIFIED.,.F.,.F.,(4,1,4),(-0.218363325357027,-0.114806319220736,0.),
 .UNSPECIFIED.);
#95=B_SPLINE_CURVE_WITH_KNOTS('',3,(#4795,#4796,#4797,#4798,#4799),
 .UNSPECIFIED.,.F.,.F.,(4,1,4),(0.,0.0954796740791296,0.1878533027369),
 .UNSPECIFIED.);
#96=B_SPLINE_CURVE_WITH_KNOTS('',3,(#4801,#4802,#4803,#4804,#4805),
 .UNSPECIFIED.,.F.,.F.,(4,1,4),(-0.1878533027369,-0.0954796740791296,0.),
 .UNSPECIFIED.);
#97=B_SPLINE_CURVE_WITH_KNOTS('',3,(#4818,#4819,#4820,#4821,#4822),
 .UNSPECIFIED.,.F.,.F.,(4,1,4),(0.,0.0923318709990238,0.187211683013716),
 .UNSPECIFIED.);
#98=B_SPLINE_CURVE_WITH_KNOTS('',3,(#4824,#4825,#4826,#4827,#4828),
 .UNSPECIFIED.,.F.,.F.,(4,1,4),(-0.187211683013716,-0.0923318709990238,
0.),.UNSPECIFIED.);
#99=B_SPLINE_CURVE_WITH_KNOTS('',3,(#4841,#4842,#4843,#4844,#4845),
 .UNSPECIFIED.,.F.,.F.,(4,1,4),(0.,0.13292149632972,0.265526199845713),
 .UNSPECIFIED.);
#100=B_SPLINE_CURVE_WITH_KNOTS('',3,(#4847,#4848,#4849,#4850,#4851),
 .UNSPECIFIED.,.F.,.F.,(4,1,4),(-0.265526199845713,-0.13292149632972,0.),
 .UNSPECIFIED.);
#101=B_SPLINE_CURVE_WITH_KNOTS('',3,(#4863,#4864,#4865,#4866,#4867),
 .UNSPECIFIED.,.F.,.F.,(4,1,4),(0.,0.149568356751179,0.344687408446417),
 .UNSPECIFIED.);
#102=B_SPLINE_CURVE_WITH_KNOTS('',3,(#4868,#4869,#4870,#4871,#4872),
 .UNSPECIFIED.,.F.,.F.,(4,1,4),(-0.344687408446417,-0.149568356751179,0.),
 .UNSPECIFIED.);
#103=B_SPLINE_CURVE_WITH_KNOTS('',3,(#4885,#4886,#4887,#4888,#4889),
 .UNSPECIFIED.,.F.,.F.,(4,1,4),(0.,0.224450158964202,0.420003960197617),
 .UNSPECIFIED.);
#104=B_SPLINE_CURVE_WITH_KNOTS('',3,(#4893,#4894,#4895,#4896,#4897),
 .UNSPECIFIED.,.F.,.F.,(4,1,4),(-0.420003960197617,-0.224450158964202,0.),
 .UNSPECIFIED.);
#105=B_SPLINE_CURVE_WITH_KNOTS('',3,(#4910,#4911,#4912,#4913,#4914),
 .UNSPECIFIED.,.F.,.F.,(4,1,4),(0.,0.186042813046266,0.381264398692081),
 .UNSPECIFIED.);
#106=B_SPLINE_CURVE_WITH_KNOTS('',3,(#4916,#4917,#4918,#4919,#4920),
 .UNSPECIFIED.,.F.,.F.,(4,1,4),(-0.381264398692081,-0.186042813046266,0.),
 .UNSPECIFIED.);
#107=B_SPLINE_CURVE_WITH_KNOTS('',3,(#4933,#4934,#4935,#4936,#4937),
 .UNSPECIFIED.,.F.,.F.,(4,1,4),(0.,0.132685823402027,0.260703561164295),
 .UNSPECIFIED.);
#108=B_SPLINE_CURVE_WITH_KNOTS('',3,(#4939,#4940,#4941,#4942,#4943),
 .UNSPECIFIED.,.F.,.F.,(4,1,4),(-0.260703561164295,-0.132685823402027,0.),
 .UNSPECIFIED.);
#109=B_SPLINE_CURVE_WITH_KNOTS('',3,(#4956,#4957,#4958,#4959,#4960),
 .UNSPECIFIED.,.F.,.F.,(4,1,4),(0.,0.125987396913027,0.253292338097712),
 .UNSPECIFIED.);
#110=B_SPLINE_CURVE_WITH_KNOTS('',3,(#4962,#4963,#4964,#4965,#4966),
 .UNSPECIFIED.,.F.,.F.,(4,1,4),(-0.253292338097712,-0.125987396913027,0.),
 .UNSPECIFIED.);
#111=B_SPLINE_CURVE_WITH_KNOTS('',3,(#4979,#4980,#4981,#4982,#4983),
 .UNSPECIFIED.,.F.,.F.,(4,1,4),(0.,0.133640247415023,0.276524600852059),
 .UNSPECIFIED.);
#112=B_SPLINE_CURVE_WITH_KNOTS('',3,(#4985,#4986,#4987,#4988,#4989),
 .UNSPECIFIED.,.F.,.F.,(4,1,4),(-0.276524600852059,-0.133640247415023,0.),
 .UNSPECIFIED.);
#113=B_SPLINE_CURVE_WITH_KNOTS('',3,(#5002,#5003,#5004,#5005,#5006),
 .UNSPECIFIED.,.F.,.F.,(4,1,4),(0.,0.144914626222532,0.281009553387194),
 .UNSPECIFIED.);
#114=B_SPLINE_CURVE_WITH_KNOTS('',3,(#5008,#5009,#5010,#5011,#5012),
 .UNSPECIFIED.,.F.,.F.,(4,1,4),(-0.281009553387194,-0.144914626222532,0.),
 .UNSPECIFIED.);
#115=B_SPLINE_CURVE_WITH_KNOTS('',3,(#5025,#5026,#5027,#5028,#5029),
 .UNSPECIFIED.,.F.,.F.,(4,1,4),(0.,0.128948340356525,0.254550821891961),
 .UNSPECIFIED.);
#116=B_SPLINE_CURVE_WITH_KNOTS('',3,(#5031,#5032,#5033,#5034,#5035),
 .UNSPECIFIED.,.F.,.F.,(4,1,4),(-0.254550821891961,-0.128948340356525,0.),
 .UNSPECIFIED.);
#117=B_SPLINE_CURVE_WITH_KNOTS('',3,(#5048,#5049,#5050,#5051,#5052),
 .UNSPECIFIED.,.F.,.F.,(4,1,4),(0.,0.125813880290623,0.25260931735288),
 .UNSPECIFIED.);
#118=B_SPLINE_CURVE_WITH_KNOTS('',3,(#5054,#5055,#5056,#5057,#5058),
 .UNSPECIFIED.,.F.,.F.,(4,1,4),(-0.25260931735288,-0.125813880290623,0.),
 .UNSPECIFIED.);
#119=B_SPLINE_CURVE_WITH_KNOTS('',3,(#5071,#5072,#5073,#5074,#5075),
 .UNSPECIFIED.,.F.,.F.,(4,1,4),(0.,0.13478034614094,0.264026942768141),
 .UNSPECIFIED.);
#120=B_SPLINE_CURVE_WITH_KNOTS('',3,(#5077,#5078,#5079,#5080,#5081),
 .UNSPECIFIED.,.F.,.F.,(4,1,4),(-0.264026942768141,-0.13478034614094,0.),
 .UNSPECIFIED.);
#121=B_SPLINE_CURVE_WITH_KNOTS('',3,(#5094,#5095,#5096,#5097,#5098),
 .UNSPECIFIED.,.F.,.F.,(4,1,4),(0.,0.126706370691783,0.253794066094263),
 .UNSPECIFIED.);
#122=B_SPLINE_CURVE_WITH_KNOTS('',3,(#5100,#5101,#5102,#5103,#5104),
 .UNSPECIFIED.,.F.,.F.,(4,1,4),(-0.253794066094263,-0.126706370691783,0.),
 .UNSPECIFIED.);
#123=B_SPLINE_CURVE_WITH_KNOTS('',3,(#5116,#5117,#5118,#5119,#5120),
 .UNSPECIFIED.,.F.,.F.,(4,1,4),(0.,0.128799486392609,0.257837160948841),
 .UNSPECIFIED.);
#124=B_SPLINE_CURVE_WITH_KNOTS('',3,(#5121,#5122,#5123,#5124,#5125),
 .UNSPECIFIED.,.F.,.F.,(4,1,4),(-0.257837160948841,-0.128799486392609,0.),
 .UNSPECIFIED.);
#125=B_SPLINE_CURVE_WITH_KNOTS('',3,(#5142,#5143,#5144,#5145,#5146),
 .UNSPECIFIED.,.F.,.F.,(4,1,4),(0.,0.10289322640633,0.178861352984454),
 .UNSPECIFIED.);
#126=B_SPLINE_CURVE_WITH_KNOTS('',3,(#5148,#5149,#5150,#5151,#5152),
 .UNSPECIFIED.,.F.,.F.,(4,1,4),(0.,0.0843501436133767,0.164427164306191),
 .UNSPECIFIED.);
#127=B_SPLINE_CURVE_WITH_KNOTS('',3,(#5154,#5155,#5156,#5157,#5158),
 .UNSPECIFIED.,.F.,.F.,(4,1,4),(0.,0.102856926397657,0.209601239758494),
 .UNSPECIFIED.);
#128=B_SPLINE_CURVE_WITH_KNOTS('',3,(#5160,#5161,#5162,#5163,#5164),
 .UNSPECIFIED.,.F.,.F.,(4,1,4),(0.,0.11525973337161,0.241918867648667),
 .UNSPECIFIED.);
#129=B_SPLINE_CURVE_WITH_KNOTS('',3,(#5166,#5167,#5168,#5169,#5170),
 .UNSPECIFIED.,.F.,.F.,(4,1,4),(0.,0.107640896872147,0.204199488154567),
 .UNSPECIFIED.);
#130=B_SPLINE_CURVE_WITH_KNOTS('',3,(#5172,#5173,#5174,#5175,#5176),
 .UNSPECIFIED.,.F.,.F.,(4,1,4),(0.,0.0859448795488025,0.161363585149942),
 .UNSPECIFIED.);
#131=B_SPLINE_CURVE_WITH_KNOTS('',3,(#5178,#5179,#5180,#5181,#5182),
 .UNSPECIFIED.,.F.,.F.,(4,1,4),(0.,0.0674592578895477,0.129054523432206),
 .UNSPECIFIED.);
#132=B_SPLINE_CURVE_WITH_KNOTS('',3,(#5184,#5185,#5186,#5187,#5188),
 .UNSPECIFIED.,.F.,.F.,(4,1,4),(0.,0.061833092246103,0.129971734099676),
 .UNSPECIFIED.);
#133=B_SPLINE_CURVE_WITH_KNOTS('',3,(#5190,#5191,#5192,#5193,#5194),
 .UNSPECIFIED.,.F.,.F.,(4,1,4),(0.,0.0762002815957758,0.161828420643666),
 .UNSPECIFIED.);
#134=B_SPLINE_CURVE_WITH_KNOTS('',3,(#5204,#5205,#5206,#5207,#5208),
 .UNSPECIFIED.,.F.,.F.,(4,1,4),(0.,0.103535661499399,0.187266479713226),
 .UNSPECIFIED.);
#135=B_SPLINE_CURVE_WITH_KNOTS('',3,(#5210,#5211,#5212,#5213,#5214),
 .UNSPECIFIED.,.F.,.F.,(4,1,4),(0.,0.072775378727987,0.144876383018),
 .UNSPECIFIED.);
#136=B_SPLINE_CURVE_WITH_KNOTS('',3,(#5216,#5217,#5218,#5219,#5220),
 .UNSPECIFIED.,.F.,.F.,(4,1,4),(0.,0.0709337225182227,0.13908822595535),
 .UNSPECIFIED.);
#137=B_SPLINE_CURVE_WITH_KNOTS('',3,(#5222,#5223,#5224,#5225,#5226),
 .UNSPECIFIED.,.F.,.F.,(4,1,4),(0.,0.0628488669940735,0.126896629267644),
 .UNSPECIFIED.);
#138=B_SPLINE_CURVE_WITH_KNOTS('',3,(#5228,#5229,#5230,#5231,#5232),
 .UNSPECIFIED.,.F.,.F.,(4,1,4),(0.,0.0672545080527228,0.14066199929793),
 .UNSPECIFIED.);
#139=B_SPLINE_CURVE_WITH_KNOTS('',3,(#5234,#5235,#5236,#5237,#5238),
 .UNSPECIFIED.,.F.,.F.,(4,1,4),(0.,0.0879341605591503,0.168608124476617),
 .UNSPECIFIED.);
#140=B_SPLINE_CURVE_WITH_KNOTS('',3,(#5240,#5241,#5242,#5243,#5244),
 .UNSPECIFIED.,.F.,.F.,(4,1,4),(0.,0.0789086902441637,0.161329954756038),
 .UNSPECIFIED.);
#141=B_SPLINE_CURVE_WITH_KNOTS('',3,(#5246,#5247,#5248,#5249,#5250),
 .UNSPECIFIED.,.F.,.F.,(4,1,4),(0.,0.0681912655514869,0.134856435333338),
 .UNSPECIFIED.);
#142=B_SPLINE_CURVE_WITH_KNOTS('',3,(#5252,#5253,#5254,#5255,#5256),
 .UNSPECIFIED.,.F.,.F.,(4,1,4),(0.,0.0629151491600191,0.119349757804905),
 .UNSPECIFIED.);
#143=B_SPLINE_CURVE_WITH_KNOTS('',3,(#5258,#5259,#5260,#5261,#5262),
 .UNSPECIFIED.,.F.,.F.,(4,1,4),(0.,0.0569751134222384,0.120719612229166),
 .UNSPECIFIED.);
#144=B_SPLINE_CURVE_WITH_KNOTS('',3,(#5264,#5265,#5266,#5267,#5268),
 .UNSPECIFIED.,.F.,.F.,(4,1,4),(0.,0.0743083594460864,0.162487087227409),
 .UNSPECIFIED.);
#145=B_SPLINE_CURVE_WITH_KNOTS('',3,(#5290,#5291,#5292,#5293,#5294),
 .UNSPECIFIED.,.F.,.F.,(4,1,4),(0.,0.0756013925206473,0.12699066890258),
 .UNSPECIFIED.);
#146=B_SPLINE_CURVE_WITH_KNOTS('',3,(#5296,#5297,#5298,#5299,#5300),
 .UNSPECIFIED.,.F.,.F.,(4,1,4),(-0.12699066890258,-0.0756013925206473,0.),
 .UNSPECIFIED.);
#147=B_SPLINE_CURVE_WITH_KNOTS('',3,(#5313,#5314,#5315,#5316,#5317),
 .UNSPECIFIED.,.F.,.F.,(4,1,4),(0.,0.0485430696242338,0.0921562550911355),
 .UNSPECIFIED.);
#148=B_SPLINE_CURVE_WITH_KNOTS('',3,(#5319,#5320,#5321,#5322,#5323),
 .UNSPECIFIED.,.F.,.F.,(4,1,4),(-0.0921562550911355,-0.0485430696242338,
0.),.UNSPECIFIED.);
#149=B_SPLINE_CURVE_WITH_KNOTS('',3,(#5336,#5337,#5338,#5339,#5340),
 .UNSPECIFIED.,.F.,.F.,(4,1,4),(0.,0.043663030850733,0.0921763927977131),
 .UNSPECIFIED.);
#150=B_SPLINE_CURVE_WITH_KNOTS('',3,(#5342,#5343,#5344,#5345,#5346),
 .UNSPECIFIED.,.F.,.F.,(4,1,4),(-0.0921763927977131,-0.043663030850733,
0.),.UNSPECIFIED.);
#151=B_SPLINE_CURVE_WITH_KNOTS('',3,(#5359,#5360,#5361,#5362,#5363),
 .UNSPECIFIED.,.F.,.F.,(4,1,4),(0.,0.0471900169200857,0.0917852039600494),
 .UNSPECIFIED.);
#152=B_SPLINE_CURVE_WITH_KNOTS('',3,(#5365,#5366,#5367,#5368,#5369),
 .UNSPECIFIED.,.F.,.F.,(4,1,4),(-0.0917852039600494,-0.0471900169200857,
0.),.UNSPECIFIED.);
#153=B_SPLINE_CURVE_WITH_KNOTS('',3,(#5382,#5383,#5384,#5385,#5386),
 .UNSPECIFIED.,.F.,.F.,(4,1,4),(0.,0.0430974430914114,0.0871028510687134),
 .UNSPECIFIED.);
#154=B_SPLINE_CURVE_WITH_KNOTS('',3,(#5388,#5389,#5390,#5391,#5392),
 .UNSPECIFIED.,.F.,.F.,(4,1,4),(-0.0871028510687134,-0.0430974430914114,
0.),.UNSPECIFIED.);
#155=B_SPLINE_CURVE_WITH_KNOTS('',3,(#5405,#5406,#5407,#5408,#5409),
 .UNSPECIFIED.,.F.,.F.,(4,1,4),(0.,0.0611045935420214,0.153087848321541),
 .UNSPECIFIED.);
#156=B_SPLINE_CURVE_WITH_KNOTS('',3,(#5411,#5412,#5413,#5414,#5415),
 .UNSPECIFIED.,.F.,.F.,(4,1,4),(-0.153087848321541,-0.0611045935420214,
0.),.UNSPECIFIED.);
#157=B_SPLINE_CURVE_WITH_KNOTS('',3,(#5446,#5447,#5448,#5449,#5450),
 .UNSPECIFIED.,.F.,.F.,(4,1,4),(0.,0.0545832536910691,0.0902342988430277),
 .UNSPECIFIED.);
#158=B_SPLINE_CURVE_WITH_KNOTS('',3,(#5452,#5453,#5454,#5455,#5456),
 .UNSPECIFIED.,.F.,.F.,(4,1,4),(-0.0902342988430277,-0.0545832536910691,
0.),.UNSPECIFIED.);
#159=B_SPLINE_CURVE_WITH_KNOTS('',3,(#5469,#5470,#5471,#5472,#5473),
 .UNSPECIFIED.,.F.,.F.,(4,1,4),(0.,0.0433471585419667,0.0814871099789325),
 .UNSPECIFIED.);
#160=B_SPLINE_CURVE_WITH_KNOTS('',3,(#5475,#5476,#5477,#5478,#5479),
 .UNSPECIFIED.,.F.,.F.,(4,1,4),(-0.0814871099789325,-0.0433471585419667,
0.),.UNSPECIFIED.);
#161=B_SPLINE_CURVE_WITH_KNOTS('',3,(#5492,#5493,#5494,#5495,#5496),
 .UNSPECIFIED.,.F.,.F.,(4,1,4),(0.,0.0364962866148891,0.0757396131864631),
 .UNSPECIFIED.);
#162=B_SPLINE_CURVE_WITH_KNOTS('',3,(#5498,#5499,#5500,#5501,#5502),
 .UNSPECIFIED.,.F.,.F.,(4,1,4),(-0.0757396131864631,-0.0364962866148891,
0.),.UNSPECIFIED.);
#163=B_SPLINE_CURVE_WITH_KNOTS('',3,(#5515,#5516,#5517,#5518,#5519),
 .UNSPECIFIED.,.F.,.F.,(4,1,4),(0.,0.0420143202228349,0.0872208501870875),
 .UNSPECIFIED.);
#164=B_SPLINE_CURVE_WITH_KNOTS('',3,(#5521,#5522,#5523,#5524,#5525),
 .UNSPECIFIED.,.F.,.F.,(4,1,4),(-0.0872208501870875,-0.0420143202228349,
0.),.UNSPECIFIED.);
#165=B_SPLINE_CURVE_WITH_KNOTS('',3,(#5538,#5539,#5540,#5541,#5542),
 .UNSPECIFIED.,.F.,.F.,(4,1,4),(0.,0.0527564762417992,0.102564818896448),
 .UNSPECIFIED.);
#166=B_SPLINE_CURVE_WITH_KNOTS('',3,(#5544,#5545,#5546,#5547,#5548),
 .UNSPECIFIED.,.F.,.F.,(4,1,4),(-0.102564818896448,-0.0527564762417992,
0.),.UNSPECIFIED.);
#167=B_SPLINE_CURVE_WITH_KNOTS('',3,(#5561,#5562,#5563,#5564,#5565),
 .UNSPECIFIED.,.F.,.F.,(4,1,4),(0.,0.0490219884901339,0.0997381997555373),
 .UNSPECIFIED.);
#168=B_SPLINE_CURVE_WITH_KNOTS('',3,(#5567,#5568,#5569,#5570,#5571),
 .UNSPECIFIED.,.F.,.F.,(4,1,4),(-0.0997381997555373,-0.0490219884901339,
0.),.UNSPECIFIED.);
#169=B_SPLINE_CURVE_WITH_KNOTS('',3,(#5584,#5585,#5586,#5587,#5588),
 .UNSPECIFIED.,.F.,.F.,(4,1,4),(0.,0.0632426252597424,0.147674237278588),
 .UNSPECIFIED.);
#170=B_SPLINE_CURVE_WITH_KNOTS('',3,(#5590,#5591,#5592,#5593,#5594),
 .UNSPECIFIED.,.F.,.F.,(4,1,4),(-0.147674237278588,-0.0632426252597424,
0.),.UNSPECIFIED.);
#171=B_SPLINE_CURVE_WITH_KNOTS('',3,(#5626,#5627,#5628,#5629,#5630),
 .UNSPECIFIED.,.F.,.F.,(4,1,4),(-0.187266479713226,-0.103535661499399,0.),
 .UNSPECIFIED.);
#172=B_SPLINE_CURVE_WITH_KNOTS('',3,(#5643,#5644,#5645,#5646,#5647),
 .UNSPECIFIED.,.F.,.F.,(4,1,4),(-0.144876383018,-0.072775378727987,0.),
 .UNSPECIFIED.);
#173=B_SPLINE_CURVE_WITH_KNOTS('',3,(#5660,#5661,#5662,#5663,#5664),
 .UNSPECIFIED.,.F.,.F.,(4,1,4),(-0.13908822595535,-0.0709337225182227,0.),
 .UNSPECIFIED.);
#174=B_SPLINE_CURVE_WITH_KNOTS('',3,(#5677,#5678,#5679,#5680,#5681),
 .UNSPECIFIED.,.F.,.F.,(4,1,4),(-0.126896629267644,-0.0628488669940735,
0.),.UNSPECIFIED.);
#175=B_SPLINE_CURVE_WITH_KNOTS('',3,(#5694,#5695,#5696,#5697,#5698),
 .UNSPECIFIED.,.F.,.F.,(4,1,4),(-0.14066199929793,-0.0672545080527228,0.),
 .UNSPECIFIED.);
#176=B_SPLINE_CURVE_WITH_KNOTS('',3,(#5711,#5712,#5713,#5714,#5715),
 .UNSPECIFIED.,.F.,.F.,(4,1,4),(-0.168608124476617,-0.0879341605591503,
0.),.UNSPECIFIED.);
#177=B_SPLINE_CURVE_WITH_KNOTS('',3,(#5728,#5729,#5730,#5731,#5732),
 .UNSPECIFIED.,.F.,.F.,(4,1,4),(-0.161329954756038,-0.0789086902441637,
0.),.UNSPECIFIED.);
#178=B_SPLINE_CURVE_WITH_KNOTS('',3,(#5745,#5746,#5747,#5748,#5749),
 .UNSPECIFIED.,.F.,.F.,(4,1,4),(-0.134856435333338,-0.0681912655514869,
0.),.UNSPECIFIED.);
#179=B_SPLINE_CURVE_WITH_KNOTS('',3,(#5762,#5763,#5764,#5765,#5766),
 .UNSPECIFIED.,.F.,.F.,(4,1,4),(-0.119349757804905,-0.0629151491600191,
0.),.UNSPECIFIED.);
#180=B_SPLINE_CURVE_WITH_KNOTS('',3,(#5779,#5780,#5781,#5782,#5783),
 .UNSPECIFIED.,.F.,.F.,(4,1,4),(-0.120719612229166,-0.0569751134222384,
0.),.UNSPECIFIED.);
#181=B_SPLINE_CURVE_WITH_KNOTS('',3,(#5796,#5797,#5798,#5799,#5800),
 .UNSPECIFIED.,.F.,.F.,(4,1,4),(-0.162487087227409,-0.0743083594460864,
0.),.UNSPECIFIED.);
#182=B_SPLINE_CURVE_WITH_KNOTS('',3,(#5827,#5828,#5829,#5830,#5831),
 .UNSPECIFIED.,.F.,.F.,(4,1,4),(0.,0.0883706675524386,0.156714751865207),
 .UNSPECIFIED.);
#183=B_SPLINE_CURVE_WITH_KNOTS('',3,(#5833,#5834,#5835,#5836,#5837),
 .UNSPECIFIED.,.F.,.F.,(4,1,4),(-0.156714751865207,-0.0883706675524386,
0.),.UNSPECIFIED.);
#184=B_SPLINE_CURVE_WITH_KNOTS('',3,(#5850,#5851,#5852,#5853,#5854),
 .UNSPECIFIED.,.F.,.F.,(4,1,4),(0.,0.0552089604273806,0.104323018280617),
 .UNSPECIFIED.);
#185=B_SPLINE_CURVE_WITH_KNOTS('',3,(#5856,#5857,#5858,#5859,#5860),
 .UNSPECIFIED.,.F.,.F.,(4,1,4),(-0.104323018280617,-0.0552089604273806,
0.),.UNSPECIFIED.);
#186=B_SPLINE_CURVE_WITH_KNOTS('',3,(#5873,#5874,#5875,#5876,#5877),
 .UNSPECIFIED.,.F.,.F.,(4,1,4),(0.,0.0692541262075916,0.147249536150757),
 .UNSPECIFIED.);
#187=B_SPLINE_CURVE_WITH_KNOTS('',3,(#5879,#5880,#5881,#5882,#5883),
 .UNSPECIFIED.,.F.,.F.,(4,1,4),(-0.147249536150757,-0.0692541262075916,
0.),.UNSPECIFIED.);
#188=B_SPLINE_CURVE_WITH_KNOTS('',3,(#5896,#5897,#5898,#5899,#5900),
 .UNSPECIFIED.,.F.,.F.,(4,1,4),(0.,0.090088747032926,0.195086221983945),
 .UNSPECIFIED.);
#189=B_SPLINE_CURVE_WITH_KNOTS('',3,(#5902,#5903,#5904,#5905,#5906),
 .UNSPECIFIED.,.F.,.F.,(4,1,4),(-0.195086221983945,-0.090088747032926,0.),
 .UNSPECIFIED.);
#190=B_SPLINE_CURVE_WITH_KNOTS('',3,(#5919,#5920,#5921,#5922,#5923),
 .UNSPECIFIED.,.F.,.F.,(4,1,4),(0.,0.139324019187302,0.248770968790276),
 .UNSPECIFIED.);
#191=B_SPLINE_CURVE_WITH_KNOTS('',3,(#5925,#5926,#5927,#5928,#5929),
 .UNSPECIFIED.,.F.,.F.,(4,1,4),(-0.248770968790276,-0.139324019187302,0.),
 .UNSPECIFIED.);
#192=B_SPLINE_CURVE_WITH_KNOTS('',3,(#5942,#5943,#5944,#5945,#5946),
 .UNSPECIFIED.,.F.,.F.,(4,1,4),(0.,0.0905661451445674,0.170888535210395),
 .UNSPECIFIED.);
#193=B_SPLINE_CURVE_WITH_KNOTS('',3,(#5948,#5949,#5950,#5951,#5952),
 .UNSPECIFIED.,.F.,.F.,(4,1,4),(-0.170888535210395,-0.0905661451445674,
0.),.UNSPECIFIED.);
#194=B_SPLINE_CURVE_WITH_KNOTS('',3,(#5965,#5966,#5967,#5968,#5969),
 .UNSPECIFIED.,.F.,.F.,(4,1,4),(0.,0.0710832013926428,0.173019254673955),
 .UNSPECIFIED.);
#195=B_SPLINE_CURVE_WITH_KNOTS('',3,(#5971,#5972,#5973,#5974,#5975),
 .UNSPECIFIED.,.F.,.F.,(4,1,4),(-0.173019254673955,-0.0710832013926428,
0.),.UNSPECIFIED.);
#196=B_SPLINE_CURVE_WITH_KNOTS('',3,(#6007,#6008,#6009,#6010,#6011),
 .UNSPECIFIED.,.F.,.F.,(4,1,4),(-0.178861352984454,-0.10289322640633,0.),
 .UNSPECIFIED.);
#197=B_SPLINE_CURVE_WITH_KNOTS('',3,(#6024,#6025,#6026,#6027,#6028),
 .UNSPECIFIED.,.F.,.F.,(4,1,4),(-0.164427164306191,-0.0843501436133767,
0.),.UNSPECIFIED.);
#198=B_SPLINE_CURVE_WITH_KNOTS('',3,(#6041,#6042,#6043,#6044,#6045),
 .UNSPECIFIED.,.F.,.F.,(4,1,4),(-0.209601239758494,-0.102856926397657,0.),
 .UNSPECIFIED.);
#199=B_SPLINE_CURVE_WITH_KNOTS('',3,(#6058,#6059,#6060,#6061,#6062),
 .UNSPECIFIED.,.F.,.F.,(4,1,4),(-0.241918867648667,-0.11525973337161,0.),
 .UNSPECIFIED.);
#200=B_SPLINE_CURVE_WITH_KNOTS('',3,(#6075,#6076,#6077,#6078,#6079),
 .UNSPECIFIED.,.F.,.F.,(4,1,4),(-0.204199488154567,-0.107640896872147,0.),
 .UNSPECIFIED.);
#201=B_SPLINE_CURVE_WITH_KNOTS('',3,(#6092,#6093,#6094,#6095,#6096),
 .UNSPECIFIED.,.F.,.F.,(4,1,4),(-0.161363585149942,-0.0859448795488025,
0.),.UNSPECIFIED.);
#202=B_SPLINE_CURVE_WITH_KNOTS('',3,(#6109,#6110,#6111,#6112,#6113),
 .UNSPECIFIED.,.F.,.F.,(4,1,4),(-0.129054523432206,-0.0674592578895477,
0.),.UNSPECIFIED.);
#203=B_SPLINE_CURVE_WITH_KNOTS('',3,(#6126,#6127,#6128,#6129,#6130),
 .UNSPECIFIED.,.F.,.F.,(4,1,4),(-0.129971734099676,-0.061833092246103,0.),
 .UNSPECIFIED.);
#204=B_SPLINE_CURVE_WITH_KNOTS('',3,(#6143,#6144,#6145,#6146,#6147),
 .UNSPECIFIED.,.F.,.F.,(4,1,4),(-0.161828420643666,-0.0762002815957758,
0.),.UNSPECIFIED.);
#205=B_SPLINE_CURVE_WITH_KNOTS('',3,(#6179,#6180,#6181,#6182,#6183),
 .UNSPECIFIED.,.F.,.F.,(4,1,4),(0.,0.135500510952785,0.242789458896679),
 .UNSPECIFIED.);
#206=B_SPLINE_CURVE_WITH_KNOTS('',3,(#6185,#6186,#6187,#6188,#6189),
 .UNSPECIFIED.,.F.,.F.,(4,1,4),(-0.242789458896679,-0.135500510952785,0.),
 .UNSPECIFIED.);
#207=B_SPLINE_CURVE_WITH_KNOTS('',3,(#6202,#6203,#6204,#6205,#6206),
 .UNSPECIFIED.,.F.,.F.,(4,1,4),(0.,0.0935587246279032,0.192286728740828),
 .UNSPECIFIED.);
#208=B_SPLINE_CURVE_WITH_KNOTS('',3,(#6208,#6209,#6210,#6211,#6212),
 .UNSPECIFIED.,.F.,.F.,(4,1,4),(-0.192286728740828,-0.0935587246279032,
0.),.UNSPECIFIED.);
#209=B_SPLINE_CURVE_WITH_KNOTS('',3,(#6225,#6226,#6227,#6228,#6229),
 .UNSPECIFIED.,.F.,.F.,(4,1,4),(0.,0.111041427644908,0.242491048119086),
 .UNSPECIFIED.);
#210=B_SPLINE_CURVE_WITH_KNOTS('',3,(#6231,#6232,#6233,#6234,#6235),
 .UNSPECIFIED.,.F.,.F.,(4,1,4),(-0.242491048119086,-0.111041427644908,0.),
 .UNSPECIFIED.);
#211=B_SPLINE_CURVE_WITH_KNOTS('',3,(#6248,#6249,#6250,#6251,#6252),
 .UNSPECIFIED.,.F.,.F.,(4,1,4),(0.,0.12830111183327,0.236715788288329),
 .UNSPECIFIED.);
#212=B_SPLINE_CURVE_WITH_KNOTS('',3,(#6254,#6255,#6256,#6257,#6258),
 .UNSPECIFIED.,.F.,.F.,(4,1,4),(-0.236715788288329,-0.12830111183327,0.),
 .UNSPECIFIED.);
#213=B_SPLINE_CURVE_WITH_KNOTS('',3,(#6271,#6272,#6273,#6274,#6275),
 .UNSPECIFIED.,.F.,.F.,(4,1,4),(0.,0.0968221639122162,0.192464861614762),
 .UNSPECIFIED.);
#214=B_SPLINE_CURVE_WITH_KNOTS('',3,(#6277,#6278,#6279,#6280,#6281),
 .UNSPECIFIED.,.F.,.F.,(4,1,4),(-0.192464861614762,-0.0968221639122162,
0.),.UNSPECIFIED.);
#215=B_SPLINE_CURVE_WITH_KNOTS('',3,(#6294,#6295,#6296,#6297,#6298),
 .UNSPECIFIED.,.F.,.F.,(4,1,4),(0.,0.11226089303332,0.254719821976257),
 .UNSPECIFIED.);
#216=B_SPLINE_CURVE_WITH_KNOTS('',3,(#6300,#6301,#6302,#6303,#6304),
 .UNSPECIFIED.,.F.,.F.,(4,1,4),(-0.254719821976257,-0.11226089303332,0.),
 .UNSPECIFIED.);
#217=B_SPLINE_CURVE_WITH_KNOTS('',3,(#6335,#6336,#6337,#6338,#6339),
 .UNSPECIFIED.,.F.,.F.,(4,1,4),(0.,0.113309812749295,0.194244978094453),
 .UNSPECIFIED.);
#218=B_SPLINE_CURVE_WITH_KNOTS('',3,(#6341,#6342,#6343,#6344,#6345),
 .UNSPECIFIED.,.F.,.F.,(4,1,4),(-0.194244978094453,-0.113309812749295,0.),
 .UNSPECIFIED.);
#219=B_SPLINE_CURVE_WITH_KNOTS('',3,(#6358,#6359,#6360,#6361,#6362),
 .UNSPECIFIED.,.F.,.F.,(4,1,4),(0.,0.0638002610045013,0.128384714755181),
 .UNSPECIFIED.);
#220=B_SPLINE_CURVE_WITH_KNOTS('',3,(#6364,#6365,#6366,#6367,#6368),
 .UNSPECIFIED.,.F.,.F.,(4,1,4),(-0.128384714755181,-0.0638002610045013,
0.),.UNSPECIFIED.);
#221=B_SPLINE_CURVE_WITH_KNOTS('',3,(#6381,#6382,#6383,#6384,#6385),
 .UNSPECIFIED.,.F.,.F.,(4,1,4),(0.,0.0701981667067687,0.149341073494905),
 .UNSPECIFIED.);
#222=B_SPLINE_CURVE_WITH_KNOTS('',3,(#6387,#6388,#6389,#6390,#6391),
 .UNSPECIFIED.,.F.,.F.,(4,1,4),(-0.149341073494905,-0.0701981667067687,
0.),.UNSPECIFIED.);
#223=B_SPLINE_CURVE_WITH_KNOTS('',3,(#6404,#6405,#6406,#6407,#6408),
 .UNSPECIFIED.,.F.,.F.,(4,1,4),(0.,0.126089732311045,0.222835733577135),
 .UNSPECIFIED.);
#224=B_SPLINE_CURVE_WITH_KNOTS('',3,(#6410,#6411,#6412,#6413,#6414),
 .UNSPECIFIED.,.F.,.F.,(4,1,4),(-0.222835733577135,-0.126089732311045,0.),
 .UNSPECIFIED.);
#225=B_SPLINE_CURVE_WITH_KNOTS('',3,(#6427,#6428,#6429,#6430,#6431),
 .UNSPECIFIED.,.F.,.F.,(4,1,4),(0.,0.10731579009423,0.265819434057792),
 .UNSPECIFIED.);
#226=B_SPLINE_CURVE_WITH_KNOTS('',3,(#6433,#6434,#6435,#6436,#6437),
 .UNSPECIFIED.,.F.,.F.,(4,1,4),(-0.265819434057792,-0.10731579009423,0.),
 .UNSPECIFIED.);
#227=B_SPLINE_CURVE_WITH_KNOTS('',3,(#6463,#6464,#6465,#6466,#6467),
 .UNSPECIFIED.,.F.,.F.,(4,1,4),(0.,0.0698729198047581,0.130775166094772),
 .UNSPECIFIED.);
#228=B_SPLINE_CURVE_WITH_KNOTS('',3,(#6469,#6470,#6471,#6472,#6473),
 .UNSPECIFIED.,.F.,.F.,(4,1,4),(-0.130775166094772,-0.0698729198047581,
0.),.UNSPECIFIED.);
#229=B_SPLINE_CURVE_WITH_KNOTS('',3,(#6486,#6487,#6488,#6489,#6490),
 .UNSPECIFIED.,.F.,.F.,(4,1,4),(0.,0.0600096643542931,0.128468738880183),
 .UNSPECIFIED.);
#230=B_SPLINE_CURVE_WITH_KNOTS('',3,(#6492,#6493,#6494,#6495,#6496),
 .UNSPECIFIED.,.F.,.F.,(4,1,4),(-0.128468738880183,-0.0600096643542931,
0.),.UNSPECIFIED.);
#231=B_SPLINE_CURVE_WITH_KNOTS('',3,(#6509,#6510,#6511,#6512,#6513),
 .UNSPECIFIED.,.F.,.F.,(4,1,4),(0.,0.0758158829845135,0.157157560034864),
 .UNSPECIFIED.);
#232=B_SPLINE_CURVE_WITH_KNOTS('',3,(#6515,#6516,#6517,#6518,#6519),
 .UNSPECIFIED.,.F.,.F.,(4,1,4),(-0.157157560034864,-0.0758158829845135,
0.),.UNSPECIFIED.);
#233=B_SPLINE_CURVE_WITH_KNOTS('',3,(#6532,#6533,#6534,#6535,#6536),
 .UNSPECIFIED.,.F.,.F.,(4,1,4),(0.,0.0715041786668495,0.136162062616529),
 .UNSPECIFIED.);
#234=B_SPLINE_CURVE_WITH_KNOTS('',3,(#6538,#6539,#6540,#6541,#6542),
 .UNSPECIFIED.,.F.,.F.,(4,1,4),(-0.136162062616529,-0.0715041786668495,
0.),.UNSPECIFIED.);
#235=B_SPLINE_CURVE_WITH_KNOTS('',3,(#6555,#6556,#6557,#6558,#6559),
 .UNSPECIFIED.,.F.,.F.,(4,1,4),(0.,0.0571739272925645,0.107218722195866),
 .UNSPECIFIED.);
#236=B_SPLINE_CURVE_WITH_KNOTS('',3,(#6561,#6562,#6563,#6564,#6565),
 .UNSPECIFIED.,.F.,.F.,(4,1,4),(-0.107218722195866,-0.0571739272925645,
0.),.UNSPECIFIED.);
#237=B_SPLINE_CURVE_WITH_KNOTS('',3,(#6578,#6579,#6580,#6581,#6582),
 .UNSPECIFIED.,.F.,.F.,(4,1,4),(0.,0.0461826179071463,0.0913347447813692),
 .UNSPECIFIED.);
#238=B_SPLINE_CURVE_WITH_KNOTS('',3,(#6584,#6585,#6586,#6587,#6588),
 .UNSPECIFIED.,.F.,.F.,(4,1,4),(-0.0913347447813692,-0.0461826179071463,
0.),.UNSPECIFIED.);
#239=B_SPLINE_CURVE_WITH_KNOTS('',3,(#6601,#6602,#6603,#6604,#6605),
 .UNSPECIFIED.,.F.,.F.,(4,1,4),(0.,0.0446072760868398,0.0878673871436695),
 .UNSPECIFIED.);
#240=B_SPLINE_CURVE_WITH_KNOTS('',3,(#6607,#6608,#6609,#6610,#6611),
 .UNSPECIFIED.,.F.,.F.,(4,1,4),(-0.0878673871436695,-0.0446072760868398,
0.),.UNSPECIFIED.);
#241=B_SPLINE_CURVE_WITH_KNOTS('',3,(#6624,#6625,#6626,#6627,#6628),
 .UNSPECIFIED.,.F.,.F.,(4,1,4),(0.,0.0484906382038593,0.1086253737752),
 .UNSPECIFIED.);
#242=B_SPLINE_CURVE_WITH_KNOTS('',3,(#6630,#6631,#6632,#6633,#6634),
 .UNSPECIFIED.,.F.,.F.,(4,1,4),(-0.1086253737752,-0.0484906382038593,0.),
 .UNSPECIFIED.);
#243=B_SPLINE_CURVE_WITH_KNOTS('',3,(#6647,#6648,#6649,#6650,#6651),
 .UNSPECIFIED.,.F.,.F.,(4,1,4),(0.,0.0676664955277013,0.184654115693228),
 .UNSPECIFIED.);
#244=B_SPLINE_CURVE_WITH_KNOTS('',3,(#6653,#6654,#6655,#6656,#6657),
 .UNSPECIFIED.,.F.,.F.,(4,1,4),(-0.184654115693228,-0.0676664955277013,
0.),.UNSPECIFIED.);
#245=B_SPLINE_CURVE_WITH_KNOTS('',3,(#6670,#6671,#6672,#6673,#6674),
 .UNSPECIFIED.,.F.,.F.,(4,1,4),(0.,0.121485591167769,0.203186497456345),
 .UNSPECIFIED.);
#246=B_SPLINE_CURVE_WITH_KNOTS('',3,(#6676,#6677,#6678,#6679,#6680),
 .UNSPECIFIED.,.F.,.F.,(4,1,4),(-0.203186497456345,-0.121485591167769,0.),
 .UNSPECIFIED.);
#247=B_SPLINE_CURVE_WITH_KNOTS('',3,(#6693,#6694,#6695,#6696,#6697),
 .UNSPECIFIED.,.F.,.F.,(4,1,4),(0.,0.0753212458063606,0.14290022563587),
 .UNSPECIFIED.);
#248=B_SPLINE_CURVE_WITH_KNOTS('',3,(#6699,#6700,#6701,#6702,#6703),
 .UNSPECIFIED.,.F.,.F.,(4,1,4),(-0.14290022563587,-0.0753212458063606,0.),
 .UNSPECIFIED.);
#249=B_SPLINE_CURVE_WITH_KNOTS('',3,(#6716,#6717,#6718,#6719,#6720),
 .UNSPECIFIED.,.F.,.F.,(4,1,4),(0.,0.0645414736921776,0.130696654163142),
 .UNSPECIFIED.);
#250=B_SPLINE_CURVE_WITH_KNOTS('',3,(#6722,#6723,#6724,#6725,#6726),
 .UNSPECIFIED.,.F.,.F.,(4,1,4),(-0.130696654163142,-0.0645414736921776,
0.),.UNSPECIFIED.);
#251=B_SPLINE_CURVE_WITH_KNOTS('',3,(#6739,#6740,#6741,#6742,#6743),
 .UNSPECIFIED.,.F.,.F.,(4,1,4),(0.,0.0740272441962973,0.149548334624698),
 .UNSPECIFIED.);
#252=B_SPLINE_CURVE_WITH_KNOTS('',3,(#6745,#6746,#6747,#6748,#6749),
 .UNSPECIFIED.,.F.,.F.,(4,1,4),(-0.149548334624698,-0.0740272441962973,
0.),.UNSPECIFIED.);
#253=B_SPLINE_CURVE_WITH_KNOTS('',3,(#6762,#6763,#6764,#6765,#6766),
 .UNSPECIFIED.,.F.,.F.,(4,1,4),(0.,0.0784002500842333,0.162332193708764),
 .UNSPECIFIED.);
#254=B_SPLINE_CURVE_WITH_KNOTS('',3,(#6768,#6769,#6770,#6771,#6772),
 .UNSPECIFIED.,.F.,.F.,(4,1,4),(-0.162332193708764,-0.0784002500842333,
0.),.UNSPECIFIED.);
#255=B_SPLINE_CURVE_WITH_KNOTS('',3,(#6785,#6786,#6787,#6788,#6789),
 .UNSPECIFIED.,.F.,.F.,(4,1,4),(0.,0.0908187765500606,0.1875458767593),
 .UNSPECIFIED.);
#256=B_SPLINE_CURVE_WITH_KNOTS('',3,(#6791,#6792,#6793,#6794,#6795),
 .UNSPECIFIED.,.F.,.F.,(4,1,4),(-0.1875458767593,-0.0908187765500606,0.),
 .UNSPECIFIED.);
#257=B_SPLINE_CURVE_WITH_KNOTS('',3,(#6808,#6809,#6810,#6811,#6812),
 .UNSPECIFIED.,.F.,.F.,(4,1,4),(0.,0.10500378186879,0.200355281000504),
 .UNSPECIFIED.);
#258=B_SPLINE_CURVE_WITH_KNOTS('',3,(#6814,#6815,#6816,#6817,#6818),
 .UNSPECIFIED.,.F.,.F.,(4,1,4),(-0.200355281000504,-0.10500378186879,0.),
 .UNSPECIFIED.);
#259=B_SPLINE_CURVE_WITH_KNOTS('',3,(#6831,#6832,#6833,#6834,#6835),
 .UNSPECIFIED.,.F.,.F.,(4,1,4),(0.,0.0871851663170577,0.169760801241613),
 .UNSPECIFIED.);
#260=B_SPLINE_CURVE_WITH_KNOTS('',3,(#6837,#6838,#6839,#6840,#6841),
 .UNSPECIFIED.,.F.,.F.,(4,1,4),(-0.169760801241613,-0.0871851663170577,
0.),.UNSPECIFIED.);
#261=B_SPLINE_CURVE_WITH_KNOTS('',3,(#6854,#6855,#6856,#6857,#6858),
 .UNSPECIFIED.,.F.,.F.,(4,1,4),(0.,0.0820789440905017,0.166633498766793),
 .UNSPECIFIED.);
#262=B_SPLINE_CURVE_WITH_KNOTS('',3,(#6860,#6861,#6862,#6863,#6864),
 .UNSPECIFIED.,.F.,.F.,(4,1,4),(-0.166633498766793,-0.0820789440905017,
0.),.UNSPECIFIED.);
#263=B_SPLINE_CURVE_WITH_KNOTS('',3,(#6883,#6884,#6885,#6886,#6887),
 .UNSPECIFIED.,.F.,.F.,(4,1,4),(0.,0.0861880626069617,0.162309998918738),
 .UNSPECIFIED.);
#264=B_SPLINE_CURVE_WITH_KNOTS('',3,(#6889,#6890,#6891,#6892,#6893),
 .UNSPECIFIED.,.F.,.F.,(4,1,4),(-0.162309998918738,-0.0861880626069617,
0.),.UNSPECIFIED.);
#265=B_SPLINE_CURVE_WITH_KNOTS('',3,(#6906,#6907,#6908,#6909,#6910),
 .UNSPECIFIED.,.F.,.F.,(4,1,4),(0.,0.0816030314738908,0.183535396653877),
 .UNSPECIFIED.);
#266=B_SPLINE_CURVE_WITH_KNOTS('',3,(#6912,#6913,#6914,#6915,#6916),
 .UNSPECIFIED.,.F.,.F.,(4,1,4),(-0.183535396653877,-0.0816030314738908,
0.),.UNSPECIFIED.);
#267=B_SPLINE_CURVE_WITH_KNOTS('',3,(#6929,#6930,#6931,#6932,#6933),
 .UNSPECIFIED.,.F.,.F.,(4,1,4),(0.,0.10435015206108,0.182822441567005),
 .UNSPECIFIED.);
#268=B_SPLINE_CURVE_WITH_KNOTS('',3,(#6935,#6936,#6937,#6938,#6939),
 .UNSPECIFIED.,.F.,.F.,(4,1,4),(-0.182822441567005,-0.10435015206108,0.),
 .UNSPECIFIED.);
#269=B_SPLINE_CURVE_WITH_KNOTS('',3,(#6952,#6953,#6954,#6955,#6956),
 .UNSPECIFIED.,.F.,.F.,(4,1,4),(0.,0.0636388944127795,0.122808038516091),
 .UNSPECIFIED.);
#270=B_SPLINE_CURVE_WITH_KNOTS('',3,(#6958,#6959,#6960,#6961,#6962),
 .UNSPECIFIED.,.F.,.F.,(4,1,4),(-0.122808038516091,-0.0636388944127795,
0.),.UNSPECIFIED.);
#271=B_SPLINE_CURVE_WITH_KNOTS('',3,(#6975,#6976,#6977,#6978,#6979),
 .UNSPECIFIED.,.F.,.F.,(4,1,4),(0.,0.0500658233076409,0.0992148471462806),
 .UNSPECIFIED.);
#272=B_SPLINE_CURVE_WITH_KNOTS('',3,(#6981,#6982,#6983,#6984,#6985),
 .UNSPECIFIED.,.F.,.F.,(4,1,4),(-0.0992148471462806,-0.0500658233076409,
0.),.UNSPECIFIED.);
#273=B_SPLINE_CURVE_WITH_KNOTS('',3,(#6998,#6999,#7000,#7001,#7002),
 .UNSPECIFIED.,.F.,.F.,(4,1,4),(0.,0.0774490773667732,0.212882271059074),
 .UNSPECIFIED.);
#274=B_SPLINE_CURVE_WITH_KNOTS('',3,(#7004,#7005,#7006,#7007,#7008),
 .UNSPECIFIED.,.F.,.F.,(4,1,4),(-0.212882271059074,-0.0774490773667732,
0.),.UNSPECIFIED.);
#275=B_SPLINE_CURVE_WITH_KNOTS('',3,(#7021,#7022,#7023,#7024,#7025),
 .UNSPECIFIED.,.F.,.F.,(4,1,4),(0.,0.140231557811943,0.230565597463492),
 .UNSPECIFIED.);
#276=B_SPLINE_CURVE_WITH_KNOTS('',3,(#7027,#7028,#7029,#7030,#7031),
 .UNSPECIFIED.,.F.,.F.,(4,1,4),(-0.230565597463492,-0.140231557811943,0.),
 .UNSPECIFIED.);
#277=B_SPLINE_CURVE_WITH_KNOTS('',3,(#7044,#7045,#7046,#7047,#7048),
 .UNSPECIFIED.,.F.,.F.,(4,1,4),(0.,0.0885424536600803,0.16593290724396),
 .UNSPECIFIED.);
#278=B_SPLINE_CURVE_WITH_KNOTS('',3,(#7050,#7051,#7052,#7053,#7054),
 .UNSPECIFIED.,.F.,.F.,(4,1,4),(-0.16593290724396,-0.0885424536600803,0.),
 .UNSPECIFIED.);
#279=B_SPLINE_CURVE_WITH_KNOTS('',3,(#7067,#7068,#7069,#7070,#7071),
 .UNSPECIFIED.,.F.,.F.,(4,1,4),(0.,0.0733882288739154,0.149900050551446),
 .UNSPECIFIED.);
#280=B_SPLINE_CURVE_WITH_KNOTS('',3,(#7073,#7074,#7075,#7076,#7077),
 .UNSPECIFIED.,.F.,.F.,(4,1,4),(-0.149900050551446,-0.0733882288739154,
0.),.UNSPECIFIED.);
#281=B_SPLINE_CURVE_WITH_KNOTS('',3,(#7090,#7091,#7092,#7093,#7094),
 .UNSPECIFIED.,.F.,.F.,(4,1,4),(0.,0.0783444218198397,0.158902896720277),
 .UNSPECIFIED.);
#282=B_SPLINE_CURVE_WITH_KNOTS('',3,(#7096,#7097,#7098,#7099,#7100),
 .UNSPECIFIED.,.F.,.F.,(4,1,4),(-0.158902896720277,-0.0783444218198397,
0.),.UNSPECIFIED.);
#283=B_SPLINE_CURVE_WITH_KNOTS('',3,(#7113,#7114,#7115,#7116,#7117),
 .UNSPECIFIED.,.F.,.F.,(4,1,4),(0.,0.0838952548243414,0.172975820440142),
 .UNSPECIFIED.);
#284=B_SPLINE_CURVE_WITH_KNOTS('',3,(#7119,#7120,#7121,#7122,#7123),
 .UNSPECIFIED.,.F.,.F.,(4,1,4),(-0.172975820440142,-0.0838952548243414,
0.),.UNSPECIFIED.);
#285=B_SPLINE_CURVE_WITH_KNOTS('',3,(#7136,#7137,#7138,#7139,#7140),
 .UNSPECIFIED.,.F.,.F.,(4,1,4),(0.,0.0956163141254841,0.197810186071685),
 .UNSPECIFIED.);
#286=B_SPLINE_CURVE_WITH_KNOTS('',3,(#7142,#7143,#7144,#7145,#7146),
 .UNSPECIFIED.,.F.,.F.,(4,1,4),(-0.197810186071685,-0.0956163141254841,
0.),.UNSPECIFIED.);
#287=B_SPLINE_CURVE_WITH_KNOTS('',3,(#7159,#7160,#7161,#7162,#7163),
 .UNSPECIFIED.,.F.,.F.,(4,1,4),(0.,0.125135804556514,0.232080225103104),
 .UNSPECIFIED.);
#288=B_SPLINE_CURVE_WITH_KNOTS('',3,(#7165,#7166,#7167,#7168,#7169),
 .UNSPECIFIED.,.F.,.F.,(4,1,4),(-0.232080225103104,-0.125135804556514,0.),
 .UNSPECIFIED.);
#289=B_SPLINE_CURVE_WITH_KNOTS('',3,(#7182,#7183,#7184,#7185,#7186),
 .UNSPECIFIED.,.F.,.F.,(4,1,4),(0.,0.0956789332345534,0.188857512654499),
 .UNSPECIFIED.);
#290=B_SPLINE_CURVE_WITH_KNOTS('',3,(#7188,#7189,#7190,#7191,#7192),
 .UNSPECIFIED.,.F.,.F.,(4,1,4),(-0.188857512654499,-0.0956789332345534,
0.),.UNSPECIFIED.);
#291=B_SPLINE_CURVE_WITH_KNOTS('',3,(#7204,#7205,#7206,#7207,#7208),
 .UNSPECIFIED.,.F.,.F.,(4,1,4),(0.,0.0935652223288269,0.189827223855839),
 .UNSPECIFIED.);
#292=B_SPLINE_CURVE_WITH_KNOTS('',3,(#7209,#7210,#7211,#7212,#7213),
 .UNSPECIFIED.,.F.,.F.,(4,1,4),(-0.189827223855839,-0.0935652223288269,
0.),.UNSPECIFIED.);
#293=B_SPLINE_CURVE_WITH_KNOTS('',3,(#7235,#7236,#7237,#7238,#7239),
 .UNSPECIFIED.,.F.,.F.,(4,1,4),(0.,0.0756013925206473,0.126990903881931),
 .UNSPECIFIED.);
#294=B_SPLINE_CURVE_WITH_KNOTS('',3,(#7241,#7242,#7243,#7244,#7245),
 .UNSPECIFIED.,.F.,.F.,(4,1,4),(-0.126990903881931,-0.0756013925206473,
0.),.UNSPECIFIED.);
#295=B_SPLINE_CURVE_WITH_KNOTS('',3,(#7258,#7259,#7260,#7261,#7262),
 .UNSPECIFIED.,.F.,.F.,(4,1,4),(0.,0.0485428767747446,0.0921560622416463),
 .UNSPECIFIED.);
#296=B_SPLINE_CURVE_WITH_KNOTS('',3,(#7264,#7265,#7266,#7267,#7268),
 .UNSPECIFIED.,.F.,.F.,(4,1,4),(-0.0921560622416463,-0.0485428767747446,
0.),.UNSPECIFIED.);
#297=B_SPLINE_CURVE_WITH_KNOTS('',3,(#7281,#7282,#7283,#7284,#7285),
 .UNSPECIFIED.,.F.,.F.,(4,1,4),(0.,0.0436631379360844,0.0921764407985227),
 .UNSPECIFIED.);
#298=B_SPLINE_CURVE_WITH_KNOTS('',3,(#7287,#7288,#7289,#7290,#7291),
 .UNSPECIFIED.,.F.,.F.,(4,1,4),(-0.0921764407985227,-0.0436631379360844,
0.),.UNSPECIFIED.);
#299=B_SPLINE_CURVE_WITH_KNOTS('',3,(#7304,#7305,#7306,#7307,#7308),
 .UNSPECIFIED.,.F.,.F.,(4,1,4),(0.,0.0471900760460592,0.0917850035893218),
 .UNSPECIFIED.);
#300=B_SPLINE_CURVE_WITH_KNOTS('',3,(#7310,#7311,#7312,#7313,#7314),
 .UNSPECIFIED.,.F.,.F.,(4,1,4),(-0.0917850035893218,-0.0471900760460592,
0.),.UNSPECIFIED.);
#301=B_SPLINE_CURVE_WITH_KNOTS('',3,(#7327,#7328,#7329,#7330,#7331),
 .UNSPECIFIED.,.F.,.F.,(4,1,4),(0.,0.0430976475733108,0.0871030555506128),
 .UNSPECIFIED.);
#302=B_SPLINE_CURVE_WITH_KNOTS('',3,(#7333,#7334,#7335,#7336,#7337),
 .UNSPECIFIED.,.F.,.F.,(4,1,4),(-0.0871030555506128,-0.0430976475733108,
0.),.UNSPECIFIED.);
#303=B_SPLINE_CURVE_WITH_KNOTS('',3,(#7350,#7351,#7352,#7353,#7354),
 .UNSPECIFIED.,.F.,.F.,(4,1,4),(0.,0.0611045935420214,0.153087610075212),
 .UNSPECIFIED.);
#304=B_SPLINE_CURVE_WITH_KNOTS('',3,(#7356,#7357,#7358,#7359,#7360),
 .UNSPECIFIED.,.F.,.F.,(4,1,4),(-0.153087610075212,-0.0611045935420214,
0.),.UNSPECIFIED.);
#305=B_SPLINE_CURVE_WITH_KNOTS('',3,(#7391,#7392,#7393,#7394,#7395),
 .UNSPECIFIED.,.F.,.F.,(4,1,4),(0.,0.0545832510840351,0.0902340709982438),
 .UNSPECIFIED.);
#306=B_SPLINE_CURVE_WITH_KNOTS('',3,(#7397,#7398,#7399,#7400,#7401),
 .UNSPECIFIED.,.F.,.F.,(4,1,4),(-0.0902340709982438,-0.0545832510840351,
0.),.UNSPECIFIED.);
#307=B_SPLINE_CURVE_WITH_KNOTS('',3,(#7414,#7415,#7416,#7417,#7418),
 .UNSPECIFIED.,.F.,.F.,(4,1,4),(0.,0.0433471585419667,0.0814871099789325),
 .UNSPECIFIED.);
#308=B_SPLINE_CURVE_WITH_KNOTS('',3,(#7420,#7421,#7422,#7423,#7424),
 .UNSPECIFIED.,.F.,.F.,(4,1,4),(-0.0814871099789325,-0.0433471585419667,
0.),.UNSPECIFIED.);
#309=B_SPLINE_CURVE_WITH_KNOTS('',3,(#7437,#7438,#7439,#7440,#7441),
 .UNSPECIFIED.,.F.,.F.,(4,1,4),(0.,0.0364962866148891,0.0757396131864631),
 .UNSPECIFIED.);
#310=B_SPLINE_CURVE_WITH_KNOTS('',3,(#7443,#7444,#7445,#7446,#7447),
 .UNSPECIFIED.,.F.,.F.,(4,1,4),(-0.0757396131864631,-0.0364962866148891,
0.),.UNSPECIFIED.);
#311=B_SPLINE_CURVE_WITH_KNOTS('',3,(#7460,#7461,#7462,#7463,#7464),
 .UNSPECIFIED.,.F.,.F.,(4,1,4),(0.,0.0420143202228349,0.0872208501870875),
 .UNSPECIFIED.);
#312=B_SPLINE_CURVE_WITH_KNOTS('',3,(#7466,#7467,#7468,#7469,#7470),
 .UNSPECIFIED.,.F.,.F.,(4,1,4),(-0.0872208501870875,-0.0420143202228349,
0.),.UNSPECIFIED.);
#313=B_SPLINE_CURVE_WITH_KNOTS('',3,(#7483,#7484,#7485,#7486,#7487),
 .UNSPECIFIED.,.F.,.F.,(4,1,4),(0.,0.052756626716062,0.102564812745678),
 .UNSPECIFIED.);
#314=B_SPLINE_CURVE_WITH_KNOTS('',3,(#7489,#7490,#7491,#7492,#7493),
 .UNSPECIFIED.,.F.,.F.,(4,1,4),(-0.102564812745678,-0.052756626716062,0.),
 .UNSPECIFIED.);
#315=B_SPLINE_CURVE_WITH_KNOTS('',3,(#7506,#7507,#7508,#7509,#7510),
 .UNSPECIFIED.,.F.,.F.,(4,1,4),(0.,0.0490219457769162,0.0997379173403205),
 .UNSPECIFIED.);
#316=B_SPLINE_CURVE_WITH_KNOTS('',3,(#7512,#7513,#7514,#7515,#7516),
 .UNSPECIFIED.,.F.,.F.,(4,1,4),(-0.0997379173403205,-0.0490219457769162,
0.),.UNSPECIFIED.);
#317=B_SPLINE_CURVE_WITH_KNOTS('',3,(#7529,#7530,#7531,#7532,#7533),
 .UNSPECIFIED.,.F.,.F.,(4,1,4),(0.,0.0632428707620104,0.147674482780856),
 .UNSPECIFIED.);
#318=B_SPLINE_CURVE_WITH_KNOTS('',3,(#7535,#7536,#7537,#7538,#7539),
 .UNSPECIFIED.,.F.,.F.,(4,1,4),(-0.147674482780856,-0.0632428707620104,
0.),.UNSPECIFIED.);
#319=B_SPLINE_CURVE_WITH_KNOTS('',3,(#7576,#7577,#7578,#7579,#7580),
 .UNSPECIFIED.,.F.,.F.,(4,1,4),(0.,0.103535661499399,0.187266479713226),
 .UNSPECIFIED.);
#320=B_SPLINE_CURVE_WITH_KNOTS('',3,(#7582,#7583,#7584,#7585,#7586),
 .UNSPECIFIED.,.F.,.F.,(4,1,4),(-0.187266479713226,-0.103535661499399,0.),
 .UNSPECIFIED.);
#321=B_SPLINE_CURVE_WITH_KNOTS('',3,(#7599,#7600,#7601,#7602,#7603),
 .UNSPECIFIED.,.F.,.F.,(4,1,4),(0.,0.0727751764868649,0.144876180776878),
 .UNSPECIFIED.);
#322=B_SPLINE_CURVE_WITH_KNOTS('',3,(#7605,#7606,#7607,#7608,#7609),
 .UNSPECIFIED.,.F.,.F.,(4,1,4),(-0.144876180776878,-0.0727751764868649,
0.),.UNSPECIFIED.);
#323=B_SPLINE_CURVE_WITH_KNOTS('',3,(#7622,#7623,#7624,#7625,#7626),
 .UNSPECIFIED.,.F.,.F.,(4,1,4),(0.,0.0709336682808075,0.139088265004325),
 .UNSPECIFIED.);
#324=B_SPLINE_CURVE_WITH_KNOTS('',3,(#7628,#7629,#7630,#7631,#7632),
 .UNSPECIFIED.,.F.,.F.,(4,1,4),(-0.139088265004325,-0.0709336682808075,
0.),.UNSPECIFIED.);
#325=B_SPLINE_CURVE_WITH_KNOTS('',3,(#7645,#7646,#7647,#7648,#7649),
 .UNSPECIFIED.,.F.,.F.,(4,1,4),(0.,0.0628488340012242,0.12689673609057),
 .UNSPECIFIED.);
#326=B_SPLINE_CURVE_WITH_KNOTS('',3,(#7651,#7652,#7653,#7654,#7655),
 .UNSPECIFIED.,.F.,.F.,(4,1,4),(-0.12689673609057,-0.0628488340012242,0.),
 .UNSPECIFIED.);
#327=B_SPLINE_CURVE_WITH_KNOTS('',3,(#7668,#7669,#7670,#7671,#7672),
 .UNSPECIFIED.,.F.,.F.,(4,1,4),(0.,0.0672545533932565,0.140661845245402),
 .UNSPECIFIED.);
#328=B_SPLINE_CURVE_WITH_KNOTS('',3,(#7674,#7675,#7676,#7677,#7678),
 .UNSPECIFIED.,.F.,.F.,(4,1,4),(-0.140661845245402,-0.0672545533932565,
0.),.UNSPECIFIED.);
#329=B_SPLINE_CURVE_WITH_KNOTS('',3,(#7691,#7692,#7693,#7694,#7695),
 .UNSPECIFIED.,.F.,.F.,(4,1,4),(0.,0.0879341605591503,0.168607949343955),
 .UNSPECIFIED.);
#330=B_SPLINE_CURVE_WITH_KNOTS('',3,(#7697,#7698,#7699,#7700,#7701),
 .UNSPECIFIED.,.F.,.F.,(4,1,4),(-0.168607949343955,-0.0879341605591503,
0.),.UNSPECIFIED.);
#331=B_SPLINE_CURVE_WITH_KNOTS('',3,(#7714,#7715,#7716,#7717,#7718),
 .UNSPECIFIED.,.F.,.F.,(4,1,4),(0.,0.0789086902441637,0.161329954756038),
 .UNSPECIFIED.);
#332=B_SPLINE_CURVE_WITH_KNOTS('',3,(#7720,#7721,#7722,#7723,#7724),
 .UNSPECIFIED.,.F.,.F.,(4,1,4),(-0.161329954756038,-0.0789086902441637,
0.),.UNSPECIFIED.);
#333=B_SPLINE_CURVE_WITH_KNOTS('',3,(#7737,#7738,#7739,#7740,#7741),
 .UNSPECIFIED.,.F.,.F.,(4,1,4),(0.,0.0681912655514869,0.134856435333338),
 .UNSPECIFIED.);
#334=B_SPLINE_CURVE_WITH_KNOTS('',3,(#7743,#7744,#7745,#7746,#7747),
 .UNSPECIFIED.,.F.,.F.,(4,1,4),(-0.134856435333338,-0.0681912655514869,
0.),.UNSPECIFIED.);
#335=B_SPLINE_CURVE_WITH_KNOTS('',3,(#7760,#7761,#7762,#7763,#7764),
 .UNSPECIFIED.,.F.,.F.,(4,1,4),(0.,0.0629151491600191,0.119349588140951),
 .UNSPECIFIED.);
#336=B_SPLINE_CURVE_WITH_KNOTS('',3,(#7766,#7767,#7768,#7769,#7770),
 .UNSPECIFIED.,.F.,.F.,(4,1,4),(-0.119349588140951,-0.0629151491600191,
0.),.UNSPECIFIED.);
#337=B_SPLINE_CURVE_WITH_KNOTS('',3,(#7783,#7784,#7785,#7786,#7787),
 .UNSPECIFIED.,.F.,.F.,(4,1,4),(0.,0.0569753192983927,0.120719818105321),
 .UNSPECIFIED.);
#338=B_SPLINE_CURVE_WITH_KNOTS('',3,(#7789,#7790,#7791,#7792,#7793),
 .UNSPECIFIED.,.F.,.F.,(4,1,4),(-0.120719818105321,-0.0569753192983927,
0.),.UNSPECIFIED.);
#339=B_SPLINE_CURVE_WITH_KNOTS('',3,(#7806,#7807,#7808,#7809,#7810),
 .UNSPECIFIED.,.F.,.F.,(4,1,4),(0.,0.0743083594460864,0.162486849076608),
 .UNSPECIFIED.);
#340=B_SPLINE_CURVE_WITH_KNOTS('',3,(#7812,#7813,#7814,#7815,#7816),
 .UNSPECIFIED.,.F.,.F.,(4,1,4),(-0.162486849076608,-0.0743083594460864,
0.),.UNSPECIFIED.);
#341=B_SPLINE_SURFACE_WITH_KNOTS('',3,1,((#4666,#4667),(#4668,#4669),(#4670,
#4671),(#4672,#4673),(#4674,#4675)),.UNSPECIFIED.,.F.,.F.,.F.,(4,1,4),(2,
2),(-0.306558120700729,-0.163396283522652,0.),(0.,0.2),.UNSPECIFIED.);
#342=B_SPLINE_SURFACE_WITH_KNOTS('',3,1,((#4692,#4693),(#4694,#4695),(#4696,
#4697),(#4698,#4699),(#4700,#4701)),.UNSPECIFIED.,.F.,.F.,.F.,(4,1,4),(2,
2),(-0.271294519919361,-0.134505614362509,0.),(0.,0.2),.UNSPECIFIED.);
#343=B_SPLINE_SURFACE_WITH_KNOTS('',3,1,((#4715,#4716),(#4717,#4718),(#4719,
#4720),(#4721,#4722),(#4723,#4724)),.UNSPECIFIED.,.F.,.F.,.F.,(4,1,4),(2,
2),(-0.273769819904358,-0.138679128864697,0.),(0.,0.2),.UNSPECIFIED.);
#344=B_SPLINE_SURFACE_WITH_KNOTS('',3,1,((#4738,#4739),(#4740,#4741),(#4742,
#4743),(#4744,#4745),(#4746,#4747)),.UNSPECIFIED.,.F.,.F.,.F.,(4,1,4),(2,
2),(-0.318960518019508,-0.146223284450344,0.),(0.,0.2),.UNSPECIFIED.);
#345=B_SPLINE_SURFACE_WITH_KNOTS('',3,1,((#4761,#4762),(#4763,#4764),(#4765,
#4766),(#4767,#4768),(#4769,#4770)),.UNSPECIFIED.,.F.,.F.,.F.,(4,1,4),(2,
2),(-0.218363325357027,-0.114806319220736,0.),(0.,0.2),.UNSPECIFIED.);
#346=B_SPLINE_SURFACE_WITH_KNOTS('',3,1,((#4784,#4785),(#4786,#4787),(#4788,
#4789),(#4790,#4791),(#4792,#4793)),.UNSPECIFIED.,.F.,.F.,.F.,(4,1,4),(2,
2),(-0.1878533027369,-0.0954796740791296,0.),(0.,0.2),.UNSPECIFIED.);
#347=B_SPLINE_SURFACE_WITH_KNOTS('',3,1,((#4807,#4808),(#4809,#4810),(#4811,
#4812),(#4813,#4814),(#4815,#4816)),.UNSPECIFIED.,.F.,.F.,.F.,(4,1,4),(2,
2),(-0.187211683013716,-0.0923318709990238,0.),(0.,0.2),.UNSPECIFIED.);
#348=B_SPLINE_SURFACE_WITH_KNOTS('',3,1,((#4830,#4831),(#4832,#4833),(#4834,
#4835),(#4836,#4837),(#4838,#4839)),.UNSPECIFIED.,.F.,.F.,.F.,(4,1,4),(2,
2),(-0.265526199845713,-0.13292149632972,0.),(0.,0.2),.UNSPECIFIED.);
#349=B_SPLINE_SURFACE_WITH_KNOTS('',3,1,((#4853,#4854),(#4855,#4856),(#4857,
#4858),(#4859,#4860),(#4861,#4862)),.UNSPECIFIED.,.F.,.F.,.F.,(4,1,4),(2,
2),(-0.344687408446417,-0.149568356751179,0.),(0.,0.2),.UNSPECIFIED.);
#350=B_SPLINE_SURFACE_WITH_KNOTS('',3,1,((#4873,#4874),(#4875,#4876),(#4877,
#4878),(#4879,#4880),(#4881,#4882)),.UNSPECIFIED.,.F.,.F.,.F.,(4,1,4),(2,
2),(-0.420003960197617,-0.224450158964202,0.),(0.,0.2),.UNSPECIFIED.);
#351=B_SPLINE_SURFACE_WITH_KNOTS('',3,1,((#4899,#4900),(#4901,#4902),(#4903,
#4904),(#4905,#4906),(#4907,#4908)),.UNSPECIFIED.,.F.,.F.,.F.,(4,1,4),(2,
2),(-0.381264398692081,-0.186042813046266,0.),(0.,0.2),.UNSPECIFIED.);
#352=B_SPLINE_SURFACE_WITH_KNOTS('',3,1,((#4922,#4923),(#4924,#4925),(#4926,
#4927),(#4928,#4929),(#4930,#4931)),.UNSPECIFIED.,.F.,.F.,.F.,(4,1,4),(2,
2),(-0.260703561164295,-0.132685823402027,0.),(0.,0.2),.UNSPECIFIED.);
#353=B_SPLINE_SURFACE_WITH_KNOTS('',3,1,((#4945,#4946),(#4947,#4948),(#4949,
#4950),(#4951,#4952),(#4953,#4954)),.UNSPECIFIED.,.F.,.F.,.F.,(4,1,4),(2,
2),(-0.253292338097712,-0.125987396913027,0.),(0.,0.2),.UNSPECIFIED.);
#354=B_SPLINE_SURFACE_WITH_KNOTS('',3,1,((#4968,#4969),(#4970,#4971),(#4972,
#4973),(#4974,#4975),(#4976,#4977)),.UNSPECIFIED.,.F.,.F.,.F.,(4,1,4),(2,
2),(-0.276524600852059,-0.133640247415023,0.),(0.,0.2),.UNSPECIFIED.);
#355=B_SPLINE_SURFACE_WITH_KNOTS('',3,1,((#4991,#4992),(#4993,#4994),(#4995,
#4996),(#4997,#4998),(#4999,#5000)),.UNSPECIFIED.,.F.,.F.,.F.,(4,1,4),(2,
2),(-0.281009553387194,-0.144914626222532,0.),(0.,0.2),.UNSPECIFIED.);
#356=B_SPLINE_SURFACE_WITH_KNOTS('',3,1,((#5014,#5015),(#5016,#5017),(#5018,
#5019),(#5020,#5021),(#5022,#5023)),.UNSPECIFIED.,.F.,.F.,.F.,(4,1,4),(2,
2),(-0.254550821891961,-0.128948340356525,0.),(0.,0.2),.UNSPECIFIED.);
#357=B_SPLINE_SURFACE_WITH_KNOTS('',3,1,((#5037,#5038),(#5039,#5040),(#5041,
#5042),(#5043,#5044),(#5045,#5046)),.UNSPECIFIED.,.F.,.F.,.F.,(4,1,4),(2,
2),(-0.25260931735288,-0.125813880290623,0.),(0.,0.2),.UNSPECIFIED.);
#358=B_SPLINE_SURFACE_WITH_KNOTS('',3,1,((#5060,#5061),(#5062,#5063),(#5064,
#5065),(#5066,#5067),(#5068,#5069)),.UNSPECIFIED.,.F.,.F.,.F.,(4,1,4),(2,
2),(-0.264026942768141,-0.13478034614094,0.),(0.,0.2),.UNSPECIFIED.);
#359=B_SPLINE_SURFACE_WITH_KNOTS('',3,1,((#5083,#5084),(#5085,#5086),(#5087,
#5088),(#5089,#5090),(#5091,#5092)),.UNSPECIFIED.,.F.,.F.,.F.,(4,1,4),(2,
2),(-0.253794066094263,-0.126706370691783,0.),(0.,0.2),.UNSPECIFIED.);
#360=B_SPLINE_SURFACE_WITH_KNOTS('',3,1,((#5106,#5107),(#5108,#5109),(#5110,
#5111),(#5112,#5113),(#5114,#5115)),.UNSPECIFIED.,.F.,.F.,.F.,(4,1,4),(2,
2),(-0.257837160948841,-0.128799486392609,0.),(0.,0.2),.UNSPECIFIED.);
#361=B_SPLINE_SURFACE_WITH_KNOTS('',3,1,((#5279,#5280),(#5281,#5282),(#5283,
#5284),(#5285,#5286),(#5287,#5288)),.UNSPECIFIED.,.F.,.F.,.F.,(4,1,4),(2,
2),(-0.12699066890258,-0.0756013925206473,0.),(0.,0.2),.UNSPECIFIED.);
#362=B_SPLINE_SURFACE_WITH_KNOTS('',3,1,((#5302,#5303),(#5304,#5305),(#5306,
#5307),(#5308,#5309),(#5310,#5311)),.UNSPECIFIED.,.F.,.F.,.F.,(4,1,4),(2,
2),(-0.0921562550911355,-0.0485430696242338,0.),(0.,0.2),.UNSPECIFIED.);
#363=B_SPLINE_SURFACE_WITH_KNOTS('',3,1,((#5325,#5326),(#5327,#5328),(#5329,
#5330),(#5331,#5332),(#5333,#5334)),.UNSPECIFIED.,.F.,.F.,.F.,(4,1,4),(2,
2),(-0.0921763927977131,-0.043663030850733,0.),(0.,0.2),.UNSPECIFIED.);
#364=B_SPLINE_SURFACE_WITH_KNOTS('',3,1,((#5348,#5349),(#5350,#5351),(#5352,
#5353),(#5354,#5355),(#5356,#5357)),.UNSPECIFIED.,.F.,.F.,.F.,(4,1,4),(2,
2),(-0.0917852039600494,-0.0471900169200857,0.),(0.,0.2),.UNSPECIFIED.);
#365=B_SPLINE_SURFACE_WITH_KNOTS('',3,1,((#5371,#5372),(#5373,#5374),(#5375,
#5376),(#5377,#5378),(#5379,#5380)),.UNSPECIFIED.,.F.,.F.,.F.,(4,1,4),(2,
2),(-0.0871028510687134,-0.0430974430914114,0.),(0.,0.2),.UNSPECIFIED.);
#366=B_SPLINE_SURFACE_WITH_KNOTS('',3,1,((#5394,#5395),(#5396,#5397),(#5398,
#5399),(#5400,#5401),(#5402,#5403)),.UNSPECIFIED.,.F.,.F.,.F.,(4,1,4),(2,
2),(-0.153087848321541,-0.0611045935420214,0.),(0.,0.2),.UNSPECIFIED.);
#367=B_SPLINE_SURFACE_WITH_KNOTS('',3,1,((#5435,#5436),(#5437,#5438),(#5439,
#5440),(#5441,#5442),(#5443,#5444)),.UNSPECIFIED.,.F.,.F.,.F.,(4,1,4),(2,
2),(-0.0902342988430277,-0.0545832536910691,0.),(0.,0.2),.UNSPECIFIED.);
#368=B_SPLINE_SURFACE_WITH_KNOTS('',3,1,((#5458,#5459),(#5460,#5461),(#5462,
#5463),(#5464,#5465),(#5466,#5467)),.UNSPECIFIED.,.F.,.F.,.F.,(4,1,4),(2,
2),(-0.0814871099789325,-0.0433471585419667,0.),(0.,0.2),.UNSPECIFIED.);
#369=B_SPLINE_SURFACE_WITH_KNOTS('',3,1,((#5481,#5482),(#5483,#5484),(#5485,
#5486),(#5487,#5488),(#5489,#5490)),.UNSPECIFIED.,.F.,.F.,.F.,(4,1,4),(2,
2),(-0.0757396131864631,-0.0364962866148891,0.),(0.,0.2),.UNSPECIFIED.);
#370=B_SPLINE_SURFACE_WITH_KNOTS('',3,1,((#5504,#5505),(#5506,#5507),(#5508,
#5509),(#5510,#5511),(#5512,#5513)),.UNSPECIFIED.,.F.,.F.,.F.,(4,1,4),(2,
2),(-0.0872208501870875,-0.0420143202228349,0.),(0.,0.2),.UNSPECIFIED.);
#371=B_SPLINE_SURFACE_WITH_KNOTS('',3,1,((#5527,#5528),(#5529,#5530),(#5531,
#5532),(#5533,#5534),(#5535,#5536)),.UNSPECIFIED.,.F.,.F.,.F.,(4,1,4),(2,
2),(-0.102564818896448,-0.0527564762417992,0.),(0.,0.2),.UNSPECIFIED.);
#372=B_SPLINE_SURFACE_WITH_KNOTS('',3,1,((#5550,#5551),(#5552,#5553),(#5554,
#5555),(#5556,#5557),(#5558,#5559)),.UNSPECIFIED.,.F.,.F.,.F.,(4,1,4),(2,
2),(-0.0997381997555373,-0.0490219884901339,0.),(0.,0.2),.UNSPECIFIED.);
#373=B_SPLINE_SURFACE_WITH_KNOTS('',3,1,((#5573,#5574),(#5575,#5576),(#5577,
#5578),(#5579,#5580),(#5581,#5582)),.UNSPECIFIED.,.F.,.F.,.F.,(4,1,4),(2,
2),(-0.147674237278588,-0.0632426252597424,0.),(0.,0.2),.UNSPECIFIED.);
#374=B_SPLINE_SURFACE_WITH_KNOTS('',3,1,((#5615,#5616),(#5617,#5618),(#5619,
#5620),(#5621,#5622),(#5623,#5624)),.UNSPECIFIED.,.F.,.F.,.F.,(4,1,4),(2,
2),(-0.187266479713226,-0.103535661499399,0.),(0.,0.2),.UNSPECIFIED.);
#375=B_SPLINE_SURFACE_WITH_KNOTS('',3,1,((#5632,#5633),(#5634,#5635),(#5636,
#5637),(#5638,#5639),(#5640,#5641)),.UNSPECIFIED.,.F.,.F.,.F.,(4,1,4),(2,
2),(-0.144876383018,-0.072775378727987,0.),(0.,0.2),.UNSPECIFIED.);
#376=B_SPLINE_SURFACE_WITH_KNOTS('',3,1,((#5649,#5650),(#5651,#5652),(#5653,
#5654),(#5655,#5656),(#5657,#5658)),.UNSPECIFIED.,.F.,.F.,.F.,(4,1,4),(2,
2),(-0.13908822595535,-0.0709337225182227,0.),(0.,0.2),.UNSPECIFIED.);
#377=B_SPLINE_SURFACE_WITH_KNOTS('',3,1,((#5666,#5667),(#5668,#5669),(#5670,
#5671),(#5672,#5673),(#5674,#5675)),.UNSPECIFIED.,.F.,.F.,.F.,(4,1,4),(2,
2),(-0.126896629267644,-0.0628488669940735,0.),(0.,0.2),.UNSPECIFIED.);
#378=B_SPLINE_SURFACE_WITH_KNOTS('',3,1,((#5683,#5684),(#5685,#5686),(#5687,
#5688),(#5689,#5690),(#5691,#5692)),.UNSPECIFIED.,.F.,.F.,.F.,(4,1,4),(2,
2),(-0.14066199929793,-0.0672545080527228,0.),(0.,0.2),.UNSPECIFIED.);
#379=B_SPLINE_SURFACE_WITH_KNOTS('',3,1,((#5700,#5701),(#5702,#5703),(#5704,
#5705),(#5706,#5707),(#5708,#5709)),.UNSPECIFIED.,.F.,.F.,.F.,(4,1,4),(2,
2),(-0.168608124476617,-0.0879341605591503,0.),(0.,0.2),.UNSPECIFIED.);
#380=B_SPLINE_SURFACE_WITH_KNOTS('',3,1,((#5717,#5718),(#5719,#5720),(#5721,
#5722),(#5723,#5724),(#5725,#5726)),.UNSPECIFIED.,.F.,.F.,.F.,(4,1,4),(2,
2),(-0.161329954756038,-0.0789086902441637,0.),(0.,0.2),.UNSPECIFIED.);
#381=B_SPLINE_SURFACE_WITH_KNOTS('',3,1,((#5734,#5735),(#5736,#5737),(#5738,
#5739),(#5740,#5741),(#5742,#5743)),.UNSPECIFIED.,.F.,.F.,.F.,(4,1,4),(2,
2),(-0.134856435333338,-0.0681912655514869,0.),(0.,0.2),.UNSPECIFIED.);
#382=B_SPLINE_SURFACE_WITH_KNOTS('',3,1,((#5751,#5752),(#5753,#5754),(#5755,
#5756),(#5757,#5758),(#5759,#5760)),.UNSPECIFIED.,.F.,.F.,.F.,(4,1,4),(2,
2),(-0.119349757804905,-0.0629151491600191,0.),(0.,0.2),.UNSPECIFIED.);
#383=B_SPLINE_SURFACE_WITH_KNOTS('',3,1,((#5768,#5769),(#5770,#5771),(#5772,
#5773),(#5774,#5775),(#5776,#5777)),.UNSPECIFIED.,.F.,.F.,.F.,(4,1,4),(2,
2),(-0.120719612229166,-0.0569751134222384,0.),(0.,0.2),.UNSPECIFIED.);
#384=B_SPLINE_SURFACE_WITH_KNOTS('',3,1,((#5785,#5786),(#5787,#5788),(#5789,
#5790),(#5791,#5792),(#5793,#5794)),.UNSPECIFIED.,.F.,.F.,.F.,(4,1,4),(2,
2),(-0.162487087227409,-0.0743083594460864,0.),(0.,0.2),.UNSPECIFIED.);
#385=B_SPLINE_SURFACE_WITH_KNOTS('',3,1,((#5816,#5817),(#5818,#5819),(#5820,
#5821),(#5822,#5823),(#5824,#5825)),.UNSPECIFIED.,.F.,.F.,.F.,(4,1,4),(2,
2),(-0.156714751865207,-0.0883706675524386,0.),(0.,0.2),.UNSPECIFIED.);
#386=B_SPLINE_SURFACE_WITH_KNOTS('',3,1,((#5839,#5840),(#5841,#5842),(#5843,
#5844),(#5845,#5846),(#5847,#5848)),.UNSPECIFIED.,.F.,.F.,.F.,(4,1,4),(2,
2),(-0.104323018280617,-0.0552089604273806,0.),(0.,0.2),.UNSPECIFIED.);
#387=B_SPLINE_SURFACE_WITH_KNOTS('',3,1,((#5862,#5863),(#5864,#5865),(#5866,
#5867),(#5868,#5869),(#5870,#5871)),.UNSPECIFIED.,.F.,.F.,.F.,(4,1,4),(2,
2),(-0.147249536150757,-0.0692541262075916,0.),(0.,0.2),.UNSPECIFIED.);
#388=B_SPLINE_SURFACE_WITH_KNOTS('',3,1,((#5885,#5886),(#5887,#5888),(#5889,
#5890),(#5891,#5892),(#5893,#5894)),.UNSPECIFIED.,.F.,.F.,.F.,(4,1,4),(2,
2),(-0.195086221983945,-0.090088747032926,0.),(0.,0.2),.UNSPECIFIED.);
#389=B_SPLINE_SURFACE_WITH_KNOTS('',3,1,((#5908,#5909),(#5910,#5911),(#5912,
#5913),(#5914,#5915),(#5916,#5917)),.UNSPECIFIED.,.F.,.F.,.F.,(4,1,4),(2,
2),(-0.248770968790276,-0.139324019187302,0.),(0.,0.2),.UNSPECIFIED.);
#390=B_SPLINE_SURFACE_WITH_KNOTS('',3,1,((#5931,#5932),(#5933,#5934),(#5935,
#5936),(#5937,#5938),(#5939,#5940)),.UNSPECIFIED.,.F.,.F.,.F.,(4,1,4),(2,
2),(-0.170888535210395,-0.0905661451445674,0.),(0.,0.2),.UNSPECIFIED.);
#391=B_SPLINE_SURFACE_WITH_KNOTS('',3,1,((#5954,#5955),(#5956,#5957),(#5958,
#5959),(#5960,#5961),(#5962,#5963)),.UNSPECIFIED.,.F.,.F.,.F.,(4,1,4),(2,
2),(-0.173019254673955,-0.0710832013926428,0.),(0.,0.2),.UNSPECIFIED.);
#392=B_SPLINE_SURFACE_WITH_KNOTS('',3,1,((#5996,#5997),(#5998,#5999),(#6000,
#6001),(#6002,#6003),(#6004,#6005)),.UNSPECIFIED.,.F.,.F.,.F.,(4,1,4),(2,
2),(-0.178861352984454,-0.10289322640633,0.),(0.,0.2),.UNSPECIFIED.);
#393=B_SPLINE_SURFACE_WITH_KNOTS('',3,1,((#6013,#6014),(#6015,#6016),(#6017,
#6018),(#6019,#6020),(#6021,#6022)),.UNSPECIFIED.,.F.,.F.,.F.,(4,1,4),(2,
2),(-0.164427164306191,-0.0843501436133767,0.),(0.,0.2),.UNSPECIFIED.);
#394=B_SPLINE_SURFACE_WITH_KNOTS('',3,1,((#6030,#6031),(#6032,#6033),(#6034,
#6035),(#6036,#6037),(#6038,#6039)),.UNSPECIFIED.,.F.,.F.,.F.,(4,1,4),(2,
2),(-0.209601239758494,-0.102856926397657,0.),(0.,0.2),.UNSPECIFIED.);
#395=B_SPLINE_SURFACE_WITH_KNOTS('',3,1,((#6047,#6048),(#6049,#6050),(#6051,
#6052),(#6053,#6054),(#6055,#6056)),.UNSPECIFIED.,.F.,.F.,.F.,(4,1,4),(2,
2),(-0.241918867648667,-0.11525973337161,0.),(0.,0.2),.UNSPECIFIED.);
#396=B_SPLINE_SURFACE_WITH_KNOTS('',3,1,((#6064,#6065),(#6066,#6067),(#6068,
#6069),(#6070,#6071),(#6072,#6073)),.UNSPECIFIED.,.F.,.F.,.F.,(4,1,4),(2,
2),(-0.204199488154567,-0.107640896872147,0.),(0.,0.2),.UNSPECIFIED.);
#397=B_SPLINE_SURFACE_WITH_KNOTS('',3,1,((#6081,#6082),(#6083,#6084),(#6085,
#6086),(#6087,#6088),(#6089,#6090)),.UNSPECIFIED.,.F.,.F.,.F.,(4,1,4),(2,
2),(-0.161363585149942,-0.0859448795488025,0.),(0.,0.2),.UNSPECIFIED.);
#398=B_SPLINE_SURFACE_WITH_KNOTS('',3,1,((#6098,#6099),(#6100,#6101),(#6102,
#6103),(#6104,#6105),(#6106,#6107)),.UNSPECIFIED.,.F.,.F.,.F.,(4,1,4),(2,
2),(-0.129054523432206,-0.0674592578895477,0.),(0.,0.2),.UNSPECIFIED.);
#399=B_SPLINE_SURFACE_WITH_KNOTS('',3,1,((#6115,#6116),(#6117,#6118),(#6119,
#6120),(#6121,#6122),(#6123,#6124)),.UNSPECIFIED.,.F.,.F.,.F.,(4,1,4),(2,
2),(-0.129971734099676,-0.061833092246103,0.),(0.,0.2),.UNSPECIFIED.);
#400=B_SPLINE_SURFACE_WITH_KNOTS('',3,1,((#6132,#6133),(#6134,#6135),(#6136,
#6137),(#6138,#6139),(#6140,#6141)),.UNSPECIFIED.,.F.,.F.,.F.,(4,1,4),(2,
2),(-0.161828420643666,-0.0762002815957758,0.),(0.,0.2),.UNSPECIFIED.);
#401=B_SPLINE_SURFACE_WITH_KNOTS('',3,1,((#6168,#6169),(#6170,#6171),(#6172,
#6173),(#6174,#6175),(#6176,#6177)),.UNSPECIFIED.,.F.,.F.,.F.,(4,1,4),(2,
2),(-0.242789458896679,-0.135500510952785,0.),(0.,0.199999999999999),
 .UNSPECIFIED.);
#402=B_SPLINE_SURFACE_WITH_KNOTS('',3,1,((#6191,#6192),(#6193,#6194),(#6195,
#6196),(#6197,#6198),(#6199,#6200)),.UNSPECIFIED.,.F.,.F.,.F.,(4,1,4),(2,
2),(-0.192286728740828,-0.0935587246279032,0.),(0.,0.199999999999999),
 .UNSPECIFIED.);
#403=B_SPLINE_SURFACE_WITH_KNOTS('',3,1,((#6214,#6215),(#6216,#6217),(#6218,
#6219),(#6220,#6221),(#6222,#6223)),.UNSPECIFIED.,.F.,.F.,.F.,(4,1,4),(2,
2),(-0.242491048119086,-0.111041427644908,0.),(0.,0.199999999999999),
 .UNSPECIFIED.);
#404=B_SPLINE_SURFACE_WITH_KNOTS('',3,1,((#6237,#6238),(#6239,#6240),(#6241,
#6242),(#6243,#6244),(#6245,#6246)),.UNSPECIFIED.,.F.,.F.,.F.,(4,1,4),(2,
2),(-0.236715788288329,-0.12830111183327,0.),(0.,0.199999999999999),
 .UNSPECIFIED.);
#405=B_SPLINE_SURFACE_WITH_KNOTS('',3,1,((#6260,#6261),(#6262,#6263),(#6264,
#6265),(#6266,#6267),(#6268,#6269)),.UNSPECIFIED.,.F.,.F.,.F.,(4,1,4),(2,
2),(-0.192464861614762,-0.0968221639122162,0.),(0.,0.199999999999999),
 .UNSPECIFIED.);
#406=B_SPLINE_SURFACE_WITH_KNOTS('',3,1,((#6283,#6284),(#6285,#6286),(#6287,
#6288),(#6289,#6290),(#6291,#6292)),.UNSPECIFIED.,.F.,.F.,.F.,(4,1,4),(2,
2),(-0.254719821976257,-0.11226089303332,0.),(0.,0.199999999999999),
 .UNSPECIFIED.);
#407=B_SPLINE_SURFACE_WITH_KNOTS('',3,1,((#6324,#6325),(#6326,#6327),(#6328,
#6329),(#6330,#6331),(#6332,#6333)),.UNSPECIFIED.,.F.,.F.,.F.,(4,1,4),(2,
2),(-0.194244978094453,-0.113309812749295,0.),(0.,0.199999999999999),
 .UNSPECIFIED.);
#408=B_SPLINE_SURFACE_WITH_KNOTS('',3,1,((#6347,#6348),(#6349,#6350),(#6351,
#6352),(#6353,#6354),(#6355,#6356)),.UNSPECIFIED.,.F.,.F.,.F.,(4,1,4),(2,
2),(-0.128384714755181,-0.0638002610045013,0.),(0.,0.199999999999999),
 .UNSPECIFIED.);
#409=B_SPLINE_SURFACE_WITH_KNOTS('',3,1,((#6370,#6371),(#6372,#6373),(#6374,
#6375),(#6376,#6377),(#6378,#6379)),.UNSPECIFIED.,.F.,.F.,.F.,(4,1,4),(2,
2),(-0.149341073494905,-0.0701981667067687,0.),(0.,0.199999999999999),
 .UNSPECIFIED.);
#410=B_SPLINE_SURFACE_WITH_KNOTS('',3,1,((#6393,#6394),(#6395,#6396),(#6397,
#6398),(#6399,#6400),(#6401,#6402)),.UNSPECIFIED.,.F.,.F.,.F.,(4,1,4),(2,
2),(-0.222835733577135,-0.126089732311045,0.),(0.,0.199999999999999),
 .UNSPECIFIED.);
#411=B_SPLINE_SURFACE_WITH_KNOTS('',3,1,((#6416,#6417),(#6418,#6419),(#6420,
#6421),(#6422,#6423),(#6424,#6425)),.UNSPECIFIED.,.F.,.F.,.F.,(4,1,4),(2,
2),(-0.265819434057792,-0.10731579009423,0.),(0.,0.199999999999999),
 .UNSPECIFIED.);
#412=B_SPLINE_SURFACE_WITH_KNOTS('',3,1,((#6452,#6453),(#6454,#6455),(#6456,
#6457),(#6458,#6459),(#6460,#6461)),.UNSPECIFIED.,.F.,.F.,.F.,(4,1,4),(2,
2),(-0.130775166094772,-0.0698729198047581,0.),(0.,0.199999999999999),
 .UNSPECIFIED.);
#413=B_SPLINE_SURFACE_WITH_KNOTS('',3,1,((#6475,#6476),(#6477,#6478),(#6479,
#6480),(#6481,#6482),(#6483,#6484)),.UNSPECIFIED.,.F.,.F.,.F.,(4,1,4),(2,
2),(-0.128468738880183,-0.0600096643542931,0.),(0.,0.199999999999999),
 .UNSPECIFIED.);
#414=B_SPLINE_SURFACE_WITH_KNOTS('',3,1,((#6498,#6499),(#6500,#6501),(#6502,
#6503),(#6504,#6505),(#6506,#6507)),.UNSPECIFIED.,.F.,.F.,.F.,(4,1,4),(2,
2),(-0.157157560034864,-0.0758158829845135,0.),(0.,0.199999999999999),
 .UNSPECIFIED.);
#415=B_SPLINE_SURFACE_WITH_KNOTS('',3,1,((#6521,#6522),(#6523,#6524),(#6525,
#6526),(#6527,#6528),(#6529,#6530)),.UNSPECIFIED.,.F.,.F.,.F.,(4,1,4),(2,
2),(-0.136162062616529,-0.0715041786668495,0.),(0.,0.199999999999999),
 .UNSPECIFIED.);
#416=B_SPLINE_SURFACE_WITH_KNOTS('',3,1,((#6544,#6545),(#6546,#6547),(#6548,
#6549),(#6550,#6551),(#6552,#6553)),.UNSPECIFIED.,.F.,.F.,.F.,(4,1,4),(2,
2),(-0.107218722195866,-0.0571739272925645,0.),(0.,0.199999999999999),
 .UNSPECIFIED.);
#417=B_SPLINE_SURFACE_WITH_KNOTS('',3,1,((#6567,#6568),(#6569,#6570),(#6571,
#6572),(#6573,#6574),(#6575,#6576)),.UNSPECIFIED.,.F.,.F.,.F.,(4,1,4),(2,
2),(-0.0913347447813692,-0.0461826179071463,0.),(0.,0.199999999999999),
 .UNSPECIFIED.);
#418=B_SPLINE_SURFACE_WITH_KNOTS('',3,1,((#6590,#6591),(#6592,#6593),(#6594,
#6595),(#6596,#6597),(#6598,#6599)),.UNSPECIFIED.,.F.,.F.,.F.,(4,1,4),(2,
2),(-0.0878673871436695,-0.0446072760868398,0.),(0.,0.199999999999999),
 .UNSPECIFIED.);
#419=B_SPLINE_SURFACE_WITH_KNOTS('',3,1,((#6613,#6614),(#6615,#6616),(#6617,
#6618),(#6619,#6620),(#6621,#6622)),.UNSPECIFIED.,.F.,.F.,.F.,(4,1,4),(2,
2),(-0.1086253737752,-0.0484906382038593,0.),(0.,0.199999999999999),
 .UNSPECIFIED.);
#420=B_SPLINE_SURFACE_WITH_KNOTS('',3,1,((#6636,#6637),(#6638,#6639),(#6640,
#6641),(#6642,#6643),(#6644,#6645)),.UNSPECIFIED.,.F.,.F.,.F.,(4,1,4),(2,
2),(-0.184654115693228,-0.0676664955277013,0.),(0.,0.199999999999999),
 .UNSPECIFIED.);
#421=B_SPLINE_SURFACE_WITH_KNOTS('',3,1,((#6659,#6660),(#6661,#6662),(#6663,
#6664),(#6665,#6666),(#6667,#6668)),.UNSPECIFIED.,.F.,.F.,.F.,(4,1,4),(2,
2),(-0.203186497456345,-0.121485591167769,0.),(0.,0.199999999999999),
 .UNSPECIFIED.);
#422=B_SPLINE_SURFACE_WITH_KNOTS('',3,1,((#6682,#6683),(#6684,#6685),(#6686,
#6687),(#6688,#6689),(#6690,#6691)),.UNSPECIFIED.,.F.,.F.,.F.,(4,1,4),(2,
2),(-0.14290022563587,-0.0753212458063606,0.),(0.,0.199999999999999),
 .UNSPECIFIED.);
#423=B_SPLINE_SURFACE_WITH_KNOTS('',3,1,((#6705,#6706),(#6707,#6708),(#6709,
#6710),(#6711,#6712),(#6713,#6714)),.UNSPECIFIED.,.F.,.F.,.F.,(4,1,4),(2,
2),(-0.130696654163142,-0.0645414736921776,0.),(0.,0.199999999999999),
 .UNSPECIFIED.);
#424=B_SPLINE_SURFACE_WITH_KNOTS('',3,1,((#6728,#6729),(#6730,#6731),(#6732,
#6733),(#6734,#6735),(#6736,#6737)),.UNSPECIFIED.,.F.,.F.,.F.,(4,1,4),(2,
2),(-0.149548334624698,-0.0740272441962973,0.),(0.,0.199999999999999),
 .UNSPECIFIED.);
#425=B_SPLINE_SURFACE_WITH_KNOTS('',3,1,((#6751,#6752),(#6753,#6754),(#6755,
#6756),(#6757,#6758),(#6759,#6760)),.UNSPECIFIED.,.F.,.F.,.F.,(4,1,4),(2,
2),(-0.162332193708764,-0.0784002500842333,0.),(0.,0.199999999999999),
 .UNSPECIFIED.);
#426=B_SPLINE_SURFACE_WITH_KNOTS('',3,1,((#6774,#6775),(#6776,#6777),(#6778,
#6779),(#6780,#6781),(#6782,#6783)),.UNSPECIFIED.,.F.,.F.,.F.,(4,1,4),(2,
2),(-0.1875458767593,-0.0908187765500606,0.),(0.,0.199999999999999),
 .UNSPECIFIED.);
#427=B_SPLINE_SURFACE_WITH_KNOTS('',3,1,((#6797,#6798),(#6799,#6800),(#6801,
#6802),(#6803,#6804),(#6805,#6806)),.UNSPECIFIED.,.F.,.F.,.F.,(4,1,4),(2,
2),(-0.200355281000504,-0.10500378186879,0.),(0.,0.199999999999999),
 .UNSPECIFIED.);
#428=B_SPLINE_SURFACE_WITH_KNOTS('',3,1,((#6820,#6821),(#6822,#6823),(#6824,
#6825),(#6826,#6827),(#6828,#6829)),.UNSPECIFIED.,.F.,.F.,.F.,(4,1,4),(2,
2),(-0.169760801241613,-0.0871851663170577,0.),(0.,0.199999999999999),
 .UNSPECIFIED.);
#429=B_SPLINE_SURFACE_WITH_KNOTS('',3,1,((#6843,#6844),(#6845,#6846),(#6847,
#6848),(#6849,#6850),(#6851,#6852)),.UNSPECIFIED.,.F.,.F.,.F.,(4,1,4),(2,
2),(-0.166633498766793,-0.0820789440905017,0.),(0.,0.199999999999999),
 .UNSPECIFIED.);
#430=B_SPLINE_SURFACE_WITH_KNOTS('',3,1,((#6872,#6873),(#6874,#6875),(#6876,
#6877),(#6878,#6879),(#6880,#6881)),.UNSPECIFIED.,.F.,.F.,.F.,(4,1,4),(2,
2),(-0.162309998918738,-0.0861880626069617,0.),(0.,0.199999999999999),
 .UNSPECIFIED.);
#431=B_SPLINE_SURFACE_WITH_KNOTS('',3,1,((#6895,#6896),(#6897,#6898),(#6899,
#6900),(#6901,#6902),(#6903,#6904)),.UNSPECIFIED.,.F.,.F.,.F.,(4,1,4),(2,
2),(-0.183535396653877,-0.0816030314738908,0.),(0.,0.199999999999999),
 .UNSPECIFIED.);
#432=B_SPLINE_SURFACE_WITH_KNOTS('',3,1,((#6918,#6919),(#6920,#6921),(#6922,
#6923),(#6924,#6925),(#6926,#6927)),.UNSPECIFIED.,.F.,.F.,.F.,(4,1,4),(2,
2),(-0.182822441567005,-0.10435015206108,0.),(0.,0.199999999999999),
 .UNSPECIFIED.);
#433=B_SPLINE_SURFACE_WITH_KNOTS('',3,1,((#6941,#6942),(#6943,#6944),(#6945,
#6946),(#6947,#6948),(#6949,#6950)),.UNSPECIFIED.,.F.,.F.,.F.,(4,1,4),(2,
2),(-0.122808038516091,-0.0636388944127795,0.),(0.,0.199999999999999),
 .UNSPECIFIED.);
#434=B_SPLINE_SURFACE_WITH_KNOTS('',3,1,((#6964,#6965),(#6966,#6967),(#6968,
#6969),(#6970,#6971),(#6972,#6973)),.UNSPECIFIED.,.F.,.F.,.F.,(4,1,4),(2,
2),(-0.0992148471462806,-0.0500658233076409,0.),(0.,0.199999999999999),
 .UNSPECIFIED.);
#435=B_SPLINE_SURFACE_WITH_KNOTS('',3,1,((#6987,#6988),(#6989,#6990),(#6991,
#6992),(#6993,#6994),(#6995,#6996)),.UNSPECIFIED.,.F.,.F.,.F.,(4,1,4),(2,
2),(-0.212882271059074,-0.0774490773667732,0.),(0.,0.199999999999999),
 .UNSPECIFIED.);
#436=B_SPLINE_SURFACE_WITH_KNOTS('',3,1,((#7010,#7011),(#7012,#7013),(#7014,
#7015),(#7016,#7017),(#7018,#7019)),.UNSPECIFIED.,.F.,.F.,.F.,(4,1,4),(2,
2),(-0.230565597463492,-0.140231557811943,0.),(0.,0.199999999999999),
 .UNSPECIFIED.);
#437=B_SPLINE_SURFACE_WITH_KNOTS('',3,1,((#7033,#7034),(#7035,#7036),(#7037,
#7038),(#7039,#7040),(#7041,#7042)),.UNSPECIFIED.,.F.,.F.,.F.,(4,1,4),(2,
2),(-0.16593290724396,-0.0885424536600803,0.),(0.,0.199999999999999),
 .UNSPECIFIED.);
#438=B_SPLINE_SURFACE_WITH_KNOTS('',3,1,((#7056,#7057),(#7058,#7059),(#7060,
#7061),(#7062,#7063),(#7064,#7065)),.UNSPECIFIED.,.F.,.F.,.F.,(4,1,4),(2,
2),(-0.149900050551446,-0.0733882288739154,0.),(0.,0.199999999999999),
 .UNSPECIFIED.);
#439=B_SPLINE_SURFACE_WITH_KNOTS('',3,1,((#7079,#7080),(#7081,#7082),(#7083,
#7084),(#7085,#7086),(#7087,#7088)),.UNSPECIFIED.,.F.,.F.,.F.,(4,1,4),(2,
2),(-0.158902896720277,-0.0783444218198397,0.),(0.,0.199999999999999),
 .UNSPECIFIED.);
#440=B_SPLINE_SURFACE_WITH_KNOTS('',3,1,((#7102,#7103),(#7104,#7105),(#7106,
#7107),(#7108,#7109),(#7110,#7111)),.UNSPECIFIED.,.F.,.F.,.F.,(4,1,4),(2,
2),(-0.172975820440142,-0.0838952548243414,0.),(0.,0.199999999999999),
 .UNSPECIFIED.);
#441=B_SPLINE_SURFACE_WITH_KNOTS('',3,1,((#7125,#7126),(#7127,#7128),(#7129,
#7130),(#7131,#7132),(#7133,#7134)),.UNSPECIFIED.,.F.,.F.,.F.,(4,1,4),(2,
2),(-0.197810186071685,-0.0956163141254841,0.),(0.,0.199999999999999),
 .UNSPECIFIED.);
#442=B_SPLINE_SURFACE_WITH_KNOTS('',3,1,((#7148,#7149),(#7150,#7151),(#7152,
#7153),(#7154,#7155),(#7156,#7157)),.UNSPECIFIED.,.F.,.F.,.F.,(4,1,4),(2,
2),(-0.232080225103104,-0.125135804556514,0.),(0.,0.199999999999999),
 .UNSPECIFIED.);
#443=B_SPLINE_SURFACE_WITH_KNOTS('',3,1,((#7171,#7172),(#7173,#7174),(#7175,
#7176),(#7177,#7178),(#7179,#7180)),.UNSPECIFIED.,.F.,.F.,.F.,(4,1,4),(2,
2),(-0.188857512654499,-0.0956789332345534,0.),(0.,0.199999999999999),
 .UNSPECIFIED.);
#444=B_SPLINE_SURFACE_WITH_KNOTS('',3,1,((#7194,#7195),(#7196,#7197),(#7198,
#7199),(#7200,#7201),(#7202,#7203)),.UNSPECIFIED.,.F.,.F.,.F.,(4,1,4),(2,
2),(-0.189827223855839,-0.0935652223288269,0.),(0.,0.199999999999999),
 .UNSPECIFIED.);
#445=B_SPLINE_SURFACE_WITH_KNOTS('',3,1,((#7224,#7225),(#7226,#7227),(#7228,
#7229),(#7230,#7231),(#7232,#7233)),.UNSPECIFIED.,.F.,.F.,.F.,(4,1,4),(2,
2),(-0.126990903881931,-0.0756013925206473,0.),(0.,0.199999999999999),
 .UNSPECIFIED.);
#446=B_SPLINE_SURFACE_WITH_KNOTS('',3,1,((#7247,#7248),(#7249,#7250),(#7251,
#7252),(#7253,#7254),(#7255,#7256)),.UNSPECIFIED.,.F.,.F.,.F.,(4,1,4),(2,
2),(-0.0921560622416463,-0.0485428767747446,0.),(0.,0.199999999999999),
 .UNSPECIFIED.);
#447=B_SPLINE_SURFACE_WITH_KNOTS('',3,1,((#7270,#7271),(#7272,#7273),(#7274,
#7275),(#7276,#7277),(#7278,#7279)),.UNSPECIFIED.,.F.,.F.,.F.,(4,1,4),(2,
2),(-0.0921764407985227,-0.0436631379360844,0.),(0.,0.199999999999999),
 .UNSPECIFIED.);
#448=B_SPLINE_SURFACE_WITH_KNOTS('',3,1,((#7293,#7294),(#7295,#7296),(#7297,
#7298),(#7299,#7300),(#7301,#7302)),.UNSPECIFIED.,.F.,.F.,.F.,(4,1,4),(2,
2),(-0.0917850035893218,-0.0471900760460592,0.),(0.,0.199999999999999),
 .UNSPECIFIED.);
#449=B_SPLINE_SURFACE_WITH_KNOTS('',3,1,((#7316,#7317),(#7318,#7319),(#7320,
#7321),(#7322,#7323),(#7324,#7325)),.UNSPECIFIED.,.F.,.F.,.F.,(4,1,4),(2,
2),(-0.0871030555506128,-0.0430976475733108,0.),(0.,0.199999999999999),
 .UNSPECIFIED.);
#450=B_SPLINE_SURFACE_WITH_KNOTS('',3,1,((#7339,#7340),(#7341,#7342),(#7343,
#7344),(#7345,#7346),(#7347,#7348)),.UNSPECIFIED.,.F.,.F.,.F.,(4,1,4),(2,
2),(-0.153087610075212,-0.0611045935420214,0.),(0.,0.199999999999999),
 .UNSPECIFIED.);
#451=B_SPLINE_SURFACE_WITH_KNOTS('',3,1,((#7380,#7381),(#7382,#7383),(#7384,
#7385),(#7386,#7387),(#7388,#7389)),.UNSPECIFIED.,.F.,.F.,.F.,(4,1,4),(2,
2),(-0.0902340709982438,-0.0545832510840351,0.),(0.,0.199999999999999),
 .UNSPECIFIED.);
#452=B_SPLINE_SURFACE_WITH_KNOTS('',3,1,((#7403,#7404),(#7405,#7406),(#7407,
#7408),(#7409,#7410),(#7411,#7412)),.UNSPECIFIED.,.F.,.F.,.F.,(4,1,4),(2,
2),(-0.0814871099789325,-0.0433471585419667,0.),(0.,0.199999999999999),
 .UNSPECIFIED.);
#453=B_SPLINE_SURFACE_WITH_KNOTS('',3,1,((#7426,#7427),(#7428,#7429),(#7430,
#7431),(#7432,#7433),(#7434,#7435)),.UNSPECIFIED.,.F.,.F.,.F.,(4,1,4),(2,
2),(-0.0757396131864631,-0.0364962866148891,0.),(0.,0.199999999999999),
 .UNSPECIFIED.);
#454=B_SPLINE_SURFACE_WITH_KNOTS('',3,1,((#7449,#7450),(#7451,#7452),(#7453,
#7454),(#7455,#7456),(#7457,#7458)),.UNSPECIFIED.,.F.,.F.,.F.,(4,1,4),(2,
2),(-0.0872208501870875,-0.0420143202228349,0.),(0.,0.199999999999999),
 .UNSPECIFIED.);
#455=B_SPLINE_SURFACE_WITH_KNOTS('',3,1,((#7472,#7473),(#7474,#7475),(#7476,
#7477),(#7478,#7479),(#7480,#7481)),.UNSPECIFIED.,.F.,.F.,.F.,(4,1,4),(2,
2),(-0.102564812745678,-0.052756626716062,0.),(0.,0.199999999999999),
 .UNSPECIFIED.);
#456=B_SPLINE_SURFACE_WITH_KNOTS('',3,1,((#7495,#7496),(#7497,#7498),(#7499,
#7500),(#7501,#7502),(#7503,#7504)),.UNSPECIFIED.,.F.,.F.,.F.,(4,1,4),(2,
2),(-0.0997379173403205,-0.0490219457769162,0.),(0.,0.199999999999999),
 .UNSPECIFIED.);
#457=B_SPLINE_SURFACE_WITH_KNOTS('',3,1,((#7518,#7519),(#7520,#7521),(#7522,
#7523),(#7524,#7525),(#7526,#7527)),.UNSPECIFIED.,.F.,.F.,.F.,(4,1,4),(2,
2),(-0.147674482780856,-0.0632428707620104,0.),(0.,0.199999999999999),
 .UNSPECIFIED.);
#458=B_SPLINE_SURFACE_WITH_KNOTS('',3,1,((#7565,#7566),(#7567,#7568),(#7569,
#7570),(#7571,#7572),(#7573,#7574)),.UNSPECIFIED.,.F.,.F.,.F.,(4,1,4),(2,
2),(-0.187266479713226,-0.103535661499399,0.),(0.,0.199999999999999),
 .UNSPECIFIED.);
#459=B_SPLINE_SURFACE_WITH_KNOTS('',3,1,((#7588,#7589),(#7590,#7591),(#7592,
#7593),(#7594,#7595),(#7596,#7597)),.UNSPECIFIED.,.F.,.F.,.F.,(4,1,4),(2,
2),(-0.144876180776878,-0.0727751764868649,0.),(0.,0.199999999999999),
 .UNSPECIFIED.);
#460=B_SPLINE_SURFACE_WITH_KNOTS('',3,1,((#7611,#7612),(#7613,#7614),(#7615,
#7616),(#7617,#7618),(#7619,#7620)),.UNSPECIFIED.,.F.,.F.,.F.,(4,1,4),(2,
2),(-0.139088265004325,-0.0709336682808075,0.),(0.,0.199999999999999),
 .UNSPECIFIED.);
#461=B_SPLINE_SURFACE_WITH_KNOTS('',3,1,((#7634,#7635),(#7636,#7637),(#7638,
#7639),(#7640,#7641),(#7642,#7643)),.UNSPECIFIED.,.F.,.F.,.F.,(4,1,4),(2,
2),(-0.12689673609057,-0.0628488340012242,0.),(0.,0.199999999999999),
 .UNSPECIFIED.);
#462=B_SPLINE_SURFACE_WITH_KNOTS('',3,1,((#7657,#7658),(#7659,#7660),(#7661,
#7662),(#7663,#7664),(#7665,#7666)),.UNSPECIFIED.,.F.,.F.,.F.,(4,1,4),(2,
2),(-0.140661845245402,-0.0672545533932565,0.),(0.,0.199999999999999),
 .UNSPECIFIED.);
#463=B_SPLINE_SURFACE_WITH_KNOTS('',3,1,((#7680,#7681),(#7682,#7683),(#7684,
#7685),(#7686,#7687),(#7688,#7689)),.UNSPECIFIED.,.F.,.F.,.F.,(4,1,4),(2,
2),(-0.168607949343955,-0.0879341605591503,0.),(0.,0.199999999999999),
 .UNSPECIFIED.);
#464=B_SPLINE_SURFACE_WITH_KNOTS('',3,1,((#7703,#7704),(#7705,#7706),(#7707,
#7708),(#7709,#7710),(#7711,#7712)),.UNSPECIFIED.,.F.,.F.,.F.,(4,1,4),(2,
2),(-0.161329954756038,-0.0789086902441637,0.),(0.,0.199999999999999),
 .UNSPECIFIED.);
#465=B_SPLINE_SURFACE_WITH_KNOTS('',3,1,((#7726,#7727),(#7728,#7729),(#7730,
#7731),(#7732,#7733),(#7734,#7735)),.UNSPECIFIED.,.F.,.F.,.F.,(4,1,4),(2,
2),(-0.134856435333338,-0.0681912655514869,0.),(0.,0.199999999999999),
 .UNSPECIFIED.);
#466=B_SPLINE_SURFACE_WITH_KNOTS('',3,1,((#7749,#7750),(#7751,#7752),(#7753,
#7754),(#7755,#7756),(#7757,#7758)),.UNSPECIFIED.,.F.,.F.,.F.,(4,1,4),(2,
2),(-0.119349588140951,-0.0629151491600191,0.),(0.,0.199999999999999),
 .UNSPECIFIED.);
#467=B_SPLINE_SURFACE_WITH_KNOTS('',3,1,((#7772,#7773),(#7774,#7775),(#7776,
#7777),(#7778,#7779),(#7780,#7781)),.UNSPECIFIED.,.F.,.F.,.F.,(4,1,4),(2,
2),(-0.120719818105321,-0.0569753192983927,0.),(0.,0.199999999999999),
 .UNSPECIFIED.);
#468=B_SPLINE_SURFACE_WITH_KNOTS('',3,1,((#7795,#7796),(#7797,#7798),(#7799,
#7800),(#7801,#7802),(#7803,#7804)),.UNSPECIFIED.,.F.,.F.,.F.,(4,1,4),(2,
2),(-0.162486849076608,-0.0743083594460864,0.),(0.,0.199999999999999),
 .UNSPECIFIED.);
#469=FACE_OUTER_BOUND('',#689,.T.);
#470=FACE_OUTER_BOUND('',#690,.T.);
#471=FACE_OUTER_BOUND('',#691,.T.);
#472=FACE_OUTER_BOUND('',#692,.T.);
#473=FACE_OUTER_BOUND('',#693,.T.);
#474=FACE_OUTER_BOUND('',#694,.T.);
#475=FACE_OUTER_BOUND('',#695,.T.);
#476=FACE_OUTER_BOUND('',#696,.T.);
#477=FACE_OUTER_BOUND('',#697,.T.);
#478=FACE_OUTER_BOUND('',#698,.T.);
#479=FACE_OUTER_BOUND('',#699,.T.);
#480=FACE_OUTER_BOUND('',#700,.T.);
#481=FACE_OUTER_BOUND('',#701,.T.);
#482=FACE_OUTER_BOUND('',#702,.T.);
#483=FACE_OUTER_BOUND('',#703,.T.);
#484=FACE_OUTER_BOUND('',#704,.T.);
#485=FACE_OUTER_BOUND('',#705,.T.);
#486=FACE_OUTER_BOUND('',#706,.T.);
#487=FACE_OUTER_BOUND('',#707,.T.);
#488=FACE_OUTER_BOUND('',#708,.T.);
#489=FACE_OUTER_BOUND('',#709,.T.);
#490=FACE_OUTER_BOUND('',#710,.T.);
#491=FACE_OUTER_BOUND('',#711,.T.);
#492=FACE_OUTER_BOUND('',#712,.T.);
#493=FACE_OUTER_BOUND('',#713,.T.);
#494=FACE_OUTER_BOUND('',#714,.T.);
#495=FACE_OUTER_BOUND('',#715,.T.);
#496=FACE_OUTER_BOUND('',#716,.T.);
#497=FACE_OUTER_BOUND('',#717,.T.);
#498=FACE_OUTER_BOUND('',#718,.T.);
#499=FACE_OUTER_BOUND('',#719,.T.);
#500=FACE_OUTER_BOUND('',#721,.T.);
#501=FACE_OUTER_BOUND('',#726,.T.);
#502=FACE_OUTER_BOUND('',#727,.T.);
#503=FACE_OUTER_BOUND('',#728,.T.);
#504=FACE_OUTER_BOUND('',#729,.T.);
#505=FACE_OUTER_BOUND('',#730,.T.);
#506=FACE_OUTER_BOUND('',#731,.T.);
#507=FACE_OUTER_BOUND('',#732,.T.);
#508=FACE_OUTER_BOUND('',#733,.T.);
#509=FACE_OUTER_BOUND('',#734,.T.);
#510=FACE_OUTER_BOUND('',#735,.T.);
#511=FACE_OUTER_BOUND('',#736,.T.);
#512=FACE_OUTER_BOUND('',#737,.T.);
#513=FACE_OUTER_BOUND('',#738,.T.);
#514=FACE_OUTER_BOUND('',#739,.T.);
#515=FACE_OUTER_BOUND('',#740,.T.);
#516=FACE_OUTER_BOUND('',#741,.T.);
#517=FACE_OUTER_BOUND('',#742,.T.);
#518=FACE_OUTER_BOUND('',#743,.T.);
#519=FACE_OUTER_BOUND('',#744,.T.);
#520=FACE_OUTER_BOUND('',#745,.T.);
#521=FACE_OUTER_BOUND('',#746,.T.);
#522=FACE_OUTER_BOUND('',#747,.T.);
#523=FACE_OUTER_BOUND('',#748,.T.);
#524=FACE_OUTER_BOUND('',#749,.T.);
#525=FACE_OUTER_BOUND('',#750,.T.);
#526=FACE_OUTER_BOUND('',#751,.T.);
#527=FACE_OUTER_BOUND('',#752,.T.);
#528=FACE_OUTER_BOUND('',#753,.T.);
#529=FACE_OUTER_BOUND('',#754,.T.);
#530=FACE_OUTER_BOUND('',#755,.T.);
#531=FACE_OUTER_BOUND('',#756,.T.);
#532=FACE_OUTER_BOUND('',#757,.T.);
#533=FACE_OUTER_BOUND('',#758,.T.);
#534=FACE_OUTER_BOUND('',#759,.T.);
#535=FACE_OUTER_BOUND('',#762,.T.);
#536=FACE_OUTER_BOUND('',#763,.T.);
#537=FACE_OUTER_BOUND('',#764,.T.);
#538=FACE_OUTER_BOUND('',#765,.T.);
#539=FACE_OUTER_BOUND('',#766,.T.);
#540=FACE_OUTER_BOUND('',#767,.T.);
#541=FACE_OUTER_BOUND('',#768,.T.);
#542=FACE_OUTER_BOUND('',#769,.T.);
#543=FACE_OUTER_BOUND('',#770,.T.);
#544=FACE_OUTER_BOUND('',#771,.T.);
#545=FACE_OUTER_BOUND('',#772,.T.);
#546=FACE_OUTER_BOUND('',#773,.T.);
#547=FACE_OUTER_BOUND('',#774,.T.);
#548=FACE_OUTER_BOUND('',#775,.T.);
#549=FACE_OUTER_BOUND('',#776,.T.);
#550=FACE_OUTER_BOUND('',#777,.T.);
#551=FACE_OUTER_BOUND('',#778,.T.);
#552=FACE_OUTER_BOUND('',#779,.T.);
#553=FACE_OUTER_BOUND('',#780,.T.);
#554=FACE_OUTER_BOUND('',#781,.T.);
#555=FACE_OUTER_BOUND('',#782,.T.);
#556=FACE_OUTER_BOUND('',#783,.T.);
#557=FACE_OUTER_BOUND('',#784,.T.);
#558=FACE_OUTER_BOUND('',#785,.T.);
#559=FACE_OUTER_BOUND('',#786,.T.);
#560=FACE_OUTER_BOUND('',#788,.T.);
#561=FACE_OUTER_BOUND('',#789,.T.);
#562=FACE_OUTER_BOUND('',#790,.T.);
#563=FACE_OUTER_BOUND('',#791,.T.);
#564=FACE_OUTER_BOUND('',#792,.T.);
#565=FACE_OUTER_BOUND('',#793,.T.);
#566=FACE_OUTER_BOUND('',#794,.T.);
#567=FACE_OUTER_BOUND('',#795,.T.);
#568=FACE_OUTER_BOUND('',#796,.T.);
#569=FACE_OUTER_BOUND('',#797,.T.);
#570=FACE_OUTER_BOUND('',#798,.T.);
#571=FACE_OUTER_BOUND('',#799,.T.);
#572=FACE_OUTER_BOUND('',#800,.T.);
#573=FACE_OUTER_BOUND('',#801,.T.);
#574=FACE_OUTER_BOUND('',#802,.T.);
#575=FACE_OUTER_BOUND('',#803,.T.);
#576=FACE_OUTER_BOUND('',#804,.T.);
#577=FACE_OUTER_BOUND('',#805,.T.);
#578=FACE_OUTER_BOUND('',#806,.T.);
#579=FACE_OUTER_BOUND('',#807,.T.);
#580=FACE_OUTER_BOUND('',#808,.T.);
#581=FACE_OUTER_BOUND('',#809,.T.);
#582=FACE_OUTER_BOUND('',#810,.T.);
#583=FACE_OUTER_BOUND('',#811,.T.);
#584=FACE_OUTER_BOUND('',#812,.T.);
#585=FACE_OUTER_BOUND('',#813,.T.);
#586=FACE_OUTER_BOUND('',#814,.T.);
#587=FACE_OUTER_BOUND('',#815,.T.);
#588=FACE_OUTER_BOUND('',#816,.T.);
#589=FACE_OUTER_BOUND('',#817,.T.);
#590=FACE_OUTER_BOUND('',#818,.T.);
#591=FACE_OUTER_BOUND('',#819,.T.);
#592=FACE_OUTER_BOUND('',#820,.T.);
#593=FACE_OUTER_BOUND('',#821,.T.);
#594=FACE_OUTER_BOUND('',#822,.T.);
#595=FACE_OUTER_BOUND('',#823,.T.);
#596=FACE_OUTER_BOUND('',#824,.T.);
#597=FACE_OUTER_BOUND('',#825,.T.);
#598=FACE_OUTER_BOUND('',#826,.T.);
#599=FACE_OUTER_BOUND('',#827,.T.);
#600=FACE_OUTER_BOUND('',#828,.T.);
#601=FACE_OUTER_BOUND('',#829,.T.);
#602=FACE_OUTER_BOUND('',#830,.T.);
#603=FACE_OUTER_BOUND('',#831,.T.);
#604=FACE_OUTER_BOUND('',#832,.T.);
#605=FACE_OUTER_BOUND('',#833,.T.);
#606=FACE_OUTER_BOUND('',#834,.T.);
#607=FACE_OUTER_BOUND('',#835,.T.);
#608=FACE_OUTER_BOUND('',#836,.T.);
#609=FACE_OUTER_BOUND('',#837,.T.);
#610=FACE_OUTER_BOUND('',#838,.T.);
#611=FACE_OUTER_BOUND('',#839,.T.);
#612=FACE_OUTER_BOUND('',#840,.T.);
#613=FACE_OUTER_BOUND('',#841,.T.);
#614=FACE_OUTER_BOUND('',#842,.T.);
#615=FACE_OUTER_BOUND('',#843,.T.);
#616=FACE_OUTER_BOUND('',#844,.T.);
#617=FACE_OUTER_BOUND('',#845,.T.);
#618=FACE_OUTER_BOUND('',#846,.T.);
#619=FACE_OUTER_BOUND('',#847,.T.);
#620=FACE_OUTER_BOUND('',#848,.T.);
#621=FACE_OUTER_BOUND('',#849,.T.);
#622=FACE_OUTER_BOUND('',#850,.T.);
#623=FACE_OUTER_BOUND('',#851,.T.);
#624=FACE_OUTER_BOUND('',#852,.T.);
#625=FACE_OUTER_BOUND('',#853,.T.);
#626=FACE_OUTER_BOUND('',#854,.T.);
#627=FACE_OUTER_BOUND('',#855,.T.);
#628=FACE_OUTER_BOUND('',#856,.T.);
#629=FACE_OUTER_BOUND('',#857,.T.);
#630=FACE_OUTER_BOUND('',#858,.T.);
#631=FACE_OUTER_BOUND('',#859,.T.);
#632=FACE_OUTER_BOUND('',#860,.T.);
#633=FACE_OUTER_BOUND('',#861,.T.);
#634=FACE_OUTER_BOUND('',#862,.T.);
#635=FACE_OUTER_BOUND('',#863,.T.);
#636=FACE_OUTER_BOUND('',#864,.T.);
#637=FACE_OUTER_BOUND('',#865,.T.);
#638=FACE_OUTER_BOUND('',#866,.T.);
#639=FACE_OUTER_BOUND('',#867,.T.);
#640=FACE_OUTER_BOUND('',#868,.T.);
#641=FACE_OUTER_BOUND('',#869,.T.);
#642=FACE_OUTER_BOUND('',#870,.T.);
#643=FACE_OUTER_BOUND('',#871,.T.);
#644=FACE_OUTER_BOUND('',#872,.T.);
#645=FACE_OUTER_BOUND('',#873,.T.);
#646=FACE_OUTER_BOUND('',#874,.T.);
#647=FACE_OUTER_BOUND('',#875,.T.);
#648=FACE_OUTER_BOUND('',#876,.T.);
#649=FACE_OUTER_BOUND('',#879,.T.);
#650=FACE_OUTER_BOUND('',#884,.T.);
#651=FACE_OUTER_BOUND('',#885,.T.);
#652=FACE_OUTER_BOUND('',#886,.T.);
#653=FACE_OUTER_BOUND('',#887,.T.);
#654=FACE_OUTER_BOUND('',#888,.T.);
#655=FACE_OUTER_BOUND('',#889,.T.);
#656=FACE_OUTER_BOUND('',#890,.T.);
#657=FACE_OUTER_BOUND('',#891,.T.);
#658=FACE_OUTER_BOUND('',#892,.T.);
#659=FACE_OUTER_BOUND('',#893,.T.);
#660=FACE_OUTER_BOUND('',#894,.T.);
#661=FACE_OUTER_BOUND('',#895,.T.);
#662=FACE_OUTER_BOUND('',#896,.T.);
#663=FACE_OUTER_BOUND('',#897,.T.);
#664=FACE_OUTER_BOUND('',#898,.T.);
#665=FACE_OUTER_BOUND('',#899,.T.);
#666=FACE_OUTER_BOUND('',#900,.T.);
#667=FACE_OUTER_BOUND('',#901,.T.);
#668=FACE_OUTER_BOUND('',#902,.T.);
#669=FACE_OUTER_BOUND('',#903,.T.);
#670=FACE_OUTER_BOUND('',#904,.T.);
#671=FACE_OUTER_BOUND('',#905,.T.);
#672=FACE_OUTER_BOUND('',#906,.T.);
#673=FACE_OUTER_BOUND('',#907,.T.);
#674=FACE_OUTER_BOUND('',#908,.T.);
#675=FACE_OUTER_BOUND('',#909,.T.);
#676=FACE_OUTER_BOUND('',#910,.T.);
#677=FACE_OUTER_BOUND('',#912,.T.);
#678=FACE_OUTER_BOUND('',#913,.T.);
#679=FACE_OUTER_BOUND('',#914,.T.);
#680=FACE_OUTER_BOUND('',#915,.T.);
#681=FACE_OUTER_BOUND('',#916,.T.);
#682=FACE_OUTER_BOUND('',#917,.T.);
#683=FACE_OUTER_BOUND('',#918,.T.);
#684=FACE_OUTER_BOUND('',#919,.T.);
#685=FACE_OUTER_BOUND('',#921,.T.);
#686=FACE_OUTER_BOUND('',#922,.T.);
#687=FACE_OUTER_BOUND('',#924,.T.);
#688=FACE_OUTER_BOUND('',#926,.T.);
#689=EDGE_LOOP('',(#2487,#2488,#2489,#2490));
#690=EDGE_LOOP('',(#2491,#2492,#2493,#2494));
#691=EDGE_LOOP('',(#2495,#2496,#2497,#2498));
#692=EDGE_LOOP('',(#2499,#2500,#2501,#2502));
#693=EDGE_LOOP('',(#2503,#2504,#2505,#2506));
#694=EDGE_LOOP('',(#2507,#2508,#2509,#2510));
#695=EDGE_LOOP('',(#2511,#2512,#2513,#2514));
#696=EDGE_LOOP('',(#2515,#2516,#2517,#2518));
#697=EDGE_LOOP('',(#2519,#2520,#2521,#2522));
#698=EDGE_LOOP('',(#2523,#2524,#2525,#2526));
#699=EDGE_LOOP('',(#2527,#2528,#2529,#2530));
#700=EDGE_LOOP('',(#2531,#2532,#2533,#2534));
#701=EDGE_LOOP('',(#2535,#2536,#2537,#2538));
#702=EDGE_LOOP('',(#2539,#2540,#2541,#2542));
#703=EDGE_LOOP('',(#2543,#2544,#2545,#2546));
#704=EDGE_LOOP('',(#2547,#2548,#2549,#2550));
#705=EDGE_LOOP('',(#2551,#2552,#2553,#2554));
#706=EDGE_LOOP('',(#2555,#2556,#2557,#2558));
#707=EDGE_LOOP('',(#2559,#2560,#2561,#2562));
#708=EDGE_LOOP('',(#2563,#2564,#2565,#2566));
#709=EDGE_LOOP('',(#2567,#2568,#2569,#2570));
#710=EDGE_LOOP('',(#2571,#2572,#2573,#2574));
#711=EDGE_LOOP('',(#2575,#2576,#2577,#2578));
#712=EDGE_LOOP('',(#2579,#2580,#2581,#2582));
#713=EDGE_LOOP('',(#2583,#2584,#2585,#2586));
#714=EDGE_LOOP('',(#2587,#2588,#2589,#2590));
#715=EDGE_LOOP('',(#2591,#2592,#2593,#2594));
#716=EDGE_LOOP('',(#2595,#2596,#2597,#2598));
#717=EDGE_LOOP('',(#2599,#2600,#2601,#2602));
#718=EDGE_LOOP('',(#2603,#2604,#2605,#2606));
#719=EDGE_LOOP('',(#2607,#2608,#2609,#2610,#2611,#2612,#2613,#2614,#2615,
#2616,#2617));
#720=EDGE_LOOP('',(#2618,#2619,#2620,#2621,#2622,#2623,#2624,#2625,#2626));
#721=EDGE_LOOP('',(#2627,#2628,#2629,#2630));
#722=EDGE_LOOP('',(#2631,#2632,#2633,#2634,#2635,#2636,#2637,#2638,#2639,
#2640,#2641,#2642));
#723=EDGE_LOOP('',(#2643));
#724=EDGE_LOOP('',(#2644,#2645,#2646,#2647,#2648,#2649,#2650,#2651,#2652,
#2653,#2654,#2655,#2656,#2657));
#725=EDGE_LOOP('',(#2658,#2659,#2660,#2661,#2662,#2663,#2664,#2665,#2666,
#2667,#2668));
#726=EDGE_LOOP('',(#2669,#2670,#2671,#2672));
#727=EDGE_LOOP('',(#2673,#2674,#2675,#2676));
#728=EDGE_LOOP('',(#2677,#2678,#2679,#2680));
#729=EDGE_LOOP('',(#2681,#2682,#2683,#2684));
#730=EDGE_LOOP('',(#2685,#2686,#2687,#2688));
#731=EDGE_LOOP('',(#2689,#2690,#2691,#2692));
#732=EDGE_LOOP('',(#2693,#2694,#2695,#2696));
#733=EDGE_LOOP('',(#2697,#2698,#2699,#2700));
#734=EDGE_LOOP('',(#2701,#2702,#2703,#2704));
#735=EDGE_LOOP('',(#2705,#2706,#2707,#2708));
#736=EDGE_LOOP('',(#2709,#2710,#2711,#2712));
#737=EDGE_LOOP('',(#2713,#2714,#2715,#2716));
#738=EDGE_LOOP('',(#2717,#2718,#2719,#2720));
#739=EDGE_LOOP('',(#2721,#2722,#2723,#2724));
#740=EDGE_LOOP('',(#2725,#2726,#2727,#2728));
#741=EDGE_LOOP('',(#2729,#2730,#2731,#2732));
#742=EDGE_LOOP('',(#2733,#2734,#2735,#2736));
#743=EDGE_LOOP('',(#2737,#2738,#2739,#2740));
#744=EDGE_LOOP('',(#2741,#2742,#2743,#2744));
#745=EDGE_LOOP('',(#2745,#2746,#2747,#2748));
#746=EDGE_LOOP('',(#2749,#2750,#2751,#2752));
#747=EDGE_LOOP('',(#2753,#2754,#2755,#2756));
#748=EDGE_LOOP('',(#2757,#2758,#2759,#2760));
#749=EDGE_LOOP('',(#2761,#2762,#2763,#2764));
#750=EDGE_LOOP('',(#2765,#2766,#2767,#2768));
#751=EDGE_LOOP('',(#2769,#2770,#2771,#2772));
#752=EDGE_LOOP('',(#2773,#2774,#2775,#2776));
#753=EDGE_LOOP('',(#2777,#2778,#2779,#2780));
#754=EDGE_LOOP('',(#2781,#2782,#2783,#2784));
#755=EDGE_LOOP('',(#2785,#2786,#2787,#2788));
#756=EDGE_LOOP('',(#2789,#2790,#2791,#2792));
#757=EDGE_LOOP('',(#2793,#2794,#2795,#2796));
#758=EDGE_LOOP('',(#2797,#2798,#2799,#2800));
#759=EDGE_LOOP('',(#2801,#2802,#2803,#2804,#2805,#2806,#2807,#2808,#2809,
#2810,#2811,#2812,#2813,#2814));
#760=EDGE_LOOP('',(#2815,#2816,#2817,#2818,#2819,#2820,#2821,#2822,#2823,
#2824));
#761=EDGE_LOOP('',(#2825,#2826,#2827,#2828,#2829,#2830,#2831,#2832,#2833));
#762=EDGE_LOOP('',(#2834,#2835,#2836,#2837,#2838,#2839,#2840,#2841,#2842));
#763=EDGE_LOOP('',(#2843,#2844,#2845,#2846,#2847,#2848,#2849,#2850,#2851,
#2852));
#764=EDGE_LOOP('',(#2853,#2854,#2855,#2856));
#765=EDGE_LOOP('',(#2857,#2858,#2859,#2860));
#766=EDGE_LOOP('',(#2861,#2862,#2863,#2864));
#767=EDGE_LOOP('',(#2865,#2866,#2867,#2868));
#768=EDGE_LOOP('',(#2869,#2870,#2871,#2872));
#769=EDGE_LOOP('',(#2873,#2874,#2875,#2876));
#770=EDGE_LOOP('',(#2877,#2878,#2879,#2880));
#771=EDGE_LOOP('',(#2881,#2882,#2883,#2884));
#772=EDGE_LOOP('',(#2885,#2886,#2887,#2888));
#773=EDGE_LOOP('',(#2889,#2890,#2891,#2892));
#774=EDGE_LOOP('',(#2893,#2894,#2895,#2896));
#775=EDGE_LOOP('',(#2897,#2898,#2899,#2900));
#776=EDGE_LOOP('',(#2901,#2902,#2903,#2904));
#777=EDGE_LOOP('',(#2905,#2906,#2907,#2908));
#778=EDGE_LOOP('',(#2909,#2910,#2911,#2912));
#779=EDGE_LOOP('',(#2913,#2914,#2915,#2916));
#780=EDGE_LOOP('',(#2917,#2918,#2919,#2920));
#781=EDGE_LOOP('',(#2921,#2922,#2923,#2924));
#782=EDGE_LOOP('',(#2925,#2926,#2927,#2928));
#783=EDGE_LOOP('',(#2929,#2930,#2931,#2932));
#784=EDGE_LOOP('',(#2933,#2934,#2935,#2936));
#785=EDGE_LOOP('',(#2937,#2938,#2939,#2940));
#786=EDGE_LOOP('',(#2941,#2942,#2943,#2944,#2945,#2946,#2947,#2948,#2949,
#2950,#2951,#2952));
#787=EDGE_LOOP('',(#2953,#2954,#2955,#2956,#2957,#2958,#2959,#2960,#2961,
#2962));
#788=EDGE_LOOP('',(#2963,#2964,#2965,#2966,#2967,#2968,#2969,#2970,#2971));
#789=EDGE_LOOP('',(#2972,#2973,#2974,#2975));
#790=EDGE_LOOP('',(#2976,#2977,#2978,#2979));
#791=EDGE_LOOP('',(#2980,#2981,#2982,#2983));
#792=EDGE_LOOP('',(#2984,#2985,#2986,#2987));
#793=EDGE_LOOP('',(#2988,#2989,#2990,#2991));
#794=EDGE_LOOP('',(#2992,#2993,#2994,#2995));
#795=EDGE_LOOP('',(#2996,#2997,#2998,#2999));
#796=EDGE_LOOP('',(#3000,#3001,#3002,#3003));
#797=EDGE_LOOP('',(#3004,#3005,#3006,#3007));
#798=EDGE_LOOP('',(#3008,#3009,#3010,#3011));
#799=EDGE_LOOP('',(#3012,#3013,#3014,#3015));
#800=EDGE_LOOP('',(#3016,#3017,#3018,#3019));
#801=EDGE_LOOP('',(#3020,#3021,#3022,#3023));
#802=EDGE_LOOP('',(#3024,#3025,#3026,#3027));
#803=EDGE_LOOP('',(#3028,#3029,#3030,#3031));
#804=EDGE_LOOP('',(#3032,#3033,#3034,#3035));
#805=EDGE_LOOP('',(#3036,#3037,#3038,#3039));
#806=EDGE_LOOP('',(#3040,#3041,#3042,#3043,#3044,#3045,#3046,#3047,#3048,
#3049,#3050,#3051,#3052,#3053,#3054,#3055,#3056));
#807=EDGE_LOOP('',(#3057,#3058,#3059,#3060));
#808=EDGE_LOOP('',(#3061,#3062,#3063,#3064));
#809=EDGE_LOOP('',(#3065,#3066,#3067,#3068));
#810=EDGE_LOOP('',(#3069,#3070,#3071,#3072));
#811=EDGE_LOOP('',(#3073,#3074,#3075,#3076));
#812=EDGE_LOOP('',(#3077,#3078,#3079,#3080));
#813=EDGE_LOOP('',(#3081,#3082,#3083,#3084));
#814=EDGE_LOOP('',(#3085,#3086,#3087,#3088));
#815=EDGE_LOOP('',(#3089,#3090,#3091,#3092));
#816=EDGE_LOOP('',(#3093,#3094,#3095,#3096));
#817=EDGE_LOOP('',(#3097,#3098,#3099,#3100));
#818=EDGE_LOOP('',(#3101,#3102,#3103,#3104));
#819=EDGE_LOOP('',(#3105,#3106,#3107,#3108));
#820=EDGE_LOOP('',(#3109,#3110,#3111,#3112));
#821=EDGE_LOOP('',(#3113,#3114,#3115,#3116));
#822=EDGE_LOOP('',(#3117,#3118,#3119,#3120));
#823=EDGE_LOOP('',(#3121,#3122,#3123,#3124));
#824=EDGE_LOOP('',(#3125,#3126,#3127,#3128));
#825=EDGE_LOOP('',(#3129,#3130,#3131,#3132));
#826=EDGE_LOOP('',(#3133,#3134,#3135,#3136));
#827=EDGE_LOOP('',(#3137,#3138,#3139,#3140));
#828=EDGE_LOOP('',(#3141,#3142,#3143,#3144));
#829=EDGE_LOOP('',(#3145,#3146,#3147,#3148));
#830=EDGE_LOOP('',(#3149,#3150,#3151,#3152));
#831=EDGE_LOOP('',(#3153,#3154,#3155,#3156));
#832=EDGE_LOOP('',(#3157,#3158,#3159,#3160));
#833=EDGE_LOOP('',(#3161,#3162,#3163,#3164));
#834=EDGE_LOOP('',(#3165,#3166,#3167,#3168));
#835=EDGE_LOOP('',(#3169,#3170,#3171,#3172));
#836=EDGE_LOOP('',(#3173,#3174,#3175,#3176));
#837=EDGE_LOOP('',(#3177,#3178,#3179,#3180));
#838=EDGE_LOOP('',(#3181,#3182,#3183,#3184));
#839=EDGE_LOOP('',(#3185,#3186,#3187,#3188));
#840=EDGE_LOOP('',(#3189,#3190,#3191,#3192));
#841=EDGE_LOOP('',(#3193,#3194,#3195,#3196));
#842=EDGE_LOOP('',(#3197,#3198,#3199,#3200,#3201,#3202,#3203,#3204,#3205,
#3206,#3207,#3208,#3209,#3210,#3211,#3212,#3213,#3214,#3215,#3216,#3217,
#3218,#3219,#3220,#3221,#3222,#3223,#3224,#3225,#3226,#3227,#3228,#3229,
#3230,#3231));
#843=EDGE_LOOP('',(#3232,#3233,#3234,#3235));
#844=EDGE_LOOP('',(#3236,#3237,#3238,#3239));
#845=EDGE_LOOP('',(#3240,#3241,#3242,#3243));
#846=EDGE_LOOP('',(#3244,#3245,#3246,#3247));
#847=EDGE_LOOP('',(#3248,#3249,#3250,#3251));
#848=EDGE_LOOP('',(#3252,#3253,#3254,#3255));
#849=EDGE_LOOP('',(#3256,#3257,#3258,#3259));
#850=EDGE_LOOP('',(#3260,#3261,#3262,#3263));
#851=EDGE_LOOP('',(#3264,#3265,#3266,#3267));
#852=EDGE_LOOP('',(#3268,#3269,#3270,#3271));
#853=EDGE_LOOP('',(#3272,#3273,#3274,#3275));
#854=EDGE_LOOP('',(#3276,#3277,#3278,#3279));
#855=EDGE_LOOP('',(#3280,#3281,#3282,#3283));
#856=EDGE_LOOP('',(#3284,#3285,#3286,#3287));
#857=EDGE_LOOP('',(#3288,#3289,#3290,#3291));
#858=EDGE_LOOP('',(#3292,#3293,#3294,#3295));
#859=EDGE_LOOP('',(#3296,#3297,#3298,#3299));
#860=EDGE_LOOP('',(#3300,#3301,#3302,#3303));
#861=EDGE_LOOP('',(#3304,#3305,#3306,#3307));
#862=EDGE_LOOP('',(#3308,#3309,#3310,#3311));
#863=EDGE_LOOP('',(#3312,#3313,#3314,#3315));
#864=EDGE_LOOP('',(#3316,#3317,#3318,#3319));
#865=EDGE_LOOP('',(#3320,#3321,#3322,#3323));
#866=EDGE_LOOP('',(#3324,#3325,#3326,#3327));
#867=EDGE_LOOP('',(#3328,#3329,#3330,#3331));
#868=EDGE_LOOP('',(#3332,#3333,#3334,#3335));
#869=EDGE_LOOP('',(#3336,#3337,#3338,#3339));
#870=EDGE_LOOP('',(#3340,#3341,#3342,#3343));
#871=EDGE_LOOP('',(#3344,#3345,#3346,#3347));
#872=EDGE_LOOP('',(#3348,#3349,#3350,#3351));
#873=EDGE_LOOP('',(#3352,#3353,#3354,#3355));
#874=EDGE_LOOP('',(#3356,#3357,#3358,#3359));
#875=EDGE_LOOP('',(#3360,#3361,#3362,#3363));
#876=EDGE_LOOP('',(#3364,#3365,#3366,#3367,#3368,#3369,#3370,#3371,#3372,
#3373,#3374,#3375,#3376,#3377));
#877=EDGE_LOOP('',(#3378,#3379,#3380,#3381,#3382,#3383,#3384,#3385,#3386,
#3387));
#878=EDGE_LOOP('',(#3388,#3389,#3390,#3391,#3392,#3393,#3394,#3395,#3396));
#879=EDGE_LOOP('',(#3397,#3398,#3399,#3400));
#880=EDGE_LOOP('',(#3401,#3402,#3403,#3404,#3405,#3406,#3407,#3408,#3409,
#3410,#3411,#3412,#3413,#3414,#3415,#3416,#3417));
#881=EDGE_LOOP('',(#3418,#3419,#3420,#3421,#3422,#3423,#3424,#3425,#3426,
#3427,#3428,#3429,#3430,#3431,#3432,#3433,#3434,#3435,#3436,#3437,#3438,
#3439,#3440,#3441,#3442,#3443,#3444,#3445,#3446,#3447,#3448,#3449,#3450,
#3451,#3452));
#882=EDGE_LOOP('',(#3453,#3454,#3455,#3456,#3457,#3458,#3459,#3460,#3461,
#3462,#3463,#3464,#3465,#3466));
#883=EDGE_LOOP('',(#3467));
#884=EDGE_LOOP('',(#3468,#3469,#3470,#3471,#3472,#3473,#3474,#3475,#3476,
#3477));
#885=EDGE_LOOP('',(#3478,#3479,#3480));
#886=EDGE_LOOP('',(#3481,#3482,#3483));
#887=EDGE_LOOP('',(#3484,#3485,#3486));
#888=EDGE_LOOP('',(#3487,#3488,#3489,#3490));
#889=EDGE_LOOP('',(#3491,#3492,#3493));
#890=EDGE_LOOP('',(#3494,#3495,#3496));
#891=EDGE_LOOP('',(#3497,#3498,#3499,#3500));
#892=EDGE_LOOP('',(#3501,#3502,#3503));
#893=EDGE_LOOP('',(#3504,#3505,#3506,#3507));
#894=EDGE_LOOP('',(#3508,#3509,#3510,#3511));
#895=EDGE_LOOP('',(#3512,#3513,#3514));
#896=EDGE_LOOP('',(#3515,#3516,#3517,#3518));
#897=EDGE_LOOP('',(#3519,#3520,#3521,#3522));
#898=EDGE_LOOP('',(#3523,#3524,#3525));
#899=EDGE_LOOP('',(#3526,#3527,#3528,#3529));
#900=EDGE_LOOP('',(#3530,#3531,#3532,#3533));
#901=EDGE_LOOP('',(#3534,#3535,#3536,#3537));
#902=EDGE_LOOP('',(#3538,#3539,#3540,#3541));
#903=EDGE_LOOP('',(#3542,#3543,#3544,#3545));
#904=EDGE_LOOP('',(#3546,#3547,#3548,#3549));
#905=EDGE_LOOP('',(#3550,#3551,#3552,#3553));
#906=EDGE_LOOP('',(#3554,#3555,#3556,#3557,#3558,#3559,#3560,#3561,#3562,
#3563));
#907=EDGE_LOOP('',(#3564,#3565,#3566,#3567));
#908=EDGE_LOOP('',(#3568,#3569,#3570,#3571));
#909=EDGE_LOOP('',(#3572,#3573,#3574,#3575,#3576,#3577,#3578,#3579,#3580));
#910=EDGE_LOOP('',(#3581,#3582,#3583,#3584));
#911=EDGE_LOOP('',(#3585,#3586,#3587,#3588));
#912=EDGE_LOOP('',(#3589,#3590,#3591,#3592));
#913=EDGE_LOOP('',(#3593,#3594,#3595,#3596));
#914=EDGE_LOOP('',(#3597,#3598,#3599,#3600));
#915=EDGE_LOOP('',(#3601,#3602,#3603,#3604));
#916=EDGE_LOOP('',(#3605,#3606,#3607,#3608));
#917=EDGE_LOOP('',(#3609,#3610,#3611,#3612));
#918=EDGE_LOOP('',(#3613,#3614,#3615,#3616));
#919=EDGE_LOOP('',(#3617,#3618,#3619,#3620));
#920=EDGE_LOOP('',(#3621));
#921=EDGE_LOOP('',(#3622,#3623,#3624,#3625));
#922=EDGE_LOOP('',(#3626,#3627,#3628,#3629));
#923=EDGE_LOOP('',(#3630));
#924=EDGE_LOOP('',(#3631,#3632,#3633,#3634));
#925=EDGE_LOOP('',(#3635,#3636,#3637,#3638));
#926=EDGE_LOOP('',(#3639,#3640,#3641,#3642));
#927=EDGE_LOOP('',(#3643,#3644,#3645,#3646));
#928=EDGE_LOOP('',(#3647,#3648,#3649,#3650));
#929=LINE('',#4619,#1227);
#930=LINE('',#4621,#1228);
#931=LINE('',#4623,#1229);
#932=LINE('',#4624,#1230);
#933=LINE('',#4627,#1231);
#934=LINE('',#4629,#1232);
#935=LINE('',#4630,#1233);
#936=LINE('',#4633,#1234);
#937=LINE('',#4635,#1235);
#938=LINE('',#4636,#1236);
#939=LINE('',#4638,#1237);
#940=LINE('',#4639,#1238);
#941=LINE('',#4644,#1239);
#942=LINE('',#4646,#1240);
#943=LINE('',#4648,#1241);
#944=LINE('',#4649,#1242);
#945=LINE('',#4652,#1243);
#946=LINE('',#4654,#1244);
#947=LINE('',#4655,#1245);
#948=LINE('',#4658,#1246);
#949=LINE('',#4660,#1247);
#950=LINE('',#4661,#1248);
#951=LINE('',#4663,#1249);
#952=LINE('',#4664,#1250);
#953=LINE('',#4684,#1251);
#954=LINE('',#4691,#1252);
#955=LINE('',#4714,#1253);
#956=LINE('',#4737,#1254);
#957=LINE('',#4760,#1255);
#958=LINE('',#4783,#1256);
#959=LINE('',#4806,#1257);
#960=LINE('',#4829,#1258);
#961=LINE('',#4852,#1259);
#962=LINE('',#4891,#1260);
#963=LINE('',#4898,#1261);
#964=LINE('',#4921,#1262);
#965=LINE('',#4944,#1263);
#966=LINE('',#4967,#1264);
#967=LINE('',#4990,#1265);
#968=LINE('',#5013,#1266);
#969=LINE('',#5036,#1267);
#970=LINE('',#5059,#1268);
#971=LINE('',#5082,#1269);
#972=LINE('',#5105,#1270);
#973=LINE('',#5130,#1271);
#974=LINE('',#5132,#1272);
#975=LINE('',#5134,#1273);
#976=LINE('',#5135,#1274);
#977=LINE('',#5138,#1275);
#978=LINE('',#5140,#1276);
#979=LINE('',#5195,#1277);
#980=LINE('',#5200,#1278);
#981=LINE('',#5202,#1279);
#982=LINE('',#5269,#1280);
#983=LINE('',#5273,#1281);
#984=LINE('',#5275,#1282);
#985=LINE('',#5277,#1283);
#986=LINE('',#5278,#1284);
#987=LINE('',#5301,#1285);
#988=LINE('',#5324,#1286);
#989=LINE('',#5347,#1287);
#990=LINE('',#5370,#1288);
#991=LINE('',#5393,#1289);
#992=LINE('',#5416,#1290);
#993=LINE('',#5419,#1291);
#994=LINE('',#5421,#1292);
#995=LINE('',#5422,#1293);
#996=LINE('',#5424,#1294);
#997=LINE('',#5425,#1295);
#998=LINE('',#5429,#1296);
#999=LINE('',#5431,#1297);
#1000=LINE('',#5433,#1298);
#1001=LINE('',#5434,#1299);
#1002=LINE('',#5457,#1300);
#1003=LINE('',#5480,#1301);
#1004=LINE('',#5503,#1302);
#1005=LINE('',#5526,#1303);
#1006=LINE('',#5549,#1304);
#1007=LINE('',#5572,#1305);
#1008=LINE('',#5595,#1306);
#1009=LINE('',#5598,#1307);
#1010=LINE('',#5600,#1308);
#1011=LINE('',#5601,#1309);
#1012=LINE('',#5603,#1310);
#1013=LINE('',#5604,#1311);
#1014=LINE('',#5607,#1312);
#1015=LINE('',#5609,#1313);
#1016=LINE('',#5610,#1314);
#1017=LINE('',#5613,#1315);
#1018=LINE('',#5614,#1316);
#1019=LINE('',#5631,#1317);
#1020=LINE('',#5648,#1318);
#1021=LINE('',#5665,#1319);
#1022=LINE('',#5682,#1320);
#1023=LINE('',#5699,#1321);
#1024=LINE('',#5716,#1322);
#1025=LINE('',#5733,#1323);
#1026=LINE('',#5750,#1324);
#1027=LINE('',#5767,#1325);
#1028=LINE('',#5784,#1326);
#1029=LINE('',#5801,#1327);
#1030=LINE('',#5803,#1328);
#1031=LINE('',#5810,#1329);
#1032=LINE('',#5812,#1330);
#1033=LINE('',#5814,#1331);
#1034=LINE('',#5815,#1332);
#1035=LINE('',#5838,#1333);
#1036=LINE('',#5861,#1334);
#1037=LINE('',#5884,#1335);
#1038=LINE('',#5907,#1336);
#1039=LINE('',#5930,#1337);
#1040=LINE('',#5953,#1338);
#1041=LINE('',#5976,#1339);
#1042=LINE('',#5979,#1340);
#1043=LINE('',#5981,#1341);
#1044=LINE('',#5982,#1342);
#1045=LINE('',#5984,#1343);
#1046=LINE('',#5985,#1344);
#1047=LINE('',#5988,#1345);
#1048=LINE('',#5990,#1346);
#1049=LINE('',#5991,#1347);
#1050=LINE('',#5994,#1348);
#1051=LINE('',#5995,#1349);
#1052=LINE('',#6012,#1350);
#1053=LINE('',#6029,#1351);
#1054=LINE('',#6046,#1352);
#1055=LINE('',#6063,#1353);
#1056=LINE('',#6080,#1354);
#1057=LINE('',#6097,#1355);
#1058=LINE('',#6114,#1356);
#1059=LINE('',#6131,#1357);
#1060=LINE('',#6148,#1358);
#1061=LINE('',#6150,#1359);
#1062=LINE('',#6156,#1360);
#1063=LINE('',#6158,#1361);
#1064=LINE('',#6160,#1362);
#1065=LINE('',#6161,#1363);
#1066=LINE('',#6164,#1364);
#1067=LINE('',#6166,#1365);
#1068=LINE('',#6167,#1366);
#1069=LINE('',#6190,#1367);
#1070=LINE('',#6213,#1368);
#1071=LINE('',#6236,#1369);
#1072=LINE('',#6259,#1370);
#1073=LINE('',#6282,#1371);
#1074=LINE('',#6305,#1372);
#1075=LINE('',#6308,#1373);
#1076=LINE('',#6310,#1374);
#1077=LINE('',#6311,#1375);
#1078=LINE('',#6314,#1376);
#1079=LINE('',#6316,#1377);
#1080=LINE('',#6317,#1378);
#1081=LINE('',#6320,#1379);
#1082=LINE('',#6322,#1380);
#1083=LINE('',#6323,#1381);
#1084=LINE('',#6346,#1382);
#1085=LINE('',#6369,#1383);
#1086=LINE('',#6392,#1384);
#1087=LINE('',#6415,#1385);
#1088=LINE('',#6438,#1386);
#1089=LINE('',#6440,#1387);
#1090=LINE('',#6441,#1388);
#1091=LINE('',#6446,#1389);
#1092=LINE('',#6448,#1390);
#1093=LINE('',#6450,#1391);
#1094=LINE('',#6451,#1392);
#1095=LINE('',#6474,#1393);
#1096=LINE('',#6497,#1394);
#1097=LINE('',#6520,#1395);
#1098=LINE('',#6543,#1396);
#1099=LINE('',#6566,#1397);
#1100=LINE('',#6589,#1398);
#1101=LINE('',#6612,#1399);
#1102=LINE('',#6635,#1400);
#1103=LINE('',#6658,#1401);
#1104=LINE('',#6681,#1402);
#1105=LINE('',#6704,#1403);
#1106=LINE('',#6727,#1404);
#1107=LINE('',#6750,#1405);
#1108=LINE('',#6773,#1406);
#1109=LINE('',#6796,#1407);
#1110=LINE('',#6819,#1408);
#1111=LINE('',#6842,#1409);
#1112=LINE('',#6865,#1410);
#1113=LINE('',#6868,#1411);
#1114=LINE('',#6870,#1412);
#1115=LINE('',#6871,#1413);
#1116=LINE('',#6894,#1414);
#1117=LINE('',#6917,#1415);
#1118=LINE('',#6940,#1416);
#1119=LINE('',#6963,#1417);
#1120=LINE('',#6986,#1418);
#1121=LINE('',#7009,#1419);
#1122=LINE('',#7032,#1420);
#1123=LINE('',#7055,#1421);
#1124=LINE('',#7078,#1422);
#1125=LINE('',#7101,#1423);
#1126=LINE('',#7124,#1424);
#1127=LINE('',#7147,#1425);
#1128=LINE('',#7170,#1426);
#1129=LINE('',#7193,#1427);
#1130=LINE('',#7218,#1428);
#1131=LINE('',#7220,#1429);
#1132=LINE('',#7222,#1430);
#1133=LINE('',#7223,#1431);
#1134=LINE('',#7246,#1432);
#1135=LINE('',#7269,#1433);
#1136=LINE('',#7292,#1434);
#1137=LINE('',#7315,#1435);
#1138=LINE('',#7338,#1436);
#1139=LINE('',#7361,#1437);
#1140=LINE('',#7364,#1438);
#1141=LINE('',#7366,#1439);
#1142=LINE('',#7367,#1440);
#1143=LINE('',#7369,#1441);
#1144=LINE('',#7370,#1442);
#1145=LINE('',#7374,#1443);
#1146=LINE('',#7376,#1444);
#1147=LINE('',#7378,#1445);
#1148=LINE('',#7379,#1446);
#1149=LINE('',#7402,#1447);
#1150=LINE('',#7425,#1448);
#1151=LINE('',#7448,#1449);
#1152=LINE('',#7471,#1450);
#1153=LINE('',#7494,#1451);
#1154=LINE('',#7517,#1452);
#1155=LINE('',#7540,#1453);
#1156=LINE('',#7543,#1454);
#1157=LINE('',#7545,#1455);
#1158=LINE('',#7546,#1456);
#1159=LINE('',#7548,#1457);
#1160=LINE('',#7549,#1458);
#1161=LINE('',#7553,#1459);
#1162=LINE('',#7555,#1460);
#1163=LINE('',#7557,#1461);
#1164=LINE('',#7558,#1462);
#1165=LINE('',#7561,#1463);
#1166=LINE('',#7563,#1464);
#1167=LINE('',#7564,#1465);
#1168=LINE('',#7587,#1466);
#1169=LINE('',#7610,#1467);
#1170=LINE('',#7633,#1468);
#1171=LINE('',#7656,#1469);
#1172=LINE('',#7679,#1470);
#1173=LINE('',#7702,#1471);
#1174=LINE('',#7725,#1472);
#1175=LINE('',#7748,#1473);
#1176=LINE('',#7771,#1474);
#1177=LINE('',#7794,#1475);
#1178=LINE('',#7817,#1476);
#1179=LINE('',#7819,#1477);
#1180=LINE('',#7820,#1478);
#1181=LINE('',#7825,#1479);
#1182=LINE('',#7827,#1480);
#1183=LINE('',#7829,#1481);
#1184=LINE('',#7830,#1482);
#1185=LINE('',#7853,#1483);
#1186=LINE('',#7867,#1484);
#1187=LINE('',#7875,#1485);
#1188=LINE('',#7877,#1486);
#1189=LINE('',#7878,#1487);
#1190=LINE('',#7886,#1488);
#1191=LINE('',#7888,#1489);
#1192=LINE('',#7896,#1490);
#1193=LINE('',#7898,#1491);
#1194=LINE('',#7899,#1492);
#1195=LINE('',#7901,#1493);
#1196=LINE('',#7903,#1494);
#1197=LINE('',#7904,#1495);
#1198=LINE('',#7906,#1496);
#1199=LINE('',#7908,#1497);
#1200=LINE('',#7909,#1498);
#1201=LINE('',#7918,#1499);
#1202=LINE('',#7920,#1500);
#1203=LINE('',#7922,#1501);
#1204=LINE('',#7923,#1502);
#1205=LINE('',#7927,#1503);
#1206=LINE('',#7928,#1504);
#1207=LINE('',#7929,#1505);
#1208=LINE('',#7932,#1506);
#1209=LINE('',#7933,#1507);
#1210=LINE('',#7936,#1508);
#1211=LINE('',#7937,#1509);
#1212=LINE('',#7939,#1510);
#1213=LINE('',#7942,#1511);
#1214=LINE('',#7946,#1512);
#1215=LINE('',#7951,#1513);
#1216=LINE('',#7953,#1514);
#1217=LINE('',#7955,#1515);
#1218=LINE('',#7956,#1516);
#1219=LINE('',#7959,#1517);
#1220=LINE('',#7961,#1518);
#1221=LINE('',#7962,#1519);
#1222=LINE('',#7965,#1520);
#1223=LINE('',#7967,#1521);
#1224=LINE('',#7968,#1522);
#1225=LINE('',#7970,#1523);
#1226=LINE('',#7971,#1524);
#1227=VECTOR('',#4079,10.);
#1228=VECTOR('',#4080,10.);
#1229=VECTOR('',#4081,10.);
#1230=VECTOR('',#4082,10.);
#1231=VECTOR('',#4085,10.);
#1232=VECTOR('',#4086,10.);
#1233=VECTOR('',#4087,10.);
#1234=VECTOR('',#4090,10.);
#1235=VECTOR('',#4091,10.);
#1236=VECTOR('',#4092,10.);
#1237=VECTOR('',#4095,10.);
#1238=VECTOR('',#4096,10.);
#1239=VECTOR('',#4101,10.);
#1240=VECTOR('',#4102,10.);
#1241=VECTOR('',#4103,10.);
#1242=VECTOR('',#4104,10.);
#1243=VECTOR('',#4107,10.);
#1244=VECTOR('',#4108,10.);
#1245=VECTOR('',#4109,10.);
#1246=VECTOR('',#4112,10.);
#1247=VECTOR('',#4113,10.);
#1248=VECTOR('',#4114,10.);
#1249=VECTOR('',#4117,10.);
#1250=VECTOR('',#4118,10.);
#1251=VECTOR('',#4121,10.);
#1252=VECTOR('',#4122,10.);
#1253=VECTOR('',#4123,10.);
#1254=VECTOR('',#4124,10.);
#1255=VECTOR('',#4125,10.);
#1256=VECTOR('',#4126,10.);
#1257=VECTOR('',#4127,10.);
#1258=VECTOR('',#4128,10.);
#1259=VECTOR('',#4129,10.);
#1260=VECTOR('',#4130,10.);
#1261=VECTOR('',#4131,10.);
#1262=VECTOR('',#4132,10.);
#1263=VECTOR('',#4133,10.);
#1264=VECTOR('',#4134,10.);
#1265=VECTOR('',#4135,10.);
#1266=VECTOR('',#4136,10.);
#1267=VECTOR('',#4137,10.);
#1268=VECTOR('',#4138,10.);
#1269=VECTOR('',#4139,10.);
#1270=VECTOR('',#4140,10.);
#1271=VECTOR('',#4145,10.);
#1272=VECTOR('',#4146,10.);
#1273=VECTOR('',#4147,10.);
#1274=VECTOR('',#4148,10.);
#1275=VECTOR('',#4149,10.);
#1276=VECTOR('',#4150,10.);
#1277=VECTOR('',#4151,10.);
#1278=VECTOR('',#4154,10.);
#1279=VECTOR('',#4155,10.);
#1280=VECTOR('',#4156,10.);
#1281=VECTOR('',#4159,10.);
#1282=VECTOR('',#4160,10.);
#1283=VECTOR('',#4161,10.);
#1284=VECTOR('',#4162,10.);
#1285=VECTOR('',#4163,10.);
#1286=VECTOR('',#4164,10.);
#1287=VECTOR('',#4165,10.);
#1288=VECTOR('',#4166,10.);
#1289=VECTOR('',#4167,10.);
#1290=VECTOR('',#4168,10.);
#1291=VECTOR('',#4171,10.);
#1292=VECTOR('',#4172,10.);
#1293=VECTOR('',#4173,10.);
#1294=VECTOR('',#4176,10.);
#1295=VECTOR('',#4177,10.);
#1296=VECTOR('',#4180,10.);
#1297=VECTOR('',#4181,10.);
#1298=VECTOR('',#4182,10.);
#1299=VECTOR('',#4183,10.);
#1300=VECTOR('',#4184,10.);
#1301=VECTOR('',#4185,10.);
#1302=VECTOR('',#4186,10.);
#1303=VECTOR('',#4187,10.);
#1304=VECTOR('',#4188,10.);
#1305=VECTOR('',#4189,10.);
#1306=VECTOR('',#4190,10.);
#1307=VECTOR('',#4193,10.);
#1308=VECTOR('',#4194,10.);
#1309=VECTOR('',#4195,10.);
#1310=VECTOR('',#4198,10.);
#1311=VECTOR('',#4199,10.);
#1312=VECTOR('',#4202,10.);
#1313=VECTOR('',#4203,10.);
#1314=VECTOR('',#4204,10.);
#1315=VECTOR('',#4207,10.);
#1316=VECTOR('',#4208,10.);
#1317=VECTOR('',#4209,10.);
#1318=VECTOR('',#4210,10.);
#1319=VECTOR('',#4211,10.);
#1320=VECTOR('',#4212,10.);
#1321=VECTOR('',#4213,10.);
#1322=VECTOR('',#4214,10.);
#1323=VECTOR('',#4215,10.);
#1324=VECTOR('',#4216,10.);
#1325=VECTOR('',#4217,10.);
#1326=VECTOR('',#4218,10.);
#1327=VECTOR('',#4219,10.);
#1328=VECTOR('',#4222,10.);
#1329=VECTOR('',#4231,10.);
#1330=VECTOR('',#4232,10.);
#1331=VECTOR('',#4233,10.);
#1332=VECTOR('',#4234,10.);
#1333=VECTOR('',#4235,10.);
#1334=VECTOR('',#4236,10.);
#1335=VECTOR('',#4237,10.);
#1336=VECTOR('',#4238,10.);
#1337=VECTOR('',#4239,10.);
#1338=VECTOR('',#4240,10.);
#1339=VECTOR('',#4241,10.);
#1340=VECTOR('',#4244,10.);
#1341=VECTOR('',#4245,10.);
#1342=VECTOR('',#4246,10.);
#1343=VECTOR('',#4249,10.);
#1344=VECTOR('',#4250,10.);
#1345=VECTOR('',#4253,10.);
#1346=VECTOR('',#4254,10.);
#1347=VECTOR('',#4255,10.);
#1348=VECTOR('',#4258,10.);
#1349=VECTOR('',#4259,10.);
#1350=VECTOR('',#4260,10.);
#1351=VECTOR('',#4261,10.);
#1352=VECTOR('',#4262,10.);
#1353=VECTOR('',#4263,10.);
#1354=VECTOR('',#4264,10.);
#1355=VECTOR('',#4265,10.);
#1356=VECTOR('',#4266,10.);
#1357=VECTOR('',#4267,10.);
#1358=VECTOR('',#4268,10.);
#1359=VECTOR('',#4271,10.);
#1360=VECTOR('',#4278,10.);
#1361=VECTOR('',#4279,10.);
#1362=VECTOR('',#4280,10.);
#1363=VECTOR('',#4281,10.);
#1364=VECTOR('',#4284,10.);
#1365=VECTOR('',#4285,10.);
#1366=VECTOR('',#4286,10.);
#1367=VECTOR('',#4287,10.);
#1368=VECTOR('',#4288,10.);
#1369=VECTOR('',#4289,10.);
#1370=VECTOR('',#4290,10.);
#1371=VECTOR('',#4291,10.);
#1372=VECTOR('',#4292,10.);
#1373=VECTOR('',#4295,10.);
#1374=VECTOR('',#4296,10.);
#1375=VECTOR('',#4297,10.);
#1376=VECTOR('',#4300,10.);
#1377=VECTOR('',#4301,10.);
#1378=VECTOR('',#4302,10.);
#1379=VECTOR('',#4305,10.);
#1380=VECTOR('',#4306,10.);
#1381=VECTOR('',#4307,10.);
#1382=VECTOR('',#4308,10.);
#1383=VECTOR('',#4309,10.);
#1384=VECTOR('',#4310,10.);
#1385=VECTOR('',#4311,10.);
#1386=VECTOR('',#4312,10.);
#1387=VECTOR('',#4315,10.);
#1388=VECTOR('',#4316,10.);
#1389=VECTOR('',#4321,10.);
#1390=VECTOR('',#4322,10.);
#1391=VECTOR('',#4323,10.);
#1392=VECTOR('',#4324,10.);
#1393=VECTOR('',#4325,10.);
#1394=VECTOR('',#4326,10.);
#1395=VECTOR('',#4327,10.);
#1396=VECTOR('',#4328,10.);
#1397=VECTOR('',#4329,10.);
#1398=VECTOR('',#4330,10.);
#1399=VECTOR('',#4331,10.);
#1400=VECTOR('',#4332,10.);
#1401=VECTOR('',#4333,10.);
#1402=VECTOR('',#4334,10.);
#1403=VECTOR('',#4335,10.);
#1404=VECTOR('',#4336,10.);
#1405=VECTOR('',#4337,10.);
#1406=VECTOR('',#4338,10.);
#1407=VECTOR('',#4339,10.);
#1408=VECTOR('',#4340,10.);
#1409=VECTOR('',#4341,10.);
#1410=VECTOR('',#4342,10.);
#1411=VECTOR('',#4345,10.);
#1412=VECTOR('',#4346,10.);
#1413=VECTOR('',#4347,10.);
#1414=VECTOR('',#4348,10.);
#1415=VECTOR('',#4349,10.);
#1416=VECTOR('',#4350,10.);
#1417=VECTOR('',#4351,10.);
#1418=VECTOR('',#4352,10.);
#1419=VECTOR('',#4353,10.);
#1420=VECTOR('',#4354,10.);
#1421=VECTOR('',#4355,10.);
#1422=VECTOR('',#4356,10.);
#1423=VECTOR('',#4357,10.);
#1424=VECTOR('',#4358,10.);
#1425=VECTOR('',#4359,10.);
#1426=VECTOR('',#4360,10.);
#1427=VECTOR('',#4361,10.);
#1428=VECTOR('',#4366,10.);
#1429=VECTOR('',#4367,10.);
#1430=VECTOR('',#4368,10.);
#1431=VECTOR('',#4369,10.);
#1432=VECTOR('',#4370,10.);
#1433=VECTOR('',#4371,10.);
#1434=VECTOR('',#4372,10.);
#1435=VECTOR('',#4373,10.);
#1436=VECTOR('',#4374,10.);
#1437=VECTOR('',#4375,10.);
#1438=VECTOR('',#4378,10.);
#1439=VECTOR('',#4379,10.);
#1440=VECTOR('',#4380,10.);
#1441=VECTOR('',#4383,10.);
#1442=VECTOR('',#4384,10.);
#1443=VECTOR('',#4387,10.);
#1444=VECTOR('',#4388,10.);
#1445=VECTOR('',#4389,10.);
#1446=VECTOR('',#4390,10.);
#1447=VECTOR('',#4391,10.);
#1448=VECTOR('',#4392,10.);
#1449=VECTOR('',#4393,10.);
#1450=VECTOR('',#4394,10.);
#1451=VECTOR('',#4395,10.);
#1452=VECTOR('',#4396,10.);
#1453=VECTOR('',#4397,10.);
#1454=VECTOR('',#4400,10.);
#1455=VECTOR('',#4401,10.);
#1456=VECTOR('',#4402,10.);
#1457=VECTOR('',#4405,10.);
#1458=VECTOR('',#4406,10.);
#1459=VECTOR('',#4409,10.);
#1460=VECTOR('',#4410,10.);
#1461=VECTOR('',#4411,10.);
#1462=VECTOR('',#4412,10.);
#1463=VECTOR('',#4415,10.);
#1464=VECTOR('',#4416,10.);
#1465=VECTOR('',#4417,10.);
#1466=VECTOR('',#4418,10.);
#1467=VECTOR('',#4419,10.);
#1468=VECTOR('',#4420,10.);
#1469=VECTOR('',#4421,10.);
#1470=VECTOR('',#4422,10.);
#1471=VECTOR('',#4423,10.);
#1472=VECTOR('',#4424,10.);
#1473=VECTOR('',#4425,10.);
#1474=VECTOR('',#4426,10.);
#1475=VECTOR('',#4427,10.);
#1476=VECTOR('',#4428,10.);
#1477=VECTOR('',#4431,10.);
#1478=VECTOR('',#4432,10.);
#1479=VECTOR('',#4437,10.);
#1480=VECTOR('',#4438,10.);
#1481=VECTOR('',#4439,10.);
#1482=VECTOR('',#4440,10.);
#1483=VECTOR('',#4471,10.);
#1484=VECTOR('',#4490,10.);
#1485=VECTOR('',#4501,10.);
#1486=VECTOR('',#4504,10.);
#1487=VECTOR('',#4505,10.);
#1488=VECTOR('',#4516,10.);
#1489=VECTOR('',#4519,10.);
#1490=VECTOR('',#4530,10.);
#1491=VECTOR('',#4533,10.);
#1492=VECTOR('',#4534,10.);
#1493=VECTOR('',#4537,10.);
#1494=VECTOR('',#4540,10.);
#1495=VECTOR('',#4541,10.);
#1496=VECTOR('',#4544,10.);
#1497=VECTOR('',#4547,10.);
#1498=VECTOR('',#4548,10.);
#1499=VECTOR('',#4561,10.);
#1500=VECTOR('',#4562,10.);
#1501=VECTOR('',#4563,10.);
#1502=VECTOR('',#4564,10.);
#1503=VECTOR('',#4567,10.);
#1504=VECTOR('',#4568,10.);
#1505=VECTOR('',#4569,10.);
#1506=VECTOR('',#4572,10.);
#1507=VECTOR('',#4573,10.);
#1508=VECTOR('',#4576,10.);
#1509=VECTOR('',#4577,10.);
#1510=VECTOR('',#4580,10.);
#1511=VECTOR('',#4583,6.25);
#1512=VECTOR('',#4588,12.5);
#1513=VECTOR('',#4593,10.);
#1514=VECTOR('',#4594,10.);
#1515=VECTOR('',#4595,10.);
#1516=VECTOR('',#4596,10.);
#1517=VECTOR('',#4599,10.);
#1518=VECTOR('',#4600,10.);
#1519=VECTOR('',#4601,10.);
#1520=VECTOR('',#4604,10.);
#1521=VECTOR('',#4605,10.);
#1522=VECTOR('',#4606,10.);
#1523=VECTOR('',#4609,10.);
#1524=VECTOR('',#4610,10.);
#1525=VERTEX_POINT('',#4617);
#1526=VERTEX_POINT('',#4618);
#1527=VERTEX_POINT('',#4620);
#1528=VERTEX_POINT('',#4622);
#1529=VERTEX_POINT('',#4626);
#1530=VERTEX_POINT('',#4628);
#1531=VERTEX_POINT('',#4632);
#1532=VERTEX_POINT('',#4634);
#1533=VERTEX_POINT('',#4642);
#1534=VERTEX_POINT('',#4643);
#1535=VERTEX_POINT('',#4645);
#1536=VERTEX_POINT('',#4647);
#1537=VERTEX_POINT('',#4651);
#1538=VERTEX_POINT('',#4653);
#1539=VERTEX_POINT('',#4657);
#1540=VERTEX_POINT('',#4659);
#1541=VERTEX_POINT('',#4676);
#1542=VERTEX_POINT('',#4677);
#1543=VERTEX_POINT('',#4683);
#1544=VERTEX_POINT('',#4685);
#1545=VERTEX_POINT('',#4702);
#1546=VERTEX_POINT('',#4708);
#1547=VERTEX_POINT('',#4725);
#1548=VERTEX_POINT('',#4731);
#1549=VERTEX_POINT('',#4748);
#1550=VERTEX_POINT('',#4754);
#1551=VERTEX_POINT('',#4771);
#1552=VERTEX_POINT('',#4777);
#1553=VERTEX_POINT('',#4794);
#1554=VERTEX_POINT('',#4800);
#1555=VERTEX_POINT('',#4817);
#1556=VERTEX_POINT('',#4823);
#1557=VERTEX_POINT('',#4840);
#1558=VERTEX_POINT('',#4846);
#1559=VERTEX_POINT('',#4883);
#1560=VERTEX_POINT('',#4884);
#1561=VERTEX_POINT('',#4890);
#1562=VERTEX_POINT('',#4892);
#1563=VERTEX_POINT('',#4909);
#1564=VERTEX_POINT('',#4915);
#1565=VERTEX_POINT('',#4932);
#1566=VERTEX_POINT('',#4938);
#1567=VERTEX_POINT('',#4955);
#1568=VERTEX_POINT('',#4961);
#1569=VERTEX_POINT('',#4978);
#1570=VERTEX_POINT('',#4984);
#1571=VERTEX_POINT('',#5001);
#1572=VERTEX_POINT('',#5007);
#1573=VERTEX_POINT('',#5024);
#1574=VERTEX_POINT('',#5030);
#1575=VERTEX_POINT('',#5047);
#1576=VERTEX_POINT('',#5053);
#1577=VERTEX_POINT('',#5070);
#1578=VERTEX_POINT('',#5076);
#1579=VERTEX_POINT('',#5093);
#1580=VERTEX_POINT('',#5099);
#1581=VERTEX_POINT('',#5128);
#1582=VERTEX_POINT('',#5129);
#1583=VERTEX_POINT('',#5131);
#1584=VERTEX_POINT('',#5133);
#1585=VERTEX_POINT('',#5136);
#1586=VERTEX_POINT('',#5137);
#1587=VERTEX_POINT('',#5139);
#1588=VERTEX_POINT('',#5141);
#1589=VERTEX_POINT('',#5147);
#1590=VERTEX_POINT('',#5153);
#1591=VERTEX_POINT('',#5159);
#1592=VERTEX_POINT('',#5165);
#1593=VERTEX_POINT('',#5171);
#1594=VERTEX_POINT('',#5177);
#1595=VERTEX_POINT('',#5183);
#1596=VERTEX_POINT('',#5189);
#1597=VERTEX_POINT('',#5196);
#1598=VERTEX_POINT('',#5198);
#1599=VERTEX_POINT('',#5199);
#1600=VERTEX_POINT('',#5201);
#1601=VERTEX_POINT('',#5203);
#1602=VERTEX_POINT('',#5209);
#1603=VERTEX_POINT('',#5215);
#1604=VERTEX_POINT('',#5221);
#1605=VERTEX_POINT('',#5227);
#1606=VERTEX_POINT('',#5233);
#1607=VERTEX_POINT('',#5239);
#1608=VERTEX_POINT('',#5245);
#1609=VERTEX_POINT('',#5251);
#1610=VERTEX_POINT('',#5257);
#1611=VERTEX_POINT('',#5263);
#1612=VERTEX_POINT('',#5271);
#1613=VERTEX_POINT('',#5272);
#1614=VERTEX_POINT('',#5274);
#1615=VERTEX_POINT('',#5276);
#1616=VERTEX_POINT('',#5289);
#1617=VERTEX_POINT('',#5295);
#1618=VERTEX_POINT('',#5312);
#1619=VERTEX_POINT('',#5318);
#1620=VERTEX_POINT('',#5335);
#1621=VERTEX_POINT('',#5341);
#1622=VERTEX_POINT('',#5358);
#1623=VERTEX_POINT('',#5364);
#1624=VERTEX_POINT('',#5381);
#1625=VERTEX_POINT('',#5387);
#1626=VERTEX_POINT('',#5404);
#1627=VERTEX_POINT('',#5410);
#1628=VERTEX_POINT('',#5418);
#1629=VERTEX_POINT('',#5420);
#1630=VERTEX_POINT('',#5427);
#1631=VERTEX_POINT('',#5428);
#1632=VERTEX_POINT('',#5430);
#1633=VERTEX_POINT('',#5432);
#1634=VERTEX_POINT('',#5445);
#1635=VERTEX_POINT('',#5451);
#1636=VERTEX_POINT('',#5468);
#1637=VERTEX_POINT('',#5474);
#1638=VERTEX_POINT('',#5491);
#1639=VERTEX_POINT('',#5497);
#1640=VERTEX_POINT('',#5514);
#1641=VERTEX_POINT('',#5520);
#1642=VERTEX_POINT('',#5537);
#1643=VERTEX_POINT('',#5543);
#1644=VERTEX_POINT('',#5560);
#1645=VERTEX_POINT('',#5566);
#1646=VERTEX_POINT('',#5583);
#1647=VERTEX_POINT('',#5589);
#1648=VERTEX_POINT('',#5597);
#1649=VERTEX_POINT('',#5599);
#1650=VERTEX_POINT('',#5606);
#1651=VERTEX_POINT('',#5608);
#1652=VERTEX_POINT('',#5612);
#1653=VERTEX_POINT('',#5625);
#1654=VERTEX_POINT('',#5642);
#1655=VERTEX_POINT('',#5659);
#1656=VERTEX_POINT('',#5676);
#1657=VERTEX_POINT('',#5693);
#1658=VERTEX_POINT('',#5710);
#1659=VERTEX_POINT('',#5727);
#1660=VERTEX_POINT('',#5744);
#1661=VERTEX_POINT('',#5761);
#1662=VERTEX_POINT('',#5778);
#1663=VERTEX_POINT('',#5795);
#1664=VERTEX_POINT('',#5808);
#1665=VERTEX_POINT('',#5809);
#1666=VERTEX_POINT('',#5811);
#1667=VERTEX_POINT('',#5813);
#1668=VERTEX_POINT('',#5826);
#1669=VERTEX_POINT('',#5832);
#1670=VERTEX_POINT('',#5849);
#1671=VERTEX_POINT('',#5855);
#1672=VERTEX_POINT('',#5872);
#1673=VERTEX_POINT('',#5878);
#1674=VERTEX_POINT('',#5895);
#1675=VERTEX_POINT('',#5901);
#1676=VERTEX_POINT('',#5918);
#1677=VERTEX_POINT('',#5924);
#1678=VERTEX_POINT('',#5941);
#1679=VERTEX_POINT('',#5947);
#1680=VERTEX_POINT('',#5964);
#1681=VERTEX_POINT('',#5970);
#1682=VERTEX_POINT('',#5978);
#1683=VERTEX_POINT('',#5980);
#1684=VERTEX_POINT('',#5987);
#1685=VERTEX_POINT('',#5989);
#1686=VERTEX_POINT('',#5993);
#1687=VERTEX_POINT('',#6006);
#1688=VERTEX_POINT('',#6023);
#1689=VERTEX_POINT('',#6040);
#1690=VERTEX_POINT('',#6057);
#1691=VERTEX_POINT('',#6074);
#1692=VERTEX_POINT('',#6091);
#1693=VERTEX_POINT('',#6108);
#1694=VERTEX_POINT('',#6125);
#1695=VERTEX_POINT('',#6142);
#1696=VERTEX_POINT('',#6154);
#1697=VERTEX_POINT('',#6155);
#1698=VERTEX_POINT('',#6157);
#1699=VERTEX_POINT('',#6159);
#1700=VERTEX_POINT('',#6163);
#1701=VERTEX_POINT('',#6165);
#1702=VERTEX_POINT('',#6178);
#1703=VERTEX_POINT('',#6184);
#1704=VERTEX_POINT('',#6201);
#1705=VERTEX_POINT('',#6207);
#1706=VERTEX_POINT('',#6224);
#1707=VERTEX_POINT('',#6230);
#1708=VERTEX_POINT('',#6247);
#1709=VERTEX_POINT('',#6253);
#1710=VERTEX_POINT('',#6270);
#1711=VERTEX_POINT('',#6276);
#1712=VERTEX_POINT('',#6293);
#1713=VERTEX_POINT('',#6299);
#1714=VERTEX_POINT('',#6307);
#1715=VERTEX_POINT('',#6309);
#1716=VERTEX_POINT('',#6313);
#1717=VERTEX_POINT('',#6315);
#1718=VERTEX_POINT('',#6319);
#1719=VERTEX_POINT('',#6321);
#1720=VERTEX_POINT('',#6334);
#1721=VERTEX_POINT('',#6340);
#1722=VERTEX_POINT('',#6357);
#1723=VERTEX_POINT('',#6363);
#1724=VERTEX_POINT('',#6380);
#1725=VERTEX_POINT('',#6386);
#1726=VERTEX_POINT('',#6403);
#1727=VERTEX_POINT('',#6409);
#1728=VERTEX_POINT('',#6426);
#1729=VERTEX_POINT('',#6432);
#1730=VERTEX_POINT('',#6444);
#1731=VERTEX_POINT('',#6445);
#1732=VERTEX_POINT('',#6447);
#1733=VERTEX_POINT('',#6449);
#1734=VERTEX_POINT('',#6462);
#1735=VERTEX_POINT('',#6468);
#1736=VERTEX_POINT('',#6485);
#1737=VERTEX_POINT('',#6491);
#1738=VERTEX_POINT('',#6508);
#1739=VERTEX_POINT('',#6514);
#1740=VERTEX_POINT('',#6531);
#1741=VERTEX_POINT('',#6537);
#1742=VERTEX_POINT('',#6554);
#1743=VERTEX_POINT('',#6560);
#1744=VERTEX_POINT('',#6577);
#1745=VERTEX_POINT('',#6583);
#1746=VERTEX_POINT('',#6600);
#1747=VERTEX_POINT('',#6606);
#1748=VERTEX_POINT('',#6623);
#1749=VERTEX_POINT('',#6629);
#1750=VERTEX_POINT('',#6646);
#1751=VERTEX_POINT('',#6652);
#1752=VERTEX_POINT('',#6669);
#1753=VERTEX_POINT('',#6675);
#1754=VERTEX_POINT('',#6692);
#1755=VERTEX_POINT('',#6698);
#1756=VERTEX_POINT('',#6715);
#1757=VERTEX_POINT('',#6721);
#1758=VERTEX_POINT('',#6738);
#1759=VERTEX_POINT('',#6744);
#1760=VERTEX_POINT('',#6761);
#1761=VERTEX_POINT('',#6767);
#1762=VERTEX_POINT('',#6784);
#1763=VERTEX_POINT('',#6790);
#1764=VERTEX_POINT('',#6807);
#1765=VERTEX_POINT('',#6813);
#1766=VERTEX_POINT('',#6830);
#1767=VERTEX_POINT('',#6836);
#1768=VERTEX_POINT('',#6853);
#1769=VERTEX_POINT('',#6859);
#1770=VERTEX_POINT('',#6867);
#1771=VERTEX_POINT('',#6869);
#1772=VERTEX_POINT('',#6882);
#1773=VERTEX_POINT('',#6888);
#1774=VERTEX_POINT('',#6905);
#1775=VERTEX_POINT('',#6911);
#1776=VERTEX_POINT('',#6928);
#1777=VERTEX_POINT('',#6934);
#1778=VERTEX_POINT('',#6951);
#1779=VERTEX_POINT('',#6957);
#1780=VERTEX_POINT('',#6974);
#1781=VERTEX_POINT('',#6980);
#1782=VERTEX_POINT('',#6997);
#1783=VERTEX_POINT('',#7003);
#1784=VERTEX_POINT('',#7020);
#1785=VERTEX_POINT('',#7026);
#1786=VERTEX_POINT('',#7043);
#1787=VERTEX_POINT('',#7049);
#1788=VERTEX_POINT('',#7066);
#1789=VERTEX_POINT('',#7072);
#1790=VERTEX_POINT('',#7089);
#1791=VERTEX_POINT('',#7095);
#1792=VERTEX_POINT('',#7112);
#1793=VERTEX_POINT('',#7118);
#1794=VERTEX_POINT('',#7135);
#1795=VERTEX_POINT('',#7141);
#1796=VERTEX_POINT('',#7158);
#1797=VERTEX_POINT('',#7164);
#1798=VERTEX_POINT('',#7181);
#1799=VERTEX_POINT('',#7187);
#1800=VERTEX_POINT('',#7216);
#1801=VERTEX_POINT('',#7217);
#1802=VERTEX_POINT('',#7219);
#1803=VERTEX_POINT('',#7221);
#1804=VERTEX_POINT('',#7234);
#1805=VERTEX_POINT('',#7240);
#1806=VERTEX_POINT('',#7257);
#1807=VERTEX_POINT('',#7263);
#1808=VERTEX_POINT('',#7280);
#1809=VERTEX_POINT('',#7286);
#1810=VERTEX_POINT('',#7303);
#1811=VERTEX_POINT('',#7309);
#1812=VERTEX_POINT('',#7326);
#1813=VERTEX_POINT('',#7332);
#1814=VERTEX_POINT('',#7349);
#1815=VERTEX_POINT('',#7355);
#1816=VERTEX_POINT('',#7363);
#1817=VERTEX_POINT('',#7365);
#1818=VERTEX_POINT('',#7372);
#1819=VERTEX_POINT('',#7373);
#1820=VERTEX_POINT('',#7375);
#1821=VERTEX_POINT('',#7377);
#1822=VERTEX_POINT('',#7390);
#1823=VERTEX_POINT('',#7396);
#1824=VERTEX_POINT('',#7413);
#1825=VERTEX_POINT('',#7419);
#1826=VERTEX_POINT('',#7436);
#1827=VERTEX_POINT('',#7442);
#1828=VERTEX_POINT('',#7459);
#1829=VERTEX_POINT('',#7465);
#1830=VERTEX_POINT('',#7482);
#1831=VERTEX_POINT('',#7488);
#1832=VERTEX_POINT('',#7505);
#1833=VERTEX_POINT('',#7511);
#1834=VERTEX_POINT('',#7528);
#1835=VERTEX_POINT('',#7534);
#1836=VERTEX_POINT('',#7542);
#1837=VERTEX_POINT('',#7544);
#1838=VERTEX_POINT('',#7551);
#1839=VERTEX_POINT('',#7552);
#1840=VERTEX_POINT('',#7554);
#1841=VERTEX_POINT('',#7556);
#1842=VERTEX_POINT('',#7560);
#1843=VERTEX_POINT('',#7562);
#1844=VERTEX_POINT('',#7575);
#1845=VERTEX_POINT('',#7581);
#1846=VERTEX_POINT('',#7598);
#1847=VERTEX_POINT('',#7604);
#1848=VERTEX_POINT('',#7621);
#1849=VERTEX_POINT('',#7627);
#1850=VERTEX_POINT('',#7644);
#1851=VERTEX_POINT('',#7650);
#1852=VERTEX_POINT('',#7667);
#1853=VERTEX_POINT('',#7673);
#1854=VERTEX_POINT('',#7690);
#1855=VERTEX_POINT('',#7696);
#1856=VERTEX_POINT('',#7713);
#1857=VERTEX_POINT('',#7719);
#1858=VERTEX_POINT('',#7736);
#1859=VERTEX_POINT('',#7742);
#1860=VERTEX_POINT('',#7759);
#1861=VERTEX_POINT('',#7765);
#1862=VERTEX_POINT('',#7782);
#1863=VERTEX_POINT('',#7788);
#1864=VERTEX_POINT('',#7805);
#1865=VERTEX_POINT('',#7811);
#1866=VERTEX_POINT('',#7823);
#1867=VERTEX_POINT('',#7824);
#1868=VERTEX_POINT('',#7826);
#1869=VERTEX_POINT('',#7828);
#1870=VERTEX_POINT('',#7831);
#1871=VERTEX_POINT('',#7835);
#1872=VERTEX_POINT('',#7837);
#1873=VERTEX_POINT('',#7841);
#1874=VERTEX_POINT('',#7842);
#1875=VERTEX_POINT('',#7847);
#1876=VERTEX_POINT('',#7849);
#1877=VERTEX_POINT('',#7855);
#1878=VERTEX_POINT('',#7857);
#1879=VERTEX_POINT('',#7861);
#1880=VERTEX_POINT('',#7862);
#1881=VERTEX_POINT('',#7869);
#1882=VERTEX_POINT('',#7871);
#1883=VERTEX_POINT('',#7880);
#1884=VERTEX_POINT('',#7881);
#1885=VERTEX_POINT('',#7890);
#1886=VERTEX_POINT('',#7892);
#1887=VERTEX_POINT('',#7916);
#1888=VERTEX_POINT('',#7917);
#1889=VERTEX_POINT('',#7919);
#1890=VERTEX_POINT('',#7921);
#1891=VERTEX_POINT('',#7925);
#1892=VERTEX_POINT('',#7926);
#1893=VERTEX_POINT('',#7931);
#1894=VERTEX_POINT('',#7935);
#1895=VERTEX_POINT('',#7941);
#1896=VERTEX_POINT('',#7945);
#1897=VERTEX_POINT('',#7949);
#1898=VERTEX_POINT('',#7950);
#1899=VERTEX_POINT('',#7952);
#1900=VERTEX_POINT('',#7954);
#1901=VERTEX_POINT('',#7958);
#1902=VERTEX_POINT('',#7960);
#1903=VERTEX_POINT('',#7964);
#1904=VERTEX_POINT('',#7966);
#1905=EDGE_CURVE('',#1525,#1526,#929,.T.);
#1906=EDGE_CURVE('',#1525,#1527,#930,.T.);
#1907=EDGE_CURVE('',#1527,#1528,#931,.T.);
#1908=EDGE_CURVE('',#1526,#1528,#932,.T.);
#1909=EDGE_CURVE('',#1529,#1525,#933,.T.);
#1910=EDGE_CURVE('',#1529,#1530,#934,.T.);
#1911=EDGE_CURVE('',#1530,#1527,#935,.T.);
#1912=EDGE_CURVE('',#1531,#1529,#936,.T.);
#1913=EDGE_CURVE('',#1531,#1532,#937,.T.);
#1914=EDGE_CURVE('',#1532,#1530,#938,.T.);
#1915=EDGE_CURVE('',#1526,#1531,#939,.T.);
#1916=EDGE_CURVE('',#1528,#1532,#940,.T.);
#1917=EDGE_CURVE('',#1533,#1534,#941,.T.);
#1918=EDGE_CURVE('',#1533,#1535,#942,.T.);
#1919=EDGE_CURVE('',#1535,#1536,#943,.T.);
#1920=EDGE_CURVE('',#1534,#1536,#944,.T.);
#1921=EDGE_CURVE('',#1537,#1533,#945,.T.);
#1922=EDGE_CURVE('',#1537,#1538,#946,.T.);
#1923=EDGE_CURVE('',#1538,#1535,#947,.T.);
#1924=EDGE_CURVE('',#1539,#1537,#948,.T.);
#1925=EDGE_CURVE('',#1539,#1540,#949,.T.);
#1926=EDGE_CURVE('',#1540,#1538,#950,.T.);
#1927=EDGE_CURVE('',#1534,#1539,#951,.T.);
#1928=EDGE_CURVE('',#1536,#1540,#952,.T.);
#1929=EDGE_CURVE('',#1541,#1542,#85,.T.);
#1930=EDGE_CURVE('',#1541,#1543,#953,.T.);
#1931=EDGE_CURVE('',#1544,#1543,#86,.T.);
#1932=EDGE_CURVE('',#1542,#1544,#954,.T.);
#1933=EDGE_CURVE('',#1542,#1545,#87,.T.);
#1934=EDGE_CURVE('',#1546,#1544,#88,.T.);
#1935=EDGE_CURVE('',#1545,#1546,#955,.T.);
#1936=EDGE_CURVE('',#1545,#1547,#89,.T.);
#1937=EDGE_CURVE('',#1548,#1546,#90,.T.);
#1938=EDGE_CURVE('',#1547,#1548,#956,.T.);
#1939=EDGE_CURVE('',#1547,#1549,#91,.T.);
#1940=EDGE_CURVE('',#1550,#1548,#92,.T.);
#1941=EDGE_CURVE('',#1549,#1550,#957,.T.);
#1942=EDGE_CURVE('',#1549,#1551,#93,.T.);
#1943=EDGE_CURVE('',#1552,#1550,#94,.T.);
#1944=EDGE_CURVE('',#1551,#1552,#958,.T.);
#1945=EDGE_CURVE('',#1551,#1553,#95,.T.);
#1946=EDGE_CURVE('',#1554,#1552,#96,.T.);
#1947=EDGE_CURVE('',#1553,#1554,#959,.T.);
#1948=EDGE_CURVE('',#1553,#1555,#97,.T.);
#1949=EDGE_CURVE('',#1556,#1554,#98,.T.);
#1950=EDGE_CURVE('',#1555,#1556,#960,.T.);
#1951=EDGE_CURVE('',#1555,#1557,#99,.T.);
#1952=EDGE_CURVE('',#1558,#1556,#100,.T.);
#1953=EDGE_CURVE('',#1557,#1558,#961,.T.);
#1954=EDGE_CURVE('',#1557,#1541,#101,.T.);
#1955=EDGE_CURVE('',#1543,#1558,#102,.T.);
#1956=EDGE_CURVE('',#1559,#1560,#103,.T.);
#1957=EDGE_CURVE('',#1559,#1561,#962,.T.);
#1958=EDGE_CURVE('',#1562,#1561,#104,.T.);
#1959=EDGE_CURVE('',#1560,#1562,#963,.T.);
#1960=EDGE_CURVE('',#1560,#1563,#105,.T.);
#1961=EDGE_CURVE('',#1564,#1562,#106,.T.);
#1962=EDGE_CURVE('',#1563,#1564,#964,.T.);
#1963=EDGE_CURVE('',#1563,#1565,#107,.T.);
#1964=EDGE_CURVE('',#1566,#1564,#108,.T.);
#1965=EDGE_CURVE('',#1565,#1566,#965,.T.);
#1966=EDGE_CURVE('',#1565,#1567,#109,.T.);
#1967=EDGE_CURVE('',#1568,#1566,#110,.T.);
#1968=EDGE_CURVE('',#1567,#1568,#966,.T.);
#1969=EDGE_CURVE('',#1567,#1569,#111,.T.);
#1970=EDGE_CURVE('',#1570,#1568,#112,.T.);
#1971=EDGE_CURVE('',#1569,#1570,#967,.T.);
#1972=EDGE_CURVE('',#1569,#1571,#113,.T.);
#1973=EDGE_CURVE('',#1572,#1570,#114,.T.);
#1974=EDGE_CURVE('',#1571,#1572,#968,.T.);
#1975=EDGE_CURVE('',#1571,#1573,#115,.T.);
#1976=EDGE_CURVE('',#1574,#1572,#116,.T.);
#1977=EDGE_CURVE('',#1573,#1574,#969,.T.);
#1978=EDGE_CURVE('',#1573,#1575,#117,.T.);
#1979=EDGE_CURVE('',#1576,#1574,#118,.T.);
#1980=EDGE_CURVE('',#1575,#1576,#970,.T.);
#1981=EDGE_CURVE('',#1575,#1577,#119,.T.);
#1982=EDGE_CURVE('',#1578,#1576,#120,.T.);
#1983=EDGE_CURVE('',#1577,#1578,#971,.T.);
#1984=EDGE_CURVE('',#1577,#1579,#121,.T.);
#1985=EDGE_CURVE('',#1580,#1578,#122,.T.);
#1986=EDGE_CURVE('',#1579,#1580,#972,.T.);
#1987=EDGE_CURVE('',#1579,#1559,#123,.T.);
#1988=EDGE_CURVE('',#1561,#1580,#124,.T.);
#1989=EDGE_CURVE('',#1581,#1582,#973,.T.);
#1990=EDGE_CURVE('',#1583,#1581,#974,.T.);
#1991=EDGE_CURVE('',#1584,#1583,#975,.T.);
#1992=EDGE_CURVE('',#1582,#1584,#976,.T.);
#1993=EDGE_CURVE('',#1585,#1586,#977,.T.);
#1994=EDGE_CURVE('',#1586,#1587,#978,.T.);
#1995=EDGE_CURVE('',#1587,#1588,#125,.T.);
#1996=EDGE_CURVE('',#1588,#1589,#126,.T.);
#1997=EDGE_CURVE('',#1589,#1590,#127,.T.);
#1998=EDGE_CURVE('',#1590,#1591,#128,.T.);
#1999=EDGE_CURVE('',#1591,#1592,#129,.T.);
#2000=EDGE_CURVE('',#1592,#1593,#130,.T.);
#2001=EDGE_CURVE('',#1593,#1594,#131,.T.);
#2002=EDGE_CURVE('',#1594,#1595,#132,.T.);
#2003=EDGE_CURVE('',#1595,#1596,#133,.T.);
#2004=EDGE_CURVE('',#1596,#1585,#979,.T.);
#2005=EDGE_CURVE('',#1597,#1597,#37,.T.);
#2006=EDGE_CURVE('',#1598,#1599,#980,.T.);
#2007=EDGE_CURVE('',#1599,#1600,#981,.T.);
#2008=EDGE_CURVE('',#1600,#1601,#134,.T.);
#2009=EDGE_CURVE('',#1601,#1602,#135,.T.);
#2010=EDGE_CURVE('',#1602,#1603,#136,.T.);
#2011=EDGE_CURVE('',#1603,#1604,#137,.T.);
#2012=EDGE_CURVE('',#1604,#1605,#138,.T.);
#2013=EDGE_CURVE('',#1605,#1606,#139,.T.);
#2014=EDGE_CURVE('',#1606,#1607,#140,.T.);
#2015=EDGE_CURVE('',#1607,#1608,#141,.T.);
#2016=EDGE_CURVE('',#1608,#1609,#142,.T.);
#2017=EDGE_CURVE('',#1609,#1610,#143,.T.);
#2018=EDGE_CURVE('',#1610,#1611,#144,.T.);
#2019=EDGE_CURVE('',#1611,#1598,#982,.T.);
#2020=EDGE_CURVE('',#1612,#1613,#983,.T.);
#2021=EDGE_CURVE('',#1612,#1614,#984,.T.);
#2022=EDGE_CURVE('',#1615,#1614,#985,.T.);
#2023=EDGE_CURVE('',#1613,#1615,#986,.T.);
#2024=EDGE_CURVE('',#1613,#1616,#145,.T.);
#2025=EDGE_CURVE('',#1617,#1615,#146,.T.);
#2026=EDGE_CURVE('',#1616,#1617,#987,.T.);
#2027=EDGE_CURVE('',#1616,#1618,#147,.T.);
#2028=EDGE_CURVE('',#1619,#1617,#148,.T.);
#2029=EDGE_CURVE('',#1618,#1619,#988,.T.);
#2030=EDGE_CURVE('',#1618,#1620,#149,.T.);
#2031=EDGE_CURVE('',#1621,#1619,#150,.T.);
#2032=EDGE_CURVE('',#1620,#1621,#989,.T.);
#2033=EDGE_CURVE('',#1620,#1622,#151,.T.);
#2034=EDGE_CURVE('',#1623,#1621,#152,.T.);
#2035=EDGE_CURVE('',#1622,#1623,#990,.T.);
#2036=EDGE_CURVE('',#1622,#1624,#153,.T.);
#2037=EDGE_CURVE('',#1625,#1623,#154,.T.);
#2038=EDGE_CURVE('',#1624,#1625,#991,.T.);
#2039=EDGE_CURVE('',#1624,#1626,#155,.T.);
#2040=EDGE_CURVE('',#1627,#1625,#156,.T.);
#2041=EDGE_CURVE('',#1626,#1627,#992,.T.);
#2042=EDGE_CURVE('',#1626,#1628,#993,.T.);
#2043=EDGE_CURVE('',#1629,#1627,#994,.T.);
#2044=EDGE_CURVE('',#1628,#1629,#995,.T.);
#2045=EDGE_CURVE('',#1628,#1612,#996,.T.);
#2046=EDGE_CURVE('',#1614,#1629,#997,.T.);
#2047=EDGE_CURVE('',#1630,#1631,#998,.T.);
#2048=EDGE_CURVE('',#1630,#1632,#999,.T.);
#2049=EDGE_CURVE('',#1633,#1632,#1000,.T.);
#2050=EDGE_CURVE('',#1631,#1633,#1001,.T.);
#2051=EDGE_CURVE('',#1631,#1634,#157,.T.);
#2052=EDGE_CURVE('',#1635,#1633,#158,.T.);
#2053=EDGE_CURVE('',#1634,#1635,#1002,.T.);
#2054=EDGE_CURVE('',#1634,#1636,#159,.T.);
#2055=EDGE_CURVE('',#1637,#1635,#160,.T.);
#2056=EDGE_CURVE('',#1636,#1637,#1003,.T.);
#2057=EDGE_CURVE('',#1636,#1638,#161,.T.);
#2058=EDGE_CURVE('',#1639,#1637,#162,.T.);
#2059=EDGE_CURVE('',#1638,#1639,#1004,.T.);
#2060=EDGE_CURVE('',#1638,#1640,#163,.T.);
#2061=EDGE_CURVE('',#1641,#1639,#164,.T.);
#2062=EDGE_CURVE('',#1640,#1641,#1005,.T.);
#2063=EDGE_CURVE('',#1640,#1642,#165,.T.);
#2064=EDGE_CURVE('',#1643,#1641,#166,.T.);
#2065=EDGE_CURVE('',#1642,#1643,#1006,.T.);
#2066=EDGE_CURVE('',#1642,#1644,#167,.T.);
#2067=EDGE_CURVE('',#1645,#1643,#168,.T.);
#2068=EDGE_CURVE('',#1644,#1645,#1007,.T.);
#2069=EDGE_CURVE('',#1644,#1646,#169,.T.);
#2070=EDGE_CURVE('',#1647,#1645,#170,.T.);
#2071=EDGE_CURVE('',#1646,#1647,#1008,.T.);
#2072=EDGE_CURVE('',#1646,#1648,#1009,.T.);
#2073=EDGE_CURVE('',#1649,#1647,#1010,.T.);
#2074=EDGE_CURVE('',#1648,#1649,#1011,.T.);
#2075=EDGE_CURVE('',#1648,#1630,#1012,.T.);
#2076=EDGE_CURVE('',#1632,#1649,#1013,.T.);
#2077=EDGE_CURVE('',#1598,#1650,#1014,.T.);
#2078=EDGE_CURVE('',#1651,#1650,#1015,.T.);
#2079=EDGE_CURVE('',#1599,#1651,#1016,.T.);
#2080=EDGE_CURVE('',#1652,#1651,#1017,.T.);
#2081=EDGE_CURVE('',#1600,#1652,#1018,.T.);
#2082=EDGE_CURVE('',#1653,#1652,#171,.T.);
#2083=EDGE_CURVE('',#1601,#1653,#1019,.T.);
#2084=EDGE_CURVE('',#1654,#1653,#172,.T.);
#2085=EDGE_CURVE('',#1602,#1654,#1020,.T.);
#2086=EDGE_CURVE('',#1655,#1654,#173,.T.);
#2087=EDGE_CURVE('',#1603,#1655,#1021,.T.);
#2088=EDGE_CURVE('',#1656,#1655,#174,.T.);
#2089=EDGE_CURVE('',#1604,#1656,#1022,.T.);
#2090=EDGE_CURVE('',#1657,#1656,#175,.T.);
#2091=EDGE_CURVE('',#1605,#1657,#1023,.T.);
#2092=EDGE_CURVE('',#1658,#1657,#176,.T.);
#2093=EDGE_CURVE('',#1606,#1658,#1024,.T.);
#2094=EDGE_CURVE('',#1659,#1658,#177,.T.);
#2095=EDGE_CURVE('',#1607,#1659,#1025,.T.);
#2096=EDGE_CURVE('',#1660,#1659,#178,.T.);
#2097=EDGE_CURVE('',#1608,#1660,#1026,.T.);
#2098=EDGE_CURVE('',#1661,#1660,#179,.T.);
#2099=EDGE_CURVE('',#1609,#1661,#1027,.T.);
#2100=EDGE_CURVE('',#1662,#1661,#180,.T.);
#2101=EDGE_CURVE('',#1610,#1662,#1028,.T.);
#2102=EDGE_CURVE('',#1663,#1662,#181,.T.);
#2103=EDGE_CURVE('',#1611,#1663,#1029,.T.);
#2104=EDGE_CURVE('',#1650,#1663,#1030,.T.);
#2105=EDGE_CURVE('',#1664,#1665,#1031,.T.);
#2106=EDGE_CURVE('',#1664,#1666,#1032,.T.);
#2107=EDGE_CURVE('',#1667,#1666,#1033,.T.);
#2108=EDGE_CURVE('',#1665,#1667,#1034,.T.);
#2109=EDGE_CURVE('',#1665,#1668,#182,.T.);
#2110=EDGE_CURVE('',#1669,#1667,#183,.T.);
#2111=EDGE_CURVE('',#1668,#1669,#1035,.T.);
#2112=EDGE_CURVE('',#1668,#1670,#184,.T.);
#2113=EDGE_CURVE('',#1671,#1669,#185,.T.);
#2114=EDGE_CURVE('',#1670,#1671,#1036,.T.);
#2115=EDGE_CURVE('',#1670,#1672,#186,.T.);
#2116=EDGE_CURVE('',#1673,#1671,#187,.T.);
#2117=EDGE_CURVE('',#1672,#1673,#1037,.T.);
#2118=EDGE_CURVE('',#1672,#1674,#188,.T.);
#2119=EDGE_CURVE('',#1675,#1673,#189,.T.);
#2120=EDGE_CURVE('',#1674,#1675,#1038,.T.);
#2121=EDGE_CURVE('',#1674,#1676,#190,.T.);
#2122=EDGE_CURVE('',#1677,#1675,#191,.T.);
#2123=EDGE_CURVE('',#1676,#1677,#1039,.T.);
#2124=EDGE_CURVE('',#1676,#1678,#192,.T.);
#2125=EDGE_CURVE('',#1679,#1677,#193,.T.);
#2126=EDGE_CURVE('',#1678,#1679,#1040,.T.);
#2127=EDGE_CURVE('',#1678,#1680,#194,.T.);
#2128=EDGE_CURVE('',#1681,#1679,#195,.T.);
#2129=EDGE_CURVE('',#1680,#1681,#1041,.T.);
#2130=EDGE_CURVE('',#1680,#1682,#1042,.T.);
#2131=EDGE_CURVE('',#1683,#1681,#1043,.T.);
#2132=EDGE_CURVE('',#1682,#1683,#1044,.T.);
#2133=EDGE_CURVE('',#1682,#1664,#1045,.T.);
#2134=EDGE_CURVE('',#1666,#1683,#1046,.T.);
#2135=EDGE_CURVE('',#1585,#1684,#1047,.T.);
#2136=EDGE_CURVE('',#1685,#1684,#1048,.T.);
#2137=EDGE_CURVE('',#1586,#1685,#1049,.T.);
#2138=EDGE_CURVE('',#1686,#1685,#1050,.T.);
#2139=EDGE_CURVE('',#1587,#1686,#1051,.T.);
#2140=EDGE_CURVE('',#1687,#1686,#196,.T.);
#2141=EDGE_CURVE('',#1588,#1687,#1052,.T.);
#2142=EDGE_CURVE('',#1688,#1687,#197,.T.);
#2143=EDGE_CURVE('',#1589,#1688,#1053,.T.);
#2144=EDGE_CURVE('',#1689,#1688,#198,.T.);
#2145=EDGE_CURVE('',#1590,#1689,#1054,.T.);
#2146=EDGE_CURVE('',#1690,#1689,#199,.T.);
#2147=EDGE_CURVE('',#1591,#1690,#1055,.T.);
#2148=EDGE_CURVE('',#1691,#1690,#200,.T.);
#2149=EDGE_CURVE('',#1592,#1691,#1056,.T.);
#2150=EDGE_CURVE('',#1692,#1691,#201,.T.);
#2151=EDGE_CURVE('',#1593,#1692,#1057,.T.);
#2152=EDGE_CURVE('',#1693,#1692,#202,.T.);
#2153=EDGE_CURVE('',#1594,#1693,#1058,.T.);
#2154=EDGE_CURVE('',#1694,#1693,#203,.T.);
#2155=EDGE_CURVE('',#1595,#1694,#1059,.T.);
#2156=EDGE_CURVE('',#1695,#1694,#204,.T.);
#2157=EDGE_CURVE('',#1596,#1695,#1060,.T.);
#2158=EDGE_CURVE('',#1684,#1695,#1061,.T.);
#2159=EDGE_CURVE('',#1696,#1697,#1062,.T.);
#2160=EDGE_CURVE('',#1696,#1698,#1063,.T.);
#2161=EDGE_CURVE('',#1699,#1698,#1064,.T.);
#2162=EDGE_CURVE('',#1697,#1699,#1065,.T.);
#2163=EDGE_CURVE('',#1697,#1700,#1066,.T.);
#2164=EDGE_CURVE('',#1701,#1699,#1067,.T.);
#2165=EDGE_CURVE('',#1700,#1701,#1068,.T.);
#2166=EDGE_CURVE('',#1700,#1702,#205,.T.);
#2167=EDGE_CURVE('',#1703,#1701,#206,.T.);
#2168=EDGE_CURVE('',#1702,#1703,#1069,.T.);
#2169=EDGE_CURVE('',#1702,#1704,#207,.T.);
#2170=EDGE_CURVE('',#1705,#1703,#208,.T.);
#2171=EDGE_CURVE('',#1704,#1705,#1070,.T.);
#2172=EDGE_CURVE('',#1704,#1706,#209,.T.);
#2173=EDGE_CURVE('',#1707,#1705,#210,.T.);
#2174=EDGE_CURVE('',#1706,#1707,#1071,.T.);
#2175=EDGE_CURVE('',#1706,#1708,#211,.T.);
#2176=EDGE_CURVE('',#1709,#1707,#212,.T.);
#2177=EDGE_CURVE('',#1708,#1709,#1072,.T.);
#2178=EDGE_CURVE('',#1708,#1710,#213,.T.);
#2179=EDGE_CURVE('',#1711,#1709,#214,.T.);
#2180=EDGE_CURVE('',#1710,#1711,#1073,.T.);
#2181=EDGE_CURVE('',#1710,#1712,#215,.T.);
#2182=EDGE_CURVE('',#1713,#1711,#216,.T.);
#2183=EDGE_CURVE('',#1712,#1713,#1074,.T.);
#2184=EDGE_CURVE('',#1712,#1714,#1075,.T.);
#2185=EDGE_CURVE('',#1715,#1713,#1076,.T.);
#2186=EDGE_CURVE('',#1714,#1715,#1077,.T.);
#2187=EDGE_CURVE('',#1714,#1716,#1078,.T.);
#2188=EDGE_CURVE('',#1717,#1715,#1079,.T.);
#2189=EDGE_CURVE('',#1716,#1717,#1080,.T.);
#2190=EDGE_CURVE('',#1716,#1718,#1081,.T.);
#2191=EDGE_CURVE('',#1719,#1717,#1082,.T.);
#2192=EDGE_CURVE('',#1718,#1719,#1083,.T.);
#2193=EDGE_CURVE('',#1718,#1720,#217,.T.);
#2194=EDGE_CURVE('',#1721,#1719,#218,.T.);
#2195=EDGE_CURVE('',#1720,#1721,#1084,.T.);
#2196=EDGE_CURVE('',#1720,#1722,#219,.T.);
#2197=EDGE_CURVE('',#1723,#1721,#220,.T.);
#2198=EDGE_CURVE('',#1722,#1723,#1085,.T.);
#2199=EDGE_CURVE('',#1722,#1724,#221,.T.);
#2200=EDGE_CURVE('',#1725,#1723,#222,.T.);
#2201=EDGE_CURVE('',#1724,#1725,#1086,.T.);
#2202=EDGE_CURVE('',#1724,#1726,#223,.T.);
#2203=EDGE_CURVE('',#1727,#1725,#224,.T.);
#2204=EDGE_CURVE('',#1726,#1727,#1087,.T.);
#2205=EDGE_CURVE('',#1726,#1728,#225,.T.);
#2206=EDGE_CURVE('',#1729,#1727,#226,.T.);
#2207=EDGE_CURVE('',#1728,#1729,#1088,.T.);
#2208=EDGE_CURVE('',#1728,#1696,#1089,.T.);
#2209=EDGE_CURVE('',#1698,#1729,#1090,.T.);
#2210=EDGE_CURVE('',#1730,#1731,#1091,.T.);
#2211=EDGE_CURVE('',#1730,#1732,#1092,.T.);
#2212=EDGE_CURVE('',#1733,#1732,#1093,.T.);
#2213=EDGE_CURVE('',#1731,#1733,#1094,.T.);
#2214=EDGE_CURVE('',#1731,#1734,#227,.T.);
#2215=EDGE_CURVE('',#1735,#1733,#228,.T.);
#2216=EDGE_CURVE('',#1734,#1735,#1095,.T.);
#2217=EDGE_CURVE('',#1734,#1736,#229,.T.);
#2218=EDGE_CURVE('',#1737,#1735,#230,.T.);
#2219=EDGE_CURVE('',#1736,#1737,#1096,.T.);
#2220=EDGE_CURVE('',#1736,#1738,#231,.T.);
#2221=EDGE_CURVE('',#1739,#1737,#232,.T.);
#2222=EDGE_CURVE('',#1738,#1739,#1097,.T.);
#2223=EDGE_CURVE('',#1738,#1740,#233,.T.);
#2224=EDGE_CURVE('',#1741,#1739,#234,.T.);
#2225=EDGE_CURVE('',#1740,#1741,#1098,.T.);
#2226=EDGE_CURVE('',#1740,#1742,#235,.T.);
#2227=EDGE_CURVE('',#1743,#1741,#236,.T.);
#2228=EDGE_CURVE('',#1742,#1743,#1099,.T.);
#2229=EDGE_CURVE('',#1742,#1744,#237,.T.);
#2230=EDGE_CURVE('',#1745,#1743,#238,.T.);
#2231=EDGE_CURVE('',#1744,#1745,#1100,.T.);
#2232=EDGE_CURVE('',#1744,#1746,#239,.T.);
#2233=EDGE_CURVE('',#1747,#1745,#240,.T.);
#2234=EDGE_CURVE('',#1746,#1747,#1101,.T.);
#2235=EDGE_CURVE('',#1746,#1748,#241,.T.);
#2236=EDGE_CURVE('',#1749,#1747,#242,.T.);
#2237=EDGE_CURVE('',#1748,#1749,#1102,.T.);
#2238=EDGE_CURVE('',#1748,#1750,#243,.T.);
#2239=EDGE_CURVE('',#1751,#1749,#244,.T.);
#2240=EDGE_CURVE('',#1750,#1751,#1103,.T.);
#2241=EDGE_CURVE('',#1750,#1752,#245,.T.);
#2242=EDGE_CURVE('',#1753,#1751,#246,.T.);
#2243=EDGE_CURVE('',#1752,#1753,#1104,.T.);
#2244=EDGE_CURVE('',#1752,#1754,#247,.T.);
#2245=EDGE_CURVE('',#1755,#1753,#248,.T.);
#2246=EDGE_CURVE('',#1754,#1755,#1105,.T.);
#2247=EDGE_CURVE('',#1754,#1756,#249,.T.);
#2248=EDGE_CURVE('',#1757,#1755,#250,.T.);
#2249=EDGE_CURVE('',#1756,#1757,#1106,.T.);
#2250=EDGE_CURVE('',#1756,#1758,#251,.T.);
#2251=EDGE_CURVE('',#1759,#1757,#252,.T.);
#2252=EDGE_CURVE('',#1758,#1759,#1107,.T.);
#2253=EDGE_CURVE('',#1758,#1760,#253,.T.);
#2254=EDGE_CURVE('',#1761,#1759,#254,.T.);
#2255=EDGE_CURVE('',#1760,#1761,#1108,.T.);
#2256=EDGE_CURVE('',#1760,#1762,#255,.T.);
#2257=EDGE_CURVE('',#1763,#1761,#256,.T.);
#2258=EDGE_CURVE('',#1762,#1763,#1109,.T.);
#2259=EDGE_CURVE('',#1762,#1764,#257,.T.);
#2260=EDGE_CURVE('',#1765,#1763,#258,.T.);
#2261=EDGE_CURVE('',#1764,#1765,#1110,.T.);
#2262=EDGE_CURVE('',#1764,#1766,#259,.T.);
#2263=EDGE_CURVE('',#1767,#1765,#260,.T.);
#2264=EDGE_CURVE('',#1766,#1767,#1111,.T.);
#2265=EDGE_CURVE('',#1766,#1768,#261,.T.);
#2266=EDGE_CURVE('',#1769,#1767,#262,.T.);
#2267=EDGE_CURVE('',#1768,#1769,#1112,.T.);
#2268=EDGE_CURVE('',#1768,#1770,#1113,.T.);
#2269=EDGE_CURVE('',#1771,#1769,#1114,.T.);
#2270=EDGE_CURVE('',#1770,#1771,#1115,.T.);
#2271=EDGE_CURVE('',#1770,#1772,#263,.T.);
#2272=EDGE_CURVE('',#1773,#1771,#264,.T.);
#2273=EDGE_CURVE('',#1772,#1773,#1116,.T.);
#2274=EDGE_CURVE('',#1772,#1774,#265,.T.);
#2275=EDGE_CURVE('',#1775,#1773,#266,.T.);
#2276=EDGE_CURVE('',#1774,#1775,#1117,.T.);
#2277=EDGE_CURVE('',#1774,#1776,#267,.T.);
#2278=EDGE_CURVE('',#1777,#1775,#268,.T.);
#2279=EDGE_CURVE('',#1776,#1777,#1118,.T.);
#2280=EDGE_CURVE('',#1776,#1778,#269,.T.);
#2281=EDGE_CURVE('',#1779,#1777,#270,.T.);
#2282=EDGE_CURVE('',#1778,#1779,#1119,.T.);
#2283=EDGE_CURVE('',#1778,#1780,#271,.T.);
#2284=EDGE_CURVE('',#1781,#1779,#272,.T.);
#2285=EDGE_CURVE('',#1780,#1781,#1120,.T.);
#2286=EDGE_CURVE('',#1780,#1782,#273,.T.);
#2287=EDGE_CURVE('',#1783,#1781,#274,.T.);
#2288=EDGE_CURVE('',#1782,#1783,#1121,.T.);
#2289=EDGE_CURVE('',#1782,#1784,#275,.T.);
#2290=EDGE_CURVE('',#1785,#1783,#276,.T.);
#2291=EDGE_CURVE('',#1784,#1785,#1122,.T.);
#2292=EDGE_CURVE('',#1784,#1786,#277,.T.);
#2293=EDGE_CURVE('',#1787,#1785,#278,.T.);
#2294=EDGE_CURVE('',#1786,#1787,#1123,.T.);
#2295=EDGE_CURVE('',#1786,#1788,#279,.T.);
#2296=EDGE_CURVE('',#1789,#1787,#280,.T.);
#2297=EDGE_CURVE('',#1788,#1789,#1124,.T.);
#2298=EDGE_CURVE('',#1788,#1790,#281,.T.);
#2299=EDGE_CURVE('',#1791,#1789,#282,.T.);
#2300=EDGE_CURVE('',#1790,#1791,#1125,.T.);
#2301=EDGE_CURVE('',#1790,#1792,#283,.T.);
#2302=EDGE_CURVE('',#1793,#1791,#284,.T.);
#2303=EDGE_CURVE('',#1792,#1793,#1126,.T.);
#2304=EDGE_CURVE('',#1792,#1794,#285,.T.);
#2305=EDGE_CURVE('',#1795,#1793,#286,.T.);
#2306=EDGE_CURVE('',#1794,#1795,#1127,.T.);
#2307=EDGE_CURVE('',#1794,#1796,#287,.T.);
#2308=EDGE_CURVE('',#1797,#1795,#288,.T.);
#2309=EDGE_CURVE('',#1796,#1797,#1128,.T.);
#2310=EDGE_CURVE('',#1796,#1798,#289,.T.);
#2311=EDGE_CURVE('',#1799,#1797,#290,.T.);
#2312=EDGE_CURVE('',#1798,#1799,#1129,.T.);
#2313=EDGE_CURVE('',#1798,#1730,#291,.T.);
#2314=EDGE_CURVE('',#1732,#1799,#292,.T.);
#2315=EDGE_CURVE('',#1800,#1801,#1130,.T.);
#2316=EDGE_CURVE('',#1800,#1802,#1131,.T.);
#2317=EDGE_CURVE('',#1803,#1802,#1132,.T.);
#2318=EDGE_CURVE('',#1801,#1803,#1133,.T.);
#2319=EDGE_CURVE('',#1801,#1804,#293,.T.);
#2320=EDGE_CURVE('',#1805,#1803,#294,.T.);
#2321=EDGE_CURVE('',#1804,#1805,#1134,.T.);
#2322=EDGE_CURVE('',#1804,#1806,#295,.T.);
#2323=EDGE_CURVE('',#1807,#1805,#296,.T.);
#2324=EDGE_CURVE('',#1806,#1807,#1135,.T.);
#2325=EDGE_CURVE('',#1806,#1808,#297,.T.);
#2326=EDGE_CURVE('',#1809,#1807,#298,.T.);
#2327=EDGE_CURVE('',#1808,#1809,#1136,.T.);
#2328=EDGE_CURVE('',#1808,#1810,#299,.T.);
#2329=EDGE_CURVE('',#1811,#1809,#300,.T.);
#2330=EDGE_CURVE('',#1810,#1811,#1137,.T.);
#2331=EDGE_CURVE('',#1810,#1812,#301,.T.);
#2332=EDGE_CURVE('',#1813,#1811,#302,.T.);
#2333=EDGE_CURVE('',#1812,#1813,#1138,.T.);
#2334=EDGE_CURVE('',#1812,#1814,#303,.T.);
#2335=EDGE_CURVE('',#1815,#1813,#304,.T.);
#2336=EDGE_CURVE('',#1814,#1815,#1139,.T.);
#2337=EDGE_CURVE('',#1814,#1816,#1140,.T.);
#2338=EDGE_CURVE('',#1817,#1815,#1141,.T.);
#2339=EDGE_CURVE('',#1816,#1817,#1142,.T.);
#2340=EDGE_CURVE('',#1816,#1800,#1143,.T.);
#2341=EDGE_CURVE('',#1802,#1817,#1144,.T.);
#2342=EDGE_CURVE('',#1818,#1819,#1145,.T.);
#2343=EDGE_CURVE('',#1818,#1820,#1146,.T.);
#2344=EDGE_CURVE('',#1821,#1820,#1147,.T.);
#2345=EDGE_CURVE('',#1819,#1821,#1148,.T.);
#2346=EDGE_CURVE('',#1819,#1822,#305,.T.);
#2347=EDGE_CURVE('',#1823,#1821,#306,.T.);
#2348=EDGE_CURVE('',#1822,#1823,#1149,.T.);
#2349=EDGE_CURVE('',#1822,#1824,#307,.T.);
#2350=EDGE_CURVE('',#1825,#1823,#308,.T.);
#2351=EDGE_CURVE('',#1824,#1825,#1150,.T.);
#2352=EDGE_CURVE('',#1824,#1826,#309,.T.);
#2353=EDGE_CURVE('',#1827,#1825,#310,.T.);
#2354=EDGE_CURVE('',#1826,#1827,#1151,.T.);
#2355=EDGE_CURVE('',#1826,#1828,#311,.T.);
#2356=EDGE_CURVE('',#1829,#1827,#312,.T.);
#2357=EDGE_CURVE('',#1828,#1829,#1152,.T.);
#2358=EDGE_CURVE('',#1828,#1830,#313,.T.);
#2359=EDGE_CURVE('',#1831,#1829,#314,.T.);
#2360=EDGE_CURVE('',#1830,#1831,#1153,.T.);
#2361=EDGE_CURVE('',#1830,#1832,#315,.T.);
#2362=EDGE_CURVE('',#1833,#1831,#316,.T.);
#2363=EDGE_CURVE('',#1832,#1833,#1154,.T.);
#2364=EDGE_CURVE('',#1832,#1834,#317,.T.);
#2365=EDGE_CURVE('',#1835,#1833,#318,.T.);
#2366=EDGE_CURVE('',#1834,#1835,#1155,.T.);
#2367=EDGE_CURVE('',#1834,#1836,#1156,.T.);
#2368=EDGE_CURVE('',#1837,#1835,#1157,.T.);
#2369=EDGE_CURVE('',#1836,#1837,#1158,.T.);
#2370=EDGE_CURVE('',#1836,#1818,#1159,.T.);
#2371=EDGE_CURVE('',#1820,#1837,#1160,.T.);
#2372=EDGE_CURVE('',#1838,#1839,#1161,.T.);
#2373=EDGE_CURVE('',#1838,#1840,#1162,.T.);
#2374=EDGE_CURVE('',#1841,#1840,#1163,.T.);
#2375=EDGE_CURVE('',#1839,#1841,#1164,.T.);
#2376=EDGE_CURVE('',#1839,#1842,#1165,.T.);
#2377=EDGE_CURVE('',#1843,#1841,#1166,.T.);
#2378=EDGE_CURVE('',#1842,#1843,#1167,.T.);
#2379=EDGE_CURVE('',#1842,#1844,#319,.T.);
#2380=EDGE_CURVE('',#1845,#1843,#320,.T.);
#2381=EDGE_CURVE('',#1844,#1845,#1168,.T.);
#2382=EDGE_CURVE('',#1844,#1846,#321,.T.);
#2383=EDGE_CURVE('',#1847,#1845,#322,.T.);
#2384=EDGE_CURVE('',#1846,#1847,#1169,.T.);
#2385=EDGE_CURVE('',#1846,#1848,#323,.T.);
#2386=EDGE_CURVE('',#1849,#1847,#324,.T.);
#2387=EDGE_CURVE('',#1848,#1849,#1170,.T.);
#2388=EDGE_CURVE('',#1848,#1850,#325,.T.);
#2389=EDGE_CURVE('',#1851,#1849,#326,.T.);
#2390=EDGE_CURVE('',#1850,#1851,#1171,.T.);
#2391=EDGE_CURVE('',#1850,#1852,#327,.T.);
#2392=EDGE_CURVE('',#1853,#1851,#328,.T.);
#2393=EDGE_CURVE('',#1852,#1853,#1172,.T.);
#2394=EDGE_CURVE('',#1852,#1854,#329,.T.);
#2395=EDGE_CURVE('',#1855,#1853,#330,.T.);
#2396=EDGE_CURVE('',#1854,#1855,#1173,.T.);
#2397=EDGE_CURVE('',#1854,#1856,#331,.T.);
#2398=EDGE_CURVE('',#1857,#1855,#332,.T.);
#2399=EDGE_CURVE('',#1856,#1857,#1174,.T.);
#2400=EDGE_CURVE('',#1856,#1858,#333,.T.);
#2401=EDGE_CURVE('',#1859,#1857,#334,.T.);
#2402=EDGE_CURVE('',#1858,#1859,#1175,.T.);
#2403=EDGE_CURVE('',#1858,#1860,#335,.T.);
#2404=EDGE_CURVE('',#1861,#1859,#336,.T.);
#2405=EDGE_CURVE('',#1860,#1861,#1176,.T.);
#2406=EDGE_CURVE('',#1860,#1862,#337,.T.);
#2407=EDGE_CURVE('',#1863,#1861,#338,.T.);
#2408=EDGE_CURVE('',#1862,#1863,#1177,.T.);
#2409=EDGE_CURVE('',#1862,#1864,#339,.T.);
#2410=EDGE_CURVE('',#1865,#1863,#340,.T.);
#2411=EDGE_CURVE('',#1864,#1865,#1178,.T.);
#2412=EDGE_CURVE('',#1864,#1838,#1179,.T.);
#2413=EDGE_CURVE('',#1840,#1865,#1180,.T.);
#2414=EDGE_CURVE('',#1866,#1867,#1181,.T.);
#2415=EDGE_CURVE('',#1868,#1866,#1182,.T.);
#2416=EDGE_CURVE('',#1869,#1868,#1183,.T.);
#2417=EDGE_CURVE('',#1867,#1869,#1184,.T.);
#2418=EDGE_CURVE('',#1870,#1870,#38,.T.);
#2419=EDGE_CURVE('',#1868,#1871,#39,.F.);
#2420=EDGE_CURVE('',#1872,#1868,#40,.F.);
#2421=EDGE_CURVE('',#1871,#1872,#41,.F.);
#2422=EDGE_CURVE('',#1873,#1874,#42,.F.);
#2423=EDGE_CURVE('',#1581,#1873,#43,.F.);
#2424=EDGE_CURVE('',#1874,#1581,#44,.F.);
#2425=EDGE_CURVE('',#1869,#1875,#45,.F.);
#2426=EDGE_CURVE('',#1876,#1869,#46,.F.);
#2427=EDGE_CURVE('',#1875,#1876,#47,.F.);
#2428=EDGE_CURVE('',#1871,#1876,#1185,.T.);
#2429=EDGE_CURVE('',#1877,#1866,#48,.F.);
#2430=EDGE_CURVE('',#1878,#1877,#49,.F.);
#2431=EDGE_CURVE('',#1866,#1878,#50,.F.);
#2432=EDGE_CURVE('',#1879,#1880,#51,.F.);
#2433=EDGE_CURVE('',#1582,#1879,#52,.F.);
#2434=EDGE_CURVE('',#1880,#1582,#53,.F.);
#2435=EDGE_CURVE('',#1879,#1874,#1186,.T.);
#2436=EDGE_CURVE('',#1583,#1881,#54,.F.);
#2437=EDGE_CURVE('',#1882,#1583,#55,.F.);
#2438=EDGE_CURVE('',#1881,#1882,#56,.F.);
#2439=EDGE_CURVE('',#1873,#1882,#1187,.T.);
#2440=EDGE_CURVE('',#1877,#1881,#1188,.T.);
#2441=EDGE_CURVE('',#1882,#1878,#1189,.T.);
#2442=EDGE_CURVE('',#1883,#1884,#57,.F.);
#2443=EDGE_CURVE('',#1867,#1883,#58,.F.);
#2444=EDGE_CURVE('',#1884,#1867,#59,.F.);
#2445=EDGE_CURVE('',#1883,#1877,#1190,.T.);
#2446=EDGE_CURVE('',#1875,#1884,#1191,.T.);
#2447=EDGE_CURVE('',#1584,#1885,#60,.F.);
#2448=EDGE_CURVE('',#1886,#1584,#61,.F.);
#2449=EDGE_CURVE('',#1885,#1886,#62,.F.);
#2450=EDGE_CURVE('',#1881,#1886,#1192,.T.);
#2451=EDGE_CURVE('',#1884,#1885,#1193,.T.);
#2452=EDGE_CURVE('',#1886,#1883,#1194,.T.);
#2453=EDGE_CURVE('',#1885,#1880,#1195,.T.);
#2454=EDGE_CURVE('',#1880,#1875,#1196,.T.);
#2455=EDGE_CURVE('',#1876,#1879,#1197,.T.);
#2456=EDGE_CURVE('',#1878,#1872,#1198,.T.);
#2457=EDGE_CURVE('',#1874,#1871,#1199,.T.);
#2458=EDGE_CURVE('',#1872,#1873,#1200,.T.);
#2459=EDGE_CURVE('',#1887,#1888,#1201,.T.);
#2460=EDGE_CURVE('',#1888,#1889,#1202,.T.);
#2461=EDGE_CURVE('',#1889,#1890,#1203,.T.);
#2462=EDGE_CURVE('',#1890,#1887,#1204,.T.);
#2463=EDGE_CURVE('',#1891,#1892,#1205,.T.);
#2464=EDGE_CURVE('',#1890,#1891,#1206,.T.);
#2465=EDGE_CURVE('',#1889,#1892,#1207,.T.);
#2466=EDGE_CURVE('',#1892,#1893,#1208,.T.);
#2467=EDGE_CURVE('',#1888,#1893,#1209,.T.);
#2468=EDGE_CURVE('',#1893,#1894,#1210,.T.);
#2469=EDGE_CURVE('',#1887,#1894,#1211,.T.);
#2470=EDGE_CURVE('',#1894,#1891,#1212,.T.);
#2471=EDGE_CURVE('',#1870,#1895,#1213,.T.);
#2472=EDGE_CURVE('',#1895,#1895,#63,.T.);
#2473=EDGE_CURVE('',#1597,#1896,#1214,.T.);
#2474=EDGE_CURVE('',#1896,#1896,#64,.T.);
#2475=EDGE_CURVE('',#1897,#1898,#1215,.F.);
#2476=EDGE_CURVE('',#1897,#1899,#1216,.F.);
#2477=EDGE_CURVE('',#1899,#1900,#1217,.F.);
#2478=EDGE_CURVE('',#1898,#1900,#1218,.T.);
#2479=EDGE_CURVE('',#1901,#1897,#1219,.F.);
#2480=EDGE_CURVE('',#1901,#1902,#1220,.F.);
#2481=EDGE_CURVE('',#1902,#1899,#1221,.F.);
#2482=EDGE_CURVE('',#1903,#1901,#1222,.F.);
#2483=EDGE_CURVE('',#1903,#1904,#1223,.F.);
#2484=EDGE_CURVE('',#1904,#1902,#1224,.F.);
#2485=EDGE_CURVE('',#1898,#1903,#1225,.F.);
#2486=EDGE_CURVE('',#1900,#1904,#1226,.F.);
#2487=ORIENTED_EDGE('',*,*,#1905,.F.);
#2488=ORIENTED_EDGE('',*,*,#1906,.T.);
#2489=ORIENTED_EDGE('',*,*,#1907,.T.);
#2490=ORIENTED_EDGE('',*,*,#1908,.F.);
#2491=ORIENTED_EDGE('',*,*,#1909,.F.);
#2492=ORIENTED_EDGE('',*,*,#1910,.T.);
#2493=ORIENTED_EDGE('',*,*,#1911,.T.);
#2494=ORIENTED_EDGE('',*,*,#1906,.F.);
#2495=ORIENTED_EDGE('',*,*,#1912,.F.);
#2496=ORIENTED_EDGE('',*,*,#1913,.T.);
#2497=ORIENTED_EDGE('',*,*,#1914,.T.);
#2498=ORIENTED_EDGE('',*,*,#1910,.F.);
#2499=ORIENTED_EDGE('',*,*,#1915,.F.);
#2500=ORIENTED_EDGE('',*,*,#1908,.T.);
#2501=ORIENTED_EDGE('',*,*,#1916,.T.);
#2502=ORIENTED_EDGE('',*,*,#1913,.F.);
#2503=ORIENTED_EDGE('',*,*,#1916,.F.);
#2504=ORIENTED_EDGE('',*,*,#1907,.F.);
#2505=ORIENTED_EDGE('',*,*,#1911,.F.);
#2506=ORIENTED_EDGE('',*,*,#1914,.F.);
#2507=ORIENTED_EDGE('',*,*,#1917,.F.);
#2508=ORIENTED_EDGE('',*,*,#1918,.T.);
#2509=ORIENTED_EDGE('',*,*,#1919,.T.);
#2510=ORIENTED_EDGE('',*,*,#1920,.F.);
#2511=ORIENTED_EDGE('',*,*,#1921,.F.);
#2512=ORIENTED_EDGE('',*,*,#1922,.T.);
#2513=ORIENTED_EDGE('',*,*,#1923,.T.);
#2514=ORIENTED_EDGE('',*,*,#1918,.F.);
#2515=ORIENTED_EDGE('',*,*,#1924,.F.);
#2516=ORIENTED_EDGE('',*,*,#1925,.T.);
#2517=ORIENTED_EDGE('',*,*,#1926,.T.);
#2518=ORIENTED_EDGE('',*,*,#1922,.F.);
#2519=ORIENTED_EDGE('',*,*,#1927,.F.);
#2520=ORIENTED_EDGE('',*,*,#1920,.T.);
#2521=ORIENTED_EDGE('',*,*,#1928,.T.);
#2522=ORIENTED_EDGE('',*,*,#1925,.F.);
#2523=ORIENTED_EDGE('',*,*,#1928,.F.);
#2524=ORIENTED_EDGE('',*,*,#1919,.F.);
#2525=ORIENTED_EDGE('',*,*,#1923,.F.);
#2526=ORIENTED_EDGE('',*,*,#1926,.F.);
#2527=ORIENTED_EDGE('',*,*,#1929,.F.);
#2528=ORIENTED_EDGE('',*,*,#1930,.T.);
#2529=ORIENTED_EDGE('',*,*,#1931,.F.);
#2530=ORIENTED_EDGE('',*,*,#1932,.F.);
#2531=ORIENTED_EDGE('',*,*,#1933,.F.);
#2532=ORIENTED_EDGE('',*,*,#1932,.T.);
#2533=ORIENTED_EDGE('',*,*,#1934,.F.);
#2534=ORIENTED_EDGE('',*,*,#1935,.F.);
#2535=ORIENTED_EDGE('',*,*,#1936,.F.);
#2536=ORIENTED_EDGE('',*,*,#1935,.T.);
#2537=ORIENTED_EDGE('',*,*,#1937,.F.);
#2538=ORIENTED_EDGE('',*,*,#1938,.F.);
#2539=ORIENTED_EDGE('',*,*,#1939,.F.);
#2540=ORIENTED_EDGE('',*,*,#1938,.T.);
#2541=ORIENTED_EDGE('',*,*,#1940,.F.);
#2542=ORIENTED_EDGE('',*,*,#1941,.F.);
#2543=ORIENTED_EDGE('',*,*,#1942,.F.);
#2544=ORIENTED_EDGE('',*,*,#1941,.T.);
#2545=ORIENTED_EDGE('',*,*,#1943,.F.);
#2546=ORIENTED_EDGE('',*,*,#1944,.F.);
#2547=ORIENTED_EDGE('',*,*,#1945,.F.);
#2548=ORIENTED_EDGE('',*,*,#1944,.T.);
#2549=ORIENTED_EDGE('',*,*,#1946,.F.);
#2550=ORIENTED_EDGE('',*,*,#1947,.F.);
#2551=ORIENTED_EDGE('',*,*,#1948,.F.);
#2552=ORIENTED_EDGE('',*,*,#1947,.T.);
#2553=ORIENTED_EDGE('',*,*,#1949,.F.);
#2554=ORIENTED_EDGE('',*,*,#1950,.F.);
#2555=ORIENTED_EDGE('',*,*,#1951,.F.);
#2556=ORIENTED_EDGE('',*,*,#1950,.T.);
#2557=ORIENTED_EDGE('',*,*,#1952,.F.);
#2558=ORIENTED_EDGE('',*,*,#1953,.F.);
#2559=ORIENTED_EDGE('',*,*,#1954,.F.);
#2560=ORIENTED_EDGE('',*,*,#1953,.T.);
#2561=ORIENTED_EDGE('',*,*,#1955,.F.);
#2562=ORIENTED_EDGE('',*,*,#1930,.F.);
#2563=ORIENTED_EDGE('',*,*,#1956,.F.);
#2564=ORIENTED_EDGE('',*,*,#1957,.T.);
#2565=ORIENTED_EDGE('',*,*,#1958,.F.);
#2566=ORIENTED_EDGE('',*,*,#1959,.F.);
#2567=ORIENTED_EDGE('',*,*,#1960,.F.);
#2568=ORIENTED_EDGE('',*,*,#1959,.T.);
#2569=ORIENTED_EDGE('',*,*,#1961,.F.);
#2570=ORIENTED_EDGE('',*,*,#1962,.F.);
#2571=ORIENTED_EDGE('',*,*,#1963,.F.);
#2572=ORIENTED_EDGE('',*,*,#1962,.T.);
#2573=ORIENTED_EDGE('',*,*,#1964,.F.);
#2574=ORIENTED_EDGE('',*,*,#1965,.F.);
#2575=ORIENTED_EDGE('',*,*,#1966,.F.);
#2576=ORIENTED_EDGE('',*,*,#1965,.T.);
#2577=ORIENTED_EDGE('',*,*,#1967,.F.);
#2578=ORIENTED_EDGE('',*,*,#1968,.F.);
#2579=ORIENTED_EDGE('',*,*,#1969,.F.);
#2580=ORIENTED_EDGE('',*,*,#1968,.T.);
#2581=ORIENTED_EDGE('',*,*,#1970,.F.);
#2582=ORIENTED_EDGE('',*,*,#1971,.F.);
#2583=ORIENTED_EDGE('',*,*,#1972,.F.);
#2584=ORIENTED_EDGE('',*,*,#1971,.T.);
#2585=ORIENTED_EDGE('',*,*,#1973,.F.);
#2586=ORIENTED_EDGE('',*,*,#1974,.F.);
#2587=ORIENTED_EDGE('',*,*,#1975,.F.);
#2588=ORIENTED_EDGE('',*,*,#1974,.T.);
#2589=ORIENTED_EDGE('',*,*,#1976,.F.);
#2590=ORIENTED_EDGE('',*,*,#1977,.F.);
#2591=ORIENTED_EDGE('',*,*,#1978,.F.);
#2592=ORIENTED_EDGE('',*,*,#1977,.T.);
#2593=ORIENTED_EDGE('',*,*,#1979,.F.);
#2594=ORIENTED_EDGE('',*,*,#1980,.F.);
#2595=ORIENTED_EDGE('',*,*,#1981,.F.);
#2596=ORIENTED_EDGE('',*,*,#1980,.T.);
#2597=ORIENTED_EDGE('',*,*,#1982,.F.);
#2598=ORIENTED_EDGE('',*,*,#1983,.F.);
#2599=ORIENTED_EDGE('',*,*,#1984,.F.);
#2600=ORIENTED_EDGE('',*,*,#1983,.T.);
#2601=ORIENTED_EDGE('',*,*,#1985,.F.);
#2602=ORIENTED_EDGE('',*,*,#1986,.F.);
#2603=ORIENTED_EDGE('',*,*,#1987,.F.);
#2604=ORIENTED_EDGE('',*,*,#1986,.T.);
#2605=ORIENTED_EDGE('',*,*,#1988,.F.);
#2606=ORIENTED_EDGE('',*,*,#1957,.F.);
#2607=ORIENTED_EDGE('',*,*,#1988,.T.);
#2608=ORIENTED_EDGE('',*,*,#1985,.T.);
#2609=ORIENTED_EDGE('',*,*,#1982,.T.);
#2610=ORIENTED_EDGE('',*,*,#1979,.T.);
#2611=ORIENTED_EDGE('',*,*,#1976,.T.);
#2612=ORIENTED_EDGE('',*,*,#1973,.T.);
#2613=ORIENTED_EDGE('',*,*,#1970,.T.);
#2614=ORIENTED_EDGE('',*,*,#1967,.T.);
#2615=ORIENTED_EDGE('',*,*,#1964,.T.);
#2616=ORIENTED_EDGE('',*,*,#1961,.T.);
#2617=ORIENTED_EDGE('',*,*,#1958,.T.);
#2618=ORIENTED_EDGE('',*,*,#1955,.T.);
#2619=ORIENTED_EDGE('',*,*,#1952,.T.);
#2620=ORIENTED_EDGE('',*,*,#1949,.T.);
#2621=ORIENTED_EDGE('',*,*,#1946,.T.);
#2622=ORIENTED_EDGE('',*,*,#1943,.T.);
#2623=ORIENTED_EDGE('',*,*,#1940,.T.);
#2624=ORIENTED_EDGE('',*,*,#1937,.T.);
#2625=ORIENTED_EDGE('',*,*,#1934,.T.);
#2626=ORIENTED_EDGE('',*,*,#1931,.T.);
#2627=ORIENTED_EDGE('',*,*,#1989,.F.);
#2628=ORIENTED_EDGE('',*,*,#1990,.F.);
#2629=ORIENTED_EDGE('',*,*,#1991,.F.);
#2630=ORIENTED_EDGE('',*,*,#1992,.F.);
#2631=ORIENTED_EDGE('',*,*,#1993,.T.);
#2632=ORIENTED_EDGE('',*,*,#1994,.T.);
#2633=ORIENTED_EDGE('',*,*,#1995,.T.);
#2634=ORIENTED_EDGE('',*,*,#1996,.T.);
#2635=ORIENTED_EDGE('',*,*,#1997,.T.);
#2636=ORIENTED_EDGE('',*,*,#1998,.T.);
#2637=ORIENTED_EDGE('',*,*,#1999,.T.);
#2638=ORIENTED_EDGE('',*,*,#2000,.T.);
#2639=ORIENTED_EDGE('',*,*,#2001,.T.);
#2640=ORIENTED_EDGE('',*,*,#2002,.T.);
#2641=ORIENTED_EDGE('',*,*,#2003,.T.);
#2642=ORIENTED_EDGE('',*,*,#2004,.T.);
#2643=ORIENTED_EDGE('',*,*,#2005,.T.);
#2644=ORIENTED_EDGE('',*,*,#2006,.T.);
#2645=ORIENTED_EDGE('',*,*,#2007,.T.);
#2646=ORIENTED_EDGE('',*,*,#2008,.T.);
#2647=ORIENTED_EDGE('',*,*,#2009,.T.);
#2648=ORIENTED_EDGE('',*,*,#2010,.T.);
#2649=ORIENTED_EDGE('',*,*,#2011,.T.);
#2650=ORIENTED_EDGE('',*,*,#2012,.T.);
#2651=ORIENTED_EDGE('',*,*,#2013,.T.);
#2652=ORIENTED_EDGE('',*,*,#2014,.T.);
#2653=ORIENTED_EDGE('',*,*,#2015,.T.);
#2654=ORIENTED_EDGE('',*,*,#2016,.T.);
#2655=ORIENTED_EDGE('',*,*,#2017,.T.);
#2656=ORIENTED_EDGE('',*,*,#2018,.T.);
#2657=ORIENTED_EDGE('',*,*,#2019,.T.);
#2658=ORIENTED_EDGE('',*,*,#1956,.T.);
#2659=ORIENTED_EDGE('',*,*,#1960,.T.);
#2660=ORIENTED_EDGE('',*,*,#1963,.T.);
#2661=ORIENTED_EDGE('',*,*,#1966,.T.);
#2662=ORIENTED_EDGE('',*,*,#1969,.T.);
#2663=ORIENTED_EDGE('',*,*,#1972,.T.);
#2664=ORIENTED_EDGE('',*,*,#1975,.T.);
#2665=ORIENTED_EDGE('',*,*,#1978,.T.);
#2666=ORIENTED_EDGE('',*,*,#1981,.T.);
#2667=ORIENTED_EDGE('',*,*,#1984,.T.);
#2668=ORIENTED_EDGE('',*,*,#1987,.T.);
#2669=ORIENTED_EDGE('',*,*,#2020,.F.);
#2670=ORIENTED_EDGE('',*,*,#2021,.T.);
#2671=ORIENTED_EDGE('',*,*,#2022,.F.);
#2672=ORIENTED_EDGE('',*,*,#2023,.F.);
#2673=ORIENTED_EDGE('',*,*,#2024,.F.);
#2674=ORIENTED_EDGE('',*,*,#2023,.T.);
#2675=ORIENTED_EDGE('',*,*,#2025,.F.);
#2676=ORIENTED_EDGE('',*,*,#2026,.F.);
#2677=ORIENTED_EDGE('',*,*,#2027,.F.);
#2678=ORIENTED_EDGE('',*,*,#2026,.T.);
#2679=ORIENTED_EDGE('',*,*,#2028,.F.);
#2680=ORIENTED_EDGE('',*,*,#2029,.F.);
#2681=ORIENTED_EDGE('',*,*,#2030,.F.);
#2682=ORIENTED_EDGE('',*,*,#2029,.T.);
#2683=ORIENTED_EDGE('',*,*,#2031,.F.);
#2684=ORIENTED_EDGE('',*,*,#2032,.F.);
#2685=ORIENTED_EDGE('',*,*,#2033,.F.);
#2686=ORIENTED_EDGE('',*,*,#2032,.T.);
#2687=ORIENTED_EDGE('',*,*,#2034,.F.);
#2688=ORIENTED_EDGE('',*,*,#2035,.F.);
#2689=ORIENTED_EDGE('',*,*,#2036,.F.);
#2690=ORIENTED_EDGE('',*,*,#2035,.T.);
#2691=ORIENTED_EDGE('',*,*,#2037,.F.);
#2692=ORIENTED_EDGE('',*,*,#2038,.F.);
#2693=ORIENTED_EDGE('',*,*,#2039,.F.);
#2694=ORIENTED_EDGE('',*,*,#2038,.T.);
#2695=ORIENTED_EDGE('',*,*,#2040,.F.);
#2696=ORIENTED_EDGE('',*,*,#2041,.F.);
#2697=ORIENTED_EDGE('',*,*,#2042,.F.);
#2698=ORIENTED_EDGE('',*,*,#2041,.T.);
#2699=ORIENTED_EDGE('',*,*,#2043,.F.);
#2700=ORIENTED_EDGE('',*,*,#2044,.F.);
#2701=ORIENTED_EDGE('',*,*,#2045,.F.);
#2702=ORIENTED_EDGE('',*,*,#2044,.T.);
#2703=ORIENTED_EDGE('',*,*,#2046,.F.);
#2704=ORIENTED_EDGE('',*,*,#2021,.F.);
#2705=ORIENTED_EDGE('',*,*,#2047,.F.);
#2706=ORIENTED_EDGE('',*,*,#2048,.T.);
#2707=ORIENTED_EDGE('',*,*,#2049,.F.);
#2708=ORIENTED_EDGE('',*,*,#2050,.F.);
#2709=ORIENTED_EDGE('',*,*,#2051,.F.);
#2710=ORIENTED_EDGE('',*,*,#2050,.T.);
#2711=ORIENTED_EDGE('',*,*,#2052,.F.);
#2712=ORIENTED_EDGE('',*,*,#2053,.F.);
#2713=ORIENTED_EDGE('',*,*,#2054,.F.);
#2714=ORIENTED_EDGE('',*,*,#2053,.T.);
#2715=ORIENTED_EDGE('',*,*,#2055,.F.);
#2716=ORIENTED_EDGE('',*,*,#2056,.F.);
#2717=ORIENTED_EDGE('',*,*,#2057,.F.);
#2718=ORIENTED_EDGE('',*,*,#2056,.T.);
#2719=ORIENTED_EDGE('',*,*,#2058,.F.);
#2720=ORIENTED_EDGE('',*,*,#2059,.F.);
#2721=ORIENTED_EDGE('',*,*,#2060,.F.);
#2722=ORIENTED_EDGE('',*,*,#2059,.T.);
#2723=ORIENTED_EDGE('',*,*,#2061,.F.);
#2724=ORIENTED_EDGE('',*,*,#2062,.F.);
#2725=ORIENTED_EDGE('',*,*,#2063,.F.);
#2726=ORIENTED_EDGE('',*,*,#2062,.T.);
#2727=ORIENTED_EDGE('',*,*,#2064,.F.);
#2728=ORIENTED_EDGE('',*,*,#2065,.F.);
#2729=ORIENTED_EDGE('',*,*,#2066,.F.);
#2730=ORIENTED_EDGE('',*,*,#2065,.T.);
#2731=ORIENTED_EDGE('',*,*,#2067,.F.);
#2732=ORIENTED_EDGE('',*,*,#2068,.F.);
#2733=ORIENTED_EDGE('',*,*,#2069,.F.);
#2734=ORIENTED_EDGE('',*,*,#2068,.T.);
#2735=ORIENTED_EDGE('',*,*,#2070,.F.);
#2736=ORIENTED_EDGE('',*,*,#2071,.F.);
#2737=ORIENTED_EDGE('',*,*,#2072,.F.);
#2738=ORIENTED_EDGE('',*,*,#2071,.T.);
#2739=ORIENTED_EDGE('',*,*,#2073,.F.);
#2740=ORIENTED_EDGE('',*,*,#2074,.F.);
#2741=ORIENTED_EDGE('',*,*,#2075,.F.);
#2742=ORIENTED_EDGE('',*,*,#2074,.T.);
#2743=ORIENTED_EDGE('',*,*,#2076,.F.);
#2744=ORIENTED_EDGE('',*,*,#2048,.F.);
#2745=ORIENTED_EDGE('',*,*,#2006,.F.);
#2746=ORIENTED_EDGE('',*,*,#2077,.T.);
#2747=ORIENTED_EDGE('',*,*,#2078,.F.);
#2748=ORIENTED_EDGE('',*,*,#2079,.F.);
#2749=ORIENTED_EDGE('',*,*,#2007,.F.);
#2750=ORIENTED_EDGE('',*,*,#2079,.T.);
#2751=ORIENTED_EDGE('',*,*,#2080,.F.);
#2752=ORIENTED_EDGE('',*,*,#2081,.F.);
#2753=ORIENTED_EDGE('',*,*,#2008,.F.);
#2754=ORIENTED_EDGE('',*,*,#2081,.T.);
#2755=ORIENTED_EDGE('',*,*,#2082,.F.);
#2756=ORIENTED_EDGE('',*,*,#2083,.F.);
#2757=ORIENTED_EDGE('',*,*,#2009,.F.);
#2758=ORIENTED_EDGE('',*,*,#2083,.T.);
#2759=ORIENTED_EDGE('',*,*,#2084,.F.);
#2760=ORIENTED_EDGE('',*,*,#2085,.F.);
#2761=ORIENTED_EDGE('',*,*,#2010,.F.);
#2762=ORIENTED_EDGE('',*,*,#2085,.T.);
#2763=ORIENTED_EDGE('',*,*,#2086,.F.);
#2764=ORIENTED_EDGE('',*,*,#2087,.F.);
#2765=ORIENTED_EDGE('',*,*,#2011,.F.);
#2766=ORIENTED_EDGE('',*,*,#2087,.T.);
#2767=ORIENTED_EDGE('',*,*,#2088,.F.);
#2768=ORIENTED_EDGE('',*,*,#2089,.F.);
#2769=ORIENTED_EDGE('',*,*,#2012,.F.);
#2770=ORIENTED_EDGE('',*,*,#2089,.T.);
#2771=ORIENTED_EDGE('',*,*,#2090,.F.);
#2772=ORIENTED_EDGE('',*,*,#2091,.F.);
#2773=ORIENTED_EDGE('',*,*,#2013,.F.);
#2774=ORIENTED_EDGE('',*,*,#2091,.T.);
#2775=ORIENTED_EDGE('',*,*,#2092,.F.);
#2776=ORIENTED_EDGE('',*,*,#2093,.F.);
#2777=ORIENTED_EDGE('',*,*,#2014,.F.);
#2778=ORIENTED_EDGE('',*,*,#2093,.T.);
#2779=ORIENTED_EDGE('',*,*,#2094,.F.);
#2780=ORIENTED_EDGE('',*,*,#2095,.F.);
#2781=ORIENTED_EDGE('',*,*,#2015,.F.);
#2782=ORIENTED_EDGE('',*,*,#2095,.T.);
#2783=ORIENTED_EDGE('',*,*,#2096,.F.);
#2784=ORIENTED_EDGE('',*,*,#2097,.F.);
#2785=ORIENTED_EDGE('',*,*,#2016,.F.);
#2786=ORIENTED_EDGE('',*,*,#2097,.T.);
#2787=ORIENTED_EDGE('',*,*,#2098,.F.);
#2788=ORIENTED_EDGE('',*,*,#2099,.F.);
#2789=ORIENTED_EDGE('',*,*,#2017,.F.);
#2790=ORIENTED_EDGE('',*,*,#2099,.T.);
#2791=ORIENTED_EDGE('',*,*,#2100,.F.);
#2792=ORIENTED_EDGE('',*,*,#2101,.F.);
#2793=ORIENTED_EDGE('',*,*,#2018,.F.);
#2794=ORIENTED_EDGE('',*,*,#2101,.T.);
#2795=ORIENTED_EDGE('',*,*,#2102,.F.);
#2796=ORIENTED_EDGE('',*,*,#2103,.F.);
#2797=ORIENTED_EDGE('',*,*,#2019,.F.);
#2798=ORIENTED_EDGE('',*,*,#2103,.T.);
#2799=ORIENTED_EDGE('',*,*,#2104,.F.);
#2800=ORIENTED_EDGE('',*,*,#2077,.F.);
#2801=ORIENTED_EDGE('',*,*,#2104,.T.);
#2802=ORIENTED_EDGE('',*,*,#2102,.T.);
#2803=ORIENTED_EDGE('',*,*,#2100,.T.);
#2804=ORIENTED_EDGE('',*,*,#2098,.T.);
#2805=ORIENTED_EDGE('',*,*,#2096,.T.);
#2806=ORIENTED_EDGE('',*,*,#2094,.T.);
#2807=ORIENTED_EDGE('',*,*,#2092,.T.);
#2808=ORIENTED_EDGE('',*,*,#2090,.T.);
#2809=ORIENTED_EDGE('',*,*,#2088,.T.);
#2810=ORIENTED_EDGE('',*,*,#2086,.T.);
#2811=ORIENTED_EDGE('',*,*,#2084,.T.);
#2812=ORIENTED_EDGE('',*,*,#2082,.T.);
#2813=ORIENTED_EDGE('',*,*,#2080,.T.);
#2814=ORIENTED_EDGE('',*,*,#2078,.T.);
#2815=ORIENTED_EDGE('',*,*,#2076,.T.);
#2816=ORIENTED_EDGE('',*,*,#2073,.T.);
#2817=ORIENTED_EDGE('',*,*,#2070,.T.);
#2818=ORIENTED_EDGE('',*,*,#2067,.T.);
#2819=ORIENTED_EDGE('',*,*,#2064,.T.);
#2820=ORIENTED_EDGE('',*,*,#2061,.T.);
#2821=ORIENTED_EDGE('',*,*,#2058,.T.);
#2822=ORIENTED_EDGE('',*,*,#2055,.T.);
#2823=ORIENTED_EDGE('',*,*,#2052,.T.);
#2824=ORIENTED_EDGE('',*,*,#2049,.T.);
#2825=ORIENTED_EDGE('',*,*,#2046,.T.);
#2826=ORIENTED_EDGE('',*,*,#2043,.T.);
#2827=ORIENTED_EDGE('',*,*,#2040,.T.);
#2828=ORIENTED_EDGE('',*,*,#2037,.T.);
#2829=ORIENTED_EDGE('',*,*,#2034,.T.);
#2830=ORIENTED_EDGE('',*,*,#2031,.T.);
#2831=ORIENTED_EDGE('',*,*,#2028,.T.);
#2832=ORIENTED_EDGE('',*,*,#2025,.T.);
#2833=ORIENTED_EDGE('',*,*,#2022,.T.);
#2834=ORIENTED_EDGE('',*,*,#1929,.T.);
#2835=ORIENTED_EDGE('',*,*,#1933,.T.);
#2836=ORIENTED_EDGE('',*,*,#1936,.T.);
#2837=ORIENTED_EDGE('',*,*,#1939,.T.);
#2838=ORIENTED_EDGE('',*,*,#1942,.T.);
#2839=ORIENTED_EDGE('',*,*,#1945,.T.);
#2840=ORIENTED_EDGE('',*,*,#1948,.T.);
#2841=ORIENTED_EDGE('',*,*,#1951,.T.);
#2842=ORIENTED_EDGE('',*,*,#1954,.T.);
#2843=ORIENTED_EDGE('',*,*,#2047,.T.);
#2844=ORIENTED_EDGE('',*,*,#2051,.T.);
#2845=ORIENTED_EDGE('',*,*,#2054,.T.);
#2846=ORIENTED_EDGE('',*,*,#2057,.T.);
#2847=ORIENTED_EDGE('',*,*,#2060,.T.);
#2848=ORIENTED_EDGE('',*,*,#2063,.T.);
#2849=ORIENTED_EDGE('',*,*,#2066,.T.);
#2850=ORIENTED_EDGE('',*,*,#2069,.T.);
#2851=ORIENTED_EDGE('',*,*,#2072,.T.);
#2852=ORIENTED_EDGE('',*,*,#2075,.T.);
#2853=ORIENTED_EDGE('',*,*,#2105,.F.);
#2854=ORIENTED_EDGE('',*,*,#2106,.T.);
#2855=ORIENTED_EDGE('',*,*,#2107,.F.);
#2856=ORIENTED_EDGE('',*,*,#2108,.F.);
#2857=ORIENTED_EDGE('',*,*,#2109,.F.);
#2858=ORIENTED_EDGE('',*,*,#2108,.T.);
#2859=ORIENTED_EDGE('',*,*,#2110,.F.);
#2860=ORIENTED_EDGE('',*,*,#2111,.F.);
#2861=ORIENTED_EDGE('',*,*,#2112,.F.);
#2862=ORIENTED_EDGE('',*,*,#2111,.T.);
#2863=ORIENTED_EDGE('',*,*,#2113,.F.);
#2864=ORIENTED_EDGE('',*,*,#2114,.F.);
#2865=ORIENTED_EDGE('',*,*,#2115,.F.);
#2866=ORIENTED_EDGE('',*,*,#2114,.T.);
#2867=ORIENTED_EDGE('',*,*,#2116,.F.);
#2868=ORIENTED_EDGE('',*,*,#2117,.F.);
#2869=ORIENTED_EDGE('',*,*,#2118,.F.);
#2870=ORIENTED_EDGE('',*,*,#2117,.T.);
#2871=ORIENTED_EDGE('',*,*,#2119,.F.);
#2872=ORIENTED_EDGE('',*,*,#2120,.F.);
#2873=ORIENTED_EDGE('',*,*,#2121,.F.);
#2874=ORIENTED_EDGE('',*,*,#2120,.T.);
#2875=ORIENTED_EDGE('',*,*,#2122,.F.);
#2876=ORIENTED_EDGE('',*,*,#2123,.F.);
#2877=ORIENTED_EDGE('',*,*,#2124,.F.);
#2878=ORIENTED_EDGE('',*,*,#2123,.T.);
#2879=ORIENTED_EDGE('',*,*,#2125,.F.);
#2880=ORIENTED_EDGE('',*,*,#2126,.F.);
#2881=ORIENTED_EDGE('',*,*,#2127,.F.);
#2882=ORIENTED_EDGE('',*,*,#2126,.T.);
#2883=ORIENTED_EDGE('',*,*,#2128,.F.);
#2884=ORIENTED_EDGE('',*,*,#2129,.F.);
#2885=ORIENTED_EDGE('',*,*,#2130,.F.);
#2886=ORIENTED_EDGE('',*,*,#2129,.T.);
#2887=ORIENTED_EDGE('',*,*,#2131,.F.);
#2888=ORIENTED_EDGE('',*,*,#2132,.F.);
#2889=ORIENTED_EDGE('',*,*,#2133,.F.);
#2890=ORIENTED_EDGE('',*,*,#2132,.T.);
#2891=ORIENTED_EDGE('',*,*,#2134,.F.);
#2892=ORIENTED_EDGE('',*,*,#2106,.F.);
#2893=ORIENTED_EDGE('',*,*,#1993,.F.);
#2894=ORIENTED_EDGE('',*,*,#2135,.T.);
#2895=ORIENTED_EDGE('',*,*,#2136,.F.);
#2896=ORIENTED_EDGE('',*,*,#2137,.F.);
#2897=ORIENTED_EDGE('',*,*,#1994,.F.);
#2898=ORIENTED_EDGE('',*,*,#2137,.T.);
#2899=ORIENTED_EDGE('',*,*,#2138,.F.);
#2900=ORIENTED_EDGE('',*,*,#2139,.F.);
#2901=ORIENTED_EDGE('',*,*,#1995,.F.);
#2902=ORIENTED_EDGE('',*,*,#2139,.T.);
#2903=ORIENTED_EDGE('',*,*,#2140,.F.);
#2904=ORIENTED_EDGE('',*,*,#2141,.F.);
#2905=ORIENTED_EDGE('',*,*,#1996,.F.);
#2906=ORIENTED_EDGE('',*,*,#2141,.T.);
#2907=ORIENTED_EDGE('',*,*,#2142,.F.);
#2908=ORIENTED_EDGE('',*,*,#2143,.F.);
#2909=ORIENTED_EDGE('',*,*,#1997,.F.);
#2910=ORIENTED_EDGE('',*,*,#2143,.T.);
#2911=ORIENTED_EDGE('',*,*,#2144,.F.);
#2912=ORIENTED_EDGE('',*,*,#2145,.F.);
#2913=ORIENTED_EDGE('',*,*,#1998,.F.);
#2914=ORIENTED_EDGE('',*,*,#2145,.T.);
#2915=ORIENTED_EDGE('',*,*,#2146,.F.);
#2916=ORIENTED_EDGE('',*,*,#2147,.F.);
#2917=ORIENTED_EDGE('',*,*,#1999,.F.);
#2918=ORIENTED_EDGE('',*,*,#2147,.T.);
#2919=ORIENTED_EDGE('',*,*,#2148,.F.);
#2920=ORIENTED_EDGE('',*,*,#2149,.F.);
#2921=ORIENTED_EDGE('',*,*,#2000,.F.);
#2922=ORIENTED_EDGE('',*,*,#2149,.T.);
#2923=ORIENTED_EDGE('',*,*,#2150,.F.);
#2924=ORIENTED_EDGE('',*,*,#2151,.F.);
#2925=ORIENTED_EDGE('',*,*,#2001,.F.);
#2926=ORIENTED_EDGE('',*,*,#2151,.T.);
#2927=ORIENTED_EDGE('',*,*,#2152,.F.);
#2928=ORIENTED_EDGE('',*,*,#2153,.F.);
#2929=ORIENTED_EDGE('',*,*,#2002,.F.);
#2930=ORIENTED_EDGE('',*,*,#2153,.T.);
#2931=ORIENTED_EDGE('',*,*,#2154,.F.);
#2932=ORIENTED_EDGE('',*,*,#2155,.F.);
#2933=ORIENTED_EDGE('',*,*,#2003,.F.);
#2934=ORIENTED_EDGE('',*,*,#2155,.T.);
#2935=ORIENTED_EDGE('',*,*,#2156,.F.);
#2936=ORIENTED_EDGE('',*,*,#2157,.F.);
#2937=ORIENTED_EDGE('',*,*,#2004,.F.);
#2938=ORIENTED_EDGE('',*,*,#2157,.T.);
#2939=ORIENTED_EDGE('',*,*,#2158,.F.);
#2940=ORIENTED_EDGE('',*,*,#2135,.F.);
#2941=ORIENTED_EDGE('',*,*,#2158,.T.);
#2942=ORIENTED_EDGE('',*,*,#2156,.T.);
#2943=ORIENTED_EDGE('',*,*,#2154,.T.);
#2944=ORIENTED_EDGE('',*,*,#2152,.T.);
#2945=ORIENTED_EDGE('',*,*,#2150,.T.);
#2946=ORIENTED_EDGE('',*,*,#2148,.T.);
#2947=ORIENTED_EDGE('',*,*,#2146,.T.);
#2948=ORIENTED_EDGE('',*,*,#2144,.T.);
#2949=ORIENTED_EDGE('',*,*,#2142,.T.);
#2950=ORIENTED_EDGE('',*,*,#2140,.T.);
#2951=ORIENTED_EDGE('',*,*,#2138,.T.);
#2952=ORIENTED_EDGE('',*,*,#2136,.T.);
#2953=ORIENTED_EDGE('',*,*,#2134,.T.);
#2954=ORIENTED_EDGE('',*,*,#2131,.T.);
#2955=ORIENTED_EDGE('',*,*,#2128,.T.);
#2956=ORIENTED_EDGE('',*,*,#2125,.T.);
#2957=ORIENTED_EDGE('',*,*,#2122,.T.);
#2958=ORIENTED_EDGE('',*,*,#2119,.T.);
#2959=ORIENTED_EDGE('',*,*,#2116,.T.);
#2960=ORIENTED_EDGE('',*,*,#2113,.T.);
#2961=ORIENTED_EDGE('',*,*,#2110,.T.);
#2962=ORIENTED_EDGE('',*,*,#2107,.T.);
#2963=ORIENTED_EDGE('',*,*,#2020,.T.);
#2964=ORIENTED_EDGE('',*,*,#2024,.T.);
#2965=ORIENTED_EDGE('',*,*,#2027,.T.);
#2966=ORIENTED_EDGE('',*,*,#2030,.T.);
#2967=ORIENTED_EDGE('',*,*,#2033,.T.);
#2968=ORIENTED_EDGE('',*,*,#2036,.T.);
#2969=ORIENTED_EDGE('',*,*,#2039,.T.);
#2970=ORIENTED_EDGE('',*,*,#2042,.T.);
#2971=ORIENTED_EDGE('',*,*,#2045,.T.);
#2972=ORIENTED_EDGE('',*,*,#2159,.F.);
#2973=ORIENTED_EDGE('',*,*,#2160,.T.);
#2974=ORIENTED_EDGE('',*,*,#2161,.F.);
#2975=ORIENTED_EDGE('',*,*,#2162,.F.);
#2976=ORIENTED_EDGE('',*,*,#2163,.F.);
#2977=ORIENTED_EDGE('',*,*,#2162,.T.);
#2978=ORIENTED_EDGE('',*,*,#2164,.F.);
#2979=ORIENTED_EDGE('',*,*,#2165,.F.);
#2980=ORIENTED_EDGE('',*,*,#2166,.F.);
#2981=ORIENTED_EDGE('',*,*,#2165,.T.);
#2982=ORIENTED_EDGE('',*,*,#2167,.F.);
#2983=ORIENTED_EDGE('',*,*,#2168,.F.);
#2984=ORIENTED_EDGE('',*,*,#2169,.F.);
#2985=ORIENTED_EDGE('',*,*,#2168,.T.);
#2986=ORIENTED_EDGE('',*,*,#2170,.F.);
#2987=ORIENTED_EDGE('',*,*,#2171,.F.);
#2988=ORIENTED_EDGE('',*,*,#2172,.F.);
#2989=ORIENTED_EDGE('',*,*,#2171,.T.);
#2990=ORIENTED_EDGE('',*,*,#2173,.F.);
#2991=ORIENTED_EDGE('',*,*,#2174,.F.);
#2992=ORIENTED_EDGE('',*,*,#2175,.F.);
#2993=ORIENTED_EDGE('',*,*,#2174,.T.);
#2994=ORIENTED_EDGE('',*,*,#2176,.F.);
#2995=ORIENTED_EDGE('',*,*,#2177,.F.);
#2996=ORIENTED_EDGE('',*,*,#2178,.F.);
#2997=ORIENTED_EDGE('',*,*,#2177,.T.);
#2998=ORIENTED_EDGE('',*,*,#2179,.F.);
#2999=ORIENTED_EDGE('',*,*,#2180,.F.);
#3000=ORIENTED_EDGE('',*,*,#2181,.F.);
#3001=ORIENTED_EDGE('',*,*,#2180,.T.);
#3002=ORIENTED_EDGE('',*,*,#2182,.F.);
#3003=ORIENTED_EDGE('',*,*,#2183,.F.);
#3004=ORIENTED_EDGE('',*,*,#2184,.F.);
#3005=ORIENTED_EDGE('',*,*,#2183,.T.);
#3006=ORIENTED_EDGE('',*,*,#2185,.F.);
#3007=ORIENTED_EDGE('',*,*,#2186,.F.);
#3008=ORIENTED_EDGE('',*,*,#2187,.F.);
#3009=ORIENTED_EDGE('',*,*,#2186,.T.);
#3010=ORIENTED_EDGE('',*,*,#2188,.F.);
#3011=ORIENTED_EDGE('',*,*,#2189,.F.);
#3012=ORIENTED_EDGE('',*,*,#2190,.F.);
#3013=ORIENTED_EDGE('',*,*,#2189,.T.);
#3014=ORIENTED_EDGE('',*,*,#2191,.F.);
#3015=ORIENTED_EDGE('',*,*,#2192,.F.);
#3016=ORIENTED_EDGE('',*,*,#2193,.F.);
#3017=ORIENTED_EDGE('',*,*,#2192,.T.);
#3018=ORIENTED_EDGE('',*,*,#2194,.F.);
#3019=ORIENTED_EDGE('',*,*,#2195,.F.);
#3020=ORIENTED_EDGE('',*,*,#2196,.F.);
#3021=ORIENTED_EDGE('',*,*,#2195,.T.);
#3022=ORIENTED_EDGE('',*,*,#2197,.F.);
#3023=ORIENTED_EDGE('',*,*,#2198,.F.);
#3024=ORIENTED_EDGE('',*,*,#2199,.F.);
#3025=ORIENTED_EDGE('',*,*,#2198,.T.);
#3026=ORIENTED_EDGE('',*,*,#2200,.F.);
#3027=ORIENTED_EDGE('',*,*,#2201,.F.);
#3028=ORIENTED_EDGE('',*,*,#2202,.F.);
#3029=ORIENTED_EDGE('',*,*,#2201,.T.);
#3030=ORIENTED_EDGE('',*,*,#2203,.F.);
#3031=ORIENTED_EDGE('',*,*,#2204,.F.);
#3032=ORIENTED_EDGE('',*,*,#2205,.F.);
#3033=ORIENTED_EDGE('',*,*,#2204,.T.);
#3034=ORIENTED_EDGE('',*,*,#2206,.F.);
#3035=ORIENTED_EDGE('',*,*,#2207,.F.);
#3036=ORIENTED_EDGE('',*,*,#2208,.F.);
#3037=ORIENTED_EDGE('',*,*,#2207,.T.);
#3038=ORIENTED_EDGE('',*,*,#2209,.F.);
#3039=ORIENTED_EDGE('',*,*,#2160,.F.);
#3040=ORIENTED_EDGE('',*,*,#2209,.T.);
#3041=ORIENTED_EDGE('',*,*,#2206,.T.);
#3042=ORIENTED_EDGE('',*,*,#2203,.T.);
#3043=ORIENTED_EDGE('',*,*,#2200,.T.);
#3044=ORIENTED_EDGE('',*,*,#2197,.T.);
#3045=ORIENTED_EDGE('',*,*,#2194,.T.);
#3046=ORIENTED_EDGE('',*,*,#2191,.T.);
#3047=ORIENTED_EDGE('',*,*,#2188,.T.);
#3048=ORIENTED_EDGE('',*,*,#2185,.T.);
#3049=ORIENTED_EDGE('',*,*,#2182,.T.);
#3050=ORIENTED_EDGE('',*,*,#2179,.T.);
#3051=ORIENTED_EDGE('',*,*,#2176,.T.);
#3052=ORIENTED_EDGE('',*,*,#2173,.T.);
#3053=ORIENTED_EDGE('',*,*,#2170,.T.);
#3054=ORIENTED_EDGE('',*,*,#2167,.T.);
#3055=ORIENTED_EDGE('',*,*,#2164,.T.);
#3056=ORIENTED_EDGE('',*,*,#2161,.T.);
#3057=ORIENTED_EDGE('',*,*,#2210,.F.);
#3058=ORIENTED_EDGE('',*,*,#2211,.T.);
#3059=ORIENTED_EDGE('',*,*,#2212,.F.);
#3060=ORIENTED_EDGE('',*,*,#2213,.F.);
#3061=ORIENTED_EDGE('',*,*,#2214,.F.);
#3062=ORIENTED_EDGE('',*,*,#2213,.T.);
#3063=ORIENTED_EDGE('',*,*,#2215,.F.);
#3064=ORIENTED_EDGE('',*,*,#2216,.F.);
#3065=ORIENTED_EDGE('',*,*,#2217,.F.);
#3066=ORIENTED_EDGE('',*,*,#2216,.T.);
#3067=ORIENTED_EDGE('',*,*,#2218,.F.);
#3068=ORIENTED_EDGE('',*,*,#2219,.F.);
#3069=ORIENTED_EDGE('',*,*,#2220,.F.);
#3070=ORIENTED_EDGE('',*,*,#2219,.T.);
#3071=ORIENTED_EDGE('',*,*,#2221,.F.);
#3072=ORIENTED_EDGE('',*,*,#2222,.F.);
#3073=ORIENTED_EDGE('',*,*,#2223,.F.);
#3074=ORIENTED_EDGE('',*,*,#2222,.T.);
#3075=ORIENTED_EDGE('',*,*,#2224,.F.);
#3076=ORIENTED_EDGE('',*,*,#2225,.F.);
#3077=ORIENTED_EDGE('',*,*,#2226,.F.);
#3078=ORIENTED_EDGE('',*,*,#2225,.T.);
#3079=ORIENTED_EDGE('',*,*,#2227,.F.);
#3080=ORIENTED_EDGE('',*,*,#2228,.F.);
#3081=ORIENTED_EDGE('',*,*,#2229,.F.);
#3082=ORIENTED_EDGE('',*,*,#2228,.T.);
#3083=ORIENTED_EDGE('',*,*,#2230,.F.);
#3084=ORIENTED_EDGE('',*,*,#2231,.F.);
#3085=ORIENTED_EDGE('',*,*,#2232,.F.);
#3086=ORIENTED_EDGE('',*,*,#2231,.T.);
#3087=ORIENTED_EDGE('',*,*,#2233,.F.);
#3088=ORIENTED_EDGE('',*,*,#2234,.F.);
#3089=ORIENTED_EDGE('',*,*,#2235,.F.);
#3090=ORIENTED_EDGE('',*,*,#2234,.T.);
#3091=ORIENTED_EDGE('',*,*,#2236,.F.);
#3092=ORIENTED_EDGE('',*,*,#2237,.F.);
#3093=ORIENTED_EDGE('',*,*,#2238,.F.);
#3094=ORIENTED_EDGE('',*,*,#2237,.T.);
#3095=ORIENTED_EDGE('',*,*,#2239,.F.);
#3096=ORIENTED_EDGE('',*,*,#2240,.F.);
#3097=ORIENTED_EDGE('',*,*,#2241,.F.);
#3098=ORIENTED_EDGE('',*,*,#2240,.T.);
#3099=ORIENTED_EDGE('',*,*,#2242,.F.);
#3100=ORIENTED_EDGE('',*,*,#2243,.F.);
#3101=ORIENTED_EDGE('',*,*,#2244,.F.);
#3102=ORIENTED_EDGE('',*,*,#2243,.T.);
#3103=ORIENTED_EDGE('',*,*,#2245,.F.);
#3104=ORIENTED_EDGE('',*,*,#2246,.F.);
#3105=ORIENTED_EDGE('',*,*,#2247,.F.);
#3106=ORIENTED_EDGE('',*,*,#2246,.T.);
#3107=ORIENTED_EDGE('',*,*,#2248,.F.);
#3108=ORIENTED_EDGE('',*,*,#2249,.F.);
#3109=ORIENTED_EDGE('',*,*,#2250,.F.);
#3110=ORIENTED_EDGE('',*,*,#2249,.T.);
#3111=ORIENTED_EDGE('',*,*,#2251,.F.);
#3112=ORIENTED_EDGE('',*,*,#2252,.F.);
#3113=ORIENTED_EDGE('',*,*,#2253,.F.);
#3114=ORIENTED_EDGE('',*,*,#2252,.T.);
#3115=ORIENTED_EDGE('',*,*,#2254,.F.);
#3116=ORIENTED_EDGE('',*,*,#2255,.F.);
#3117=ORIENTED_EDGE('',*,*,#2256,.F.);
#3118=ORIENTED_EDGE('',*,*,#2255,.T.);
#3119=ORIENTED_EDGE('',*,*,#2257,.F.);
#3120=ORIENTED_EDGE('',*,*,#2258,.F.);
#3121=ORIENTED_EDGE('',*,*,#2259,.F.);
#3122=ORIENTED_EDGE('',*,*,#2258,.T.);
#3123=ORIENTED_EDGE('',*,*,#2260,.F.);
#3124=ORIENTED_EDGE('',*,*,#2261,.F.);
#3125=ORIENTED_EDGE('',*,*,#2262,.F.);
#3126=ORIENTED_EDGE('',*,*,#2261,.T.);
#3127=ORIENTED_EDGE('',*,*,#2263,.F.);
#3128=ORIENTED_EDGE('',*,*,#2264,.F.);
#3129=ORIENTED_EDGE('',*,*,#2265,.F.);
#3130=ORIENTED_EDGE('',*,*,#2264,.T.);
#3131=ORIENTED_EDGE('',*,*,#2266,.F.);
#3132=ORIENTED_EDGE('',*,*,#2267,.F.);
#3133=ORIENTED_EDGE('',*,*,#2268,.F.);
#3134=ORIENTED_EDGE('',*,*,#2267,.T.);
#3135=ORIENTED_EDGE('',*,*,#2269,.F.);
#3136=ORIENTED_EDGE('',*,*,#2270,.F.);
#3137=ORIENTED_EDGE('',*,*,#2271,.F.);
#3138=ORIENTED_EDGE('',*,*,#2270,.T.);
#3139=ORIENTED_EDGE('',*,*,#2272,.F.);
#3140=ORIENTED_EDGE('',*,*,#2273,.F.);
#3141=ORIENTED_EDGE('',*,*,#2274,.F.);
#3142=ORIENTED_EDGE('',*,*,#2273,.T.);
#3143=ORIENTED_EDGE('',*,*,#2275,.F.);
#3144=ORIENTED_EDGE('',*,*,#2276,.F.);
#3145=ORIENTED_EDGE('',*,*,#2277,.F.);
#3146=ORIENTED_EDGE('',*,*,#2276,.T.);
#3147=ORIENTED_EDGE('',*,*,#2278,.F.);
#3148=ORIENTED_EDGE('',*,*,#2279,.F.);
#3149=ORIENTED_EDGE('',*,*,#2280,.F.);
#3150=ORIENTED_EDGE('',*,*,#2279,.T.);
#3151=ORIENTED_EDGE('',*,*,#2281,.F.);
#3152=ORIENTED_EDGE('',*,*,#2282,.F.);
#3153=ORIENTED_EDGE('',*,*,#2283,.F.);
#3154=ORIENTED_EDGE('',*,*,#2282,.T.);
#3155=ORIENTED_EDGE('',*,*,#2284,.F.);
#3156=ORIENTED_EDGE('',*,*,#2285,.F.);
#3157=ORIENTED_EDGE('',*,*,#2286,.F.);
#3158=ORIENTED_EDGE('',*,*,#2285,.T.);
#3159=ORIENTED_EDGE('',*,*,#2287,.F.);
#3160=ORIENTED_EDGE('',*,*,#2288,.F.);
#3161=ORIENTED_EDGE('',*,*,#2289,.F.);
#3162=ORIENTED_EDGE('',*,*,#2288,.T.);
#3163=ORIENTED_EDGE('',*,*,#2290,.F.);
#3164=ORIENTED_EDGE('',*,*,#2291,.F.);
#3165=ORIENTED_EDGE('',*,*,#2292,.F.);
#3166=ORIENTED_EDGE('',*,*,#2291,.T.);
#3167=ORIENTED_EDGE('',*,*,#2293,.F.);
#3168=ORIENTED_EDGE('',*,*,#2294,.F.);
#3169=ORIENTED_EDGE('',*,*,#2295,.F.);
#3170=ORIENTED_EDGE('',*,*,#2294,.T.);
#3171=ORIENTED_EDGE('',*,*,#2296,.F.);
#3172=ORIENTED_EDGE('',*,*,#2297,.F.);
#3173=ORIENTED_EDGE('',*,*,#2298,.F.);
#3174=ORIENTED_EDGE('',*,*,#2297,.T.);
#3175=ORIENTED_EDGE('',*,*,#2299,.F.);
#3176=ORIENTED_EDGE('',*,*,#2300,.F.);
#3177=ORIENTED_EDGE('',*,*,#2301,.F.);
#3178=ORIENTED_EDGE('',*,*,#2300,.T.);
#3179=ORIENTED_EDGE('',*,*,#2302,.F.);
#3180=ORIENTED_EDGE('',*,*,#2303,.F.);
#3181=ORIENTED_EDGE('',*,*,#2304,.F.);
#3182=ORIENTED_EDGE('',*,*,#2303,.T.);
#3183=ORIENTED_EDGE('',*,*,#2305,.F.);
#3184=ORIENTED_EDGE('',*,*,#2306,.F.);
#3185=ORIENTED_EDGE('',*,*,#2307,.F.);
#3186=ORIENTED_EDGE('',*,*,#2306,.T.);
#3187=ORIENTED_EDGE('',*,*,#2308,.F.);
#3188=ORIENTED_EDGE('',*,*,#2309,.F.);
#3189=ORIENTED_EDGE('',*,*,#2310,.F.);
#3190=ORIENTED_EDGE('',*,*,#2309,.T.);
#3191=ORIENTED_EDGE('',*,*,#2311,.F.);
#3192=ORIENTED_EDGE('',*,*,#2312,.F.);
#3193=ORIENTED_EDGE('',*,*,#2313,.F.);
#3194=ORIENTED_EDGE('',*,*,#2312,.T.);
#3195=ORIENTED_EDGE('',*,*,#2314,.F.);
#3196=ORIENTED_EDGE('',*,*,#2211,.F.);
#3197=ORIENTED_EDGE('',*,*,#2314,.T.);
#3198=ORIENTED_EDGE('',*,*,#2311,.T.);
#3199=ORIENTED_EDGE('',*,*,#2308,.T.);
#3200=ORIENTED_EDGE('',*,*,#2305,.T.);
#3201=ORIENTED_EDGE('',*,*,#2302,.T.);
#3202=ORIENTED_EDGE('',*,*,#2299,.T.);
#3203=ORIENTED_EDGE('',*,*,#2296,.T.);
#3204=ORIENTED_EDGE('',*,*,#2293,.T.);
#3205=ORIENTED_EDGE('',*,*,#2290,.T.);
#3206=ORIENTED_EDGE('',*,*,#2287,.T.);
#3207=ORIENTED_EDGE('',*,*,#2284,.T.);
#3208=ORIENTED_EDGE('',*,*,#2281,.T.);
#3209=ORIENTED_EDGE('',*,*,#2278,.T.);
#3210=ORIENTED_EDGE('',*,*,#2275,.T.);
#3211=ORIENTED_EDGE('',*,*,#2272,.T.);
#3212=ORIENTED_EDGE('',*,*,#2269,.T.);
#3213=ORIENTED_EDGE('',*,*,#2266,.T.);
#3214=ORIENTED_EDGE('',*,*,#2263,.T.);
#3215=ORIENTED_EDGE('',*,*,#2260,.T.);
#3216=ORIENTED_EDGE('',*,*,#2257,.T.);
#3217=ORIENTED_EDGE('',*,*,#2254,.T.);
#3218=ORIENTED_EDGE('',*,*,#2251,.T.);
#3219=ORIENTED_EDGE('',*,*,#2248,.T.);
#3220=ORIENTED_EDGE('',*,*,#2245,.T.);
#3221=ORIENTED_EDGE('',*,*,#2242,.T.);
#3222=ORIENTED_EDGE('',*,*,#2239,.T.);
#3223=ORIENTED_EDGE('',*,*,#2236,.T.);
#3224=ORIENTED_EDGE('',*,*,#2233,.T.);
#3225=ORIENTED_EDGE('',*,*,#2230,.T.);
#3226=ORIENTED_EDGE('',*,*,#2227,.T.);
#3227=ORIENTED_EDGE('',*,*,#2224,.T.);
#3228=ORIENTED_EDGE('',*,*,#2221,.T.);
#3229=ORIENTED_EDGE('',*,*,#2218,.T.);
#3230=ORIENTED_EDGE('',*,*,#2215,.T.);
#3231=ORIENTED_EDGE('',*,*,#2212,.T.);
#3232=ORIENTED_EDGE('',*,*,#2315,.F.);
#3233=ORIENTED_EDGE('',*,*,#2316,.T.);
#3234=ORIENTED_EDGE('',*,*,#2317,.F.);
#3235=ORIENTED_EDGE('',*,*,#2318,.F.);
#3236=ORIENTED_EDGE('',*,*,#2319,.F.);
#3237=ORIENTED_EDGE('',*,*,#2318,.T.);
#3238=ORIENTED_EDGE('',*,*,#2320,.F.);
#3239=ORIENTED_EDGE('',*,*,#2321,.F.);
#3240=ORIENTED_EDGE('',*,*,#2322,.F.);
#3241=ORIENTED_EDGE('',*,*,#2321,.T.);
#3242=ORIENTED_EDGE('',*,*,#2323,.F.);
#3243=ORIENTED_EDGE('',*,*,#2324,.F.);
#3244=ORIENTED_EDGE('',*,*,#2325,.F.);
#3245=ORIENTED_EDGE('',*,*,#2324,.T.);
#3246=ORIENTED_EDGE('',*,*,#2326,.F.);
#3247=ORIENTED_EDGE('',*,*,#2327,.F.);
#3248=ORIENTED_EDGE('',*,*,#2328,.F.);
#3249=ORIENTED_EDGE('',*,*,#2327,.T.);
#3250=ORIENTED_EDGE('',*,*,#2329,.F.);
#3251=ORIENTED_EDGE('',*,*,#2330,.F.);
#3252=ORIENTED_EDGE('',*,*,#2331,.F.);
#3253=ORIENTED_EDGE('',*,*,#2330,.T.);
#3254=ORIENTED_EDGE('',*,*,#2332,.F.);
#3255=ORIENTED_EDGE('',*,*,#2333,.F.);
#3256=ORIENTED_EDGE('',*,*,#2334,.F.);
#3257=ORIENTED_EDGE('',*,*,#2333,.T.);
#3258=ORIENTED_EDGE('',*,*,#2335,.F.);
#3259=ORIENTED_EDGE('',*,*,#2336,.F.);
#3260=ORIENTED_EDGE('',*,*,#2337,.F.);
#3261=ORIENTED_EDGE('',*,*,#2336,.T.);
#3262=ORIENTED_EDGE('',*,*,#2338,.F.);
#3263=ORIENTED_EDGE('',*,*,#2339,.F.);
#3264=ORIENTED_EDGE('',*,*,#2340,.F.);
#3265=ORIENTED_EDGE('',*,*,#2339,.T.);
#3266=ORIENTED_EDGE('',*,*,#2341,.F.);
#3267=ORIENTED_EDGE('',*,*,#2316,.F.);
#3268=ORIENTED_EDGE('',*,*,#2342,.F.);
#3269=ORIENTED_EDGE('',*,*,#2343,.T.);
#3270=ORIENTED_EDGE('',*,*,#2344,.F.);
#3271=ORIENTED_EDGE('',*,*,#2345,.F.);
#3272=ORIENTED_EDGE('',*,*,#2346,.F.);
#3273=ORIENTED_EDGE('',*,*,#2345,.T.);
#3274=ORIENTED_EDGE('',*,*,#2347,.F.);
#3275=ORIENTED_EDGE('',*,*,#2348,.F.);
#3276=ORIENTED_EDGE('',*,*,#2349,.F.);
#3277=ORIENTED_EDGE('',*,*,#2348,.T.);
#3278=ORIENTED_EDGE('',*,*,#2350,.F.);
#3279=ORIENTED_EDGE('',*,*,#2351,.F.);
#3280=ORIENTED_EDGE('',*,*,#2352,.F.);
#3281=ORIENTED_EDGE('',*,*,#2351,.T.);
#3282=ORIENTED_EDGE('',*,*,#2353,.F.);
#3283=ORIENTED_EDGE('',*,*,#2354,.F.);
#3284=ORIENTED_EDGE('',*,*,#2355,.F.);
#3285=ORIENTED_EDGE('',*,*,#2354,.T.);
#3286=ORIENTED_EDGE('',*,*,#2356,.F.);
#3287=ORIENTED_EDGE('',*,*,#2357,.F.);
#3288=ORIENTED_EDGE('',*,*,#2358,.F.);
#3289=ORIENTED_EDGE('',*,*,#2357,.T.);
#3290=ORIENTED_EDGE('',*,*,#2359,.F.);
#3291=ORIENTED_EDGE('',*,*,#2360,.F.);
#3292=ORIENTED_EDGE('',*,*,#2361,.F.);
#3293=ORIENTED_EDGE('',*,*,#2360,.T.);
#3294=ORIENTED_EDGE('',*,*,#2362,.F.);
#3295=ORIENTED_EDGE('',*,*,#2363,.F.);
#3296=ORIENTED_EDGE('',*,*,#2364,.F.);
#3297=ORIENTED_EDGE('',*,*,#2363,.T.);
#3298=ORIENTED_EDGE('',*,*,#2365,.F.);
#3299=ORIENTED_EDGE('',*,*,#2366,.F.);
#3300=ORIENTED_EDGE('',*,*,#2367,.F.);
#3301=ORIENTED_EDGE('',*,*,#2366,.T.);
#3302=ORIENTED_EDGE('',*,*,#2368,.F.);
#3303=ORIENTED_EDGE('',*,*,#2369,.F.);
#3304=ORIENTED_EDGE('',*,*,#2370,.F.);
#3305=ORIENTED_EDGE('',*,*,#2369,.T.);
#3306=ORIENTED_EDGE('',*,*,#2371,.F.);
#3307=ORIENTED_EDGE('',*,*,#2343,.F.);
#3308=ORIENTED_EDGE('',*,*,#2372,.F.);
#3309=ORIENTED_EDGE('',*,*,#2373,.T.);
#3310=ORIENTED_EDGE('',*,*,#2374,.F.);
#3311=ORIENTED_EDGE('',*,*,#2375,.F.);
#3312=ORIENTED_EDGE('',*,*,#2376,.F.);
#3313=ORIENTED_EDGE('',*,*,#2375,.T.);
#3314=ORIENTED_EDGE('',*,*,#2377,.F.);
#3315=ORIENTED_EDGE('',*,*,#2378,.F.);
#3316=ORIENTED_EDGE('',*,*,#2379,.F.);
#3317=ORIENTED_EDGE('',*,*,#2378,.T.);
#3318=ORIENTED_EDGE('',*,*,#2380,.F.);
#3319=ORIENTED_EDGE('',*,*,#2381,.F.);
#3320=ORIENTED_EDGE('',*,*,#2382,.F.);
#3321=ORIENTED_EDGE('',*,*,#2381,.T.);
#3322=ORIENTED_EDGE('',*,*,#2383,.F.);
#3323=ORIENTED_EDGE('',*,*,#2384,.F.);
#3324=ORIENTED_EDGE('',*,*,#2385,.F.);
#3325=ORIENTED_EDGE('',*,*,#2384,.T.);
#3326=ORIENTED_EDGE('',*,*,#2386,.F.);
#3327=ORIENTED_EDGE('',*,*,#2387,.F.);
#3328=ORIENTED_EDGE('',*,*,#2388,.F.);
#3329=ORIENTED_EDGE('',*,*,#2387,.T.);
#3330=ORIENTED_EDGE('',*,*,#2389,.F.);
#3331=ORIENTED_EDGE('',*,*,#2390,.F.);
#3332=ORIENTED_EDGE('',*,*,#2391,.F.);
#3333=ORIENTED_EDGE('',*,*,#2390,.T.);
#3334=ORIENTED_EDGE('',*,*,#2392,.F.);
#3335=ORIENTED_EDGE('',*,*,#2393,.F.);
#3336=ORIENTED_EDGE('',*,*,#2394,.F.);
#3337=ORIENTED_EDGE('',*,*,#2393,.T.);
#3338=ORIENTED_EDGE('',*,*,#2395,.F.);
#3339=ORIENTED_EDGE('',*,*,#2396,.F.);
#3340=ORIENTED_EDGE('',*,*,#2397,.F.);
#3341=ORIENTED_EDGE('',*,*,#2396,.T.);
#3342=ORIENTED_EDGE('',*,*,#2398,.F.);
#3343=ORIENTED_EDGE('',*,*,#2399,.F.);
#3344=ORIENTED_EDGE('',*,*,#2400,.F.);
#3345=ORIENTED_EDGE('',*,*,#2399,.T.);
#3346=ORIENTED_EDGE('',*,*,#2401,.F.);
#3347=ORIENTED_EDGE('',*,*,#2402,.F.);
#3348=ORIENTED_EDGE('',*,*,#2403,.F.);
#3349=ORIENTED_EDGE('',*,*,#2402,.T.);
#3350=ORIENTED_EDGE('',*,*,#2404,.F.);
#3351=ORIENTED_EDGE('',*,*,#2405,.F.);
#3352=ORIENTED_EDGE('',*,*,#2406,.F.);
#3353=ORIENTED_EDGE('',*,*,#2405,.T.);
#3354=ORIENTED_EDGE('',*,*,#2407,.F.);
#3355=ORIENTED_EDGE('',*,*,#2408,.F.);
#3356=ORIENTED_EDGE('',*,*,#2409,.F.);
#3357=ORIENTED_EDGE('',*,*,#2408,.T.);
#3358=ORIENTED_EDGE('',*,*,#2410,.F.);
#3359=ORIENTED_EDGE('',*,*,#2411,.F.);
#3360=ORIENTED_EDGE('',*,*,#2412,.F.);
#3361=ORIENTED_EDGE('',*,*,#2411,.T.);
#3362=ORIENTED_EDGE('',*,*,#2413,.F.);
#3363=ORIENTED_EDGE('',*,*,#2373,.F.);
#3364=ORIENTED_EDGE('',*,*,#2413,.T.);
#3365=ORIENTED_EDGE('',*,*,#2410,.T.);
#3366=ORIENTED_EDGE('',*,*,#2407,.T.);
#3367=ORIENTED_EDGE('',*,*,#2404,.T.);
#3368=ORIENTED_EDGE('',*,*,#2401,.T.);
#3369=ORIENTED_EDGE('',*,*,#2398,.T.);
#3370=ORIENTED_EDGE('',*,*,#2395,.T.);
#3371=ORIENTED_EDGE('',*,*,#2392,.T.);
#3372=ORIENTED_EDGE('',*,*,#2389,.T.);
#3373=ORIENTED_EDGE('',*,*,#2386,.T.);
#3374=ORIENTED_EDGE('',*,*,#2383,.T.);
#3375=ORIENTED_EDGE('',*,*,#2380,.T.);
#3376=ORIENTED_EDGE('',*,*,#2377,.T.);
#3377=ORIENTED_EDGE('',*,*,#2374,.T.);
#3378=ORIENTED_EDGE('',*,*,#2371,.T.);
#3379=ORIENTED_EDGE('',*,*,#2368,.T.);
#3380=ORIENTED_EDGE('',*,*,#2365,.T.);
#3381=ORIENTED_EDGE('',*,*,#2362,.T.);
#3382=ORIENTED_EDGE('',*,*,#2359,.T.);
#3383=ORIENTED_EDGE('',*,*,#2356,.T.);
#3384=ORIENTED_EDGE('',*,*,#2353,.T.);
#3385=ORIENTED_EDGE('',*,*,#2350,.T.);
#3386=ORIENTED_EDGE('',*,*,#2347,.T.);
#3387=ORIENTED_EDGE('',*,*,#2344,.T.);
#3388=ORIENTED_EDGE('',*,*,#2341,.T.);
#3389=ORIENTED_EDGE('',*,*,#2338,.T.);
#3390=ORIENTED_EDGE('',*,*,#2335,.T.);
#3391=ORIENTED_EDGE('',*,*,#2332,.T.);
#3392=ORIENTED_EDGE('',*,*,#2329,.T.);
#3393=ORIENTED_EDGE('',*,*,#2326,.T.);
#3394=ORIENTED_EDGE('',*,*,#2323,.T.);
#3395=ORIENTED_EDGE('',*,*,#2320,.T.);
#3396=ORIENTED_EDGE('',*,*,#2317,.T.);
#3397=ORIENTED_EDGE('',*,*,#2414,.F.);
#3398=ORIENTED_EDGE('',*,*,#2415,.F.);
#3399=ORIENTED_EDGE('',*,*,#2416,.F.);
#3400=ORIENTED_EDGE('',*,*,#2417,.F.);
#3401=ORIENTED_EDGE('',*,*,#2159,.T.);
#3402=ORIENTED_EDGE('',*,*,#2163,.T.);
#3403=ORIENTED_EDGE('',*,*,#2166,.T.);
#3404=ORIENTED_EDGE('',*,*,#2169,.T.);
#3405=ORIENTED_EDGE('',*,*,#2172,.T.);
#3406=ORIENTED_EDGE('',*,*,#2175,.T.);
#3407=ORIENTED_EDGE('',*,*,#2178,.T.);
#3408=ORIENTED_EDGE('',*,*,#2181,.T.);
#3409=ORIENTED_EDGE('',*,*,#2184,.T.);
#3410=ORIENTED_EDGE('',*,*,#2187,.T.);
#3411=ORIENTED_EDGE('',*,*,#2190,.T.);
#3412=ORIENTED_EDGE('',*,*,#2193,.T.);
#3413=ORIENTED_EDGE('',*,*,#2196,.T.);
#3414=ORIENTED_EDGE('',*,*,#2199,.T.);
#3415=ORIENTED_EDGE('',*,*,#2202,.T.);
#3416=ORIENTED_EDGE('',*,*,#2205,.T.);
#3417=ORIENTED_EDGE('',*,*,#2208,.T.);
#3418=ORIENTED_EDGE('',*,*,#2210,.T.);
#3419=ORIENTED_EDGE('',*,*,#2214,.T.);
#3420=ORIENTED_EDGE('',*,*,#2217,.T.);
#3421=ORIENTED_EDGE('',*,*,#2220,.T.);
#3422=ORIENTED_EDGE('',*,*,#2223,.T.);
#3423=ORIENTED_EDGE('',*,*,#2226,.T.);
#3424=ORIENTED_EDGE('',*,*,#2229,.T.);
#3425=ORIENTED_EDGE('',*,*,#2232,.T.);
#3426=ORIENTED_EDGE('',*,*,#2235,.T.);
#3427=ORIENTED_EDGE('',*,*,#2238,.T.);
#3428=ORIENTED_EDGE('',*,*,#2241,.T.);
#3429=ORIENTED_EDGE('',*,*,#2244,.T.);
#3430=ORIENTED_EDGE('',*,*,#2247,.T.);
#3431=ORIENTED_EDGE('',*,*,#2250,.T.);
#3432=ORIENTED_EDGE('',*,*,#2253,.T.);
#3433=ORIENTED_EDGE('',*,*,#2256,.T.);
#3434=ORIENTED_EDGE('',*,*,#2259,.T.);
#3435=ORIENTED_EDGE('',*,*,#2262,.T.);
#3436=ORIENTED_EDGE('',*,*,#2265,.T.);
#3437=ORIENTED_EDGE('',*,*,#2268,.T.);
#3438=ORIENTED_EDGE('',*,*,#2271,.T.);
#3439=ORIENTED_EDGE('',*,*,#2274,.T.);
#3440=ORIENTED_EDGE('',*,*,#2277,.T.);
#3441=ORIENTED_EDGE('',*,*,#2280,.T.);
#3442=ORIENTED_EDGE('',*,*,#2283,.T.);
#3443=ORIENTED_EDGE('',*,*,#2286,.T.);
#3444=ORIENTED_EDGE('',*,*,#2289,.T.);
#3445=ORIENTED_EDGE('',*,*,#2292,.T.);
#3446=ORIENTED_EDGE('',*,*,#2295,.T.);
#3447=ORIENTED_EDGE('',*,*,#2298,.T.);
#3448=ORIENTED_EDGE('',*,*,#2301,.T.);
#3449=ORIENTED_EDGE('',*,*,#2304,.T.);
#3450=ORIENTED_EDGE('',*,*,#2307,.T.);
#3451=ORIENTED_EDGE('',*,*,#2310,.T.);
#3452=ORIENTED_EDGE('',*,*,#2313,.T.);
#3453=ORIENTED_EDGE('',*,*,#2372,.T.);
#3454=ORIENTED_EDGE('',*,*,#2376,.T.);
#3455=ORIENTED_EDGE('',*,*,#2379,.T.);
#3456=ORIENTED_EDGE('',*,*,#2382,.T.);
#3457=ORIENTED_EDGE('',*,*,#2385,.T.);
#3458=ORIENTED_EDGE('',*,*,#2388,.T.);
#3459=ORIENTED_EDGE('',*,*,#2391,.T.);
#3460=ORIENTED_EDGE('',*,*,#2394,.T.);
#3461=ORIENTED_EDGE('',*,*,#2397,.T.);
#3462=ORIENTED_EDGE('',*,*,#2400,.T.);
#3463=ORIENTED_EDGE('',*,*,#2403,.T.);
#3464=ORIENTED_EDGE('',*,*,#2406,.T.);
#3465=ORIENTED_EDGE('',*,*,#2409,.T.);
#3466=ORIENTED_EDGE('',*,*,#2412,.T.);
#3467=ORIENTED_EDGE('',*,*,#2418,.T.);
#3468=ORIENTED_EDGE('',*,*,#2342,.T.);
#3469=ORIENTED_EDGE('',*,*,#2346,.T.);
#3470=ORIENTED_EDGE('',*,*,#2349,.T.);
#3471=ORIENTED_EDGE('',*,*,#2352,.T.);
#3472=ORIENTED_EDGE('',*,*,#2355,.T.);
#3473=ORIENTED_EDGE('',*,*,#2358,.T.);
#3474=ORIENTED_EDGE('',*,*,#2361,.T.);
#3475=ORIENTED_EDGE('',*,*,#2364,.T.);
#3476=ORIENTED_EDGE('',*,*,#2367,.T.);
#3477=ORIENTED_EDGE('',*,*,#2370,.T.);
#3478=ORIENTED_EDGE('',*,*,#2419,.F.);
#3479=ORIENTED_EDGE('',*,*,#2420,.F.);
#3480=ORIENTED_EDGE('',*,*,#2421,.F.);
#3481=ORIENTED_EDGE('',*,*,#2422,.F.);
#3482=ORIENTED_EDGE('',*,*,#2423,.F.);
#3483=ORIENTED_EDGE('',*,*,#2424,.F.);
#3484=ORIENTED_EDGE('',*,*,#2425,.F.);
#3485=ORIENTED_EDGE('',*,*,#2426,.F.);
#3486=ORIENTED_EDGE('',*,*,#2427,.F.);
#3487=ORIENTED_EDGE('',*,*,#2426,.T.);
#3488=ORIENTED_EDGE('',*,*,#2416,.T.);
#3489=ORIENTED_EDGE('',*,*,#2419,.T.);
#3490=ORIENTED_EDGE('',*,*,#2428,.T.);
#3491=ORIENTED_EDGE('',*,*,#2429,.F.);
#3492=ORIENTED_EDGE('',*,*,#2430,.F.);
#3493=ORIENTED_EDGE('',*,*,#2431,.F.);
#3494=ORIENTED_EDGE('',*,*,#2432,.F.);
#3495=ORIENTED_EDGE('',*,*,#2433,.F.);
#3496=ORIENTED_EDGE('',*,*,#2434,.F.);
#3497=ORIENTED_EDGE('',*,*,#2433,.T.);
#3498=ORIENTED_EDGE('',*,*,#2435,.T.);
#3499=ORIENTED_EDGE('',*,*,#2424,.T.);
#3500=ORIENTED_EDGE('',*,*,#1989,.T.);
#3501=ORIENTED_EDGE('',*,*,#2436,.F.);
#3502=ORIENTED_EDGE('',*,*,#2437,.F.);
#3503=ORIENTED_EDGE('',*,*,#2438,.F.);
#3504=ORIENTED_EDGE('',*,*,#2437,.T.);
#3505=ORIENTED_EDGE('',*,*,#1990,.T.);
#3506=ORIENTED_EDGE('',*,*,#2423,.T.);
#3507=ORIENTED_EDGE('',*,*,#2439,.T.);
#3508=ORIENTED_EDGE('',*,*,#2430,.T.);
#3509=ORIENTED_EDGE('',*,*,#2440,.T.);
#3510=ORIENTED_EDGE('',*,*,#2438,.T.);
#3511=ORIENTED_EDGE('',*,*,#2441,.T.);
#3512=ORIENTED_EDGE('',*,*,#2442,.F.);
#3513=ORIENTED_EDGE('',*,*,#2443,.F.);
#3514=ORIENTED_EDGE('',*,*,#2444,.F.);
#3515=ORIENTED_EDGE('',*,*,#2443,.T.);
#3516=ORIENTED_EDGE('',*,*,#2445,.T.);
#3517=ORIENTED_EDGE('',*,*,#2429,.T.);
#3518=ORIENTED_EDGE('',*,*,#2414,.T.);
#3519=ORIENTED_EDGE('',*,*,#2425,.T.);
#3520=ORIENTED_EDGE('',*,*,#2446,.T.);
#3521=ORIENTED_EDGE('',*,*,#2444,.T.);
#3522=ORIENTED_EDGE('',*,*,#2417,.T.);
#3523=ORIENTED_EDGE('',*,*,#2447,.F.);
#3524=ORIENTED_EDGE('',*,*,#2448,.F.);
#3525=ORIENTED_EDGE('',*,*,#2449,.F.);
#3526=ORIENTED_EDGE('',*,*,#2448,.T.);
#3527=ORIENTED_EDGE('',*,*,#1991,.T.);
#3528=ORIENTED_EDGE('',*,*,#2436,.T.);
#3529=ORIENTED_EDGE('',*,*,#2450,.T.);
#3530=ORIENTED_EDGE('',*,*,#2442,.T.);
#3531=ORIENTED_EDGE('',*,*,#2451,.T.);
#3532=ORIENTED_EDGE('',*,*,#2449,.T.);
#3533=ORIENTED_EDGE('',*,*,#2452,.T.);
#3534=ORIENTED_EDGE('',*,*,#2447,.T.);
#3535=ORIENTED_EDGE('',*,*,#2453,.T.);
#3536=ORIENTED_EDGE('',*,*,#2434,.T.);
#3537=ORIENTED_EDGE('',*,*,#1992,.T.);
#3538=ORIENTED_EDGE('',*,*,#2432,.T.);
#3539=ORIENTED_EDGE('',*,*,#2454,.T.);
#3540=ORIENTED_EDGE('',*,*,#2427,.T.);
#3541=ORIENTED_EDGE('',*,*,#2455,.T.);
#3542=ORIENTED_EDGE('',*,*,#2420,.T.);
#3543=ORIENTED_EDGE('',*,*,#2415,.T.);
#3544=ORIENTED_EDGE('',*,*,#2431,.T.);
#3545=ORIENTED_EDGE('',*,*,#2456,.T.);
#3546=ORIENTED_EDGE('',*,*,#2422,.T.);
#3547=ORIENTED_EDGE('',*,*,#2457,.T.);
#3548=ORIENTED_EDGE('',*,*,#2421,.T.);
#3549=ORIENTED_EDGE('',*,*,#2458,.T.);
#3550=ORIENTED_EDGE('',*,*,#2435,.F.);
#3551=ORIENTED_EDGE('',*,*,#2455,.F.);
#3552=ORIENTED_EDGE('',*,*,#2428,.F.);
#3553=ORIENTED_EDGE('',*,*,#2457,.F.);
#3554=ORIENTED_EDGE('',*,*,#2105,.T.);
#3555=ORIENTED_EDGE('',*,*,#2109,.T.);
#3556=ORIENTED_EDGE('',*,*,#2112,.T.);
#3557=ORIENTED_EDGE('',*,*,#2115,.T.);
#3558=ORIENTED_EDGE('',*,*,#2118,.T.);
#3559=ORIENTED_EDGE('',*,*,#2121,.T.);
#3560=ORIENTED_EDGE('',*,*,#2124,.T.);
#3561=ORIENTED_EDGE('',*,*,#2127,.T.);
#3562=ORIENTED_EDGE('',*,*,#2130,.T.);
#3563=ORIENTED_EDGE('',*,*,#2133,.T.);
#3564=ORIENTED_EDGE('',*,*,#2439,.F.);
#3565=ORIENTED_EDGE('',*,*,#2458,.F.);
#3566=ORIENTED_EDGE('',*,*,#2456,.F.);
#3567=ORIENTED_EDGE('',*,*,#2441,.F.);
#3568=ORIENTED_EDGE('',*,*,#2440,.F.);
#3569=ORIENTED_EDGE('',*,*,#2445,.F.);
#3570=ORIENTED_EDGE('',*,*,#2452,.F.);
#3571=ORIENTED_EDGE('',*,*,#2450,.F.);
#3572=ORIENTED_EDGE('',*,*,#2315,.T.);
#3573=ORIENTED_EDGE('',*,*,#2319,.T.);
#3574=ORIENTED_EDGE('',*,*,#2322,.T.);
#3575=ORIENTED_EDGE('',*,*,#2325,.T.);
#3576=ORIENTED_EDGE('',*,*,#2328,.T.);
#3577=ORIENTED_EDGE('',*,*,#2331,.T.);
#3578=ORIENTED_EDGE('',*,*,#2334,.T.);
#3579=ORIENTED_EDGE('',*,*,#2337,.T.);
#3580=ORIENTED_EDGE('',*,*,#2340,.T.);
#3581=ORIENTED_EDGE('',*,*,#2446,.F.);
#3582=ORIENTED_EDGE('',*,*,#2454,.F.);
#3583=ORIENTED_EDGE('',*,*,#2453,.F.);
#3584=ORIENTED_EDGE('',*,*,#2451,.F.);
#3585=ORIENTED_EDGE('',*,*,#2459,.T.);
#3586=ORIENTED_EDGE('',*,*,#2460,.T.);
#3587=ORIENTED_EDGE('',*,*,#2461,.T.);
#3588=ORIENTED_EDGE('',*,*,#2462,.T.);
#3589=ORIENTED_EDGE('',*,*,#2463,.F.);
#3590=ORIENTED_EDGE('',*,*,#2464,.F.);
#3591=ORIENTED_EDGE('',*,*,#2461,.F.);
#3592=ORIENTED_EDGE('',*,*,#2465,.T.);
#3593=ORIENTED_EDGE('',*,*,#2466,.F.);
#3594=ORIENTED_EDGE('',*,*,#2465,.F.);
#3595=ORIENTED_EDGE('',*,*,#2460,.F.);
#3596=ORIENTED_EDGE('',*,*,#2467,.T.);
#3597=ORIENTED_EDGE('',*,*,#2468,.F.);
#3598=ORIENTED_EDGE('',*,*,#2467,.F.);
#3599=ORIENTED_EDGE('',*,*,#2459,.F.);
#3600=ORIENTED_EDGE('',*,*,#2469,.T.);
#3601=ORIENTED_EDGE('',*,*,#2470,.F.);
#3602=ORIENTED_EDGE('',*,*,#2469,.F.);
#3603=ORIENTED_EDGE('',*,*,#2462,.F.);
#3604=ORIENTED_EDGE('',*,*,#2464,.T.);
#3605=ORIENTED_EDGE('',*,*,#2418,.F.);
#3606=ORIENTED_EDGE('',*,*,#2471,.T.);
#3607=ORIENTED_EDGE('',*,*,#2472,.F.);
#3608=ORIENTED_EDGE('',*,*,#2471,.F.);
#3609=ORIENTED_EDGE('',*,*,#2005,.F.);
#3610=ORIENTED_EDGE('',*,*,#2473,.T.);
#3611=ORIENTED_EDGE('',*,*,#2474,.F.);
#3612=ORIENTED_EDGE('',*,*,#2473,.F.);
#3613=ORIENTED_EDGE('',*,*,#2475,.F.);
#3614=ORIENTED_EDGE('',*,*,#2476,.T.);
#3615=ORIENTED_EDGE('',*,*,#2477,.T.);
#3616=ORIENTED_EDGE('',*,*,#2478,.F.);
#3617=ORIENTED_EDGE('',*,*,#2479,.F.);
#3618=ORIENTED_EDGE('',*,*,#2480,.T.);
#3619=ORIENTED_EDGE('',*,*,#2481,.T.);
#3620=ORIENTED_EDGE('',*,*,#2476,.F.);
#3621=ORIENTED_EDGE('',*,*,#2472,.T.);
#3622=ORIENTED_EDGE('',*,*,#2482,.F.);
#3623=ORIENTED_EDGE('',*,*,#2483,.T.);
#3624=ORIENTED_EDGE('',*,*,#2484,.T.);
#3625=ORIENTED_EDGE('',*,*,#2480,.F.);
#3626=ORIENTED_EDGE('',*,*,#2485,.F.);
#3627=ORIENTED_EDGE('',*,*,#2478,.T.);
#3628=ORIENTED_EDGE('',*,*,#2486,.T.);
#3629=ORIENTED_EDGE('',*,*,#2483,.F.);
#3630=ORIENTED_EDGE('',*,*,#2474,.T.);
#3631=ORIENTED_EDGE('',*,*,#2486,.F.);
#3632=ORIENTED_EDGE('',*,*,#2477,.F.);
#3633=ORIENTED_EDGE('',*,*,#2481,.F.);
#3634=ORIENTED_EDGE('',*,*,#2484,.F.);
#3635=ORIENTED_EDGE('',*,*,#2468,.T.);
#3636=ORIENTED_EDGE('',*,*,#2470,.T.);
#3637=ORIENTED_EDGE('',*,*,#2463,.T.);
#3638=ORIENTED_EDGE('',*,*,#2466,.T.);
#3639=ORIENTED_EDGE('',*,*,#2485,.T.);
#3640=ORIENTED_EDGE('',*,*,#2482,.T.);
#3641=ORIENTED_EDGE('',*,*,#2479,.T.);
#3642=ORIENTED_EDGE('',*,*,#2475,.T.);
#3643=ORIENTED_EDGE('',*,*,#1905,.T.);
#3644=ORIENTED_EDGE('',*,*,#1915,.T.);
#3645=ORIENTED_EDGE('',*,*,#1912,.T.);
#3646=ORIENTED_EDGE('',*,*,#1909,.T.);
#3647=ORIENTED_EDGE('',*,*,#1917,.T.);
#3648=ORIENTED_EDGE('',*,*,#1927,.T.);
#3649=ORIENTED_EDGE('',*,*,#1924,.T.);
#3650=ORIENTED_EDGE('',*,*,#1921,.T.);
#3651=PLANE('',#3955);
#3652=PLANE('',#3956);
#3653=PLANE('',#3957);
#3654=PLANE('',#3958);
#3655=PLANE('',#3959);
#3656=PLANE('',#3960);
#3657=PLANE('',#3961);
#3658=PLANE('',#3962);
#3659=PLANE('',#3963);
#3660=PLANE('',#3964);
#3661=PLANE('',#3965);
#3662=PLANE('',#3966);
#3663=PLANE('',#3968);
#3664=PLANE('',#3969);
#3665=PLANE('',#3970);
#3666=PLANE('',#3971);
#3667=PLANE('',#3972);
#3668=PLANE('',#3973);
#3669=PLANE('',#3974);
#3670=PLANE('',#3975);
#3671=PLANE('',#3976);
#3672=PLANE('',#3977);
#3673=PLANE('',#3978);
#3674=PLANE('',#3979);
#3675=PLANE('',#3980);
#3676=PLANE('',#3981);
#3677=PLANE('',#3982);
#3678=PLANE('',#3983);
#3679=PLANE('',#3984);
#3680=PLANE('',#3985);
#3681=PLANE('',#3986);
#3682=PLANE('',#3987);
#3683=PLANE('',#3988);
#3684=PLANE('',#3989);
#3685=PLANE('',#3990);
#3686=PLANE('',#3991);
#3687=PLANE('',#3992);
#3688=PLANE('',#3993);
#3689=PLANE('',#3994);
#3690=PLANE('',#3995);
#3691=PLANE('',#3996);
#3692=PLANE('',#3997);
#3693=PLANE('',#3998);
#3694=PLANE('',#3999);
#3695=PLANE('',#4000);
#3696=PLANE('',#4001);
#3697=PLANE('',#4002);
#3698=PLANE('',#4003);
#3699=PLANE('',#4004);
#3700=PLANE('',#4005);
#3701=PLANE('',#4006);
#3702=PLANE('',#4007);
#3703=PLANE('',#4008);
#3704=PLANE('',#4010);
#3705=PLANE('',#4055);
#3706=PLANE('',#4056);
#3707=PLANE('',#4057);
#3708=PLANE('',#4058);
#3709=PLANE('',#4059);
#3710=PLANE('',#4060);
#3711=PLANE('',#4061);
#3712=PLANE('',#4062);
#3713=PLANE('',#4063);
#3714=PLANE('',#4064);
#3715=PLANE('',#4069);
#3716=PLANE('',#4070);
#3717=PLANE('',#4071);
#3718=PLANE('',#4072);
#3719=PLANE('',#4073);
#3720=PLANE('',#4074);
#3721=ADVANCED_FACE('',(#469),#3651,.F.);
#3722=ADVANCED_FACE('',(#470),#3652,.F.);
#3723=ADVANCED_FACE('',(#471),#3653,.F.);
#3724=ADVANCED_FACE('',(#472),#3654,.F.);
#3725=ADVANCED_FACE('',(#473),#3655,.F.);
#3726=ADVANCED_FACE('',(#474),#3656,.F.);
#3727=ADVANCED_FACE('',(#475),#3657,.F.);
#3728=ADVANCED_FACE('',(#476),#3658,.F.);
#3729=ADVANCED_FACE('',(#477),#3659,.F.);
#3730=ADVANCED_FACE('',(#478),#3660,.F.);
#3731=ADVANCED_FACE('',(#479),#341,.T.);
#3732=ADVANCED_FACE('',(#480),#342,.T.);
#3733=ADVANCED_FACE('',(#481),#343,.T.);
#3734=ADVANCED_FACE('',(#482),#344,.T.);
#3735=ADVANCED_FACE('',(#483),#345,.T.);
#3736=ADVANCED_FACE('',(#484),#346,.T.);
#3737=ADVANCED_FACE('',(#485),#347,.T.);
#3738=ADVANCED_FACE('',(#486),#348,.T.);
#3739=ADVANCED_FACE('',(#487),#349,.T.);
#3740=ADVANCED_FACE('',(#488),#350,.T.);
#3741=ADVANCED_FACE('',(#489),#351,.T.);
#3742=ADVANCED_FACE('',(#490),#352,.T.);
#3743=ADVANCED_FACE('',(#491),#353,.T.);
#3744=ADVANCED_FACE('',(#492),#354,.T.);
#3745=ADVANCED_FACE('',(#493),#355,.T.);
#3746=ADVANCED_FACE('',(#494),#356,.T.);
#3747=ADVANCED_FACE('',(#495),#357,.T.);
#3748=ADVANCED_FACE('',(#496),#358,.T.);
#3749=ADVANCED_FACE('',(#497),#359,.T.);
#3750=ADVANCED_FACE('',(#498),#360,.T.);
#3751=ADVANCED_FACE('',(#499,#65),#3661,.T.);
#3752=ADVANCED_FACE('',(#500,#66,#67,#68,#69),#3662,.T.);
#3753=ADVANCED_FACE('',(#501),#3663,.T.);
#3754=ADVANCED_FACE('',(#502),#361,.T.);
#3755=ADVANCED_FACE('',(#503),#362,.T.);
#3756=ADVANCED_FACE('',(#504),#363,.T.);
#3757=ADVANCED_FACE('',(#505),#364,.T.);
#3758=ADVANCED_FACE('',(#506),#365,.T.);
#3759=ADVANCED_FACE('',(#507),#366,.T.);
#3760=ADVANCED_FACE('',(#508),#3664,.T.);
#3761=ADVANCED_FACE('',(#509),#3665,.T.);
#3762=ADVANCED_FACE('',(#510),#3666,.T.);
#3763=ADVANCED_FACE('',(#511),#367,.T.);
#3764=ADVANCED_FACE('',(#512),#368,.T.);
#3765=ADVANCED_FACE('',(#513),#369,.T.);
#3766=ADVANCED_FACE('',(#514),#370,.T.);
#3767=ADVANCED_FACE('',(#515),#371,.T.);
#3768=ADVANCED_FACE('',(#516),#372,.T.);
#3769=ADVANCED_FACE('',(#517),#373,.T.);
#3770=ADVANCED_FACE('',(#518),#3667,.T.);
#3771=ADVANCED_FACE('',(#519),#3668,.T.);
#3772=ADVANCED_FACE('',(#520),#3669,.T.);
#3773=ADVANCED_FACE('',(#521),#3670,.T.);
#3774=ADVANCED_FACE('',(#522),#374,.T.);
#3775=ADVANCED_FACE('',(#523),#375,.T.);
#3776=ADVANCED_FACE('',(#524),#376,.T.);
#3777=ADVANCED_FACE('',(#525),#377,.T.);
#3778=ADVANCED_FACE('',(#526),#378,.T.);
#3779=ADVANCED_FACE('',(#527),#379,.T.);
#3780=ADVANCED_FACE('',(#528),#380,.T.);
#3781=ADVANCED_FACE('',(#529),#381,.T.);
#3782=ADVANCED_FACE('',(#530),#382,.T.);
#3783=ADVANCED_FACE('',(#531),#383,.T.);
#3784=ADVANCED_FACE('',(#532),#384,.T.);
#3785=ADVANCED_FACE('',(#533),#3671,.T.);
#3786=ADVANCED_FACE('',(#534,#70,#71),#3672,.T.);
#3787=ADVANCED_FACE('',(#535),#3673,.T.);
#3788=ADVANCED_FACE('',(#536),#3674,.T.);
#3789=ADVANCED_FACE('',(#537),#3675,.T.);
#3790=ADVANCED_FACE('',(#538),#385,.T.);
#3791=ADVANCED_FACE('',(#539),#386,.T.);
#3792=ADVANCED_FACE('',(#540),#387,.T.);
#3793=ADVANCED_FACE('',(#541),#388,.T.);
#3794=ADVANCED_FACE('',(#542),#389,.T.);
#3795=ADVANCED_FACE('',(#543),#390,.T.);
#3796=ADVANCED_FACE('',(#544),#391,.T.);
#3797=ADVANCED_FACE('',(#545),#3676,.T.);
#3798=ADVANCED_FACE('',(#546),#3677,.T.);
#3799=ADVANCED_FACE('',(#547),#3678,.T.);
#3800=ADVANCED_FACE('',(#548),#3679,.T.);
#3801=ADVANCED_FACE('',(#549),#392,.T.);
#3802=ADVANCED_FACE('',(#550),#393,.T.);
#3803=ADVANCED_FACE('',(#551),#394,.T.);
#3804=ADVANCED_FACE('',(#552),#395,.T.);
#3805=ADVANCED_FACE('',(#553),#396,.T.);
#3806=ADVANCED_FACE('',(#554),#397,.T.);
#3807=ADVANCED_FACE('',(#555),#398,.T.);
#3808=ADVANCED_FACE('',(#556),#399,.T.);
#3809=ADVANCED_FACE('',(#557),#400,.T.);
#3810=ADVANCED_FACE('',(#558),#3680,.T.);
#3811=ADVANCED_FACE('',(#559,#72),#3681,.T.);
#3812=ADVANCED_FACE('',(#560),#3682,.T.);
#3813=ADVANCED_FACE('',(#561),#3683,.T.);
#3814=ADVANCED_FACE('',(#562),#3684,.T.);
#3815=ADVANCED_FACE('',(#563),#401,.T.);
#3816=ADVANCED_FACE('',(#564),#402,.T.);
#3817=ADVANCED_FACE('',(#565),#403,.T.);
#3818=ADVANCED_FACE('',(#566),#404,.T.);
#3819=ADVANCED_FACE('',(#567),#405,.T.);
#3820=ADVANCED_FACE('',(#568),#406,.T.);
#3821=ADVANCED_FACE('',(#569),#3685,.T.);
#3822=ADVANCED_FACE('',(#570),#3686,.T.);
#3823=ADVANCED_FACE('',(#571),#3687,.T.);
#3824=ADVANCED_FACE('',(#572),#407,.T.);
#3825=ADVANCED_FACE('',(#573),#408,.T.);
#3826=ADVANCED_FACE('',(#574),#409,.T.);
#3827=ADVANCED_FACE('',(#575),#410,.T.);
#3828=ADVANCED_FACE('',(#576),#411,.T.);
#3829=ADVANCED_FACE('',(#577),#3688,.T.);
#3830=ADVANCED_FACE('',(#578),#3689,.T.);
#3831=ADVANCED_FACE('',(#579),#3690,.T.);
#3832=ADVANCED_FACE('',(#580),#412,.T.);
#3833=ADVANCED_FACE('',(#581),#413,.T.);
#3834=ADVANCED_FACE('',(#582),#414,.T.);
#3835=ADVANCED_FACE('',(#583),#415,.T.);
#3836=ADVANCED_FACE('',(#584),#416,.T.);
#3837=ADVANCED_FACE('',(#585),#417,.T.);
#3838=ADVANCED_FACE('',(#586),#418,.T.);
#3839=ADVANCED_FACE('',(#587),#419,.T.);
#3840=ADVANCED_FACE('',(#588),#420,.T.);
#3841=ADVANCED_FACE('',(#589),#421,.T.);
#3842=ADVANCED_FACE('',(#590),#422,.T.);
#3843=ADVANCED_FACE('',(#591),#423,.T.);
#3844=ADVANCED_FACE('',(#592),#424,.T.);
#3845=ADVANCED_FACE('',(#593),#425,.T.);
#3846=ADVANCED_FACE('',(#594),#426,.T.);
#3847=ADVANCED_FACE('',(#595),#427,.T.);
#3848=ADVANCED_FACE('',(#596),#428,.T.);
#3849=ADVANCED_FACE('',(#597),#429,.T.);
#3850=ADVANCED_FACE('',(#598),#3691,.T.);
#3851=ADVANCED_FACE('',(#599),#430,.T.);
#3852=ADVANCED_FACE('',(#600),#431,.T.);
#3853=ADVANCED_FACE('',(#601),#432,.T.);
#3854=ADVANCED_FACE('',(#602),#433,.T.);
#3855=ADVANCED_FACE('',(#603),#434,.T.);
#3856=ADVANCED_FACE('',(#604),#435,.T.);
#3857=ADVANCED_FACE('',(#605),#436,.T.);
#3858=ADVANCED_FACE('',(#606),#437,.T.);
#3859=ADVANCED_FACE('',(#607),#438,.T.);
#3860=ADVANCED_FACE('',(#608),#439,.T.);
#3861=ADVANCED_FACE('',(#609),#440,.T.);
#3862=ADVANCED_FACE('',(#610),#441,.T.);
#3863=ADVANCED_FACE('',(#611),#442,.T.);
#3864=ADVANCED_FACE('',(#612),#443,.T.);
#3865=ADVANCED_FACE('',(#613),#444,.T.);
#3866=ADVANCED_FACE('',(#614),#3692,.T.);
#3867=ADVANCED_FACE('',(#615),#3693,.T.);
#3868=ADVANCED_FACE('',(#616),#445,.T.);
#3869=ADVANCED_FACE('',(#617),#446,.T.);
#3870=ADVANCED_FACE('',(#618),#447,.T.);
#3871=ADVANCED_FACE('',(#619),#448,.T.);
#3872=ADVANCED_FACE('',(#620),#449,.T.);
#3873=ADVANCED_FACE('',(#621),#450,.T.);
#3874=ADVANCED_FACE('',(#622),#3694,.T.);
#3875=ADVANCED_FACE('',(#623),#3695,.T.);
#3876=ADVANCED_FACE('',(#624),#3696,.T.);
#3877=ADVANCED_FACE('',(#625),#451,.T.);
#3878=ADVANCED_FACE('',(#626),#452,.T.);
#3879=ADVANCED_FACE('',(#627),#453,.T.);
#3880=ADVANCED_FACE('',(#628),#454,.T.);
#3881=ADVANCED_FACE('',(#629),#455,.T.);
#3882=ADVANCED_FACE('',(#630),#456,.T.);
#3883=ADVANCED_FACE('',(#631),#457,.T.);
#3884=ADVANCED_FACE('',(#632),#3697,.T.);
#3885=ADVANCED_FACE('',(#633),#3698,.T.);
#3886=ADVANCED_FACE('',(#634),#3699,.T.);
#3887=ADVANCED_FACE('',(#635),#3700,.T.);
#3888=ADVANCED_FACE('',(#636),#458,.T.);
#3889=ADVANCED_FACE('',(#637),#459,.T.);
#3890=ADVANCED_FACE('',(#638),#460,.T.);
#3891=ADVANCED_FACE('',(#639),#461,.T.);
#3892=ADVANCED_FACE('',(#640),#462,.T.);
#3893=ADVANCED_FACE('',(#641),#463,.T.);
#3894=ADVANCED_FACE('',(#642),#464,.T.);
#3895=ADVANCED_FACE('',(#643),#465,.T.);
#3896=ADVANCED_FACE('',(#644),#466,.T.);
#3897=ADVANCED_FACE('',(#645),#467,.T.);
#3898=ADVANCED_FACE('',(#646),#468,.T.);
#3899=ADVANCED_FACE('',(#647),#3701,.T.);
#3900=ADVANCED_FACE('',(#648,#73,#74),#3702,.T.);
#3901=ADVANCED_FACE('',(#649,#75,#76,#77,#78),#3703,.T.);
#3902=ADVANCED_FACE('',(#650),#3704,.T.);
#3903=ADVANCED_FACE('',(#651),#29,.T.);
#3904=ADVANCED_FACE('',(#652),#30,.T.);
#3905=ADVANCED_FACE('',(#653),#31,.T.);
#3906=ADVANCED_FACE('',(#654),#15,.T.);
#3907=ADVANCED_FACE('',(#655),#32,.T.);
#3908=ADVANCED_FACE('',(#656),#33,.T.);
#3909=ADVANCED_FACE('',(#657),#16,.T.);
#3910=ADVANCED_FACE('',(#658),#34,.T.);
#3911=ADVANCED_FACE('',(#659),#17,.T.);
#3912=ADVANCED_FACE('',(#660),#18,.T.);
#3913=ADVANCED_FACE('',(#661),#35,.T.);
#3914=ADVANCED_FACE('',(#662),#19,.T.);
#3915=ADVANCED_FACE('',(#663),#20,.T.);
#3916=ADVANCED_FACE('',(#664),#36,.T.);
#3917=ADVANCED_FACE('',(#665),#21,.T.);
#3918=ADVANCED_FACE('',(#666),#22,.T.);
#3919=ADVANCED_FACE('',(#667),#23,.T.);
#3920=ADVANCED_FACE('',(#668),#24,.T.);
#3921=ADVANCED_FACE('',(#669),#25,.T.);
#3922=ADVANCED_FACE('',(#670),#26,.T.);
#3923=ADVANCED_FACE('',(#671),#3705,.T.);
#3924=ADVANCED_FACE('',(#672),#3706,.T.);
#3925=ADVANCED_FACE('',(#673),#3707,.F.);
#3926=ADVANCED_FACE('',(#674),#3708,.T.);
#3927=ADVANCED_FACE('',(#675),#3709,.T.);
#3928=ADVANCED_FACE('',(#676,#79),#3710,.T.);
#3929=ADVANCED_FACE('',(#677),#3711,.F.);
#3930=ADVANCED_FACE('',(#678),#3712,.F.);
#3931=ADVANCED_FACE('',(#679),#3713,.F.);
#3932=ADVANCED_FACE('',(#680),#3714,.F.);
#3933=ADVANCED_FACE('',(#681),#27,.F.);
#3934=ADVANCED_FACE('',(#682),#28,.F.);
#3935=ADVANCED_FACE('',(#683),#3715,.F.);
#3936=ADVANCED_FACE('',(#684,#80),#3716,.F.);
#3937=ADVANCED_FACE('',(#685),#3717,.F.);
#3938=ADVANCED_FACE('',(#686,#81),#3718,.F.);
#3939=ADVANCED_FACE('',(#687,#82),#3719,.F.);
#3940=ADVANCED_FACE('',(#688,#83,#84),#3720,.T.);
#3941=CLOSED_SHELL('',(#3721,#3722,#3723,#3724,#3725,#3726,#3727,#3728,
#3729,#3730,#3731,#3732,#3733,#3734,#3735,#3736,#3737,#3738,#3739,#3740,
#3741,#3742,#3743,#3744,#3745,#3746,#3747,#3748,#3749,#3750,#3751,#3752,
#3753,#3754,#3755,#3756,#3757,#3758,#3759,#3760,#3761,#3762,#3763,#3764,
#3765,#3766,#3767,#3768,#3769,#3770,#3771,#3772,#3773,#3774,#3775,#3776,
#3777,#3778,#3779,#3780,#3781,#3782,#3783,#3784,#3785,#3786,#3787,#3788,
#3789,#3790,#3791,#3792,#3793,#3794,#3795,#3796,#3797,#3798,#3799,#3800,
#3801,#3802,#3803,#3804,#3805,#3806,#3807,#3808,#3809,#3810,#3811,#3812,
#3813,#3814,#3815,#3816,#3817,#3818,#3819,#3820,#3821,#3822,#3823,#3824,
#3825,#3826,#3827,#3828,#3829,#3830,#3831,#3832,#3833,#3834,#3835,#3836,
#3837,#3838,#3839,#3840,#3841,#3842,#3843,#3844,#3845,#3846,#3847,#3848,
#3849,#3850,#3851,#3852,#3853,#3854,#3855,#3856,#3857,#3858,#3859,#3860,
#3861,#3862,#3863,#3864,#3865,#3866,#3867,#3868,#3869,#3870,#3871,#3872,
#3873,#3874,#3875,#3876,#3877,#3878,#3879,#3880,#3881,#3882,#3883,#3884,
#3885,#3886,#3887,#3888,#3889,#3890,#3891,#3892,#3893,#3894,#3895,#3896,
#3897,#3898,#3899,#3900,#3901,#3902,#3903,#3904,#3905,#3906,#3907,#3908,
#3909,#3910,#3911,#3912,#3913,#3914,#3915,#3916,#3917,#3918,#3919,#3920,
#3921,#3922,#3923,#3924,#3925,#3926,#3927,#3928,#3929,#3930,#3931,#3932,
#3933,#3934,#3935,#3936,#3937,#3938,#3939,#3940));
#3942=DERIVED_UNIT_ELEMENT(#3944,1.);
#3943=DERIVED_UNIT_ELEMENT(#7979,-3.);
#3944=(
MASS_UNIT()
NAMED_UNIT(*)
SI_UNIT(.KILO.,.GRAM.)
);
#3945=DERIVED_UNIT((#3942,#3943));
#3946=MEASURE_REPRESENTATION_ITEM('density measure',
POSITIVE_RATIO_MEASURE(7850.),#3945);
#3947=PROPERTY_DEFINITION_REPRESENTATION(#3952,#3949);
#3948=PROPERTY_DEFINITION_REPRESENTATION(#3953,#3950);
#3949=REPRESENTATION('material name',(#3951),#7976);
#3950=REPRESENTATION('density',(#3946),#7976);
#3951=DESCRIPTIVE_REPRESENTATION_ITEM('Acier','Acier');
#3952=PROPERTY_DEFINITION('material property','material name',#7986);
#3953=PROPERTY_DEFINITION('material property','density of part',#7986);
#3954=AXIS2_PLACEMENT_3D('',#4615,#4075,#4076);
#3955=AXIS2_PLACEMENT_3D('',#4616,#4077,#4078);
#3956=AXIS2_PLACEMENT_3D('',#4625,#4083,#4084);
#3957=AXIS2_PLACEMENT_3D('',#4631,#4088,#4089);
#3958=AXIS2_PLACEMENT_3D('',#4637,#4093,#4094);
#3959=AXIS2_PLACEMENT_3D('',#4640,#4097,#4098);
#3960=AXIS2_PLACEMENT_3D('',#4641,#4099,#4100);
#3961=AXIS2_PLACEMENT_3D('',#4650,#4105,#4106);
#3962=AXIS2_PLACEMENT_3D('',#4656,#4110,#4111);
#3963=AXIS2_PLACEMENT_3D('',#4662,#4115,#4116);
#3964=AXIS2_PLACEMENT_3D('',#4665,#4119,#4120);
#3965=AXIS2_PLACEMENT_3D('',#5126,#4141,#4142);
#3966=AXIS2_PLACEMENT_3D('',#5127,#4143,#4144);
#3967=AXIS2_PLACEMENT_3D('',#5197,#4152,#4153);
#3968=AXIS2_PLACEMENT_3D('',#5270,#4157,#4158);
#3969=AXIS2_PLACEMENT_3D('',#5417,#4169,#4170);
#3970=AXIS2_PLACEMENT_3D('',#5423,#4174,#4175);
#3971=AXIS2_PLACEMENT_3D('',#5426,#4178,#4179);
#3972=AXIS2_PLACEMENT_3D('',#5596,#4191,#4192);
#3973=AXIS2_PLACEMENT_3D('',#5602,#4196,#4197);
#3974=AXIS2_PLACEMENT_3D('',#5605,#4200,#4201);
#3975=AXIS2_PLACEMENT_3D('',#5611,#4205,#4206);
#3976=AXIS2_PLACEMENT_3D('',#5802,#4220,#4221);
#3977=AXIS2_PLACEMENT_3D('',#5804,#4223,#4224);
#3978=AXIS2_PLACEMENT_3D('',#5805,#4225,#4226);
#3979=AXIS2_PLACEMENT_3D('',#5806,#4227,#4228);
#3980=AXIS2_PLACEMENT_3D('',#5807,#4229,#4230);
#3981=AXIS2_PLACEMENT_3D('',#5977,#4242,#4243);
#3982=AXIS2_PLACEMENT_3D('',#5983,#4247,#4248);
#3983=AXIS2_PLACEMENT_3D('',#5986,#4251,#4252);
#3984=AXIS2_PLACEMENT_3D('',#5992,#4256,#4257);
#3985=AXIS2_PLACEMENT_3D('',#6149,#4269,#4270);
#3986=AXIS2_PLACEMENT_3D('',#6151,#4272,#4273);
#3987=AXIS2_PLACEMENT_3D('',#6152,#4274,#4275);
#3988=AXIS2_PLACEMENT_3D('',#6153,#4276,#4277);
#3989=AXIS2_PLACEMENT_3D('',#6162,#4282,#4283);
#3990=AXIS2_PLACEMENT_3D('',#6306,#4293,#4294);
#3991=AXIS2_PLACEMENT_3D('',#6312,#4298,#4299);
#3992=AXIS2_PLACEMENT_3D('',#6318,#4303,#4304);
#3993=AXIS2_PLACEMENT_3D('',#6439,#4313,#4314);
#3994=AXIS2_PLACEMENT_3D('',#6442,#4317,#4318);
#3995=AXIS2_PLACEMENT_3D('',#6443,#4319,#4320);
#3996=AXIS2_PLACEMENT_3D('',#6866,#4343,#4344);
#3997=AXIS2_PLACEMENT_3D('',#7214,#4362,#4363);
#3998=AXIS2_PLACEMENT_3D('',#7215,#4364,#4365);
#3999=AXIS2_PLACEMENT_3D('',#7362,#4376,#4377);
#4000=AXIS2_PLACEMENT_3D('',#7368,#4381,#4382);
#4001=AXIS2_PLACEMENT_3D('',#7371,#4385,#4386);
#4002=AXIS2_PLACEMENT_3D('',#7541,#4398,#4399);
#4003=AXIS2_PLACEMENT_3D('',#7547,#4403,#4404);
#4004=AXIS2_PLACEMENT_3D('',#7550,#4407,#4408);
#4005=AXIS2_PLACEMENT_3D('',#7559,#4413,#4414);
#4006=AXIS2_PLACEMENT_3D('',#7818,#4429,#4430);
#4007=AXIS2_PLACEMENT_3D('',#7821,#4433,#4434);
#4008=AXIS2_PLACEMENT_3D('',#7822,#4435,#4436);
#4009=AXIS2_PLACEMENT_3D('',#7832,#4441,#4442);
#4010=AXIS2_PLACEMENT_3D('',#7833,#4443,#4444);
#4011=AXIS2_PLACEMENT_3D('',#7834,#4445,#4446);
#4012=AXIS2_PLACEMENT_3D('',#7836,#4447,#4448);
#4013=AXIS2_PLACEMENT_3D('',#7838,#4449,#4450);
#4014=AXIS2_PLACEMENT_3D('',#7839,#4451,#4452);
#4015=AXIS2_PLACEMENT_3D('',#7840,#4453,#4454);
#4016=AXIS2_PLACEMENT_3D('',#7843,#4455,#4456);
#4017=AXIS2_PLACEMENT_3D('',#7844,#4457,#4458);
#4018=AXIS2_PLACEMENT_3D('',#7845,#4459,#4460);
#4019=AXIS2_PLACEMENT_3D('',#7846,#4461,#4462);
#4020=AXIS2_PLACEMENT_3D('',#7848,#4463,#4464);
#4021=AXIS2_PLACEMENT_3D('',#7850,#4465,#4466);
#4022=AXIS2_PLACEMENT_3D('',#7851,#4467,#4468);
#4023=AXIS2_PLACEMENT_3D('',#7852,#4469,#4470);
#4024=AXIS2_PLACEMENT_3D('',#7854,#4472,#4473);
#4025=AXIS2_PLACEMENT_3D('',#7856,#4474,#4475);
#4026=AXIS2_PLACEMENT_3D('',#7858,#4476,#4477);
#4027=AXIS2_PLACEMENT_3D('',#7859,#4478,#4479);
#4028=AXIS2_PLACEMENT_3D('',#7860,#4480,#4481);
#4029=AXIS2_PLACEMENT_3D('',#7863,#4482,#4483);
#4030=AXIS2_PLACEMENT_3D('',#7864,#4484,#4485);
#4031=AXIS2_PLACEMENT_3D('',#7865,#4486,#4487);
#4032=AXIS2_PLACEMENT_3D('',#7866,#4488,#4489);
#4033=AXIS2_PLACEMENT_3D('',#7868,#4491,#4492);
#4034=AXIS2_PLACEMENT_3D('',#7870,#4493,#4494);
#4035=AXIS2_PLACEMENT_3D('',#7872,#4495,#4496);
#4036=AXIS2_PLACEMENT_3D('',#7873,#4497,#4498);
#4037=AXIS2_PLACEMENT_3D('',#7874,#4499,#4500);
#4038=AXIS2_PLACEMENT_3D('',#7876,#4502,#4503);
#4039=AXIS2_PLACEMENT_3D('',#7879,#4506,#4507);
#4040=AXIS2_PLACEMENT_3D('',#7882,#4508,#4509);
#4041=AXIS2_PLACEMENT_3D('',#7883,#4510,#4511);
#4042=AXIS2_PLACEMENT_3D('',#7884,#4512,#4513);
#4043=AXIS2_PLACEMENT_3D('',#7885,#4514,#4515);
#4044=AXIS2_PLACEMENT_3D('',#7887,#4517,#4518);
#4045=AXIS2_PLACEMENT_3D('',#7889,#4520,#4521);
#4046=AXIS2_PLACEMENT_3D('',#7891,#4522,#4523);
#4047=AXIS2_PLACEMENT_3D('',#7893,#4524,#4525);
#4048=AXIS2_PLACEMENT_3D('',#7894,#4526,#4527);
#4049=AXIS2_PLACEMENT_3D('',#7895,#4528,#4529);
#4050=AXIS2_PLACEMENT_3D('',#7897,#4531,#4532);
#4051=AXIS2_PLACEMENT_3D('',#7900,#4535,#4536);
#4052=AXIS2_PLACEMENT_3D('',#7902,#4538,#4539);
#4053=AXIS2_PLACEMENT_3D('',#7905,#4542,#4543);
#4054=AXIS2_PLACEMENT_3D('',#7907,#4545,#4546);
#4055=AXIS2_PLACEMENT_3D('',#7910,#4549,#4550);
#4056=AXIS2_PLACEMENT_3D('',#7911,#4551,#4552);
#4057=AXIS2_PLACEMENT_3D('',#7912,#4553,#4554);
#4058=AXIS2_PLACEMENT_3D('',#7913,#4555,#4556);
#4059=AXIS2_PLACEMENT_3D('',#7914,#4557,#4558);
#4060=AXIS2_PLACEMENT_3D('',#7915,#4559,#4560);
#4061=AXIS2_PLACEMENT_3D('',#7924,#4565,#4566);
#4062=AXIS2_PLACEMENT_3D('',#7930,#4570,#4571);
#4063=AXIS2_PLACEMENT_3D('',#7934,#4574,#4575);
#4064=AXIS2_PLACEMENT_3D('',#7938,#4578,#4579);
#4065=AXIS2_PLACEMENT_3D('',#7940,#4581,#4582);
#4066=AXIS2_PLACEMENT_3D('',#7943,#4584,#4585);
#4067=AXIS2_PLACEMENT_3D('',#7944,#4586,#4587);
#4068=AXIS2_PLACEMENT_3D('',#7947,#4589,#4590);
#4069=AXIS2_PLACEMENT_3D('',#7948,#4591,#4592);
#4070=AXIS2_PLACEMENT_3D('',#7957,#4597,#4598);
#4071=AXIS2_PLACEMENT_3D('',#7963,#4602,#4603);
#4072=AXIS2_PLACEMENT_3D('',#7969,#4607,#4608);
#4073=AXIS2_PLACEMENT_3D('',#7972,#4611,#4612);
#4074=AXIS2_PLACEMENT_3D('',#7973,#4613,#4614);
#4075=DIRECTION('axis',(0.,0.,1.));
#4076=DIRECTION('refdir',(1.,0.,0.));
#4077=DIRECTION('center_axis',(1.,0.,0.));
#4078=DIRECTION('ref_axis',(0.,-1.,0.));
#4079=DIRECTION('',(0.,-1.,0.));
#4080=DIRECTION('',(0.,0.,-1.));
#4081=DIRECTION('',(0.,-1.,0.));
#4082=DIRECTION('',(0.,0.,-1.));
#4083=DIRECTION('center_axis',(0.,1.,0.));
#4084=DIRECTION('ref_axis',(1.,0.,0.));
#4085=DIRECTION('',(1.,0.,0.));
#4086=DIRECTION('',(0.,0.,-1.));
#4087=DIRECTION('',(1.,0.,0.));
#4088=DIRECTION('center_axis',(-1.,0.,0.));
#4089=DIRECTION('ref_axis',(0.,1.,0.));
#4090=DIRECTION('',(0.,1.,0.));
#4091=DIRECTION('',(0.,0.,-1.));
#4092=DIRECTION('',(0.,1.,0.));
#4093=DIRECTION('center_axis',(1.77635683940025E-16,-1.,0.));
#4094=DIRECTION('ref_axis',(-1.,-1.77635683940025E-16,0.));
#4095=DIRECTION('',(-1.,-1.77635683940025E-16,0.));
#4096=DIRECTION('',(-1.,-1.77635683940025E-16,0.));
#4097=DIRECTION('center_axis',(0.,0.,-1.));
#4098=DIRECTION('ref_axis',(-1.,0.,0.));
#4099=DIRECTION('center_axis',(0.,1.,0.));
#4100=DIRECTION('ref_axis',(1.,0.,0.));
#4101=DIRECTION('',(1.,0.,0.));
#4102=DIRECTION('',(0.,0.,-1.));
#4103=DIRECTION('',(1.,0.,0.));
#4104=DIRECTION('',(0.,0.,-1.));
#4105=DIRECTION('center_axis',(-1.,0.,0.));
#4106=DIRECTION('ref_axis',(0.,1.,0.));
#4107=DIRECTION('',(0.,1.,0.));
#4108=DIRECTION('',(0.,0.,-1.));
#4109=DIRECTION('',(0.,1.,0.));
#4110=DIRECTION('center_axis',(0.,-1.,0.));
#4111=DIRECTION('ref_axis',(-1.,0.,0.));
#4112=DIRECTION('',(-1.,0.,0.));
#4113=DIRECTION('',(0.,0.,-1.));
#4114=DIRECTION('',(-1.,0.,0.));
#4115=DIRECTION('center_axis',(1.,0.,0.));
#4116=DIRECTION('ref_axis',(0.,-1.,0.));
#4117=DIRECTION('',(0.,-1.,0.));
#4118=DIRECTION('',(0.,-1.,0.));
#4119=DIRECTION('center_axis',(0.,0.,-1.));
#4120=DIRECTION('ref_axis',(-1.,0.,0.));
#4121=DIRECTION('',(-1.,0.,0.));
#4122=DIRECTION('',(-1.,0.,0.));
#4123=DIRECTION('',(-1.,0.,0.));
#4124=DIRECTION('',(-1.,0.,0.));
#4125=DIRECTION('',(-1.,0.,0.));
#4126=DIRECTION('',(-1.,0.,0.));
#4127=DIRECTION('',(-1.,0.,0.));
#4128=DIRECTION('',(-1.,0.,0.));
#4129=DIRECTION('',(-1.,0.,0.));
#4130=DIRECTION('',(-1.,0.,0.));
#4131=DIRECTION('',(-1.,0.,0.));
#4132=DIRECTION('',(-1.,0.,0.));
#4133=DIRECTION('',(-1.,0.,0.));
#4134=DIRECTION('',(-1.,0.,0.));
#4135=DIRECTION('',(-1.,0.,0.));
#4136=DIRECTION('',(-1.,0.,0.));
#4137=DIRECTION('',(-1.,0.,0.));
#4138=DIRECTION('',(-1.,0.,0.));
#4139=DIRECTION('',(-1.,0.,0.));
#4140=DIRECTION('',(-1.,0.,0.));
#4141=DIRECTION('center_axis',(-1.,0.,0.));
#4142=DIRECTION('ref_axis',(0.,-1.,0.));
#4143=DIRECTION('center_axis',(-1.,0.,0.));
#4144=DIRECTION('ref_axis',(0.,-1.,0.));
#4145=DIRECTION('',(0.,0.,1.));
#4146=DIRECTION('',(0.,1.,0.));
#4147=DIRECTION('',(0.,0.,-1.));
#4148=DIRECTION('',(0.,-1.,0.));
#4149=DIRECTION('',(0.,0.,1.));
#4150=DIRECTION('',(0.,-1.,0.));
#4151=DIRECTION('',(0.,1.,0.));
#4152=DIRECTION('center_axis',(1.,0.,0.));
#4153=DIRECTION('ref_axis',(0.,-1.,0.));
#4154=DIRECTION('',(0.,0.,1.));
#4155=DIRECTION('',(0.,-1.,0.));
#4156=DIRECTION('',(0.,1.,0.));
#4157=DIRECTION('center_axis',(0.,0.,1.));
#4158=DIRECTION('ref_axis',(0.,1.,0.));
#4159=DIRECTION('',(0.,-1.,0.));
#4160=DIRECTION('',(-1.,0.,0.));
#4161=DIRECTION('',(0.,1.,0.));
#4162=DIRECTION('',(-1.,0.,0.));
#4163=DIRECTION('',(-1.,0.,0.));
#4164=DIRECTION('',(-1.,0.,0.));
#4165=DIRECTION('',(-1.,0.,0.));
#4166=DIRECTION('',(-1.,0.,0.));
#4167=DIRECTION('',(-1.,0.,0.));
#4168=DIRECTION('',(-1.,0.,0.));
#4169=DIRECTION('center_axis',(0.,0.,-1.));
#4170=DIRECTION('ref_axis',(0.,-1.,0.));
#4171=DIRECTION('',(0.,1.,0.));
#4172=DIRECTION('',(0.,-1.,0.));
#4173=DIRECTION('',(-1.,0.,0.));
#4174=DIRECTION('center_axis',(0.,-1.,0.));
#4175=DIRECTION('ref_axis',(0.,0.,1.));
#4176=DIRECTION('',(0.,0.,-1.));
#4177=DIRECTION('',(0.,0.,1.));
#4178=DIRECTION('center_axis',(0.,0.,1.));
#4179=DIRECTION('ref_axis',(0.,1.,0.));
#4180=DIRECTION('',(0.,-1.,0.));
#4181=DIRECTION('',(-1.,0.,0.));
#4182=DIRECTION('',(0.,1.,0.));
#4183=DIRECTION('',(-1.,0.,0.));
#4184=DIRECTION('',(-1.,0.,0.));
#4185=DIRECTION('',(-1.,0.,0.));
#4186=DIRECTION('',(-1.,0.,0.));
#4187=DIRECTION('',(-1.,0.,0.));
#4188=DIRECTION('',(-1.,0.,0.));
#4189=DIRECTION('',(-1.,0.,0.));
#4190=DIRECTION('',(-1.,0.,0.));
#4191=DIRECTION('center_axis',(0.,0.,-1.));
#4192=DIRECTION('ref_axis',(0.,-1.,0.));
#4193=DIRECTION('',(0.,1.,0.));
#4194=DIRECTION('',(0.,-1.,0.));
#4195=DIRECTION('',(-1.,0.,0.));
#4196=DIRECTION('center_axis',(0.,-1.,0.));
#4197=DIRECTION('ref_axis',(0.,0.,1.));
#4198=DIRECTION('',(0.,0.,-1.));
#4199=DIRECTION('',(0.,0.,1.));
#4200=DIRECTION('center_axis',(0.,1.,0.));
#4201=DIRECTION('ref_axis',(0.,0.,-1.));
#4202=DIRECTION('',(-1.,0.,0.));
#4203=DIRECTION('',(0.,0.,-1.));
#4204=DIRECTION('',(-1.,0.,0.));
#4205=DIRECTION('center_axis',(0.,0.,1.));
#4206=DIRECTION('ref_axis',(0.,1.,0.));
#4207=DIRECTION('',(0.,1.,0.));
#4208=DIRECTION('',(-1.,0.,0.));
#4209=DIRECTION('',(-1.,0.,0.));
#4210=DIRECTION('',(-1.,0.,0.));
#4211=DIRECTION('',(-1.,0.,0.));
#4212=DIRECTION('',(-1.,0.,0.));
#4213=DIRECTION('',(-1.,0.,0.));
#4214=DIRECTION('',(-1.,0.,0.));
#4215=DIRECTION('',(-1.,0.,0.));
#4216=DIRECTION('',(-1.,0.,0.));
#4217=DIRECTION('',(-1.,0.,0.));
#4218=DIRECTION('',(-1.,0.,0.));
#4219=DIRECTION('',(-1.,0.,0.));
#4220=DIRECTION('center_axis',(0.,0.,-1.));
#4221=DIRECTION('ref_axis',(0.,-1.,0.));
#4222=DIRECTION('',(0.,-1.,0.));
#4223=DIRECTION('center_axis',(-1.,0.,0.));
#4224=DIRECTION('ref_axis',(0.,-1.,0.));
#4225=DIRECTION('center_axis',(-1.,0.,0.));
#4226=DIRECTION('ref_axis',(0.,-1.,0.));
#4227=DIRECTION('center_axis',(-1.,0.,0.));
#4228=DIRECTION('ref_axis',(0.,-1.,0.));
#4229=DIRECTION('center_axis',(0.,0.,1.));
#4230=DIRECTION('ref_axis',(0.,1.,0.));
#4231=DIRECTION('',(0.,-1.,0.));
#4232=DIRECTION('',(-1.,0.,0.));
#4233=DIRECTION('',(0.,1.,0.));
#4234=DIRECTION('',(-1.,0.,0.));
#4235=DIRECTION('',(-1.,0.,0.));
#4236=DIRECTION('',(-1.,0.,0.));
#4237=DIRECTION('',(-1.,0.,0.));
#4238=DIRECTION('',(-1.,0.,0.));
#4239=DIRECTION('',(-1.,0.,0.));
#4240=DIRECTION('',(-1.,0.,0.));
#4241=DIRECTION('',(-1.,0.,0.));
#4242=DIRECTION('center_axis',(0.,0.,-1.));
#4243=DIRECTION('ref_axis',(0.,-1.,0.));
#4244=DIRECTION('',(0.,1.,0.));
#4245=DIRECTION('',(0.,-1.,0.));
#4246=DIRECTION('',(-1.,0.,0.));
#4247=DIRECTION('center_axis',(0.,-1.,0.));
#4248=DIRECTION('ref_axis',(0.,0.,1.));
#4249=DIRECTION('',(0.,0.,-1.));
#4250=DIRECTION('',(0.,0.,1.));
#4251=DIRECTION('center_axis',(0.,1.,0.));
#4252=DIRECTION('ref_axis',(0.,0.,-1.));
#4253=DIRECTION('',(-1.,0.,0.));
#4254=DIRECTION('',(0.,0.,-1.));
#4255=DIRECTION('',(-1.,0.,0.));
#4256=DIRECTION('center_axis',(0.,0.,1.));
#4257=DIRECTION('ref_axis',(0.,1.,0.));
#4258=DIRECTION('',(0.,1.,0.));
#4259=DIRECTION('',(-1.,0.,0.));
#4260=DIRECTION('',(-1.,0.,0.));
#4261=DIRECTION('',(-1.,0.,0.));
#4262=DIRECTION('',(-1.,0.,0.));
#4263=DIRECTION('',(-1.,0.,0.));
#4264=DIRECTION('',(-1.,0.,0.));
#4265=DIRECTION('',(-1.,0.,0.));
#4266=DIRECTION('',(-1.,0.,0.));
#4267=DIRECTION('',(-1.,0.,0.));
#4268=DIRECTION('',(-1.,0.,0.));
#4269=DIRECTION('center_axis',(0.,0.,-1.));
#4270=DIRECTION('ref_axis',(0.,-1.,0.));
#4271=DIRECTION('',(0.,-1.,0.));
#4272=DIRECTION('center_axis',(-1.,0.,0.));
#4273=DIRECTION('ref_axis',(0.,-1.,0.));
#4274=DIRECTION('center_axis',(-1.,0.,0.));
#4275=DIRECTION('ref_axis',(0.,-1.,0.));
#4276=DIRECTION('center_axis',(0.,0.,1.));
#4277=DIRECTION('ref_axis',(0.,-1.,0.));
#4278=DIRECTION('',(0.,1.,0.));
#4279=DIRECTION('',(1.,0.,0.));
#4280=DIRECTION('',(0.,-1.,0.));
#4281=DIRECTION('',(1.,0.,0.));
#4282=DIRECTION('center_axis',(0.,1.,0.));
#4283=DIRECTION('ref_axis',(0.,0.,1.));
#4284=DIRECTION('',(0.,0.,-1.));
#4285=DIRECTION('',(0.,0.,1.));
#4286=DIRECTION('',(1.,0.,0.));
#4287=DIRECTION('',(1.,0.,0.));
#4288=DIRECTION('',(1.,0.,0.));
#4289=DIRECTION('',(1.,0.,0.));
#4290=DIRECTION('',(1.,0.,0.));
#4291=DIRECTION('',(1.,0.,0.));
#4292=DIRECTION('',(1.,0.,0.));
#4293=DIRECTION('center_axis',(0.,-1.,0.));
#4294=DIRECTION('ref_axis',(0.,0.,-1.));
#4295=DIRECTION('',(0.,0.,1.));
#4296=DIRECTION('',(0.,0.,-1.));
#4297=DIRECTION('',(1.,0.,0.));
#4298=DIRECTION('center_axis',(0.,0.,1.));
#4299=DIRECTION('ref_axis',(0.,-1.,0.));
#4300=DIRECTION('',(0.,1.,0.));
#4301=DIRECTION('',(0.,-1.,0.));
#4302=DIRECTION('',(1.,0.,0.));
#4303=DIRECTION('center_axis',(0.,1.,0.));
#4304=DIRECTION('ref_axis',(0.,0.,1.));
#4305=DIRECTION('',(0.,0.,-1.));
#4306=DIRECTION('',(0.,0.,1.));
#4307=DIRECTION('',(1.,0.,0.));
#4308=DIRECTION('',(1.,0.,0.));
#4309=DIRECTION('',(1.,0.,0.));
#4310=DIRECTION('',(1.,0.,0.));
#4311=DIRECTION('',(1.,0.,0.));
#4312=DIRECTION('',(1.,0.,0.));
#4313=DIRECTION('center_axis',(0.,-1.,0.));
#4314=DIRECTION('ref_axis',(0.,0.,-1.));
#4315=DIRECTION('',(0.,0.,1.));
#4316=DIRECTION('',(0.,0.,-1.));
#4317=DIRECTION('center_axis',(1.,0.,0.));
#4318=DIRECTION('ref_axis',(0.,1.,0.));
#4319=DIRECTION('center_axis',(0.,-0.0870997405497383,0.996199596063042));
#4320=DIRECTION('ref_axis',(0.,-0.996199596063042,-0.0870997405497383));
#4321=DIRECTION('',(0.,0.996199596063042,0.0870997405497383));
#4322=DIRECTION('',(1.,0.,0.));
#4323=DIRECTION('',(0.,-0.996199596063042,-0.0870997405497383));
#4324=DIRECTION('',(1.,0.,0.));
#4325=DIRECTION('',(1.,0.,0.));
#4326=DIRECTION('',(1.,0.,0.));
#4327=DIRECTION('',(1.,0.,0.));
#4328=DIRECTION('',(1.,0.,0.));
#4329=DIRECTION('',(1.,0.,0.));
#4330=DIRECTION('',(1.,0.,0.));
#4331=DIRECTION('',(1.,0.,0.));
#4332=DIRECTION('',(1.,0.,0.));
#4333=DIRECTION('',(1.,0.,0.));
#4334=DIRECTION('',(1.,0.,0.));
#4335=DIRECTION('',(1.,0.,0.));
#4336=DIRECTION('',(1.,0.,0.));
#4337=DIRECTION('',(1.,0.,0.));
#4338=DIRECTION('',(1.,0.,0.));
#4339=DIRECTION('',(1.,0.,0.));
#4340=DIRECTION('',(1.,0.,0.));
#4341=DIRECTION('',(1.,0.,0.));
#4342=DIRECTION('',(1.,0.,0.));
#4343=DIRECTION('center_axis',(0.,0.0750569659329903,-0.997179247610445));
#4344=DIRECTION('ref_axis',(0.,0.997179247610445,0.0750569659329903));
#4345=DIRECTION('',(0.,-0.997179247610445,-0.0750569659329903));
#4346=DIRECTION('',(0.,0.997179247610445,0.0750569659329903));
#4347=DIRECTION('',(1.,0.,0.));
#4348=DIRECTION('',(1.,0.,0.));
#4349=DIRECTION('',(1.,0.,0.));
#4350=DIRECTION('',(1.,0.,0.));
#4351=DIRECTION('',(1.,0.,0.));
#4352=DIRECTION('',(1.,0.,0.));
#4353=DIRECTION('',(1.,0.,0.));
#4354=DIRECTION('',(1.,0.,0.));
#4355=DIRECTION('',(1.,0.,0.));
#4356=DIRECTION('',(1.,0.,0.));
#4357=DIRECTION('',(1.,0.,0.));
#4358=DIRECTION('',(1.,0.,0.));
#4359=DIRECTION('',(1.,0.,0.));
#4360=DIRECTION('',(1.,0.,0.));
#4361=DIRECTION('',(1.,0.,0.));
#4362=DIRECTION('center_axis',(1.,0.,0.));
#4363=DIRECTION('ref_axis',(0.,1.,0.));
#4364=DIRECTION('center_axis',(0.,0.,1.));
#4365=DIRECTION('ref_axis',(0.,-1.,0.));
#4366=DIRECTION('',(0.,1.,0.));
#4367=DIRECTION('',(1.,0.,0.));
#4368=DIRECTION('',(0.,-1.,0.));
#4369=DIRECTION('',(1.,0.,0.));
#4370=DIRECTION('',(1.,0.,0.));
#4371=DIRECTION('',(1.,0.,0.));
#4372=DIRECTION('',(1.,0.,0.));
#4373=DIRECTION('',(1.,0.,0.));
#4374=DIRECTION('',(1.,0.,0.));
#4375=DIRECTION('',(1.,0.,0.));
#4376=DIRECTION('center_axis',(0.,0.,-1.));
#4377=DIRECTION('ref_axis',(0.,1.,0.));
#4378=DIRECTION('',(0.,-1.,0.));
#4379=DIRECTION('',(0.,1.,0.));
#4380=DIRECTION('',(1.,0.,0.));
#4381=DIRECTION('center_axis',(0.,1.,0.));
#4382=DIRECTION('ref_axis',(0.,0.,1.));
#4383=DIRECTION('',(0.,0.,-1.));
#4384=DIRECTION('',(0.,0.,1.));
#4385=DIRECTION('center_axis',(0.,0.,1.));
#4386=DIRECTION('ref_axis',(0.,-1.,0.));
#4387=DIRECTION('',(0.,1.,0.));
#4388=DIRECTION('',(1.,0.,0.));
#4389=DIRECTION('',(0.,-1.,0.));
#4390=DIRECTION('',(1.,0.,0.));
#4391=DIRECTION('',(1.,0.,0.));
#4392=DIRECTION('',(1.,0.,0.));
#4393=DIRECTION('',(1.,0.,0.));
#4394=DIRECTION('',(1.,0.,0.));
#4395=DIRECTION('',(1.,0.,0.));
#4396=DIRECTION('',(1.,0.,0.));
#4397=DIRECTION('',(1.,0.,0.));
#4398=DIRECTION('center_axis',(0.,0.,-1.));
#4399=DIRECTION('ref_axis',(0.,1.,0.));
#4400=DIRECTION('',(0.,-1.,0.));
#4401=DIRECTION('',(0.,1.,0.));
#4402=DIRECTION('',(1.,0.,0.));
#4403=DIRECTION('center_axis',(0.,1.,0.));
#4404=DIRECTION('ref_axis',(0.,0.,1.));
#4405=DIRECTION('',(0.,0.,-1.));
#4406=DIRECTION('',(0.,0.,1.));
#4407=DIRECTION('center_axis',(0.,-1.,0.));
#4408=DIRECTION('ref_axis',(0.,0.,-1.));
#4409=DIRECTION('',(0.,0.,1.));
#4410=DIRECTION('',(1.,0.,0.));
#4411=DIRECTION('',(0.,0.,-1.));
#4412=DIRECTION('',(1.,0.,0.));
#4413=DIRECTION('center_axis',(0.,0.,1.));
#4414=DIRECTION('ref_axis',(0.,-1.,0.));
#4415=DIRECTION('',(0.,1.,0.));
#4416=DIRECTION('',(0.,-1.,0.));
#4417=DIRECTION('',(1.,0.,0.));
#4418=DIRECTION('',(1.,0.,0.));
#4419=DIRECTION('',(1.,0.,0.));
#4420=DIRECTION('',(1.,0.,0.));
#4421=DIRECTION('',(1.,0.,0.));
#4422=DIRECTION('',(1.,0.,0.));
#4423=DIRECTION('',(1.,0.,0.));
#4424=DIRECTION('',(1.,0.,0.));
#4425=DIRECTION('',(1.,0.,0.));
#4426=DIRECTION('',(1.,0.,0.));
#4427=DIRECTION('',(1.,0.,0.));
#4428=DIRECTION('',(1.,0.,0.));
#4429=DIRECTION('center_axis',(0.,0.,-1.));
#4430=DIRECTION('ref_axis',(0.,1.,0.));
#4431=DIRECTION('',(0.,-1.,0.));
#4432=DIRECTION('',(0.,1.,0.));
#4433=DIRECTION('center_axis',(1.,0.,0.));
#4434=DIRECTION('ref_axis',(0.,1.,0.));
#4435=DIRECTION('center_axis',(1.,0.,0.));
#4436=DIRECTION('ref_axis',(0.,1.,0.));
#4437=DIRECTION('',(0.,0.,1.));
#4438=DIRECTION('',(0.,-1.,0.));
#4439=DIRECTION('',(0.,0.,-1.));
#4440=DIRECTION('',(0.,1.,0.));
#4441=DIRECTION('center_axis',(-1.,0.,0.));
#4442=DIRECTION('ref_axis',(0.,1.,0.));
#4443=DIRECTION('center_axis',(1.,0.,0.));
#4444=DIRECTION('ref_axis',(0.,1.,0.));
#4445=DIRECTION('center_axis',(0.408248290463865,-0.816496580927725,-0.408248290463863));
#4446=DIRECTION('ref_axis',(0.577350269189628,0.577350269189625,-0.577350269189625));
#4447=DIRECTION('center_axis',(0.,0.,-1.));
#4448=DIRECTION('ref_axis',(1.,0.,0.));
#4449=DIRECTION('center_axis',(0.,1.,0.));
#4450=DIRECTION('ref_axis',(0.,0.,-1.));
#4451=DIRECTION('center_axis',(1.,0.,0.));
#4452=DIRECTION('ref_axis',(0.,1.,0.));
#4453=DIRECTION('center_axis',(-0.408248290463863,-0.816496580927726,-0.408248290463863));
#4454=DIRECTION('ref_axis',(-0.577350269189626,0.577350269189626,-0.577350269189626));
#4455=DIRECTION('center_axis',(-1.,0.,0.));
#4456=DIRECTION('ref_axis',(0.,0.,-1.));
#4457=DIRECTION('center_axis',(0.,1.,0.));
#4458=DIRECTION('ref_axis',(-1.,0.,0.));
#4459=DIRECTION('center_axis',(0.,0.,-1.));
#4460=DIRECTION('ref_axis',(0.,1.,0.));
#4461=DIRECTION('center_axis',(0.408248290463865,-0.816496580927725,0.408248290463863));
#4462=DIRECTION('ref_axis',(0.577350269189628,0.577350269189625,0.577350269189625));
#4463=DIRECTION('center_axis',(0.,1.,0.));
#4464=DIRECTION('ref_axis',(1.,0.,0.));
#4465=DIRECTION('center_axis',(0.,0.,1.));
#4466=DIRECTION('ref_axis',(0.,1.,0.));
#4467=DIRECTION('center_axis',(1.,0.,0.));
#4468=DIRECTION('ref_axis',(0.,0.,1.));
#4469=DIRECTION('center_axis',(0.,0.,1.));
#4470=DIRECTION('ref_axis',(0.707106781186547,0.707106781186547,0.));
#4471=DIRECTION('',(0.,0.,1.));
#4472=DIRECTION('center_axis',(-0.408248290463865,-0.816496580927725,0.408248290463863));
#4473=DIRECTION('ref_axis',(0.577350269189628,-0.577350269189625,-0.577350269189625));
#4474=DIRECTION('center_axis',(0.,0.,-1.));
#4475=DIRECTION('ref_axis',(0.,-1.,0.));
#4476=DIRECTION('center_axis',(1.,0.,0.));
#4477=DIRECTION('ref_axis',(0.,0.,-1.));
#4478=DIRECTION('center_axis',(0.,-1.,0.));
#4479=DIRECTION('ref_axis',(1.,0.,0.));
#4480=DIRECTION('center_axis',(-0.408248290463864,-0.816496580927726,0.408248290463863));
#4481=DIRECTION('ref_axis',(-0.577350269189626,0.577350269189626,0.577350269189626));
#4482=DIRECTION('center_axis',(-1.,0.,0.));
#4483=DIRECTION('ref_axis',(0.,1.,0.));
#4484=DIRECTION('center_axis',(0.,0.,1.));
#4485=DIRECTION('ref_axis',(-1.,0.,0.));
#4486=DIRECTION('center_axis',(0.,1.,0.));
#4487=DIRECTION('ref_axis',(0.,0.,1.));
#4488=DIRECTION('center_axis',(0.,0.,1.));
#4489=DIRECTION('ref_axis',(-0.707106781186547,0.707106781186547,0.));
#4490=DIRECTION('',(0.,0.,-1.));
#4491=DIRECTION('center_axis',(0.408248290463863,-0.816496580927726,0.408248290463863));
#4492=DIRECTION('ref_axis',(-0.577350269189626,-0.577350269189626,-0.577350269189626));
#4493=DIRECTION('center_axis',(0.,0.,-1.));
#4494=DIRECTION('ref_axis',(-1.,0.,0.));
#4495=DIRECTION('center_axis',(0.,-1.,0.));
#4496=DIRECTION('ref_axis',(0.,0.,-1.));
#4497=DIRECTION('center_axis',(-1.,0.,0.));
#4498=DIRECTION('ref_axis',(0.,-1.,0.));
#4499=DIRECTION('center_axis',(0.,-1.,0.));
#4500=DIRECTION('ref_axis',(-0.707106781186547,0.,-0.707106781186547));
#4501=DIRECTION('',(0.,-1.,0.));
#4502=DIRECTION('center_axis',(1.,0.,0.));
#4503=DIRECTION('ref_axis',(0.,-0.707106781186547,-0.707106781186547));
#4504=DIRECTION('',(-1.,0.,0.));
#4505=DIRECTION('',(1.,0.,0.));
#4506=DIRECTION('center_axis',(-0.408248290463865,-0.816496580927725,-0.408248290463862));
#4507=DIRECTION('ref_axis',(0.577350269189628,-0.577350269189625,0.577350269189625));
#4508=DIRECTION('center_axis',(1.,0.,0.));
#4509=DIRECTION('ref_axis',(0.,-1.,0.));
#4510=DIRECTION('center_axis',(0.,0.,1.));
#4511=DIRECTION('ref_axis',(1.,0.,0.));
#4512=DIRECTION('center_axis',(0.,-1.,0.));
#4513=DIRECTION('ref_axis',(0.,0.,1.));
#4514=DIRECTION('center_axis',(0.,0.,1.));
#4515=DIRECTION('ref_axis',(0.707106781186547,-0.707106781186547,0.));
#4516=DIRECTION('',(0.,0.,-1.));
#4517=DIRECTION('center_axis',(0.,1.,0.));
#4518=DIRECTION('ref_axis',(0.707106781186547,0.,0.707106781186547));
#4519=DIRECTION('',(0.,-1.,0.));
#4520=DIRECTION('center_axis',(0.408248290463863,-0.816496580927726,-0.408248290463863));
#4521=DIRECTION('ref_axis',(-0.577350269189626,-0.577350269189626,0.577350269189626));
#4522=DIRECTION('center_axis',(0.,-1.,0.));
#4523=DIRECTION('ref_axis',(-1.,0.,0.));
#4524=DIRECTION('center_axis',(0.,0.,1.));
#4525=DIRECTION('ref_axis',(0.,-1.,0.));
#4526=DIRECTION('center_axis',(-1.,0.,0.));
#4527=DIRECTION('ref_axis',(0.,0.,1.));
#4528=DIRECTION('center_axis',(0.,0.,1.));
#4529=DIRECTION('ref_axis',(-0.707106781186547,-0.707106781186547,0.));
#4530=DIRECTION('',(0.,0.,1.));
#4531=DIRECTION('center_axis',(1.,0.,0.));
#4532=DIRECTION('ref_axis',(0.,-0.707106781186547,0.707106781186547));
#4533=DIRECTION('',(-1.,0.,0.));
#4534=DIRECTION('',(1.,0.,0.));
#4535=DIRECTION('center_axis',(0.,-1.,0.));
#4536=DIRECTION('ref_axis',(-0.707106781186547,0.,0.707106781186547));
#4537=DIRECTION('',(0.,1.,0.));
#4538=DIRECTION('center_axis',(-1.,0.,0.));
#4539=DIRECTION('ref_axis',(0.,0.707106781186547,0.707106781186547));
#4540=DIRECTION('',(1.,0.,0.));
#4541=DIRECTION('',(-1.,0.,0.));
#4542=DIRECTION('center_axis',(0.,1.,0.));
#4543=DIRECTION('ref_axis',(0.707106781186547,0.,-0.707106781186547));
#4544=DIRECTION('',(0.,1.,0.));
#4545=DIRECTION('center_axis',(-1.,0.,0.));
#4546=DIRECTION('ref_axis',(0.,0.707106781186547,-0.707106781186547));
#4547=DIRECTION('',(1.,0.,0.));
#4548=DIRECTION('',(-1.,0.,0.));
#4549=DIRECTION('center_axis',(0.,1.,0.));
#4550=DIRECTION('ref_axis',(-1.,0.,0.));
#4551=DIRECTION('center_axis',(-1.,0.,0.));
#4552=DIRECTION('ref_axis',(0.,-1.,0.));
#4553=DIRECTION('center_axis',(0.,0.,1.));
#4554=DIRECTION('ref_axis',(1.,0.,0.));
#4555=DIRECTION('center_axis',(0.,-1.,0.));
#4556=DIRECTION('ref_axis',(1.,0.,0.));
#4557=DIRECTION('center_axis',(1.,0.,0.));
#4558=DIRECTION('ref_axis',(0.,1.,0.));
#4559=DIRECTION('center_axis',(0.,0.,1.));
#4560=DIRECTION('ref_axis',(1.,0.,0.));
#4561=DIRECTION('',(-1.,0.,0.));
#4562=DIRECTION('',(0.,1.,0.));
#4563=DIRECTION('',(1.,0.,0.));
#4564=DIRECTION('',(0.,-1.,0.));
#4565=DIRECTION('center_axis',(0.,1.,0.));
#4566=DIRECTION('ref_axis',(1.,0.,0.));
#4567=DIRECTION('',(-1.,0.,0.));
#4568=DIRECTION('',(0.,0.,-1.));
#4569=DIRECTION('',(0.,0.,-1.));
#4570=DIRECTION('center_axis',(-1.,0.,0.));
#4571=DIRECTION('ref_axis',(0.,1.,0.));
#4572=DIRECTION('',(0.,-1.,0.));
#4573=DIRECTION('',(0.,0.,-1.));
#4574=DIRECTION('center_axis',(0.,-1.,0.));
#4575=DIRECTION('ref_axis',(-1.,0.,0.));
#4576=DIRECTION('',(1.,0.,0.));
#4577=DIRECTION('',(0.,0.,-1.));
#4578=DIRECTION('center_axis',(1.,0.,0.));
#4579=DIRECTION('ref_axis',(0.,-1.,0.));
#4580=DIRECTION('',(0.,1.,0.));
#4581=DIRECTION('center_axis',(-1.,0.,0.));
#4582=DIRECTION('ref_axis',(0.,1.,0.));
#4583=DIRECTION('',(-1.,0.,0.));
#4584=DIRECTION('center_axis',(1.,0.,0.));
#4585=DIRECTION('ref_axis',(0.,1.,0.));
#4586=DIRECTION('center_axis',(1.,0.,0.));
#4587=DIRECTION('ref_axis',(0.,-1.,0.));
#4588=DIRECTION('',(1.,0.,0.));
#4589=DIRECTION('center_axis',(-1.,0.,0.));
#4590=DIRECTION('ref_axis',(0.,-1.,0.));
#4591=DIRECTION('center_axis',(0.,1.,0.));
#4592=DIRECTION('ref_axis',(-1.,0.,0.));
#4593=DIRECTION('',(1.,0.,0.));
#4594=DIRECTION('',(0.,0.,-1.));
#4595=DIRECTION('',(1.,0.,0.));
#4596=DIRECTION('',(0.,0.,1.));
#4597=DIRECTION('center_axis',(1.,0.,0.));
#4598=DIRECTION('ref_axis',(0.,1.,0.));
#4599=DIRECTION('',(0.,-1.,0.));
#4600=DIRECTION('',(0.,0.,-1.));
#4601=DIRECTION('',(0.,-1.,0.));
#4602=DIRECTION('center_axis',(0.,-1.,0.));
#4603=DIRECTION('ref_axis',(1.,0.,0.));
#4604=DIRECTION('',(-1.,0.,0.));
#4605=DIRECTION('',(0.,0.,-1.));
#4606=DIRECTION('',(-1.,0.,0.));
#4607=DIRECTION('center_axis',(-1.,0.,0.));
#4608=DIRECTION('ref_axis',(0.,-1.,0.));
#4609=DIRECTION('',(0.,1.,0.));
#4610=DIRECTION('',(0.,1.,0.));
#4611=DIRECTION('center_axis',(0.,0.,1.));
#4612=DIRECTION('ref_axis',(1.,0.,0.));
#4613=DIRECTION('center_axis',(0.,0.,1.));
#4614=DIRECTION('ref_axis',(1.,0.,0.));
#4615=CARTESIAN_POINT('',(0.,0.,0.));
#4616=CARTESIAN_POINT('Origin',(40.,67.,5.));
#4617=CARTESIAN_POINT('',(40.,67.,5.));
#4618=CARTESIAN_POINT('',(40.,20.5,5.));
#4619=CARTESIAN_POINT('',(40.,53.5,5.));
#4620=CARTESIAN_POINT('',(40.,67.,2.5));
#4621=CARTESIAN_POINT('',(40.,67.,5.));
#4622=CARTESIAN_POINT('',(40.,20.5,2.5));
#4623=CARTESIAN_POINT('',(40.,67.,2.5));
#4624=CARTESIAN_POINT('',(40.,20.5,5.));
#4625=CARTESIAN_POINT('Origin',(15.,67.,5.));
#4626=CARTESIAN_POINT('',(15.,67.,5.));
#4627=CARTESIAN_POINT('',(45.,67.,5.));
#4628=CARTESIAN_POINT('',(15.,67.,2.5));
#4629=CARTESIAN_POINT('',(15.,67.,5.));
#4630=CARTESIAN_POINT('',(15.,67.,2.5));
#4631=CARTESIAN_POINT('Origin',(15.,20.5,5.));
#4632=CARTESIAN_POINT('',(15.,20.5,5.));
#4633=CARTESIAN_POINT('',(15.,30.25,5.));
#4634=CARTESIAN_POINT('',(15.,20.5,2.5));
#4635=CARTESIAN_POINT('',(15.,20.5,5.));
#4636=CARTESIAN_POINT('',(15.,20.5,2.5));
#4637=CARTESIAN_POINT('Origin',(40.,20.5,5.));
#4638=CARTESIAN_POINT('',(57.5,20.5,5.));
#4639=CARTESIAN_POINT('',(40.,20.5,2.5));
#4640=CARTESIAN_POINT('Origin',(27.5,43.75,2.5));
#4641=CARTESIAN_POINT('Origin',(82.,50.,5.));
#4642=CARTESIAN_POINT('',(82.,50.,5.));
#4643=CARTESIAN_POINT('',(137.,50.,5.));
#4644=CARTESIAN_POINT('',(78.5,50.,5.));
#4645=CARTESIAN_POINT('',(82.,50.,2.5));
#4646=CARTESIAN_POINT('',(82.,50.,5.));
#4647=CARTESIAN_POINT('',(137.,50.,2.5));
#4648=CARTESIAN_POINT('',(137.,50.,2.5));
#4649=CARTESIAN_POINT('',(137.,50.,5.));
#4650=CARTESIAN_POINT('Origin',(82.,22.,5.));
#4651=CARTESIAN_POINT('',(82.,22.,5.));
#4652=CARTESIAN_POINT('',(82.,31.,5.));
#4653=CARTESIAN_POINT('',(82.,22.,2.5));
#4654=CARTESIAN_POINT('',(82.,22.,5.));
#4655=CARTESIAN_POINT('',(82.,50.,2.5));
#4656=CARTESIAN_POINT('Origin',(137.,22.,5.));
#4657=CARTESIAN_POINT('',(137.,22.,5.));
#4658=CARTESIAN_POINT('',(106.,22.,5.));
#4659=CARTESIAN_POINT('',(137.,22.,2.5));
#4660=CARTESIAN_POINT('',(137.,22.,5.));
#4661=CARTESIAN_POINT('',(82.,22.,2.5));
#4662=CARTESIAN_POINT('Origin',(137.,50.,5.));
#4663=CARTESIAN_POINT('',(137.,45.,5.));
#4664=CARTESIAN_POINT('',(137.,22.,2.5));
#4665=CARTESIAN_POINT('Origin',(109.5,36.,2.5));
#4666=CARTESIAN_POINT('Ctrl Pts',(0.,52.0907222777605,11.0020461678505));
#4667=CARTESIAN_POINT('Ctrl Pts',(-2.,52.0907222777605,11.0020461678505));
#4668=CARTESIAN_POINT('Ctrl Pts',(0.,52.3739007178713,11.3984536268098));
#4669=CARTESIAN_POINT('Ctrl Pts',(-2.,52.3739007178713,11.3984536268098));
#4670=CARTESIAN_POINT('Ctrl Pts',(0.,52.9802819444224,12.2472966428375));
#4671=CARTESIAN_POINT('Ctrl Pts',(-2.,52.9802819444224,12.2472966428375));
#4672=CARTESIAN_POINT('Ctrl Pts',(0.,53.0340802086308,13.2927184775285));
#4673=CARTESIAN_POINT('Ctrl Pts',(-2.,53.0340802086308,13.2927184775285));
#4674=CARTESIAN_POINT('Ctrl Pts',(0.,53.0627548247576,13.8499310612679));
#4675=CARTESIAN_POINT('Ctrl Pts',(-2.,53.0627548247576,13.8499310612679));
#4676=CARTESIAN_POINT('',(0.,53.0627548247576,13.8499310612679));
#4677=CARTESIAN_POINT('',(0.,52.0907222777605,11.0020461678505));
#4678=CARTESIAN_POINT('Ctrl Pts',(0.,53.0627548247576,13.8499310612679));
#4679=CARTESIAN_POINT('Ctrl Pts',(0.,53.0340802086308,13.2927184775285));
#4680=CARTESIAN_POINT('Ctrl Pts',(0.,52.9802819444224,12.2472966428375));
#4681=CARTESIAN_POINT('Ctrl Pts',(0.,52.3739007178713,11.3984536268098));
#4682=CARTESIAN_POINT('Ctrl Pts',(0.,52.0907222777605,11.0020461678505));
#4683=CARTESIAN_POINT('',(-2.,53.0627548247576,13.8499310612679));
#4684=CARTESIAN_POINT('',(0.,53.0627548247576,13.8499310612679));
#4685=CARTESIAN_POINT('',(-2.,52.0907222777605,11.0020461678505));
#4686=CARTESIAN_POINT('Ctrl Pts',(-2.,52.0907222777605,11.0020461678505));
#4687=CARTESIAN_POINT('Ctrl Pts',(-2.,52.3739007178713,11.3984536268098));
#4688=CARTESIAN_POINT('Ctrl Pts',(-2.,52.9802819444224,12.2472966428375));
#4689=CARTESIAN_POINT('Ctrl Pts',(-2.,53.0340802086308,13.2927184775285));
#4690=CARTESIAN_POINT('Ctrl Pts',(-2.,53.0627548247576,13.8499310612679));
#4691=CARTESIAN_POINT('',(0.,52.0907222777605,11.0020461678505));
#4692=CARTESIAN_POINT('Ctrl Pts',(0.,49.6521138697863,9.96180087327957));
#4693=CARTESIAN_POINT('Ctrl Pts',(-2.,49.6521138697863,9.96180087327957));
#4694=CARTESIAN_POINT('Ctrl Pts',(0.,50.1189770955094,10.0036665335817));
#4695=CARTESIAN_POINT('Ctrl Pts',(-2.,50.1189770955094,10.0036665335817));
#4696=CARTESIAN_POINT('Ctrl Pts',(0.,51.0449106291901,10.086699029284));
#4697=CARTESIAN_POINT('Ctrl Pts',(-2.,51.0449106291901,10.086699029284));
#4698=CARTESIAN_POINT('Ctrl Pts',(0.,51.7440798633922,10.6986472312145));
#4699=CARTESIAN_POINT('Ctrl Pts',(-2.,51.7440798633922,10.6986472312145));
#4700=CARTESIAN_POINT('Ctrl Pts',(0.,52.0907222777605,11.0020461678505));
#4701=CARTESIAN_POINT('Ctrl Pts',(-2.,52.0907222777605,11.0020461678505));
#4702=CARTESIAN_POINT('',(0.,49.6521138697863,9.96180087327957));
#4703=CARTESIAN_POINT('Ctrl Pts',(0.,52.0907222777605,11.0020461678505));
#4704=CARTESIAN_POINT('Ctrl Pts',(0.,51.7440798633922,10.6986472312145));
#4705=CARTESIAN_POINT('Ctrl Pts',(0.,51.0449106291901,10.086699029284));
#4706=CARTESIAN_POINT('Ctrl Pts',(0.,50.1189770955094,10.0036665335817));
#4707=CARTESIAN_POINT('Ctrl Pts',(0.,49.6521138697863,9.96180087327957));
#4708=CARTESIAN_POINT('',(-2.,49.6521138697863,9.96180087327957));
#4709=CARTESIAN_POINT('Ctrl Pts',(-2.,49.6521138697863,9.96180087327957));
#4710=CARTESIAN_POINT('Ctrl Pts',(-2.,50.1189770955094,10.0036665335817));
#4711=CARTESIAN_POINT('Ctrl Pts',(-2.,51.0449106291901,10.086699029284));
#4712=CARTESIAN_POINT('Ctrl Pts',(-2.,51.7440798633922,10.6986472312145));
#4713=CARTESIAN_POINT('Ctrl Pts',(-2.,52.0907222777605,11.0020461678505));
#4714=CARTESIAN_POINT('',(0.,49.6521138697863,9.96180087327957));
#4715=CARTESIAN_POINT('Ctrl Pts',(0.,47.1930419951677,11.0122779011726));
#4716=CARTESIAN_POINT('Ctrl Pts',(-2.,47.1930419951677,11.0122779011726));
#4717=CARTESIAN_POINT('Ctrl Pts',(0.,47.5399928075446,10.7059036133548));
#4718=CARTESIAN_POINT('Ctrl Pts',(-2.,47.5399928075446,10.7059036133548));
#4719=CARTESIAN_POINT('Ctrl Pts',(0.,48.2431105478498,10.0850167635378));
#4720=CARTESIAN_POINT('Ctrl Pts',(-2.,48.2431105478498,10.0850167635378));
#4721=CARTESIAN_POINT('Ctrl Pts',(0.,49.1783598358949,10.0032301759225));
#4722=CARTESIAN_POINT('Ctrl Pts',(-2.,49.1783598358949,10.0032301759225));
#4723=CARTESIAN_POINT('Ctrl Pts',(0.,49.6521138697863,9.96180087327957));
#4724=CARTESIAN_POINT('Ctrl Pts',(-2.,49.6521138697863,9.96180087327957));
#4725=CARTESIAN_POINT('',(0.,47.1930419951677,11.0122779011726));
#4726=CARTESIAN_POINT('Ctrl Pts',(0.,49.6521138697863,9.96180087327957));
#4727=CARTESIAN_POINT('Ctrl Pts',(0.,49.1783598358949,10.0032301759225));
#4728=CARTESIAN_POINT('Ctrl Pts',(0.,48.2431105478498,10.0850167635378));
#4729=CARTESIAN_POINT('Ctrl Pts',(0.,47.5399928075446,10.7059036133548));
#4730=CARTESIAN_POINT('Ctrl Pts',(0.,47.1930419951677,11.0122779011726));
#4731=CARTESIAN_POINT('',(-2.,47.1930419951677,11.0122779011726));
#4732=CARTESIAN_POINT('Ctrl Pts',(-2.,47.1930419951677,11.0122779011726));
#4733=CARTESIAN_POINT('Ctrl Pts',(-2.,47.5399928075446,10.7059036133548));
#4734=CARTESIAN_POINT('Ctrl Pts',(-2.,48.2431105478498,10.0850167635378));
#4735=CARTESIAN_POINT('Ctrl Pts',(-2.,49.1783598358949,10.0032301759225));
#4736=CARTESIAN_POINT('Ctrl Pts',(-2.,49.6521138697863,9.96180087327957));
#4737=CARTESIAN_POINT('',(0.,47.1930419951677,11.0122779011726));
#4738=CARTESIAN_POINT('Ctrl Pts',(0.,46.2278306037188,13.9931777119637));
#4739=CARTESIAN_POINT('Ctrl Pts',(-2.,46.2278306037188,13.9931777119637));
#4740=CARTESIAN_POINT('Ctrl Pts',(0.,46.2528564891252,13.4041137529846));
#4741=CARTESIAN_POINT('Ctrl Pts',(-2.,46.2528564891252,13.4041137529846));
#4742=CARTESIAN_POINT('Ctrl Pts',(0.,46.2990669627341,12.3164030051605));
#4743=CARTESIAN_POINT('Ctrl Pts',(-2.,46.2990669627341,12.3164030051605));
#4744=CARTESIAN_POINT('Ctrl Pts',(0.,46.9120348647281,11.4222093197362));
#4745=CARTESIAN_POINT('Ctrl Pts',(-2.,46.9120348647281,11.4222093197362));
#4746=CARTESIAN_POINT('Ctrl Pts',(0.,47.1930419951677,11.0122779011726));
#4747=CARTESIAN_POINT('Ctrl Pts',(-2.,47.1930419951677,11.0122779011726));
#4748=CARTESIAN_POINT('',(0.,46.2278306037188,13.9931777119637));
#4749=CARTESIAN_POINT('Ctrl Pts',(0.,47.1930419951677,11.0122779011726));
#4750=CARTESIAN_POINT('Ctrl Pts',(0.,46.9120348647281,11.4222093197362));
#4751=CARTESIAN_POINT('Ctrl Pts',(0.,46.2990669627341,12.3164030051605));
#4752=CARTESIAN_POINT('Ctrl Pts',(0.,46.2528564891252,13.4041137529846));
#4753=CARTESIAN_POINT('Ctrl Pts',(0.,46.2278306037188,13.9931777119637));
#4754=CARTESIAN_POINT('',(-2.,46.2278306037188,13.9931777119637));
#4755=CARTESIAN_POINT('Ctrl Pts',(-2.,46.2278306037188,13.9931777119637));
#4756=CARTESIAN_POINT('Ctrl Pts',(-2.,46.2528564891252,13.4041137529846));
#4757=CARTESIAN_POINT('Ctrl Pts',(-2.,46.2990669627341,12.3164030051605));
#4758=CARTESIAN_POINT('Ctrl Pts',(-2.,46.9120348647281,11.4222093197362));
#4759=CARTESIAN_POINT('Ctrl Pts',(-2.,47.1930419951677,11.0122779011726));
#4760=CARTESIAN_POINT('',(0.,46.2278306037188,13.9931777119637));
#4761=CARTESIAN_POINT('Ctrl Pts',(0.,46.6405176669359,16.124829351902));
#4762=CARTESIAN_POINT('Ctrl Pts',(-2.,46.6405176669359,16.124829351902));
#4763=CARTESIAN_POINT('Ctrl Pts',(0.,46.5202375502567,15.7988284197472));
#4764=CARTESIAN_POINT('Ctrl Pts',(-2.,46.5202375502567,15.7988284197472));
#4765=CARTESIAN_POINT('Ctrl Pts',(0.,46.2666113859599,15.1114133401618));
#4766=CARTESIAN_POINT('Ctrl Pts',(-2.,46.2666113859599,15.1114133401618));
#4767=CARTESIAN_POINT('Ctrl Pts',(0.,46.24119400263,14.3785084843923));
#4768=CARTESIAN_POINT('Ctrl Pts',(-2.,46.24119400263,14.3785084843923));
#4769=CARTESIAN_POINT('Ctrl Pts',(0.,46.2278306037188,13.9931777119637));
#4770=CARTESIAN_POINT('Ctrl Pts',(-2.,46.2278306037188,13.9931777119637));
#4771=CARTESIAN_POINT('',(0.,46.6405176669359,16.124829351902));
#4772=CARTESIAN_POINT('Ctrl Pts',(0.,46.2278306037188,13.9931777119637));
#4773=CARTESIAN_POINT('Ctrl Pts',(0.,46.24119400263,14.3785084843923));
#4774=CARTESIAN_POINT('Ctrl Pts',(0.,46.2666113859599,15.1114133401618));
#4775=CARTESIAN_POINT('Ctrl Pts',(0.,46.5202375502567,15.7988284197472));
#4776=CARTESIAN_POINT('Ctrl Pts',(0.,46.6405176669359,16.124829351902));
#4777=CARTESIAN_POINT('',(-2.,46.6405176669359,16.124829351902));
#4778=CARTESIAN_POINT('Ctrl Pts',(-2.,46.6405176669359,16.124829351902));
#4779=CARTESIAN_POINT('Ctrl Pts',(-2.,46.5202375502567,15.7988284197472));
#4780=CARTESIAN_POINT('Ctrl Pts',(-2.,46.2666113859599,15.1114133401618));
#4781=CARTESIAN_POINT('Ctrl Pts',(-2.,46.24119400263,14.3785084843923));
#4782=CARTESIAN_POINT('Ctrl Pts',(-2.,46.2278306037188,13.9931777119637));
#4783=CARTESIAN_POINT('',(0.,46.6405176669359,16.124829351902));
#4784=CARTESIAN_POINT('Ctrl Pts',(0.,47.8478848487139,17.5368347764015));
#4785=CARTESIAN_POINT('Ctrl Pts',(-2.,47.8478848487139,17.5368347764015));
#4786=CARTESIAN_POINT('Ctrl Pts',(0.,47.5978163008518,17.3502230764153));
#4787=CARTESIAN_POINT('Ctrl Pts',(-2.,47.5978163008518,17.3502230764153));
#4788=CARTESIAN_POINT('Ctrl Pts',(0.,47.0892706985072,16.9707248940756));
#4789=CARTESIAN_POINT('Ctrl Pts',(-2.,47.0892706985072,16.9707248940756));
#4790=CARTESIAN_POINT('Ctrl Pts',(0.,46.7917418332082,16.4098855835462));
#4791=CARTESIAN_POINT('Ctrl Pts',(-2.,46.7917418332082,16.4098855835462));
#4792=CARTESIAN_POINT('Ctrl Pts',(0.,46.6405176669359,16.124829351902));
#4793=CARTESIAN_POINT('Ctrl Pts',(-2.,46.6405176669359,16.124829351902));
#4794=CARTESIAN_POINT('',(0.,47.8478848487139,17.5368347764015));
#4795=CARTESIAN_POINT('Ctrl Pts',(0.,46.6405176669359,16.124829351902));
#4796=CARTESIAN_POINT('Ctrl Pts',(0.,46.7917418332082,16.4098855835462));
#4797=CARTESIAN_POINT('Ctrl Pts',(0.,47.0892706985072,16.9707248940756));
#4798=CARTESIAN_POINT('Ctrl Pts',(0.,47.5978163008518,17.3502230764153));
#4799=CARTESIAN_POINT('Ctrl Pts',(0.,47.8478848487139,17.5368347764015));
#4800=CARTESIAN_POINT('',(-2.,47.8478848487139,17.5368347764015));
#4801=CARTESIAN_POINT('Ctrl Pts',(-2.,47.8478848487139,17.5368347764015));
#4802=CARTESIAN_POINT('Ctrl Pts',(-2.,47.5978163008518,17.3502230764153));
#4803=CARTESIAN_POINT('Ctrl Pts',(-2.,47.0892706985072,16.9707248940756));
#4804=CARTESIAN_POINT('Ctrl Pts',(-2.,46.7917418332082,16.4098855835462));
#4805=CARTESIAN_POINT('Ctrl Pts',(-2.,46.6405176669359,16.124829351902));
#4806=CARTESIAN_POINT('',(0.,47.8478848487139,17.5368347764015));
#4807=CARTESIAN_POINT('Ctrl Pts',(0.,49.6316492110491,18.0381986498833));
#4808=CARTESIAN_POINT('Ctrl Pts',(-2.,49.6316492110491,18.0381986498833));
#4809=CARTESIAN_POINT('Ctrl Pts',(0.,49.3119103136873,18.0184693569372));
#4810=CARTESIAN_POINT('Ctrl Pts',(-2.,49.3119103136873,18.0184693569372));
#4811=CARTESIAN_POINT('Ctrl Pts',(0.,48.6810189172039,17.9795405894926));
#4812=CARTESIAN_POINT('Ctrl Pts',(-2.,48.6810189172039,17.9795405894926));
#4813=CARTESIAN_POINT('Ctrl Pts',(0.,48.1230649636995,17.6830583449227));
#4814=CARTESIAN_POINT('Ctrl Pts',(-2.,48.1230649636995,17.6830583449227));
#4815=CARTESIAN_POINT('Ctrl Pts',(0.,47.8478848487139,17.5368347764015));
#4816=CARTESIAN_POINT('Ctrl Pts',(-2.,47.8478848487139,17.5368347764015));
#4817=CARTESIAN_POINT('',(0.,49.6316492110491,18.0381986498833));
#4818=CARTESIAN_POINT('Ctrl Pts',(0.,47.8478848487139,17.5368347764015));
#4819=CARTESIAN_POINT('Ctrl Pts',(0.,48.1230649636995,17.6830583449227));
#4820=CARTESIAN_POINT('Ctrl Pts',(0.,48.6810189172039,17.9795405894926));
#4821=CARTESIAN_POINT('Ctrl Pts',(0.,49.3119103136873,18.0184693569372));
#4822=CARTESIAN_POINT('Ctrl Pts',(0.,49.6316492110491,18.0381986498833));
#4823=CARTESIAN_POINT('',(-2.,49.6316492110491,18.0381986498833));
#4824=CARTESIAN_POINT('Ctrl Pts',(-2.,49.6316492110491,18.0381986498833));
#4825=CARTESIAN_POINT('Ctrl Pts',(-2.,49.3119103136873,18.0184693569372));
#4826=CARTESIAN_POINT('Ctrl Pts',(-2.,48.6810189172039,17.9795405894926));
#4827=CARTESIAN_POINT('Ctrl Pts',(-2.,48.1230649636995,17.6830583449227));
#4828=CARTESIAN_POINT('Ctrl Pts',(-2.,47.8478848487139,17.5368347764015));
#4829=CARTESIAN_POINT('',(0.,49.6316492110491,18.0381986498833));
#4830=CARTESIAN_POINT('Ctrl Pts',(0.,52.049794152379,17.0729872584343));
#4831=CARTESIAN_POINT('Ctrl Pts',(-2.,52.049794152379,17.0729872584343));
#4832=CARTESIAN_POINT('Ctrl Pts',(0.,51.6955192982551,17.3545071332508));
#4833=CARTESIAN_POINT('Ctrl Pts',(-2.,51.6955192982551,17.3545071332508));
#4834=CARTESIAN_POINT('Ctrl Pts',(0.,50.9861232269078,17.9182194342407));
#4835=CARTESIAN_POINT('Ctrl Pts',(-2.,50.9861232269078,17.9182194342407));
#4836=CARTESIAN_POINT('Ctrl Pts',(0.,50.0834995157586,17.9981737808107));
#4837=CARTESIAN_POINT('Ctrl Pts',(-2.,50.0834995157586,17.9981737808107));
#4838=CARTESIAN_POINT('Ctrl Pts',(0.,49.6316492110491,18.0381986498833));
#4839=CARTESIAN_POINT('Ctrl Pts',(-2.,49.6316492110491,18.0381986498833));
#4840=CARTESIAN_POINT('',(0.,52.049794152379,17.0729872584343));
#4841=CARTESIAN_POINT('Ctrl Pts',(0.,49.6316492110491,18.0381986498833));
#4842=CARTESIAN_POINT('Ctrl Pts',(0.,50.0834995157586,17.9981737808107));
#4843=CARTESIAN_POINT('Ctrl Pts',(0.,50.9861232269078,17.9182194342407));
#4844=CARTESIAN_POINT('Ctrl Pts',(0.,51.6955192982551,17.3545071332508));
#4845=CARTESIAN_POINT('Ctrl Pts',(0.,52.049794152379,17.0729872584343));
#4846=CARTESIAN_POINT('',(-2.,52.049794152379,17.0729872584343));
#4847=CARTESIAN_POINT('Ctrl Pts',(-2.,52.049794152379,17.0729872584343));
#4848=CARTESIAN_POINT('Ctrl Pts',(-2.,51.6955192982551,17.3545071332508));
#4849=CARTESIAN_POINT('Ctrl Pts',(-2.,50.9861232269078,17.9182194342407));
#4850=CARTESIAN_POINT('Ctrl Pts',(-2.,50.0834995157586,17.9981737808107));
#4851=CARTESIAN_POINT('Ctrl Pts',(-2.,49.6316492110491,18.0381986498833));
#4852=CARTESIAN_POINT('',(0.,52.049794152379,17.0729872584343));
#4853=CARTESIAN_POINT('Ctrl Pts',(0.,53.0627548247576,13.8499310612679));
#4854=CARTESIAN_POINT('Ctrl Pts',(-2.,53.0627548247576,13.8499310612679));
#4855=CARTESIAN_POINT('Ctrl Pts',(0.,53.0479541979723,14.5187856201334));
#4856=CARTESIAN_POINT('Ctrl Pts',(-2.,53.0479541979723,14.5187856201334));
#4857=CARTESIAN_POINT('Ctrl Pts',(0.,53.0218081622793,15.7003501189351));
#4858=CARTESIAN_POINT('Ctrl Pts',(-2.,53.0218081622793,15.7003501189351));
#4859=CARTESIAN_POINT('Ctrl Pts',(0.,52.3439384971431,16.6576090356058));
#4860=CARTESIAN_POINT('Ctrl Pts',(-2.,52.3439384971431,16.6576090356058));
#4861=CARTESIAN_POINT('Ctrl Pts',(0.,52.049794152379,17.0729872584343));
#4862=CARTESIAN_POINT('Ctrl Pts',(-2.,52.049794152379,17.0729872584343));
#4863=CARTESIAN_POINT('Ctrl Pts',(0.,52.049794152379,17.0729872584343));
#4864=CARTESIAN_POINT('Ctrl Pts',(0.,52.3439384971431,16.6576090356058));
#4865=CARTESIAN_POINT('Ctrl Pts',(0.,53.0218081622793,15.7003501189351));
#4866=CARTESIAN_POINT('Ctrl Pts',(0.,53.0479541979723,14.5187856201334));
#4867=CARTESIAN_POINT('Ctrl Pts',(0.,53.0627548247576,13.8499310612679));
#4868=CARTESIAN_POINT('Ctrl Pts',(-2.,53.0627548247576,13.8499310612679));
#4869=CARTESIAN_POINT('Ctrl Pts',(-2.,53.0479541979723,14.5187856201334));
#4870=CARTESIAN_POINT('Ctrl Pts',(-2.,53.0218081622793,15.7003501189351));
#4871=CARTESIAN_POINT('Ctrl Pts',(-2.,52.3439384971431,16.6576090356058));
#4872=CARTESIAN_POINT('Ctrl Pts',(-2.,52.049794152379,17.0729872584343));
#4873=CARTESIAN_POINT('Ctrl Pts',(0.,53.09003944695,17.7687582373619));
#4874=CARTESIAN_POINT('Ctrl Pts',(-2.,53.09003944695,17.7687582373619));
#4875=CARTESIAN_POINT('Ctrl Pts',(0.,53.4794961483004,17.2289050602028));
#4876=CARTESIAN_POINT('Ctrl Pts',(-2.,53.4794961483004,17.2289050602028));
#4877=CARTESIAN_POINT('Ctrl Pts',(0.,54.315958318102,16.0694263341338));
#4878=CARTESIAN_POINT('Ctrl Pts',(-2.,54.315958318102,16.0694263341338));
#4879=CARTESIAN_POINT('Ctrl Pts',(0.,54.3883339951908,14.6362730047221));
#4880=CARTESIAN_POINT('Ctrl Pts',(-2.,54.3883339951908,14.6362730047221));
#4881=CARTESIAN_POINT('Ctrl Pts',(0.,54.427011564374,13.870395720005));
#4882=CARTESIAN_POINT('Ctrl Pts',(-2.,54.427011564374,13.870395720005));
#4883=CARTESIAN_POINT('',(0.,54.427011564374,13.870395720005));
#4884=CARTESIAN_POINT('',(0.,53.09003944695,17.7687582373619));
#4885=CARTESIAN_POINT('Ctrl Pts',(0.,54.427011564374,13.870395720005));
#4886=CARTESIAN_POINT('Ctrl Pts',(0.,54.3883339951908,14.6362730047221));
#4887=CARTESIAN_POINT('Ctrl Pts',(0.,54.315958318102,16.0694263341338));
#4888=CARTESIAN_POINT('Ctrl Pts',(0.,53.4794961483004,17.2289050602028));
#4889=CARTESIAN_POINT('Ctrl Pts',(0.,53.09003944695,17.7687582373619));
#4890=CARTESIAN_POINT('',(-2.,54.427011564374,13.870395720005));
#4891=CARTESIAN_POINT('',(0.,54.427011564374,13.870395720005));
#4892=CARTESIAN_POINT('',(-2.,53.09003944695,17.7687582373619));
#4893=CARTESIAN_POINT('Ctrl Pts',(-2.,53.09003944695,17.7687582373619));
#4894=CARTESIAN_POINT('Ctrl Pts',(-2.,53.4794961483004,17.2289050602028));
#4895=CARTESIAN_POINT('Ctrl Pts',(-2.,54.315958318102,16.0694263341338));
#4896=CARTESIAN_POINT('Ctrl Pts',(-2.,54.3883339951908,14.6362730047221));
#4897=CARTESIAN_POINT('Ctrl Pts',(-2.,54.427011564374,13.870395720005));
#4898=CARTESIAN_POINT('',(0.,53.09003944695,17.7687582373619));
#4899=CARTESIAN_POINT('Ctrl Pts',(0.,49.6384703665972,19.1773524880409));
#4900=CARTESIAN_POINT('Ctrl Pts',(-2.,49.6384703665972,19.1773524880409));
#4901=CARTESIAN_POINT('Ctrl Pts',(0.,50.3052680878238,19.1245221524181));
#4902=CARTESIAN_POINT('Ctrl Pts',(-2.,50.3052680878238,19.1245221524181));
#4903=CARTESIAN_POINT('Ctrl Pts',(0.,51.6075125675606,19.0213454156995));
#4904=CARTESIAN_POINT('Ctrl Pts',(-2.,51.6075125675606,19.0213454156995));
#4905=CARTESIAN_POINT('Ctrl Pts',(0.,52.6038593573066,18.1795318665734));
#4906=CARTESIAN_POINT('Ctrl Pts',(-2.,52.6038593573066,18.1795318665734));
#4907=CARTESIAN_POINT('Ctrl Pts',(0.,53.09003944695,17.7687582373619));
#4908=CARTESIAN_POINT('Ctrl Pts',(-2.,53.09003944695,17.7687582373619));
#4909=CARTESIAN_POINT('',(0.,49.6384703665972,19.1773524880409));
#4910=CARTESIAN_POINT('Ctrl Pts',(0.,53.09003944695,17.7687582373619));
#4911=CARTESIAN_POINT('Ctrl Pts',(0.,52.6038593573066,18.1795318665734));
#4912=CARTESIAN_POINT('Ctrl Pts',(0.,51.6075125675606,19.0213454156995));
#4913=CARTESIAN_POINT('Ctrl Pts',(0.,50.3052680878238,19.1245221524181));
#4914=CARTESIAN_POINT('Ctrl Pts',(0.,49.6384703665972,19.1773524880409));
#4915=CARTESIAN_POINT('',(-2.,49.6384703665972,19.1773524880409));
#4916=CARTESIAN_POINT('Ctrl Pts',(-2.,49.6384703665972,19.1773524880409));
#4917=CARTESIAN_POINT('Ctrl Pts',(-2.,50.3052680878238,19.1245221524181));
#4918=CARTESIAN_POINT('Ctrl Pts',(-2.,51.6075125675606,19.0213454156995));
#4919=CARTESIAN_POINT('Ctrl Pts',(-2.,52.6038593573066,18.1795318665734));
#4920=CARTESIAN_POINT('Ctrl Pts',(-2.,53.09003944695,17.7687582373619));
#4921=CARTESIAN_POINT('',(0.,49.6384703665972,19.1773524880409));
#4922=CARTESIAN_POINT('Ctrl Pts',(0.,47.1418821364641,18.5156884789467));
#4923=CARTESIAN_POINT('Ctrl Pts',(-2.,47.1418821364641,18.5156884789467));
#4924=CARTESIAN_POINT('Ctrl Pts',(0.,47.5278679796267,18.7086564476283));
#4925=CARTESIAN_POINT('Ctrl Pts',(-2.,47.5278679796267,18.7086564476283));
#4926=CARTESIAN_POINT('Ctrl Pts',(0.,48.3139143949941,19.1016288396209));
#4927=CARTESIAN_POINT('Ctrl Pts',(-2.,48.3139143949941,19.1016288396209));
#4928=CARTESIAN_POINT('Ctrl Pts',(0.,49.1917125062447,19.1518117514684));
#4929=CARTESIAN_POINT('Ctrl Pts',(-2.,49.1917125062447,19.1518117514684));
#4930=CARTESIAN_POINT('Ctrl Pts',(0.,49.6384703665972,19.1773524880409));
#4931=CARTESIAN_POINT('Ctrl Pts',(-2.,49.6384703665972,19.1773524880409));
#4932=CARTESIAN_POINT('',(0.,47.1418821364641,18.5156884789467));
#4933=CARTESIAN_POINT('Ctrl Pts',(0.,49.6384703665972,19.1773524880409));
#4934=CARTESIAN_POINT('Ctrl Pts',(0.,49.1917125062447,19.1518117514684));
#4935=CARTESIAN_POINT('Ctrl Pts',(0.,48.3139143949941,19.1016288396209));
#4936=CARTESIAN_POINT('Ctrl Pts',(0.,47.5278679796267,18.7086564476283));
#4937=CARTESIAN_POINT('Ctrl Pts',(0.,47.1418821364641,18.5156884789467));
#4938=CARTESIAN_POINT('',(-2.,47.1418821364641,18.5156884789467));
#4939=CARTESIAN_POINT('Ctrl Pts',(-2.,47.1418821364641,18.5156884789467));
#4940=CARTESIAN_POINT('Ctrl Pts',(-2.,47.5278679796267,18.7086564476283));
#4941=CARTESIAN_POINT('Ctrl Pts',(-2.,48.3139143949941,19.1016288396209));
#4942=CARTESIAN_POINT('Ctrl Pts',(-2.,49.1917125062447,19.1518117514684));
#4943=CARTESIAN_POINT('Ctrl Pts',(-2.,49.6384703665972,19.1773524880409));
#4944=CARTESIAN_POINT('',(0.,47.1418821364641,18.5156884789467));
#4945=CARTESIAN_POINT('Ctrl Pts',(0.,45.4467927962542,16.6705319285393));
#4946=CARTESIAN_POINT('Ctrl Pts',(-2.,45.4467927962542,16.6705319285393));
#4947=CARTESIAN_POINT('Ctrl Pts',(0.,45.6622535877037,17.0427057036388));
#4948=CARTESIAN_POINT('Ctrl Pts',(-2.,45.6622535877037,17.0427057036388));
#4949=CARTESIAN_POINT('Ctrl Pts',(0.,46.0909452561242,17.7832014361402));
#4950=CARTESIAN_POINT('Ctrl Pts',(-2.,46.0909452561242,17.7832014361402));
#4951=CARTESIAN_POINT('Ctrl Pts',(0.,46.7927867600128,18.2723743040064));
#4952=CARTESIAN_POINT('Ctrl Pts',(-2.,46.7927867600128,18.2723743040064));
#4953=CARTESIAN_POINT('Ctrl Pts',(0.,47.1418821364641,18.5156884789467));
#4954=CARTESIAN_POINT('Ctrl Pts',(-2.,47.1418821364641,18.5156884789467));
#4955=CARTESIAN_POINT('',(0.,45.4467927962542,16.6705319285393));
#4956=CARTESIAN_POINT('Ctrl Pts',(0.,47.1418821364641,18.5156884789467));
#4957=CARTESIAN_POINT('Ctrl Pts',(0.,46.7927867600128,18.2723743040064));
#4958=CARTESIAN_POINT('Ctrl Pts',(0.,46.0909452561242,17.7832014361402));
#4959=CARTESIAN_POINT('Ctrl Pts',(0.,45.6622535877037,17.0427057036388));
#4960=CARTESIAN_POINT('Ctrl Pts',(0.,45.4467927962542,16.6705319285393));
#4961=CARTESIAN_POINT('',(-2.,45.4467927962542,16.6705319285393));
#4962=CARTESIAN_POINT('Ctrl Pts',(-2.,45.4467927962542,16.6705319285393));
#4963=CARTESIAN_POINT('Ctrl Pts',(-2.,45.6622535877037,17.0427057036388));
#4964=CARTESIAN_POINT('Ctrl Pts',(-2.,46.0909452561242,17.7832014361402));
#4965=CARTESIAN_POINT('Ctrl Pts',(-2.,46.7927867600128,18.2723743040064));
#4966=CARTESIAN_POINT('Ctrl Pts',(-2.,47.1418821364641,18.5156884789467));
#4967=CARTESIAN_POINT('',(0.,45.4467927962542,16.6705319285393));
#4968=CARTESIAN_POINT('Ctrl Pts',(0.,44.8635732680559,13.9863565564156));
#4969=CARTESIAN_POINT('Ctrl Pts',(-2.,44.8635732680559,13.9863565564156));
#4970=CARTESIAN_POINT('Ctrl Pts',(0.,44.8844560380939,14.466287054825));
#4971=CARTESIAN_POINT('Ctrl Pts',(-2.,44.8844560380939,14.466287054825));
#4972=CARTESIAN_POINT('Ctrl Pts',(0.,44.9248705377263,15.3950982669489));
#4973=CARTESIAN_POINT('Ctrl Pts',(-2.,44.9248705377263,15.3950982669489));
#4974=CARTESIAN_POINT('Ctrl Pts',(0.,45.2767396577276,16.2549690863881));
#4975=CARTESIAN_POINT('Ctrl Pts',(-2.,45.2767396577276,16.2549690863881));
#4976=CARTESIAN_POINT('Ctrl Pts',(0.,45.4467927962542,16.6705319285393));
#4977=CARTESIAN_POINT('Ctrl Pts',(-2.,45.4467927962542,16.6705319285393));
#4978=CARTESIAN_POINT('',(0.,44.8635732680559,13.9863565564156));
#4979=CARTESIAN_POINT('Ctrl Pts',(0.,45.4467927962542,16.6705319285393));
#4980=CARTESIAN_POINT('Ctrl Pts',(0.,45.2767396577276,16.2549690863881));
#4981=CARTESIAN_POINT('Ctrl Pts',(0.,44.9248705377263,15.3950982669489));
#4982=CARTESIAN_POINT('Ctrl Pts',(0.,44.8844560380939,14.466287054825));
#4983=CARTESIAN_POINT('Ctrl Pts',(0.,44.8635732680559,13.9863565564156));
#4984=CARTESIAN_POINT('',(-2.,44.8635732680559,13.9863565564156));
#4985=CARTESIAN_POINT('Ctrl Pts',(-2.,44.8635732680559,13.9863565564156));
#4986=CARTESIAN_POINT('Ctrl Pts',(-2.,44.8844560380939,14.466287054825));
#4987=CARTESIAN_POINT('Ctrl Pts',(-2.,44.9248705377263,15.3950982669489));
#4988=CARTESIAN_POINT('Ctrl Pts',(-2.,45.2767396577276,16.2549690863881));
#4989=CARTESIAN_POINT('Ctrl Pts',(-2.,45.4467927962542,16.6705319285393));
#4990=CARTESIAN_POINT('',(0.,44.8635732680559,13.9863565564156));
#4991=CARTESIAN_POINT('Ctrl Pts',(0.,45.4774891883135,11.2646654248238));
#4992=CARTESIAN_POINT('Ctrl Pts',(-2.,45.4774891883135,11.2646654248238));
#4993=CARTESIAN_POINT('Ctrl Pts',(0.,45.2984789483334,11.6857037263388));
#4994=CARTESIAN_POINT('Ctrl Pts',(-2.,45.2984789483334,11.6857037263388));
#4995=CARTESIAN_POINT('Ctrl Pts',(0.,44.9288576212455,12.5550659247145));
#4996=CARTESIAN_POINT('Ctrl Pts',(-2.,44.9288576212455,12.5550659247145));
#4997=CARTESIAN_POINT('Ctrl Pts',(0.,44.8857853379349,13.4993803366132));
#4998=CARTESIAN_POINT('Ctrl Pts',(-2.,44.8857853379349,13.4993803366132));
#4999=CARTESIAN_POINT('Ctrl Pts',(0.,44.8635732680559,13.9863565564156));
#5000=CARTESIAN_POINT('Ctrl Pts',(-2.,44.8635732680559,13.9863565564156));
#5001=CARTESIAN_POINT('',(0.,45.4774891883135,11.2646654248238));
#5002=CARTESIAN_POINT('Ctrl Pts',(0.,44.8635732680559,13.9863565564156));
#5003=CARTESIAN_POINT('Ctrl Pts',(0.,44.8857853379349,13.4993803366132));
#5004=CARTESIAN_POINT('Ctrl Pts',(0.,44.9288576212455,12.5550659247145));
#5005=CARTESIAN_POINT('Ctrl Pts',(0.,45.2984789483334,11.6857037263388));
#5006=CARTESIAN_POINT('Ctrl Pts',(0.,45.4774891883135,11.2646654248238));
#5007=CARTESIAN_POINT('',(-2.,45.4774891883135,11.2646654248238));
#5008=CARTESIAN_POINT('Ctrl Pts',(-2.,45.4774891883135,11.2646654248238));
#5009=CARTESIAN_POINT('Ctrl Pts',(-2.,45.2984789483334,11.6857037263388));
#5010=CARTESIAN_POINT('Ctrl Pts',(-2.,44.9288576212455,12.5550659247145));
#5011=CARTESIAN_POINT('Ctrl Pts',(-2.,44.8857853379349,13.4993803366132));
#5012=CARTESIAN_POINT('Ctrl Pts',(-2.,44.8635732680559,13.9863565564156));
#5013=CARTESIAN_POINT('',(0.,45.4774891883135,11.2646654248238));
#5014=CARTESIAN_POINT('Ctrl Pts',(0.,47.2169160395861,9.44679409265518));
#5015=CARTESIAN_POINT('Ctrl Pts',(-2.,47.2169160395861,9.44679409265518));
#5016=CARTESIAN_POINT('Ctrl Pts',(0.,46.8617593046059,9.67943998589487));
#5017=CARTESIAN_POINT('Ctrl Pts',(-2.,46.8617593046059,9.67943998589487));
#5018=CARTESIAN_POINT('Ctrl Pts',(0.,46.1419850001136,10.1509291046608));
#5019=CARTESIAN_POINT('Ctrl Pts',(-2.,46.1419850001136,10.1509291046608));
#5020=CARTESIAN_POINT('Ctrl Pts',(0.,45.7009202685878,10.8901810341988));
#5021=CARTESIAN_POINT('Ctrl Pts',(-2.,45.7009202685878,10.8901810341988));
#5022=CARTESIAN_POINT('Ctrl Pts',(0.,45.4774891883135,11.2646654248238));
#5023=CARTESIAN_POINT('Ctrl Pts',(-2.,45.4774891883135,11.2646654248238));
#5024=CARTESIAN_POINT('',(0.,47.2169160395861,9.44679409265518));
#5025=CARTESIAN_POINT('Ctrl Pts',(0.,45.4774891883135,11.2646654248238));
#5026=CARTESIAN_POINT('Ctrl Pts',(0.,45.7009202685878,10.8901810341988));
#5027=CARTESIAN_POINT('Ctrl Pts',(0.,46.1419850001136,10.1509291046608));
#5028=CARTESIAN_POINT('Ctrl Pts',(0.,46.8617593046059,9.67943998589487));
#5029=CARTESIAN_POINT('Ctrl Pts',(0.,47.2169160395861,9.44679409265518));
#5030=CARTESIAN_POINT('',(-2.,47.2169160395861,9.44679409265518));
#5031=CARTESIAN_POINT('Ctrl Pts',(-2.,47.2169160395861,9.44679409265518));
#5032=CARTESIAN_POINT('Ctrl Pts',(-2.,46.8617593046059,9.67943998589487));
#5033=CARTESIAN_POINT('Ctrl Pts',(-2.,46.1419850001136,10.1509291046608));
#5034=CARTESIAN_POINT('Ctrl Pts',(-2.,45.7009202685878,10.8901810341988));
#5035=CARTESIAN_POINT('Ctrl Pts',(-2.,45.4774891883135,11.2646654248238));
#5036=CARTESIAN_POINT('',(0.,47.2169160395861,9.44679409265518));
#5037=CARTESIAN_POINT('Ctrl Pts',(0.,49.6452927142382,8.82946759462357));
#5038=CARTESIAN_POINT('Ctrl Pts',(-2.,49.6452927142382,8.82946759462357));
#5039=CARTESIAN_POINT('Ctrl Pts',(0.,49.2191287217387,8.85478695661278));
#5040=CARTESIAN_POINT('Ctrl Pts',(-2.,49.2191287217387,8.85478695661278));
#5041=CARTESIAN_POINT('Ctrl Pts',(0.,48.3700997841057,8.9052296767618));
#5042=CARTESIAN_POINT('Ctrl Pts',(-2.,48.3700997841057,8.9052296767618));
#5043=CARTESIAN_POINT('Ctrl Pts',(0.,47.6003135757032,9.26674085856392));
#5044=CARTESIAN_POINT('Ctrl Pts',(-2.,47.6003135757032,9.26674085856392));
#5045=CARTESIAN_POINT('Ctrl Pts',(0.,47.2169160395861,9.44679409265518));
#5046=CARTESIAN_POINT('Ctrl Pts',(-2.,47.2169160395861,9.44679409265518));
#5047=CARTESIAN_POINT('',(0.,49.6452927142382,8.82946759462357));
#5048=CARTESIAN_POINT('Ctrl Pts',(0.,47.2169160395861,9.44679409265518));
#5049=CARTESIAN_POINT('Ctrl Pts',(0.,47.6003135757032,9.26674085856392));
#5050=CARTESIAN_POINT('Ctrl Pts',(0.,48.3700997841057,8.9052296767618));
#5051=CARTESIAN_POINT('Ctrl Pts',(0.,49.2191287217387,8.85478695661278));
#5052=CARTESIAN_POINT('Ctrl Pts',(0.,49.6452927142382,8.82946759462357));
#5053=CARTESIAN_POINT('',(-2.,49.6452927142382,8.82946759462357));
#5054=CARTESIAN_POINT('Ctrl Pts',(-2.,49.6452927142382,8.82946759462357));
#5055=CARTESIAN_POINT('Ctrl Pts',(-2.,49.2191287217387,8.85478695661278));
#5056=CARTESIAN_POINT('Ctrl Pts',(-2.,48.3700997841057,8.9052296767618));
#5057=CARTESIAN_POINT('Ctrl Pts',(-2.,47.6003135757032,9.26674085856392));
#5058=CARTESIAN_POINT('Ctrl Pts',(-2.,47.2169160395861,9.44679409265518));
#5059=CARTESIAN_POINT('',(0.,49.6452927142382,8.82946759462357));
#5060=CARTESIAN_POINT('Ctrl Pts',(0.,52.1691667586565,9.51159626245499));
#5061=CARTESIAN_POINT('Ctrl Pts',(-2.,52.1691667586565,9.51159626245499));
#5062=CARTESIAN_POINT('Ctrl Pts',(0.,51.7812977038184,9.31266667254729));
#5063=CARTESIAN_POINT('Ctrl Pts',(-2.,51.7812977038184,9.31266667254729));
#5064=CARTESIAN_POINT('Ctrl Pts',(0.,50.9889528110652,8.90629023541025));
#5065=CARTESIAN_POINT('Ctrl Pts',(-2.,50.9889528110652,8.90629023541025));
#5066=CARTESIAN_POINT('Ctrl Pts',(0.,50.0993941762288,8.85543046542518));
#5067=CARTESIAN_POINT('Ctrl Pts',(-2.,50.0993941762288,8.85543046542518));
#5068=CARTESIAN_POINT('Ctrl Pts',(0.,49.6452927142382,8.82946759462357));
#5069=CARTESIAN_POINT('Ctrl Pts',(-2.,49.6452927142382,8.82946759462357));
#5070=CARTESIAN_POINT('',(0.,52.1691667586565,9.51159626245499));
#5071=CARTESIAN_POINT('Ctrl Pts',(0.,49.6452927142382,8.82946759462357));
#5072=CARTESIAN_POINT('Ctrl Pts',(0.,50.0993941762288,8.85543046542518));
#5073=CARTESIAN_POINT('Ctrl Pts',(0.,50.9889528110652,8.90629023541025));
#5074=CARTESIAN_POINT('Ctrl Pts',(0.,51.7812977038184,9.31266667254729));
#5075=CARTESIAN_POINT('Ctrl Pts',(0.,52.1691667586565,9.51159626245499));
#5076=CARTESIAN_POINT('',(-2.,52.1691667586565,9.51159626245499));
#5077=CARTESIAN_POINT('Ctrl Pts',(-2.,52.1691667586565,9.51159626245499));
#5078=CARTESIAN_POINT('Ctrl Pts',(-2.,51.7812977038184,9.31266667254729));
#5079=CARTESIAN_POINT('Ctrl Pts',(-2.,50.9889528110652,8.90629023541025));
#5080=CARTESIAN_POINT('Ctrl Pts',(-2.,50.0993941762288,8.85543046542518));
#5081=CARTESIAN_POINT('Ctrl Pts',(-2.,49.6452927142382,8.82946759462357));
#5082=CARTESIAN_POINT('',(0.,52.1691667586565,9.51159626245499));
#5083=CARTESIAN_POINT('Ctrl Pts',(0.,53.8540237694979,11.3738062977791));
#5084=CARTESIAN_POINT('Ctrl Pts',(-2.,53.8540237694979,11.3738062977791));
#5085=CARTESIAN_POINT('Ctrl Pts',(0.,53.6408536862623,11.001365145827));
#5086=CARTESIAN_POINT('Ctrl Pts',(-2.,53.6408536862623,11.001365145827));
#5087=CARTESIAN_POINT('Ctrl Pts',(0.,53.2151531334063,10.2576003459743));
#5088=CARTESIAN_POINT('Ctrl Pts',(-2.,53.2151531334063,10.2576003459743));
#5089=CARTESIAN_POINT('Ctrl Pts',(0.,52.5174794661453,9.76001508358012));
#5090=CARTESIAN_POINT('Ctrl Pts',(-2.,52.5174794661453,9.76001508358012));
#5091=CARTESIAN_POINT('Ctrl Pts',(0.,52.1691667586565,9.51159626245499));
#5092=CARTESIAN_POINT('Ctrl Pts',(-2.,52.1691667586565,9.51159626245499));
#5093=CARTESIAN_POINT('',(0.,53.8540237694979,11.3738062977791));
#5094=CARTESIAN_POINT('Ctrl Pts',(0.,52.1691667586565,9.51159626245499));
#5095=CARTESIAN_POINT('Ctrl Pts',(0.,52.5174794661453,9.76001508358012));
#5096=CARTESIAN_POINT('Ctrl Pts',(0.,53.2151531334063,10.2576003459743));
#5097=CARTESIAN_POINT('Ctrl Pts',(0.,53.6408536862623,11.001365145827));
#5098=CARTESIAN_POINT('Ctrl Pts',(0.,53.8540237694979,11.3738062977791));
#5099=CARTESIAN_POINT('',(-2.,53.8540237694979,11.3738062977791));
#5100=CARTESIAN_POINT('Ctrl Pts',(-2.,53.8540237694979,11.3738062977791));
#5101=CARTESIAN_POINT('Ctrl Pts',(-2.,53.6408536862623,11.001365145827));
#5102=CARTESIAN_POINT('Ctrl Pts',(-2.,53.2151531334063,10.2576003459743));
#5103=CARTESIAN_POINT('Ctrl Pts',(-2.,52.5174794661453,9.76001508358012));
#5104=CARTESIAN_POINT('Ctrl Pts',(-2.,52.1691667586565,9.51159626245499));
#5105=CARTESIAN_POINT('',(0.,53.8540237694979,11.3738062977791));
#5106=CARTESIAN_POINT('Ctrl Pts',(0.,54.427011564374,13.870395720005));
#5107=CARTESIAN_POINT('Ctrl Pts',(-2.,54.427011564374,13.870395720005));
#5108=CARTESIAN_POINT('Ctrl Pts',(0.,54.4032255647354,13.4374263336957));
#5109=CARTESIAN_POINT('Ctrl Pts',(-2.,54.4032255647354,13.4374263336957));
#5110=CARTESIAN_POINT('Ctrl Pts',(0.,54.3556974715777,12.5722867709464));
#5111=CARTESIAN_POINT('Ctrl Pts',(-2.,54.3556974715777,12.5722867709464));
#5112=CARTESIAN_POINT('Ctrl Pts',(0.,54.0211453178789,11.7730536801908));
#5113=CARTESIAN_POINT('Ctrl Pts',(-2.,54.0211453178789,11.7730536801908));
#5114=CARTESIAN_POINT('Ctrl Pts',(0.,53.8540237694979,11.3738062977791));
#5115=CARTESIAN_POINT('Ctrl Pts',(-2.,53.8540237694979,11.3738062977791));
#5116=CARTESIAN_POINT('Ctrl Pts',(0.,53.8540237694979,11.3738062977791));
#5117=CARTESIAN_POINT('Ctrl Pts',(0.,54.0211453178789,11.7730536801908));
#5118=CARTESIAN_POINT('Ctrl Pts',(0.,54.3556974715777,12.5722867709464));
#5119=CARTESIAN_POINT('Ctrl Pts',(0.,54.4032255647354,13.4374263336957));
#5120=CARTESIAN_POINT('Ctrl Pts',(0.,54.427011564374,13.870395720005));
#5121=CARTESIAN_POINT('Ctrl Pts',(-2.,54.427011564374,13.870395720005));
#5122=CARTESIAN_POINT('Ctrl Pts',(-2.,54.4032255647354,13.4374263336957));
#5123=CARTESIAN_POINT('Ctrl Pts',(-2.,54.3556974715777,12.5722867709464));
#5124=CARTESIAN_POINT('Ctrl Pts',(-2.,54.0211453178789,11.7730536801908));
#5125=CARTESIAN_POINT('Ctrl Pts',(-2.,53.8540237694979,11.3738062977791));
#5126=CARTESIAN_POINT('Origin',(-2.,40.0000008493662,14.0034100413322));
#5127=CARTESIAN_POINT('Origin',(0.,80.,0.));
#5128=CARTESIAN_POINT('',(0.,75.,5.));
#5129=CARTESIAN_POINT('',(0.,75.,65.));
#5130=CARTESIAN_POINT('',(0.,75.,0.));
#5131=CARTESIAN_POINT('',(0.,5.,5.));
#5132=CARTESIAN_POINT('',(0.,60.,5.));
#5133=CARTESIAN_POINT('',(0.,5.,65.));
#5134=CARTESIAN_POINT('',(0.,5.,0.));
#5135=CARTESIAN_POINT('',(0.,60.,65.));
#5136=CARTESIAN_POINT('',(0.,33.840383246541,9.00000005960464));
#5137=CARTESIAN_POINT('',(0.,33.840383246541,19.0000000596046));
#5138=CARTESIAN_POINT('',(0.,33.840383246541,9.50000002980232));
#5139=CARTESIAN_POINT('',(0.,30.3956353217363,19.0000000596046));
#5140=CARTESIAN_POINT('',(0.,55.1978176608682,19.0000000596046));
#5141=CARTESIAN_POINT('',(0.,28.6152803450823,18.8567534089088));
#5142=CARTESIAN_POINT('Ctrl Pts',(0.,30.3956353217363,19.0000000596046));
#5143=CARTESIAN_POINT('Ctrl Pts',(0.,30.0519339696093,18.9985807628922));
#5144=CARTESIAN_POINT('Ctrl Pts',(0.,29.454471036323,18.9961135710358));
#5145=CARTESIAN_POINT('Ctrl Pts',(0.,28.8654544802129,18.8982985647306));
#5146=CARTESIAN_POINT('Ctrl Pts',(0.,28.6152803450823,18.8567534089088));
#5147=CARTESIAN_POINT('',(0.,27.148705676198,18.1405183672905));
#5148=CARTESIAN_POINT('Ctrl Pts',(0.,28.6152803450823,18.8567534089088));
#5149=CARTESIAN_POINT('Ctrl Pts',(0.,28.3420869098921,18.7798026673691));
#5150=CARTESIAN_POINT('Ctrl Pts',(0.,27.8095398396548,18.629799458357));
#5151=CARTESIAN_POINT('Ctrl Pts',(0.,27.3651340002443,18.3007617269454));
#5152=CARTESIAN_POINT('Ctrl Pts',(0.,27.148705676198,18.1405183672905));
#5153=CARTESIAN_POINT('',(0.,25.9652125388384,16.4317873120308));
#5154=CARTESIAN_POINT('Ctrl Pts',(0.,27.148705676198,18.1405183672905));
#5155=CARTESIAN_POINT('Ctrl Pts',(0.,26.9004184699797,17.8990907185015));
#5156=CARTESIAN_POINT('Ctrl Pts',(0.,26.3944602612117,17.4071108755252));
#5157=CARTESIAN_POINT('Ctrl Pts',(0.,26.1100533717018,16.76089022833));
#5158=CARTESIAN_POINT('Ctrl Pts',(0.,25.9652125388384,16.4317873120308));
#5159=CARTESIAN_POINT('',(0.,25.5729901343584,14.0545704960823));
#5160=CARTESIAN_POINT('Ctrl Pts',(0.,25.9652125388384,16.4317873120308));
#5161=CARTESIAN_POINT('Ctrl Pts',(0.,25.8508842229926,16.0630679958707));
#5162=CARTESIAN_POINT('Ctrl Pts',(0.,25.6109203093124,15.2891623409093));
#5163=CARTESIAN_POINT('Ctrl Pts',(0.,25.5860245615286,14.47882895273));
#5164=CARTESIAN_POINT('Ctrl Pts',(0.,25.5729901343584,14.0545704960823));
#5165=CARTESIAN_POINT('',(0.,25.8390175849199,12.0354703068733));
#5166=CARTESIAN_POINT('Ctrl Pts',(0.,25.5729901343584,14.0545704960823));
#5167=CARTESIAN_POINT('Ctrl Pts',(0.,25.5814624102806,13.6945929067061));
#5168=CARTESIAN_POINT('Ctrl Pts',(0.,25.5975346881701,13.0116996790043));
#5169=CARTESIAN_POINT('Ctrl Pts',(0.,25.7614893324035,12.3488894280419));
#5170=CARTESIAN_POINT('Ctrl Pts',(0.,25.8390175849199,12.0354703068733));
#5171=CARTESIAN_POINT('',(0.,26.5211474448442,10.5791273713112));
#5172=CARTESIAN_POINT('Ctrl Pts',(0.,25.8390175849199,12.0354703068733));
#5173=CARTESIAN_POINT('Ctrl Pts',(0.,25.9288500163864,11.7620595087763));
#5174=CARTESIAN_POINT('Ctrl Pts',(0.,26.0975125740661,11.2487241381147));
#5175=CARTESIAN_POINT('Ctrl Pts',(0.,26.3862133942434,10.7924039692647));
#5176=CARTESIAN_POINT('Ctrl Pts',(0.,26.5211474448442,10.5791273713112));
#5177=CARTESIAN_POINT('',(0.,27.4317872077227,9.67189699411392));
#5178=CARTESIAN_POINT('Ctrl Pts',(0.,26.5211474448442,10.5791273713112));
#5179=CARTESIAN_POINT('Ctrl Pts',(0.,26.6590282085159,10.4000146887212));
#5180=CARTESIAN_POINT('Ctrl Pts',(0.,26.9228042535364,10.0573589493094));
#5181=CARTESIAN_POINT('Ctrl Pts',(0.,27.2673446432259,9.79643230891559));
#5182=CARTESIAN_POINT('Ctrl Pts',(0.,27.4317872077227,9.67189699411392));
#5183=CARTESIAN_POINT('',(0.,28.6255132704973,9.17053252458572));
#5184=CARTESIAN_POINT('Ctrl Pts',(0.,27.4317872077227,9.67189699411392));
#5185=CARTESIAN_POINT('Ctrl Pts',(0.,27.6103307596344,9.56707736055608));
#5186=CARTESIAN_POINT('Ctrl Pts',(0.,27.9856251887391,9.34674890784049));
#5187=CARTESIAN_POINT('Ctrl Pts',(0.,28.4054283576325,9.23114088479681));
#5188=CARTESIAN_POINT('Ctrl Pts',(0.,28.6255132704973,9.17053252458572));
#5189=CARTESIAN_POINT('',(0.,30.2319252043962,9.00000005960464));
#5190=CARTESIAN_POINT('Ctrl Pts',(0.,28.6255132704973,9.17053252458572));
#5191=CARTESIAN_POINT('Ctrl Pts',(0.,28.8751365917422,9.12083989709894));
#5192=CARTESIAN_POINT('Ctrl Pts',(0.,29.4052678063113,9.0153064363897));
#5193=CARTESIAN_POINT('Ctrl Pts',(0.,29.9458744538467,9.00529657128857));
#5194=CARTESIAN_POINT('Ctrl Pts',(0.,30.2319252043962,9.00000005960464));
#5195=CARTESIAN_POINT('',(0.,56.9201916232705,9.00000005960464));
#5196=CARTESIAN_POINT('',(0.,52.5,35.));
#5197=CARTESIAN_POINT('Origin',(0.,40.,35.));
#5198=CARTESIAN_POINT('',(0.,43.2128226310015,9.00000005960464));
#5199=CARTESIAN_POINT('',(0.,43.2128226310015,19.0000000596046));
#5200=CARTESIAN_POINT('',(0.,43.2128226310015,9.50000002980232));
#5201=CARTESIAN_POINT('',(0.,39.4611179381609,19.0000000596046));
#5202=CARTESIAN_POINT('',(0.,59.7305589690804,19.0000000596046));
#5203=CARTESIAN_POINT('',(0.,37.6227819472551,18.6964532732964));
#5204=CARTESIAN_POINT('Ctrl Pts',(0.,39.4611179381609,19.0000000596046));
#5205=CARTESIAN_POINT('Ctrl Pts',(0.,39.1135897720635,18.9936517364669));
#5206=CARTESIAN_POINT('Ctrl Pts',(0.,38.4850104466044,18.9821694306713));
#5207=CARTESIAN_POINT('Ctrl Pts',(0.,37.889187178193,18.7847318200454));
#5208=CARTESIAN_POINT('Ctrl Pts',(0.,37.6227819472551,18.6964532732964));
#5209=CARTESIAN_POINT('',(0.,36.5381991416216,17.7619370818138));
#5210=CARTESIAN_POINT('Ctrl Pts',(0.,37.6227819472551,18.6964532732964));
#5211=CARTESIAN_POINT('Ctrl Pts',(0.,37.4048088740945,18.5821218954384));
#5212=CARTESIAN_POINT('Ctrl Pts',(0.,36.9708825794218,18.3545185936206));
#5213=CARTESIAN_POINT('Ctrl Pts',(0.,36.681978688385,17.9588503300332));
#5214=CARTESIAN_POINT('Ctrl Pts',(0.,36.5381991416216,17.7619370818138));
#5215=CARTESIAN_POINT('',(0.,36.1459743529558,16.4420190453529));
#5216=CARTESIAN_POINT('Ctrl Pts',(0.,36.5381991416216,17.7619370818138));
#5217=CARTESIAN_POINT('Ctrl Pts',(0.,36.4238126550314,17.5515845101609));
#5218=CARTESIAN_POINT('Ctrl Pts',(0.,36.199521402179,17.1391210868741));
#5219=CARTESIAN_POINT('Ctrl Pts',(0.,36.1635840059508,16.6712702409155));
#5220=CARTESIAN_POINT('Ctrl Pts',(0.,36.1459743529558,16.4420190453529));
#5221=CARTESIAN_POINT('',(0.,36.4938580542803,15.2346524596214));
#5222=CARTESIAN_POINT('Ctrl Pts',(0.,36.1459743529558,16.4420190453529));
#5223=CARTESIAN_POINT('Ctrl Pts',(0.,36.1610104950733,16.2305377786036));
#5224=CARTESIAN_POINT('Ctrl Pts',(0.,36.1913696064331,15.8035410611247));
#5225=CARTESIAN_POINT('Ctrl Pts',(0.,36.3923954868708,15.4254726330506));
#5226=CARTESIAN_POINT('Ctrl Pts',(0.,36.4938580542803,15.2346524596214));
#5227=CARTESIAN_POINT('',(0.,37.5443374663591,14.3206003308296));
#5228=CARTESIAN_POINT('Ctrl Pts',(0.,36.4938580542803,15.2346524596214));
#5229=CARTESIAN_POINT('Ctrl Pts',(0.,36.6293457867814,15.0527347512717));
#5230=CARTESIAN_POINT('Ctrl Pts',(0.,36.9127167590144,14.6722560398059));
#5231=CARTESIAN_POINT('Ctrl Pts',(0.,37.327745688488,14.4411881049795));
#5232=CARTESIAN_POINT('Ctrl Pts',(0.,37.5443374663591,14.3206003308296));
#5233=CARTESIAN_POINT('',(0.,36.1493861228228,13.4133699536324));
#5234=CARTESIAN_POINT('Ctrl Pts',(0.,37.5443374663591,14.3206003308296));
#5235=CARTESIAN_POINT('Ctrl Pts',(0.,37.2632901151675,14.2212467900915));
#5236=CARTESIAN_POINT('Ctrl Pts',(0.,36.7243998082354,14.0307427350412));
#5237=CARTESIAN_POINT('Ctrl Pts',(0.,36.3354750376256,13.6131673390437));
#5238=CARTESIAN_POINT('Ctrl Pts',(0.,36.1493861228228,13.4133699536324));
#5239=CARTESIAN_POINT('',(0.,35.6616627722979,11.8990448117256));
#5240=CARTESIAN_POINT('Ctrl Pts',(0.,36.1493861228228,13.4133699536324));
#5241=CARTESIAN_POINT('Ctrl Pts',(0.,36.0071529229105,13.1869306308059));
#5242=CARTESIAN_POINT('Ctrl Pts',(0.,35.7163550952487,12.7239721709259));
#5243=CARTESIAN_POINT('Ctrl Pts',(0.,35.6801562609878,12.1779831336751));
#5244=CARTESIAN_POINT('Ctrl Pts',(0.,35.6616627722979,11.8990448117256));
#5245=CARTESIAN_POINT('',(0.,35.9583889991045,10.5927696824074));
#5246=CARTESIAN_POINT('Ctrl Pts',(0.,35.6616627722979,11.8990448117256));
#5247=CARTESIAN_POINT('Ctrl Pts',(0.,35.673457108715,11.6701339206205));
#5248=CARTESIAN_POINT('Ctrl Pts',(0.,35.6967818285815,11.2174350810587));
#5249=CARTESIAN_POINT('Ctrl Pts',(0.,35.8718469807978,10.7994146465249));
#5250=CARTESIAN_POINT('Ctrl Pts',(0.,35.9583889991045,10.5927696824074));
#5251=CARTESIAN_POINT('',(0.,36.6916763335466,9.66166406869888));
#5252=CARTESIAN_POINT('Ctrl Pts',(0.,35.9583889991045,10.5927696824074));
#5253=CARTESIAN_POINT('Ctrl Pts',(0.,36.0587563683893,10.4064280067514));
#5254=CARTESIAN_POINT('Ctrl Pts',(0.,36.249152821002,10.0529386777834));
#5255=CARTESIAN_POINT('Ctrl Pts',(0.,36.5496065821177,9.78728064019686));
#5256=CARTESIAN_POINT('Ctrl Pts',(0.,36.6916763335466,9.66166406869888));
#5257=CARTESIAN_POINT('',(0.,37.7864920645952,9.16712194681168));
#5258=CARTESIAN_POINT('Ctrl Pts',(0.,36.6916763335466,9.66166406869888));
#5259=CARTESIAN_POINT('Ctrl Pts',(0.,36.8519873084832,9.55784625307543));
#5260=CARTESIAN_POINT('Ctrl Pts',(0.,37.1916562896926,9.33787571345293));
#5261=CARTESIAN_POINT('Ctrl Pts',(0.,37.5809371296508,9.22612861869384));
#5262=CARTESIAN_POINT('Ctrl Pts',(0.,37.7864920645952,9.16712194681168));
#5263=CARTESIAN_POINT('',(0.,39.3997251540422,9.00000005960464));
#5264=CARTESIAN_POINT('Ctrl Pts',(0.,37.7864920645952,9.16712194681168));
#5265=CARTESIAN_POINT('Ctrl Pts',(0.,38.0298895264939,9.1184715638578));
#5266=CARTESIAN_POINT('Ctrl Pts',(0.,38.5621169221366,9.01208973713466));
#5267=CARTESIAN_POINT('Ctrl Pts',(0.,39.1050729763369,9.00425294260685));
#5268=CARTESIAN_POINT('Ctrl Pts',(0.,39.3997251540422,9.00000005960464));
#5269=CARTESIAN_POINT('',(0.,61.6064113155007,9.00000005960464));
#5270=CARTESIAN_POINT('Origin',(0.,39.7271477729082,14.798090159893));
#5271=CARTESIAN_POINT('',(0.,41.889494612813,14.798090159893));
#5272=CARTESIAN_POINT('',(0.,39.7271477729082,14.798090159893));
#5273=CARTESIAN_POINT('',(0.,59.8635738864541,14.798090159893));
#5274=CARTESIAN_POINT('',(-2.,41.889494612813,14.798090159893));
#5275=CARTESIAN_POINT('',(0.,41.889494612813,14.798090159893));
#5276=CARTESIAN_POINT('',(-2.,39.7271477729082,14.798090159893));
#5277=CARTESIAN_POINT('',(-2.,41.889494612813,14.798090159893));
#5278=CARTESIAN_POINT('',(0.,39.7271477729082,14.798090159893));
#5279=CARTESIAN_POINT('Ctrl Pts',(0.,38.4652101546526,14.9140521883965));
#5280=CARTESIAN_POINT('Ctrl Pts',(-2.,38.4652101546526,14.9140521883965));
#5281=CARTESIAN_POINT('Ctrl Pts',(0.,38.6335622556733,14.8805249616277));
#5282=CARTESIAN_POINT('Ctrl Pts',(-2.,38.6335622556733,14.8805249616277));
#5283=CARTESIAN_POINT('Ctrl Pts',(0.,39.0495857419912,14.7976741169852));
#5284=CARTESIAN_POINT('Ctrl Pts',(-2.,39.0495857419912,14.7976741169852));
#5285=CARTESIAN_POINT('Ctrl Pts',(0.,39.4743015720424,14.7979349049292));
#5286=CARTESIAN_POINT('Ctrl Pts',(-2.,39.4743015720424,14.7979349049292));
#5287=CARTESIAN_POINT('Ctrl Pts',(0.,39.7271477729082,14.798090159893));
#5288=CARTESIAN_POINT('Ctrl Pts',(-2.,39.7271477729082,14.798090159893));
#5289=CARTESIAN_POINT('',(0.,38.4652101546526,14.9140521883965));
#5290=CARTESIAN_POINT('Ctrl Pts',(0.,39.7271477729082,14.798090159893));
#5291=CARTESIAN_POINT('Ctrl Pts',(0.,39.4743015720424,14.7979349049292));
#5292=CARTESIAN_POINT('Ctrl Pts',(0.,39.0495857419912,14.7976741169852));
#5293=CARTESIAN_POINT('Ctrl Pts',(0.,38.6335622556733,14.8805249616277));
#5294=CARTESIAN_POINT('Ctrl Pts',(0.,38.4652101546526,14.9140521883965));
#5295=CARTESIAN_POINT('',(-2.,38.4652101546526,14.9140521883965));
#5296=CARTESIAN_POINT('Ctrl Pts',(-2.,38.4652101546526,14.9140521883965));
#5297=CARTESIAN_POINT('Ctrl Pts',(-2.,38.6335622556733,14.8805249616277));
#5298=CARTESIAN_POINT('Ctrl Pts',(-2.,39.0495857419912,14.7976741169852));
#5299=CARTESIAN_POINT('Ctrl Pts',(-2.,39.4743015720424,14.7979349049292));
#5300=CARTESIAN_POINT('Ctrl Pts',(-2.,39.7271477729082,14.798090159893));
#5301=CARTESIAN_POINT('',(0.,38.4652101546526,14.9140521883965));
#5302=CARTESIAN_POINT('Ctrl Pts',(0.,37.7046381980181,15.4120054841042));
#5303=CARTESIAN_POINT('Ctrl Pts',(-2.,37.7046381980181,15.4120054841042));
#5304=CARTESIAN_POINT('Ctrl Pts',(0.,37.8043774179078,15.3031288139282));
#5305=CARTESIAN_POINT('Ctrl Pts',(-2.,37.8043774179078,15.3031288139282));
#5306=CARTESIAN_POINT('Ctrl Pts',(0.,38.0151300353179,15.0730684300605));
#5307=CARTESIAN_POINT('Ctrl Pts',(-2.,38.0151300353179,15.0730684300605));
#5308=CARTESIAN_POINT('Ctrl Pts',(0.,38.309926747191,14.9689148290388));
#5309=CARTESIAN_POINT('Ctrl Pts',(-2.,38.309926747191,14.9689148290388));
#5310=CARTESIAN_POINT('Ctrl Pts',(0.,38.4652101546526,14.9140521883965));
#5311=CARTESIAN_POINT('Ctrl Pts',(-2.,38.4652101546526,14.9140521883965));
#5312=CARTESIAN_POINT('',(0.,37.7046381980181,15.4120054841042));
#5313=CARTESIAN_POINT('Ctrl Pts',(0.,38.4652101546526,14.9140521883965));
#5314=CARTESIAN_POINT('Ctrl Pts',(0.,38.309926747191,14.9689148290388));
#5315=CARTESIAN_POINT('Ctrl Pts',(0.,38.0151300353179,15.0730684300605));
#5316=CARTESIAN_POINT('Ctrl Pts',(0.,37.8043774179078,15.3031288139282));
#5317=CARTESIAN_POINT('Ctrl Pts',(0.,37.7046381980181,15.4120054841042));
#5318=CARTESIAN_POINT('',(-2.,37.7046381980181,15.4120054841042));
#5319=CARTESIAN_POINT('Ctrl Pts',(-2.,37.7046381980181,15.4120054841042));
#5320=CARTESIAN_POINT('Ctrl Pts',(-2.,37.8043774179078,15.3031288139282));
#5321=CARTESIAN_POINT('Ctrl Pts',(-2.,38.0151300353179,15.0730684300605));
#5322=CARTESIAN_POINT('Ctrl Pts',(-2.,38.309926747191,14.9689148290388));
#5323=CARTESIAN_POINT('Ctrl Pts',(-2.,38.4652101546526,14.9140521883965));
#5324=CARTESIAN_POINT('',(0.,37.7046381980181,15.4120054841042));
#5325=CARTESIAN_POINT('Ctrl Pts',(0.,37.4488389045,16.2851294875145));
#5326=CARTESIAN_POINT('Ctrl Pts',(-2.,37.4488389045,16.2851294875145));
#5327=CARTESIAN_POINT('Ctrl Pts',(0.,37.4570663221956,16.1208726895542));
#5328=CARTESIAN_POINT('Ctrl Pts',(-2.,37.4570663221956,16.1208726895542));
#5329=CARTESIAN_POINT('Ctrl Pts',(0.,37.4726985862726,15.8087813703621));
#5330=CARTESIAN_POINT('Ctrl Pts',(-2.,37.4726985862726,15.8087813703621));
#5331=CARTESIAN_POINT('Ctrl Pts',(0.,37.6300855670429,15.5395416389052));
#5332=CARTESIAN_POINT('Ctrl Pts',(-2.,37.6300855670429,15.5395416389052));
#5333=CARTESIAN_POINT('Ctrl Pts',(0.,37.7046381980181,15.4120054841042));
#5334=CARTESIAN_POINT('Ctrl Pts',(-2.,37.7046381980181,15.4120054841042));
#5335=CARTESIAN_POINT('',(0.,37.4488389045,16.2851294875145));
#5336=CARTESIAN_POINT('Ctrl Pts',(0.,37.7046381980181,15.4120054841042));
#5337=CARTESIAN_POINT('Ctrl Pts',(0.,37.6300855670429,15.5395416389052));
#5338=CARTESIAN_POINT('Ctrl Pts',(0.,37.4726985862726,15.8087813703621));
#5339=CARTESIAN_POINT('Ctrl Pts',(0.,37.4570663221956,16.1208726895542));
#5340=CARTESIAN_POINT('Ctrl Pts',(0.,37.4488389045,16.2851294875145));
#5341=CARTESIAN_POINT('',(-2.,37.4488389045,16.2851294875145));
#5342=CARTESIAN_POINT('Ctrl Pts',(-2.,37.4488389045,16.2851294875145));
#5343=CARTESIAN_POINT('Ctrl Pts',(-2.,37.4570663221956,16.1208726895542));
#5344=CARTESIAN_POINT('Ctrl Pts',(-2.,37.4726985862726,15.8087813703621));
#5345=CARTESIAN_POINT('Ctrl Pts',(-2.,37.6300855670429,15.5395416389052));
#5346=CARTESIAN_POINT('Ctrl Pts',(-2.,37.7046381980181,15.4120054841042));
#5347=CARTESIAN_POINT('',(0.,37.4488389045,16.2851294875145));
#5348=CARTESIAN_POINT('Ctrl Pts',(0.,37.6875841170549,17.1616646647453));
#5349=CARTESIAN_POINT('Ctrl Pts',(-2.,37.6875841170549,17.1616646647453));
#5350=CARTESIAN_POINT('Ctrl Pts',(0.,37.6179652680431,17.0282719299583));
#5351=CARTESIAN_POINT('Ctrl Pts',(-2.,37.6179652680431,17.0282719299583));
#5352=CARTESIAN_POINT('Ctrl Pts',(0.,37.4746767053046,16.7537248278631));
#5353=CARTESIAN_POINT('Ctrl Pts',(-2.,37.4746767053046,16.7537248278631));
#5354=CARTESIAN_POINT('Ctrl Pts',(0.,37.4576123120861,16.4442443419445));
#5355=CARTESIAN_POINT('Ctrl Pts',(-2.,37.4576123120861,16.4442443419445));
#5356=CARTESIAN_POINT('Ctrl Pts',(0.,37.4488389045,16.2851294875145));
#5357=CARTESIAN_POINT('Ctrl Pts',(-2.,37.4488389045,16.2851294875145));
#5358=CARTESIAN_POINT('',(0.,37.6875841170549,17.1616646647453));
#5359=CARTESIAN_POINT('Ctrl Pts',(0.,37.4488389045,16.2851294875145));
#5360=CARTESIAN_POINT('Ctrl Pts',(0.,37.4576123120861,16.4442443419445));
#5361=CARTESIAN_POINT('Ctrl Pts',(0.,37.4746767053046,16.7537248278631));
#5362=CARTESIAN_POINT('Ctrl Pts',(0.,37.6179652680431,17.0282719299583));
#5363=CARTESIAN_POINT('Ctrl Pts',(0.,37.6875841170549,17.1616646647453));
#5364=CARTESIAN_POINT('',(-2.,37.6875841170549,17.1616646647453));
#5365=CARTESIAN_POINT('Ctrl Pts',(-2.,37.6875841170549,17.1616646647453));
#5366=CARTESIAN_POINT('Ctrl Pts',(-2.,37.6179652680431,17.0282719299583));
#5367=CARTESIAN_POINT('Ctrl Pts',(-2.,37.4746767053046,16.7537248278631));
#5368=CARTESIAN_POINT('Ctrl Pts',(-2.,37.4576123120861,16.4442443419445));
#5369=CARTESIAN_POINT('Ctrl Pts',(-2.,37.4488389045,16.2851294875145));
#5370=CARTESIAN_POINT('',(0.,37.6875841170549,17.1616646647453));
#5371=CARTESIAN_POINT('Ctrl Pts',(0.,38.3697115927935,17.6800820231438));
#5372=CARTESIAN_POINT('Ctrl Pts',(-2.,38.3697115927935,17.6800820231438));
#5373=CARTESIAN_POINT('Ctrl Pts',(0.,38.23086974219,17.6241916791309));
#5374=CARTESIAN_POINT('Ctrl Pts',(-2.,38.23086974219,17.6241916791309));
#5375=CARTESIAN_POINT('Ctrl Pts',(0.,37.9560507689979,17.5135641782282));
#5376=CARTESIAN_POINT('Ctrl Pts',(-2.,37.9560507689979,17.5135641782282));
#5377=CARTESIAN_POINT('Ctrl Pts',(0.,37.7764489412759,17.2781465003207));
#5378=CARTESIAN_POINT('Ctrl Pts',(-2.,37.7764489412759,17.2781465003207));
#5379=CARTESIAN_POINT('Ctrl Pts',(0.,37.6875841170549,17.1616646647453));
#5380=CARTESIAN_POINT('Ctrl Pts',(-2.,37.6875841170549,17.1616646647453));
#5381=CARTESIAN_POINT('',(0.,38.3697115927935,17.6800820231438));
#5382=CARTESIAN_POINT('Ctrl Pts',(0.,37.6875841170549,17.1616646647453));
#5383=CARTESIAN_POINT('Ctrl Pts',(0.,37.7764489412759,17.2781465003207));
#5384=CARTESIAN_POINT('Ctrl Pts',(0.,37.9560507689979,17.5135641782282));
#5385=CARTESIAN_POINT('Ctrl Pts',(0.,38.23086974219,17.6241916791309));
#5386=CARTESIAN_POINT('Ctrl Pts',(0.,38.3697115927935,17.6800820231438));
#5387=CARTESIAN_POINT('',(-2.,38.3697115927935,17.6800820231438));
#5388=CARTESIAN_POINT('Ctrl Pts',(-2.,38.3697115927935,17.6800820231438));
#5389=CARTESIAN_POINT('Ctrl Pts',(-2.,38.23086974219,17.6241916791309));
#5390=CARTESIAN_POINT('Ctrl Pts',(-2.,37.9560507689979,17.5135641782282));
#5391=CARTESIAN_POINT('Ctrl Pts',(-2.,37.7764489412759,17.2781465003207));
#5392=CARTESIAN_POINT('Ctrl Pts',(-2.,37.6875841170549,17.1616646647453));
#5393=CARTESIAN_POINT('',(0.,38.3697115927935,17.6800820231438));
#5394=CARTESIAN_POINT('Ctrl Pts',(0.,39.8908578902483,17.8199180960655));
#5395=CARTESIAN_POINT('Ctrl Pts',(-2.,39.8908578902483,17.8199180960655));
#5396=CARTESIAN_POINT('Ctrl Pts',(0.,39.5831681800158,17.8205744057013));
#5397=CARTESIAN_POINT('Ctrl Pts',(-2.,39.5831681800158,17.8205744057013));
#5398=CARTESIAN_POINT('Ctrl Pts',(0.,39.0710798025925,17.8216667026658));
#5399=CARTESIAN_POINT('Ctrl Pts',(-2.,39.0710798025925,17.8216667026658));
#5400=CARTESIAN_POINT('Ctrl Pts',(0.,38.5697971747598,17.7204731509478));
#5401=CARTESIAN_POINT('Ctrl Pts',(-2.,38.5697971747598,17.7204731509478));
#5402=CARTESIAN_POINT('Ctrl Pts',(0.,38.3697115927935,17.6800820231438));
#5403=CARTESIAN_POINT('Ctrl Pts',(-2.,38.3697115927935,17.6800820231438));
#5404=CARTESIAN_POINT('',(0.,39.8908578902483,17.8199180960655));
#5405=CARTESIAN_POINT('Ctrl Pts',(0.,38.3697115927935,17.6800820231438));
#5406=CARTESIAN_POINT('Ctrl Pts',(0.,38.5697971747598,17.7204731509478));
#5407=CARTESIAN_POINT('Ctrl Pts',(0.,39.0710798025925,17.8216667026658));
#5408=CARTESIAN_POINT('Ctrl Pts',(0.,39.5831681800158,17.8205744057013));
#5409=CARTESIAN_POINT('Ctrl Pts',(0.,39.8908578902483,17.8199180960655));
#5410=CARTESIAN_POINT('',(-2.,39.8908578902483,17.8199180960655));
#5411=CARTESIAN_POINT('Ctrl Pts',(-2.,39.8908578902483,17.8199180960655));
#5412=CARTESIAN_POINT('Ctrl Pts',(-2.,39.5831681800158,17.8205744057013));
#5413=CARTESIAN_POINT('Ctrl Pts',(-2.,39.0710798025925,17.8216667026658));
#5414=CARTESIAN_POINT('Ctrl Pts',(-2.,38.5697971747598,17.7204731509478));
#5415=CARTESIAN_POINT('Ctrl Pts',(-2.,38.3697115927935,17.6800820231438));
#5416=CARTESIAN_POINT('',(0.,39.8908578902483,17.8199180960655));
#5417=CARTESIAN_POINT('Origin',(0.,41.889494612813,17.8199180960655));
#5418=CARTESIAN_POINT('',(0.,41.889494612813,17.8199180960655));
#5419=CARTESIAN_POINT('',(0.,60.9447473064065,17.8199180960655));
#5420=CARTESIAN_POINT('',(-2.,41.889494612813,17.8199180960655));
#5421=CARTESIAN_POINT('',(-2.,39.8908578902483,17.8199180960655));
#5422=CARTESIAN_POINT('',(0.,41.889494612813,17.8199180960655));
#5423=CARTESIAN_POINT('Origin',(0.,41.889494612813,14.798090159893));
#5424=CARTESIAN_POINT('',(0.,41.889494612813,7.39904507994652));
#5425=CARTESIAN_POINT('',(-2.,41.889494612813,17.8199180960655));
#5426=CARTESIAN_POINT('Origin',(0.,39.3997251540422,10.1800814270973));
#5427=CARTESIAN_POINT('',(0.,41.889494612813,10.1800814270973));
#5428=CARTESIAN_POINT('',(0.,39.3997251540422,10.1800814270973));
#5429=CARTESIAN_POINT('',(0.,59.6998625770211,10.1800814270973));
#5430=CARTESIAN_POINT('',(-2.,41.889494612813,10.1800814270973));
#5431=CARTESIAN_POINT('',(0.,41.889494612813,10.1800814270973));
#5432=CARTESIAN_POINT('',(-2.,39.3997251540422,10.1800814270973));
#5433=CARTESIAN_POINT('',(-2.,41.889494612813,10.1800814270973));
#5434=CARTESIAN_POINT('',(0.,39.3997251540422,10.1800814270973));
#5435=CARTESIAN_POINT('Ctrl Pts',(0.,38.4993159323931,10.2278307080269));
#5436=CARTESIAN_POINT('Ctrl Pts',(-2.,38.4993159323931,10.2278307080269));
#5437=CARTESIAN_POINT('Ctrl Pts',(0.,38.6174385548905,10.2140487523775));
#5438=CARTESIAN_POINT('Ctrl Pts',(-2.,38.6174385548905,10.2140487523775));
#5439=CARTESIAN_POINT('Ctrl Pts',(0.,38.9164118941887,10.1791660413824));
#5440=CARTESIAN_POINT('Ctrl Pts',(-2.,38.9164118941887,10.1791660413824));
#5441=CARTESIAN_POINT('Ctrl Pts',(0.,39.2175593197686,10.1797364086252));
#5442=CARTESIAN_POINT('Ctrl Pts',(-2.,39.2175593197686,10.1797364086252));
#5443=CARTESIAN_POINT('Ctrl Pts',(0.,39.3997251540422,10.1800814270973));
#5444=CARTESIAN_POINT('Ctrl Pts',(-2.,39.3997251540422,10.1800814270973));
#5445=CARTESIAN_POINT('',(0.,38.4993159323931,10.2278307080269));
#5446=CARTESIAN_POINT('Ctrl Pts',(0.,39.3997251540422,10.1800814270973));
#5447=CARTESIAN_POINT('Ctrl Pts',(0.,39.2175593197686,10.1797364086252));
#5448=CARTESIAN_POINT('Ctrl Pts',(0.,38.9164118941887,10.1791660413824));
#5449=CARTESIAN_POINT('Ctrl Pts',(0.,38.6174385548905,10.2140487523775));
#5450=CARTESIAN_POINT('Ctrl Pts',(0.,38.4993159323931,10.2278307080269));
#5451=CARTESIAN_POINT('',(-2.,38.4993159323931,10.2278307080269));
#5452=CARTESIAN_POINT('Ctrl Pts',(-2.,38.4993159323931,10.2278307080269));
#5453=CARTESIAN_POINT('Ctrl Pts',(-2.,38.6174385548905,10.2140487523775));
#5454=CARTESIAN_POINT('Ctrl Pts',(-2.,38.9164118941887,10.1791660413824));
#5455=CARTESIAN_POINT('Ctrl Pts',(-2.,39.2175593197686,10.1797364086252));
#5456=CARTESIAN_POINT('Ctrl Pts',(-2.,39.3997251540422,10.1800814270973));
#5457=CARTESIAN_POINT('',(0.,38.4993159323931,10.2278307080269));
#5458=CARTESIAN_POINT('Ctrl Pts',(0.,37.7353322058916,10.5006816983223));
#5459=CARTESIAN_POINT('Ctrl Pts',(-2.,37.7353322058916,10.5006816983223));
#5460=CARTESIAN_POINT('Ctrl Pts',(0.,37.8482359801226,10.4408314863157));
#5461=CARTESIAN_POINT('Ctrl Pts',(-2.,37.8482359801226,10.4408314863157));
#5462=CARTESIAN_POINT('Ctrl Pts',(0.,38.0894581610948,10.3129597763554));
#5463=CARTESIAN_POINT('Ctrl Pts',(-2.,38.0894581610948,10.3129597763554));
#5464=CARTESIAN_POINT('Ctrl Pts',(0.,38.3569978814073,10.2573907260018));
#5465=CARTESIAN_POINT('Ctrl Pts',(-2.,38.3569978814073,10.2573907260018));
#5466=CARTESIAN_POINT('Ctrl Pts',(0.,38.4993159323931,10.2278307080269));
#5467=CARTESIAN_POINT('Ctrl Pts',(-2.,38.4993159323931,10.2278307080269));
#5468=CARTESIAN_POINT('',(0.,37.7353322058916,10.5006816983223));
#5469=CARTESIAN_POINT('Ctrl Pts',(0.,38.4993159323931,10.2278307080269));
#5470=CARTESIAN_POINT('Ctrl Pts',(0.,38.3569978814073,10.2573907260018));
#5471=CARTESIAN_POINT('Ctrl Pts',(0.,38.0894581610948,10.3129597763554));
#5472=CARTESIAN_POINT('Ctrl Pts',(0.,37.8482359801226,10.4408314863157));
#5473=CARTESIAN_POINT('Ctrl Pts',(0.,37.7353322058916,10.5006816983223));
#5474=CARTESIAN_POINT('',(-2.,37.7353322058916,10.5006816983223));
#5475=CARTESIAN_POINT('Ctrl Pts',(-2.,37.7353322058916,10.5006816983223));
#5476=CARTESIAN_POINT('Ctrl Pts',(-2.,37.8482359801226,10.4408314863157));
#5477=CARTESIAN_POINT('Ctrl Pts',(-2.,38.0894581610948,10.3129597763554));
#5478=CARTESIAN_POINT('Ctrl Pts',(-2.,38.3569978814073,10.2573907260018));
#5479=CARTESIAN_POINT('Ctrl Pts',(-2.,38.4993159323931,10.2278307080269));
#5480=CARTESIAN_POINT('',(0.,37.7353322058916,10.5006816983223));
#5481=CARTESIAN_POINT('Ctrl Pts',(0.,37.2305571585894,11.0566166043282));
#5482=CARTESIAN_POINT('Ctrl Pts',(-2.,37.2305571585894,11.0566166043282));
#5483=CARTESIAN_POINT('Ctrl Pts',(0.,37.2990612430507,10.9434788442456));
#5484=CARTESIAN_POINT('Ctrl Pts',(-2.,37.2990612430507,10.9434788442456));
#5485=CARTESIAN_POINT('Ctrl Pts',(0.,37.431274113673,10.7251229877459));
#5486=CARTESIAN_POINT('Ctrl Pts',(-2.,37.431274113673,10.7251229877459));
#5487=CARTESIAN_POINT('Ctrl Pts',(0.,37.6364601756337,10.5736643504106));
#5488=CARTESIAN_POINT('Ctrl Pts',(-2.,37.6364601756337,10.5736643504106));
#5489=CARTESIAN_POINT('Ctrl Pts',(0.,37.7353322058916,10.5006816983223));
#5490=CARTESIAN_POINT('Ctrl Pts',(-2.,37.7353322058916,10.5006816983223));
#5491=CARTESIAN_POINT('',(0.,37.2305571585894,11.0566166043282));
#5492=CARTESIAN_POINT('Ctrl Pts',(0.,37.7353322058916,10.5006816983223));
#5493=CARTESIAN_POINT('Ctrl Pts',(0.,37.6364601756337,10.5736643504106));
#5494=CARTESIAN_POINT('Ctrl Pts',(0.,37.431274113673,10.7251229877459));
#5495=CARTESIAN_POINT('Ctrl Pts',(0.,37.2990612430507,10.9434788442456));
#5496=CARTESIAN_POINT('Ctrl Pts',(0.,37.2305571585894,11.0566166043282));
#5497=CARTESIAN_POINT('',(-2.,37.2305571585894,11.0566166043282));
#5498=CARTESIAN_POINT('Ctrl Pts',(-2.,37.2305571585894,11.0566166043282));
#5499=CARTESIAN_POINT('Ctrl Pts',(-2.,37.2990612430507,10.9434788442456));
#5500=CARTESIAN_POINT('Ctrl Pts',(-2.,37.431274113673,10.7251229877459));
#5501=CARTESIAN_POINT('Ctrl Pts',(-2.,37.6364601756337,10.5736643504106));
#5502=CARTESIAN_POINT('Ctrl Pts',(-2.,37.7353322058916,10.5006816983223));
#5503=CARTESIAN_POINT('',(0.,37.2305571585894,11.0566166043282));
#5504=CARTESIAN_POINT('Ctrl Pts',(0.,37.0327412635088,11.8990448117256));
#5505=CARTESIAN_POINT('Ctrl Pts',(-2.,37.0327412635088,11.8990448117256));
#5506=CARTESIAN_POINT('Ctrl Pts',(0.,37.0397075720233,11.7469792751221));
#5507=CARTESIAN_POINT('Ctrl Pts',(-2.,37.0397075720233,11.7469792751221));
#5508=CARTESIAN_POINT('Ctrl Pts',(0.,37.0531482707847,11.4535861437049));
#5509=CARTESIAN_POINT('Ctrl Pts',(-2.,37.0531482707847,11.4535861437049));
#5510=CARTESIAN_POINT('Ctrl Pts',(0.,37.1728815753951,11.1856712981331));
#5511=CARTESIAN_POINT('Ctrl Pts',(-2.,37.1728815753951,11.1856712981331));
#5512=CARTESIAN_POINT('Ctrl Pts',(0.,37.2305571585894,11.0566166043282));
#5513=CARTESIAN_POINT('Ctrl Pts',(-2.,37.2305571585894,11.0566166043282));
#5514=CARTESIAN_POINT('',(0.,37.0327412635088,11.8990448117256));
#5515=CARTESIAN_POINT('Ctrl Pts',(0.,37.2305571585894,11.0566166043282));
#5516=CARTESIAN_POINT('Ctrl Pts',(0.,37.1728815753951,11.1856712981331));
#5517=CARTESIAN_POINT('Ctrl Pts',(0.,37.0531482707847,11.4535861437049));
#5518=CARTESIAN_POINT('Ctrl Pts',(0.,37.0397075720233,11.7469792751221));
#5519=CARTESIAN_POINT('Ctrl Pts',(0.,37.0327412635088,11.8990448117256));
#5520=CARTESIAN_POINT('',(-2.,37.0327412635088,11.8990448117256));
#5521=CARTESIAN_POINT('Ctrl Pts',(-2.,37.0327412635088,11.8990448117256));
#5522=CARTESIAN_POINT('Ctrl Pts',(-2.,37.0397075720233,11.7469792751221));
#5523=CARTESIAN_POINT('Ctrl Pts',(-2.,37.0531482707847,11.4535861437049));
#5524=CARTESIAN_POINT('Ctrl Pts',(-2.,37.1728815753951,11.1856712981331));
#5525=CARTESIAN_POINT('Ctrl Pts',(-2.,37.2305571585894,11.0566166043282));
#5526=CARTESIAN_POINT('',(0.,37.0327412635088,11.8990448117256));
#5527=CARTESIAN_POINT('Ctrl Pts',(0.,37.3192345649004,12.8710779547691));
#5528=CARTESIAN_POINT('Ctrl Pts',(-2.,37.3192345649004,12.8710779547691));
#5529=CARTESIAN_POINT('Ctrl Pts',(0.,37.2356931931304,12.7248645744716));
#5530=CARTESIAN_POINT('Ctrl Pts',(-2.,37.2356931931304,12.7248645744716));
#5531=CARTESIAN_POINT('Ctrl Pts',(0.,37.0636656730548,12.4237835091082));
#5532=CARTESIAN_POINT('Ctrl Pts',(-2.,37.0636656730548,12.4237835091082));
#5533=CARTESIAN_POINT('Ctrl Pts',(0.,37.0432450574416,12.0772777101635));
#5534=CARTESIAN_POINT('Ctrl Pts',(-2.,37.0432450574416,12.0772777101635));
#5535=CARTESIAN_POINT('Ctrl Pts',(0.,37.0327412635088,11.8990448117256));
#5536=CARTESIAN_POINT('Ctrl Pts',(-2.,37.0327412635088,11.8990448117256));
#5537=CARTESIAN_POINT('',(0.,37.3192345649004,12.8710779547691));
#5538=CARTESIAN_POINT('Ctrl Pts',(0.,37.0327412635088,11.8990448117256));
#5539=CARTESIAN_POINT('Ctrl Pts',(0.,37.0432450574416,12.0772777101635));
#5540=CARTESIAN_POINT('Ctrl Pts',(0.,37.0636656730548,12.4237835091082));
#5541=CARTESIAN_POINT('Ctrl Pts',(0.,37.2356931931304,12.7248645744716));
#5542=CARTESIAN_POINT('Ctrl Pts',(0.,37.3192345649004,12.8710779547691));
#5543=CARTESIAN_POINT('',(-2.,37.3192345649004,12.8710779547691));
#5544=CARTESIAN_POINT('Ctrl Pts',(-2.,37.3192345649004,12.8710779547691));
#5545=CARTESIAN_POINT('Ctrl Pts',(-2.,37.2356931931304,12.7248645744716));
#5546=CARTESIAN_POINT('Ctrl Pts',(-2.,37.0636656730548,12.4237835091082));
#5547=CARTESIAN_POINT('Ctrl Pts',(-2.,37.0432450574416,12.0772777101635));
#5548=CARTESIAN_POINT('Ctrl Pts',(-2.,37.0327412635088,11.8990448117256));
#5549=CARTESIAN_POINT('',(0.,37.3192345649004,12.8710779547691));
#5550=CARTESIAN_POINT('Ctrl Pts',(0.,38.1139146834612,13.4508869051933));
#5551=CARTESIAN_POINT('Ctrl Pts',(-2.,38.1139146834612,13.4508869051933));
#5552=CARTESIAN_POINT('Ctrl Pts',(0.,37.9546005567541,13.3861506154355));
#5553=CARTESIAN_POINT('Ctrl Pts',(-2.,37.9546005567541,13.3861506154355));
#5554=CARTESIAN_POINT('Ctrl Pts',(0.,37.6412943417011,13.2588406126138));
#5555=CARTESIAN_POINT('Ctrl Pts',(-2.,37.6412943417011,13.2588406126138));
#5556=CARTESIAN_POINT('Ctrl Pts',(0.,37.4253651826258,12.9988601038369));
#5557=CARTESIAN_POINT('Ctrl Pts',(-2.,37.4253651826258,12.9988601038369));
#5558=CARTESIAN_POINT('Ctrl Pts',(0.,37.3192345649004,12.8710779547691));
#5559=CARTESIAN_POINT('Ctrl Pts',(-2.,37.3192345649004,12.8710779547691));
#5560=CARTESIAN_POINT('',(0.,38.1139146834612,13.4508869051933));
#5561=CARTESIAN_POINT('Ctrl Pts',(0.,37.3192345649004,12.8710779547691));
#5562=CARTESIAN_POINT('Ctrl Pts',(0.,37.4253651826258,12.9988601038369));
#5563=CARTESIAN_POINT('Ctrl Pts',(0.,37.6412943417011,13.2588406126138));
#5564=CARTESIAN_POINT('Ctrl Pts',(0.,37.9546005567541,13.3861506154355));
#5565=CARTESIAN_POINT('Ctrl Pts',(0.,38.1139146834612,13.4508869051933));
#5566=CARTESIAN_POINT('',(-2.,38.1139146834612,13.4508869051933));
#5567=CARTESIAN_POINT('Ctrl Pts',(-2.,38.1139146834612,13.4508869051933));
#5568=CARTESIAN_POINT('Ctrl Pts',(-2.,37.9546005567541,13.3861506154355));
#5569=CARTESIAN_POINT('Ctrl Pts',(-2.,37.6412943417011,13.2588406126138));
#5570=CARTESIAN_POINT('Ctrl Pts',(-2.,37.4253651826258,12.9988601038369));
#5571=CARTESIAN_POINT('Ctrl Pts',(-2.,37.3192345649004,12.8710779547691));
#5572=CARTESIAN_POINT('',(0.,38.1139146834612,13.4508869051933));
#5573=CARTESIAN_POINT('Ctrl Pts',(0.,39.5770775824785,13.6180081963539));
#5574=CARTESIAN_POINT('Ctrl Pts',(-2.,39.5770775824785,13.6180081963539));
#5575=CARTESIAN_POINT('Ctrl Pts',(0.,39.2944862863543,13.6160455463523));
#5576=CARTESIAN_POINT('Ctrl Pts',(-2.,39.2944862863543,13.6160455463523));
#5577=CARTESIAN_POINT('Ctrl Pts',(0.,38.8002229042055,13.6126127936771));
#5578=CARTESIAN_POINT('Ctrl Pts',(-2.,38.8002229042055,13.6126127936771));
#5579=CARTESIAN_POINT('Ctrl Pts',(0.,38.3197016134148,13.4993798025231));
#5580=CARTESIAN_POINT('Ctrl Pts',(-2.,38.3197016134148,13.4993798025231));
#5581=CARTESIAN_POINT('Ctrl Pts',(0.,38.1139146834612,13.4508869051933));
#5582=CARTESIAN_POINT('Ctrl Pts',(-2.,38.1139146834612,13.4508869051933));
#5583=CARTESIAN_POINT('',(0.,39.5770775824785,13.6180081963539));
#5584=CARTESIAN_POINT('Ctrl Pts',(0.,38.1139146834612,13.4508869051933));
#5585=CARTESIAN_POINT('Ctrl Pts',(0.,38.3197016134148,13.4993798025231));
#5586=CARTESIAN_POINT('Ctrl Pts',(0.,38.8002229042055,13.6126127936771));
#5587=CARTESIAN_POINT('Ctrl Pts',(0.,39.2944862863543,13.6160455463523));
#5588=CARTESIAN_POINT('Ctrl Pts',(0.,39.5770775824785,13.6180081963539));
#5589=CARTESIAN_POINT('',(-2.,39.5770775824785,13.6180081963539));
#5590=CARTESIAN_POINT('Ctrl Pts',(-2.,39.5770775824785,13.6180081963539));
#5591=CARTESIAN_POINT('Ctrl Pts',(-2.,39.2944862863543,13.6160455463523));
#5592=CARTESIAN_POINT('Ctrl Pts',(-2.,38.8002229042055,13.6126127936771));
#5593=CARTESIAN_POINT('Ctrl Pts',(-2.,38.3197016134148,13.4993798025231));
#5594=CARTESIAN_POINT('Ctrl Pts',(-2.,38.1139146834612,13.4508869051933));
#5595=CARTESIAN_POINT('',(0.,39.5770775824785,13.6180081963539));
#5596=CARTESIAN_POINT('Origin',(0.,41.889494612813,13.6180081963539));
#5597=CARTESIAN_POINT('',(0.,41.889494612813,13.6180081963539));
#5598=CARTESIAN_POINT('',(0.,60.9447473064065,13.6180081963539));
#5599=CARTESIAN_POINT('',(-2.,41.889494612813,13.6180081963539));
#5600=CARTESIAN_POINT('',(-2.,39.5770775824785,13.6180081963539));
#5601=CARTESIAN_POINT('',(0.,41.889494612813,13.6180081963539));
#5602=CARTESIAN_POINT('Origin',(0.,41.889494612813,10.1800814270973));
#5603=CARTESIAN_POINT('',(0.,41.889494612813,5.09004071354866));
#5604=CARTESIAN_POINT('',(-2.,41.889494612813,13.6180081963539));
#5605=CARTESIAN_POINT('Origin',(0.,43.2128226310015,19.0000000596046));
#5606=CARTESIAN_POINT('',(-2.,43.2128226310015,9.00000005960464));
#5607=CARTESIAN_POINT('',(0.,43.2128226310015,9.00000005960464));
#5608=CARTESIAN_POINT('',(-2.,43.2128226310015,19.0000000596046));
#5609=CARTESIAN_POINT('',(-2.,43.2128226310015,9.00000005960464));
#5610=CARTESIAN_POINT('',(0.,43.2128226310015,19.0000000596046));
#5611=CARTESIAN_POINT('Origin',(0.,39.4611179381609,19.0000000596046));
#5612=CARTESIAN_POINT('',(-2.,39.4611179381609,19.0000000596046));
#5613=CARTESIAN_POINT('',(-2.,43.2128226310015,19.0000000596046));
#5614=CARTESIAN_POINT('',(0.,39.4611179381609,19.0000000596046));
#5615=CARTESIAN_POINT('Ctrl Pts',(0.,37.6227819472551,18.6964532732964));
#5616=CARTESIAN_POINT('Ctrl Pts',(-2.,37.6227819472551,18.6964532732964));
#5617=CARTESIAN_POINT('Ctrl Pts',(0.,37.889187178193,18.7847318200454));
#5618=CARTESIAN_POINT('Ctrl Pts',(-2.,37.889187178193,18.7847318200454));
#5619=CARTESIAN_POINT('Ctrl Pts',(0.,38.4850104466044,18.9821694306713));
#5620=CARTESIAN_POINT('Ctrl Pts',(-2.,38.4850104466044,18.9821694306713));
#5621=CARTESIAN_POINT('Ctrl Pts',(0.,39.1135897720635,18.9936517364669));
#5622=CARTESIAN_POINT('Ctrl Pts',(-2.,39.1135897720635,18.9936517364669));
#5623=CARTESIAN_POINT('Ctrl Pts',(0.,39.4611179381609,19.0000000596046));
#5624=CARTESIAN_POINT('Ctrl Pts',(-2.,39.4611179381609,19.0000000596046));
#5625=CARTESIAN_POINT('',(-2.,37.6227819472551,18.6964532732964));
#5626=CARTESIAN_POINT('Ctrl Pts',(-2.,37.6227819472551,18.6964532732964));
#5627=CARTESIAN_POINT('Ctrl Pts',(-2.,37.889187178193,18.7847318200454));
#5628=CARTESIAN_POINT('Ctrl Pts',(-2.,38.4850104466044,18.9821694306713));
#5629=CARTESIAN_POINT('Ctrl Pts',(-2.,39.1135897720635,18.9936517364669));
#5630=CARTESIAN_POINT('Ctrl Pts',(-2.,39.4611179381609,19.0000000596046));
#5631=CARTESIAN_POINT('',(0.,37.6227819472551,18.6964532732964));
#5632=CARTESIAN_POINT('Ctrl Pts',(0.,36.5381991416216,17.7619370818138));
#5633=CARTESIAN_POINT('Ctrl Pts',(-2.,36.5381991416216,17.7619370818138));
#5634=CARTESIAN_POINT('Ctrl Pts',(0.,36.681978688385,17.9588503300332));
#5635=CARTESIAN_POINT('Ctrl Pts',(-2.,36.681978688385,17.9588503300332));
#5636=CARTESIAN_POINT('Ctrl Pts',(0.,36.9708825794218,18.3545185936206));
#5637=CARTESIAN_POINT('Ctrl Pts',(-2.,36.9708825794218,18.3545185936206));
#5638=CARTESIAN_POINT('Ctrl Pts',(0.,37.4048088740945,18.5821218954384));
#5639=CARTESIAN_POINT('Ctrl Pts',(-2.,37.4048088740945,18.5821218954384));
#5640=CARTESIAN_POINT('Ctrl Pts',(0.,37.6227819472551,18.6964532732964));
#5641=CARTESIAN_POINT('Ctrl Pts',(-2.,37.6227819472551,18.6964532732964));
#5642=CARTESIAN_POINT('',(-2.,36.5381991416216,17.7619370818138));
#5643=CARTESIAN_POINT('Ctrl Pts',(-2.,36.5381991416216,17.7619370818138));
#5644=CARTESIAN_POINT('Ctrl Pts',(-2.,36.681978688385,17.9588503300332));
#5645=CARTESIAN_POINT('Ctrl Pts',(-2.,36.9708825794218,18.3545185936206));
#5646=CARTESIAN_POINT('Ctrl Pts',(-2.,37.4048088740945,18.5821218954384));
#5647=CARTESIAN_POINT('Ctrl Pts',(-2.,37.6227819472551,18.6964532732964));
#5648=CARTESIAN_POINT('',(0.,36.5381991416216,17.7619370818138));
#5649=CARTESIAN_POINT('Ctrl Pts',(0.,36.1459743529558,16.4420190453529));
#5650=CARTESIAN_POINT('Ctrl Pts',(-2.,36.1459743529558,16.4420190453529));
#5651=CARTESIAN_POINT('Ctrl Pts',(0.,36.1635840059508,16.6712702409155));
#5652=CARTESIAN_POINT('Ctrl Pts',(-2.,36.1635840059508,16.6712702409155));
#5653=CARTESIAN_POINT('Ctrl Pts',(0.,36.199521402179,17.1391210868741));
#5654=CARTESIAN_POINT('Ctrl Pts',(-2.,36.199521402179,17.1391210868741));
#5655=CARTESIAN_POINT('Ctrl Pts',(0.,36.4238126550314,17.5515845101609));
#5656=CARTESIAN_POINT('Ctrl Pts',(-2.,36.4238126550314,17.5515845101609));
#5657=CARTESIAN_POINT('Ctrl Pts',(0.,36.5381991416216,17.7619370818138));
#5658=CARTESIAN_POINT('Ctrl Pts',(-2.,36.5381991416216,17.7619370818138));
#5659=CARTESIAN_POINT('',(-2.,36.1459743529558,16.4420190453529));
#5660=CARTESIAN_POINT('Ctrl Pts',(-2.,36.1459743529558,16.4420190453529));
#5661=CARTESIAN_POINT('Ctrl Pts',(-2.,36.1635840059508,16.6712702409155));
#5662=CARTESIAN_POINT('Ctrl Pts',(-2.,36.199521402179,17.1391210868741));
#5663=CARTESIAN_POINT('Ctrl Pts',(-2.,36.4238126550314,17.5515845101609));
#5664=CARTESIAN_POINT('Ctrl Pts',(-2.,36.5381991416216,17.7619370818138));
#5665=CARTESIAN_POINT('',(0.,36.1459743529558,16.4420190453529));
#5666=CARTESIAN_POINT('Ctrl Pts',(0.,36.4938580542803,15.2346524596214));
#5667=CARTESIAN_POINT('Ctrl Pts',(-2.,36.4938580542803,15.2346524596214));
#5668=CARTESIAN_POINT('Ctrl Pts',(0.,36.3923954868708,15.4254726330506));
#5669=CARTESIAN_POINT('Ctrl Pts',(-2.,36.3923954868708,15.4254726330506));
#5670=CARTESIAN_POINT('Ctrl Pts',(0.,36.1913696064331,15.8035410611247));
#5671=CARTESIAN_POINT('Ctrl Pts',(-2.,36.1913696064331,15.8035410611247));
#5672=CARTESIAN_POINT('Ctrl Pts',(0.,36.1610104950733,16.2305377786036));
#5673=CARTESIAN_POINT('Ctrl Pts',(-2.,36.1610104950733,16.2305377786036));
#5674=CARTESIAN_POINT('Ctrl Pts',(0.,36.1459743529558,16.4420190453529));
#5675=CARTESIAN_POINT('Ctrl Pts',(-2.,36.1459743529558,16.4420190453529));
#5676=CARTESIAN_POINT('',(-2.,36.4938580542803,15.2346524596214));
#5677=CARTESIAN_POINT('Ctrl Pts',(-2.,36.4938580542803,15.2346524596214));
#5678=CARTESIAN_POINT('Ctrl Pts',(-2.,36.3923954868708,15.4254726330506));
#5679=CARTESIAN_POINT('Ctrl Pts',(-2.,36.1913696064331,15.8035410611247));
#5680=CARTESIAN_POINT('Ctrl Pts',(-2.,36.1610104950733,16.2305377786036));
#5681=CARTESIAN_POINT('Ctrl Pts',(-2.,36.1459743529558,16.4420190453529));
#5682=CARTESIAN_POINT('',(0.,36.4938580542803,15.2346524596214));
#5683=CARTESIAN_POINT('Ctrl Pts',(0.,37.5443374663591,14.3206003308296));
#5684=CARTESIAN_POINT('Ctrl Pts',(-2.,37.5443374663591,14.3206003308296));
#5685=CARTESIAN_POINT('Ctrl Pts',(0.,37.327745688488,14.4411881049795));
#5686=CARTESIAN_POINT('Ctrl Pts',(-2.,37.327745688488,14.4411881049795));
#5687=CARTESIAN_POINT('Ctrl Pts',(0.,36.9127167590144,14.6722560398059));
#5688=CARTESIAN_POINT('Ctrl Pts',(-2.,36.9127167590144,14.6722560398059));
#5689=CARTESIAN_POINT('Ctrl Pts',(0.,36.6293457867814,15.0527347512717));
#5690=CARTESIAN_POINT('Ctrl Pts',(-2.,36.6293457867814,15.0527347512717));
#5691=CARTESIAN_POINT('Ctrl Pts',(0.,36.4938580542803,15.2346524596214));
#5692=CARTESIAN_POINT('Ctrl Pts',(-2.,36.4938580542803,15.2346524596214));
#5693=CARTESIAN_POINT('',(-2.,37.5443374663591,14.3206003308296));
#5694=CARTESIAN_POINT('Ctrl Pts',(-2.,37.5443374663591,14.3206003308296));
#5695=CARTESIAN_POINT('Ctrl Pts',(-2.,37.327745688488,14.4411881049795));
#5696=CARTESIAN_POINT('Ctrl Pts',(-2.,36.9127167590144,14.6722560398059));
#5697=CARTESIAN_POINT('Ctrl Pts',(-2.,36.6293457867814,15.0527347512717));
#5698=CARTESIAN_POINT('Ctrl Pts',(-2.,36.4938580542803,15.2346524596214));
#5699=CARTESIAN_POINT('',(0.,37.5443374663591,14.3206003308296));
#5700=CARTESIAN_POINT('Ctrl Pts',(0.,36.1493861228228,13.4133699536324));
#5701=CARTESIAN_POINT('Ctrl Pts',(-2.,36.1493861228228,13.4133699536324));
#5702=CARTESIAN_POINT('Ctrl Pts',(0.,36.3354750376256,13.6131673390437));
#5703=CARTESIAN_POINT('Ctrl Pts',(-2.,36.3354750376256,13.6131673390437));
#5704=CARTESIAN_POINT('Ctrl Pts',(0.,36.7243998082354,14.0307427350412));
#5705=CARTESIAN_POINT('Ctrl Pts',(-2.,36.7243998082354,14.0307427350412));
#5706=CARTESIAN_POINT('Ctrl Pts',(0.,37.2632901151675,14.2212467900915));
#5707=CARTESIAN_POINT('Ctrl Pts',(-2.,37.2632901151675,14.2212467900915));
#5708=CARTESIAN_POINT('Ctrl Pts',(0.,37.5443374663591,14.3206003308296));
#5709=CARTESIAN_POINT('Ctrl Pts',(-2.,37.5443374663591,14.3206003308296));
#5710=CARTESIAN_POINT('',(-2.,36.1493861228228,13.4133699536324));
#5711=CARTESIAN_POINT('Ctrl Pts',(-2.,36.1493861228228,13.4133699536324));
#5712=CARTESIAN_POINT('Ctrl Pts',(-2.,36.3354750376256,13.6131673390437));
#5713=CARTESIAN_POINT('Ctrl Pts',(-2.,36.7243998082354,14.0307427350412));
#5714=CARTESIAN_POINT('Ctrl Pts',(-2.,37.2632901151675,14.2212467900915));
#5715=CARTESIAN_POINT('Ctrl Pts',(-2.,37.5443374663591,14.3206003308296));
#5716=CARTESIAN_POINT('',(0.,36.1493861228228,13.4133699536324));
#5717=CARTESIAN_POINT('Ctrl Pts',(0.,35.6616627722979,11.8990448117256));
#5718=CARTESIAN_POINT('Ctrl Pts',(-2.,35.6616627722979,11.8990448117256));
#5719=CARTESIAN_POINT('Ctrl Pts',(0.,35.6801562609878,12.1779831336751));
#5720=CARTESIAN_POINT('Ctrl Pts',(-2.,35.6801562609878,12.1779831336751));
#5721=CARTESIAN_POINT('Ctrl Pts',(0.,35.7163550952487,12.7239721709259));
#5722=CARTESIAN_POINT('Ctrl Pts',(-2.,35.7163550952487,12.7239721709259));
#5723=CARTESIAN_POINT('Ctrl Pts',(0.,36.0071529229105,13.1869306308059));
#5724=CARTESIAN_POINT('Ctrl Pts',(-2.,36.0071529229105,13.1869306308059));
#5725=CARTESIAN_POINT('Ctrl Pts',(0.,36.1493861228228,13.4133699536324));
#5726=CARTESIAN_POINT('Ctrl Pts',(-2.,36.1493861228228,13.4133699536324));
#5727=CARTESIAN_POINT('',(-2.,35.6616627722979,11.8990448117256));
#5728=CARTESIAN_POINT('Ctrl Pts',(-2.,35.6616627722979,11.8990448117256));
#5729=CARTESIAN_POINT('Ctrl Pts',(-2.,35.6801562609878,12.1779831336751));
#5730=CARTESIAN_POINT('Ctrl Pts',(-2.,35.7163550952487,12.7239721709259));
#5731=CARTESIAN_POINT('Ctrl Pts',(-2.,36.0071529229105,13.1869306308059));
#5732=CARTESIAN_POINT('Ctrl Pts',(-2.,36.1493861228228,13.4133699536324));
#5733=CARTESIAN_POINT('',(0.,35.6616627722979,11.8990448117256));
#5734=CARTESIAN_POINT('Ctrl Pts',(0.,35.9583889991045,10.5927696824074));
#5735=CARTESIAN_POINT('Ctrl Pts',(-2.,35.9583889991045,10.5927696824074));
#5736=CARTESIAN_POINT('Ctrl Pts',(0.,35.8718469807978,10.7994146465249));
#5737=CARTESIAN_POINT('Ctrl Pts',(-2.,35.8718469807978,10.7994146465249));
#5738=CARTESIAN_POINT('Ctrl Pts',(0.,35.6967818285815,11.2174350810587));
#5739=CARTESIAN_POINT('Ctrl Pts',(-2.,35.6967818285815,11.2174350810587));
#5740=CARTESIAN_POINT('Ctrl Pts',(0.,35.673457108715,11.6701339206205));
#5741=CARTESIAN_POINT('Ctrl Pts',(-2.,35.673457108715,11.6701339206205));
#5742=CARTESIAN_POINT('Ctrl Pts',(0.,35.6616627722979,11.8990448117256));
#5743=CARTESIAN_POINT('Ctrl Pts',(-2.,35.6616627722979,11.8990448117256));
#5744=CARTESIAN_POINT('',(-2.,35.9583889991045,10.5927696824074));
#5745=CARTESIAN_POINT('Ctrl Pts',(-2.,35.9583889991045,10.5927696824074));
#5746=CARTESIAN_POINT('Ctrl Pts',(-2.,35.8718469807978,10.7994146465249));
#5747=CARTESIAN_POINT('Ctrl Pts',(-2.,35.6967818285815,11.2174350810587));
#5748=CARTESIAN_POINT('Ctrl Pts',(-2.,35.673457108715,11.6701339206205));
#5749=CARTESIAN_POINT('Ctrl Pts',(-2.,35.6616627722979,11.8990448117256));
#5750=CARTESIAN_POINT('',(0.,35.9583889991045,10.5927696824074));
#5751=CARTESIAN_POINT('Ctrl Pts',(0.,36.6916763335466,9.66166406869888));
#5752=CARTESIAN_POINT('Ctrl Pts',(-2.,36.6916763335466,9.66166406869888));
#5753=CARTESIAN_POINT('Ctrl Pts',(0.,36.5496065821177,9.78728064019686));
#5754=CARTESIAN_POINT('Ctrl Pts',(-2.,36.5496065821177,9.78728064019686));
#5755=CARTESIAN_POINT('Ctrl Pts',(0.,36.249152821002,10.0529386777834));
#5756=CARTESIAN_POINT('Ctrl Pts',(-2.,36.249152821002,10.0529386777834));
#5757=CARTESIAN_POINT('Ctrl Pts',(0.,36.0587563683893,10.4064280067514));
#5758=CARTESIAN_POINT('Ctrl Pts',(-2.,36.0587563683893,10.4064280067514));
#5759=CARTESIAN_POINT('Ctrl Pts',(0.,35.9583889991045,10.5927696824074));
#5760=CARTESIAN_POINT('Ctrl Pts',(-2.,35.9583889991045,10.5927696824074));
#5761=CARTESIAN_POINT('',(-2.,36.6916763335466,9.66166406869888));
#5762=CARTESIAN_POINT('Ctrl Pts',(-2.,36.6916763335466,9.66166406869888));
#5763=CARTESIAN_POINT('Ctrl Pts',(-2.,36.5496065821177,9.78728064019686));
#5764=CARTESIAN_POINT('Ctrl Pts',(-2.,36.249152821002,10.0529386777834));
#5765=CARTESIAN_POINT('Ctrl Pts',(-2.,36.0587563683893,10.4064280067514));
#5766=CARTESIAN_POINT('Ctrl Pts',(-2.,35.9583889991045,10.5927696824074));
#5767=CARTESIAN_POINT('',(0.,36.6916763335466,9.66166406869888));
#5768=CARTESIAN_POINT('Ctrl Pts',(0.,37.7864920645952,9.16712194681168));
#5769=CARTESIAN_POINT('Ctrl Pts',(-2.,37.7864920645952,9.16712194681168));
#5770=CARTESIAN_POINT('Ctrl Pts',(0.,37.5809371296508,9.22612861869384));
#5771=CARTESIAN_POINT('Ctrl Pts',(-2.,37.5809371296508,9.22612861869384));
#5772=CARTESIAN_POINT('Ctrl Pts',(0.,37.1916562896926,9.33787571345293));
#5773=CARTESIAN_POINT('Ctrl Pts',(-2.,37.1916562896926,9.33787571345293));
#5774=CARTESIAN_POINT('Ctrl Pts',(0.,36.8519873084832,9.55784625307543));
#5775=CARTESIAN_POINT('Ctrl Pts',(-2.,36.8519873084832,9.55784625307543));
#5776=CARTESIAN_POINT('Ctrl Pts',(0.,36.6916763335466,9.66166406869888));
#5777=CARTESIAN_POINT('Ctrl Pts',(-2.,36.6916763335466,9.66166406869888));
#5778=CARTESIAN_POINT('',(-2.,37.7864920645952,9.16712194681168));
#5779=CARTESIAN_POINT('Ctrl Pts',(-2.,37.7864920645952,9.16712194681168));
#5780=CARTESIAN_POINT('Ctrl Pts',(-2.,37.5809371296508,9.22612861869384));
#5781=CARTESIAN_POINT('Ctrl Pts',(-2.,37.1916562896926,9.33787571345293));
#5782=CARTESIAN_POINT('Ctrl Pts',(-2.,36.8519873084832,9.55784625307543));
#5783=CARTESIAN_POINT('Ctrl Pts',(-2.,36.6916763335466,9.66166406869888));
#5784=CARTESIAN_POINT('',(0.,37.7864920645952,9.16712194681168));
#5785=CARTESIAN_POINT('Ctrl Pts',(0.,39.3997251540422,9.00000005960464));
#5786=CARTESIAN_POINT('Ctrl Pts',(-2.,39.3997251540422,9.00000005960464));
#5787=CARTESIAN_POINT('Ctrl Pts',(0.,39.1050729763369,9.00425294260685));
#5788=CARTESIAN_POINT('Ctrl Pts',(-2.,39.1050729763369,9.00425294260685));
#5789=CARTESIAN_POINT('Ctrl Pts',(0.,38.5621169221366,9.01208973713466));
#5790=CARTESIAN_POINT('Ctrl Pts',(-2.,38.5621169221366,9.01208973713466));
#5791=CARTESIAN_POINT('Ctrl Pts',(0.,38.0298895264939,9.1184715638578));
#5792=CARTESIAN_POINT('Ctrl Pts',(-2.,38.0298895264939,9.1184715638578));
#5793=CARTESIAN_POINT('Ctrl Pts',(0.,37.7864920645952,9.16712194681168));
#5794=CARTESIAN_POINT('Ctrl Pts',(-2.,37.7864920645952,9.16712194681168));
#5795=CARTESIAN_POINT('',(-2.,39.3997251540422,9.00000005960464));
#5796=CARTESIAN_POINT('Ctrl Pts',(-2.,39.3997251540422,9.00000005960464));
#5797=CARTESIAN_POINT('Ctrl Pts',(-2.,39.1050729763369,9.00425294260685));
#5798=CARTESIAN_POINT('Ctrl Pts',(-2.,38.5621169221366,9.01208973713466));
#5799=CARTESIAN_POINT('Ctrl Pts',(-2.,38.0298895264939,9.1184715638578));
#5800=CARTESIAN_POINT('Ctrl Pts',(-2.,37.7864920645952,9.16712194681168));
#5801=CARTESIAN_POINT('',(0.,39.3997251540422,9.00000005960464));
#5802=CARTESIAN_POINT('Origin',(0.,43.2128226310015,9.00000005960464));
#5803=CARTESIAN_POINT('',(-2.,39.3997251540422,9.00000005960464));
#5804=CARTESIAN_POINT('Origin',(-2.,40.0000008493662,14.0034100413322));
#5805=CARTESIAN_POINT('Origin',(0.,80.,0.));
#5806=CARTESIAN_POINT('Origin',(0.,80.,0.));
#5807=CARTESIAN_POINT('Origin',(0.,30.3819930106401,10.1800814270973));
#5808=CARTESIAN_POINT('',(0.,32.5170552283525,10.1800814270973));
#5809=CARTESIAN_POINT('',(0.,30.3819930106401,10.1800814270973));
#5810=CARTESIAN_POINT('',(0.,55.1909965053201,10.1800814270973));
#5811=CARTESIAN_POINT('',(-2.,32.5170552283525,10.1800814270973));
#5812=CARTESIAN_POINT('',(0.,32.5170552283525,10.1800814270973));
#5813=CARTESIAN_POINT('',(-2.,30.3819930106401,10.1800814270973));
#5814=CARTESIAN_POINT('',(-2.,32.5170552283525,10.1800814270973));
#5815=CARTESIAN_POINT('',(0.,30.3819930106401,10.1800814270973));
#5816=CARTESIAN_POINT('Ctrl Pts',(0.,28.830150321126,10.3642562031746));
#5817=CARTESIAN_POINT('Ctrl Pts',(-2.,28.830150321126,10.3642562031746));
#5818=CARTESIAN_POINT('Ctrl Pts',(0.,29.0523047239987,10.3107606585003));
#5819=CARTESIAN_POINT('Ctrl Pts',(-2.,29.0523047239987,10.3107606585003));
#5820=CARTESIAN_POINT('Ctrl Pts',(0.,29.5617105119617,10.1880939918264));
#5821=CARTESIAN_POINT('Ctrl Pts',(-2.,29.5617105119617,10.1880939918264));
#5822=CARTESIAN_POINT('Ctrl Pts',(0.,30.086223020887,10.1829705246846));
#5823=CARTESIAN_POINT('Ctrl Pts',(-2.,30.086223020887,10.1829705246846));
#5824=CARTESIAN_POINT('Ctrl Pts',(0.,30.3819930106401,10.1800814270973));
#5825=CARTESIAN_POINT('Ctrl Pts',(-2.,30.3819930106401,10.1800814270973));
#5826=CARTESIAN_POINT('',(0.,28.830150321126,10.3642562031746));
#5827=CARTESIAN_POINT('Ctrl Pts',(0.,30.3819930106401,10.1800814270973));
#5828=CARTESIAN_POINT('Ctrl Pts',(0.,30.086223020887,10.1829705246846));
#5829=CARTESIAN_POINT('Ctrl Pts',(0.,29.5617105119617,10.1880939918264));
#5830=CARTESIAN_POINT('Ctrl Pts',(0.,29.0523047239987,10.3107606585003));
#5831=CARTESIAN_POINT('Ctrl Pts',(0.,28.830150321126,10.3642562031746));
#5832=CARTESIAN_POINT('',(-2.,28.830150321126,10.3642562031746));
#5833=CARTESIAN_POINT('Ctrl Pts',(-2.,28.830150321126,10.3642562031746));
#5834=CARTESIAN_POINT('Ctrl Pts',(-2.,29.0523047239987,10.3107606585003));
#5835=CARTESIAN_POINT('Ctrl Pts',(-2.,29.5617105119617,10.1880939918264));
#5836=CARTESIAN_POINT('Ctrl Pts',(-2.,30.086223020887,10.1829705246846));
#5837=CARTESIAN_POINT('Ctrl Pts',(-2.,30.3819930106401,10.1800814270973));
#5838=CARTESIAN_POINT('',(0.,28.830150321126,10.3642562031746));
#5839=CARTESIAN_POINT('Ctrl Pts',(0.,27.9331528693438,10.882673561573));
#5840=CARTESIAN_POINT('Ctrl Pts',(-2.,27.9331528693438,10.882673561573));
#5841=CARTESIAN_POINT('Ctrl Pts',(0.,28.0590259880209,10.7759574377395));
#5842=CARTESIAN_POINT('Ctrl Pts',(-2.,28.0590259880209,10.7759574377395));
#5843=CARTESIAN_POINT('Ctrl Pts',(0.,28.3263926898324,10.5492820493854));
#5844=CARTESIAN_POINT('Ctrl Pts',(-2.,28.3263926898324,10.5492820493854));
#5845=CARTESIAN_POINT('Ctrl Pts',(0.,28.6558157748092,10.4282877829508));
#5846=CARTESIAN_POINT('Ctrl Pts',(-2.,28.6558157748092,10.4282877829508));
#5847=CARTESIAN_POINT('Ctrl Pts',(0.,28.830150321126,10.3642562031746));
#5848=CARTESIAN_POINT('Ctrl Pts',(-2.,28.830150321126,10.3642562031746));
#5849=CARTESIAN_POINT('',(0.,27.9331528693438,10.882673561573));
#5850=CARTESIAN_POINT('Ctrl Pts',(0.,28.830150321126,10.3642562031746));
#5851=CARTESIAN_POINT('Ctrl Pts',(0.,28.6558157748092,10.4282877829508));
#5852=CARTESIAN_POINT('Ctrl Pts',(0.,28.3263926898324,10.5492820493854));
#5853=CARTESIAN_POINT('Ctrl Pts',(0.,28.0590259880209,10.7759574377395));
#5854=CARTESIAN_POINT('Ctrl Pts',(0.,27.9331528693438,10.882673561573));
#5855=CARTESIAN_POINT('',(-2.,27.9331528693438,10.882673561573));
#5856=CARTESIAN_POINT('Ctrl Pts',(-2.,27.9331528693438,10.882673561573));
#5857=CARTESIAN_POINT('Ctrl Pts',(-2.,28.0590259880209,10.7759574377395));
#5858=CARTESIAN_POINT('Ctrl Pts',(-2.,28.3263926898324,10.5492820493854));
#5859=CARTESIAN_POINT('Ctrl Pts',(-2.,28.6558157748092,10.4282877829508));
#5860=CARTESIAN_POINT('Ctrl Pts',(-2.,28.830150321126,10.3642562031746));
#5861=CARTESIAN_POINT('',(0.,27.9331528693438,10.882673561573));
#5862=CARTESIAN_POINT('Ctrl Pts',(0.,27.1998655349016,12.1480217576027));
#5863=CARTESIAN_POINT('Ctrl Pts',(-2.,27.1998655349016,12.1480217576027));
#5864=CARTESIAN_POINT('Ctrl Pts',(0.,27.2908943926959,11.9019744385298));
#5865=CARTESIAN_POINT('Ctrl Pts',(-2.,27.2908943926959,11.9019744385298));
#5866=CARTESIAN_POINT('Ctrl Pts',(0.,27.4627501095426,11.4374553901523));
#5867=CARTESIAN_POINT('Ctrl Pts',(-2.,27.4627501095426,11.4374553901523));
#5868=CARTESIAN_POINT('Ctrl Pts',(0.,27.7826827491582,11.0601344430916));
#5869=CARTESIAN_POINT('Ctrl Pts',(-2.,27.7826827491582,11.0601344430916));
#5870=CARTESIAN_POINT('Ctrl Pts',(0.,27.9331528693438,10.882673561573));
#5871=CARTESIAN_POINT('Ctrl Pts',(-2.,27.9331528693438,10.882673561573));
#5872=CARTESIAN_POINT('',(0.,27.1998655349016,12.1480217576027));
#5873=CARTESIAN_POINT('Ctrl Pts',(0.,27.9331528693438,10.882673561573));
#5874=CARTESIAN_POINT('Ctrl Pts',(0.,27.7826827491582,11.0601344430916));
#5875=CARTESIAN_POINT('Ctrl Pts',(0.,27.4627501095426,11.4374553901523));
#5876=CARTESIAN_POINT('Ctrl Pts',(0.,27.2908943926959,11.9019744385298));
#5877=CARTESIAN_POINT('Ctrl Pts',(0.,27.1998655349016,12.1480217576027));
#5878=CARTESIAN_POINT('',(-2.,27.1998655349016,12.1480217576027));
#5879=CARTESIAN_POINT('Ctrl Pts',(-2.,27.1998655349016,12.1480217576027));
#5880=CARTESIAN_POINT('Ctrl Pts',(-2.,27.2908943926959,11.9019744385298));
#5881=CARTESIAN_POINT('Ctrl Pts',(-2.,27.4627501095426,11.4374553901523));
#5882=CARTESIAN_POINT('Ctrl Pts',(-2.,27.7826827491582,11.0601344430916));
#5883=CARTESIAN_POINT('Ctrl Pts',(-2.,27.9331528693438,10.882673561573));
#5884=CARTESIAN_POINT('',(0.,27.1998655349016,12.1480217576027));
#5885=CARTESIAN_POINT('Ctrl Pts',(0.,26.9372450858355,14.0750339627266));
#5886=CARTESIAN_POINT('Ctrl Pts',(-2.,26.9372450858355,14.0750339627266));
#5887=CARTESIAN_POINT('Ctrl Pts',(0.,26.9444277895342,13.7236329989919));
#5888=CARTESIAN_POINT('Ctrl Pts',(-2.,26.9444277895342,13.7236329989919));
#5889=CARTESIAN_POINT('Ctrl Pts',(0.,26.9577733154993,13.0707269510276));
#5890=CARTESIAN_POINT('Ctrl Pts',(-2.,26.9577733154993,13.0707269510276));
#5891=CARTESIAN_POINT('Ctrl Pts',(0.,27.123386926742,12.439510716269));
#5892=CARTESIAN_POINT('Ctrl Pts',(-2.,27.123386926742,12.439510716269));
#5893=CARTESIAN_POINT('Ctrl Pts',(0.,27.1998655349016,12.1480217576027));
#5894=CARTESIAN_POINT('Ctrl Pts',(-2.,27.1998655349016,12.1480217576027));
#5895=CARTESIAN_POINT('',(0.,26.9372450858355,14.0750339627266));
#5896=CARTESIAN_POINT('Ctrl Pts',(0.,27.1998655349016,12.1480217576027));
#5897=CARTESIAN_POINT('Ctrl Pts',(0.,27.123386926742,12.439510716269));
#5898=CARTESIAN_POINT('Ctrl Pts',(0.,26.9577733154993,13.0707269510276));
#5899=CARTESIAN_POINT('Ctrl Pts',(0.,26.9444277895342,13.7236329989919));
#5900=CARTESIAN_POINT('Ctrl Pts',(0.,26.9372450858355,14.0750339627266));
#5901=CARTESIAN_POINT('',(-2.,26.9372450858355,14.0750339627266));
#5902=CARTESIAN_POINT('Ctrl Pts',(-2.,26.9372450858355,14.0750339627266));
#5903=CARTESIAN_POINT('Ctrl Pts',(-2.,26.9444277895342,13.7236329989919));
#5904=CARTESIAN_POINT('Ctrl Pts',(-2.,26.9577733154993,13.0707269510276));
#5905=CARTESIAN_POINT('Ctrl Pts',(-2.,27.123386926742,12.439510716269));
#5906=CARTESIAN_POINT('Ctrl Pts',(-2.,27.1998655349016,12.1480217576027));
#5907=CARTESIAN_POINT('',(0.,26.9372450858355,14.0750339627266));
#5908=CARTESIAN_POINT('Ctrl Pts',(0.,27.4522530585527,16.4863577485085));
#5909=CARTESIAN_POINT('Ctrl Pts',(-2.,27.4522530585527,16.4863577485085));
#5910=CARTESIAN_POINT('Ctrl Pts',(0.,27.302594500019,16.1498297541089));
#5911=CARTESIAN_POINT('Ctrl Pts',(-2.,27.302594500019,16.1498297541089));
#5912=CARTESIAN_POINT('Ctrl Pts',(0.,26.9624232597127,15.3849076115044));
#5913=CARTESIAN_POINT('Ctrl Pts',(-2.,26.9624232597127,15.3849076115044));
#5914=CARTESIAN_POINT('Ctrl Pts',(0.,26.9462839152176,14.545271577302));
#5915=CARTESIAN_POINT('Ctrl Pts',(-2.,26.9462839152176,14.545271577302));
#5916=CARTESIAN_POINT('Ctrl Pts',(0.,26.9372450858355,14.0750339627266));
#5917=CARTESIAN_POINT('Ctrl Pts',(-2.,26.9372450858355,14.0750339627266));
#5918=CARTESIAN_POINT('',(0.,27.4522530585527,16.4863577485085));
#5919=CARTESIAN_POINT('Ctrl Pts',(0.,26.9372450858355,14.0750339627266));
#5920=CARTESIAN_POINT('Ctrl Pts',(0.,26.9462839152176,14.545271577302));
#5921=CARTESIAN_POINT('Ctrl Pts',(0.,26.9624232597127,15.3849076115044));
#5922=CARTESIAN_POINT('Ctrl Pts',(0.,27.302594500019,16.1498297541089));
#5923=CARTESIAN_POINT('Ctrl Pts',(0.,27.4522530585527,16.4863577485085));
#5924=CARTESIAN_POINT('',(-2.,27.4522530585527,16.4863577485085));
#5925=CARTESIAN_POINT('Ctrl Pts',(-2.,27.4522530585527,16.4863577485085));
#5926=CARTESIAN_POINT('Ctrl Pts',(-2.,27.302594500019,16.1498297541089));
#5927=CARTESIAN_POINT('Ctrl Pts',(-2.,26.9624232597127,15.3849076115044));
#5928=CARTESIAN_POINT('Ctrl Pts',(-2.,26.9462839152176,14.545271577302));
#5929=CARTESIAN_POINT('Ctrl Pts',(-2.,26.9372450858355,14.0750339627266));
#5930=CARTESIAN_POINT('',(0.,27.4522530585527,16.4863577485085));
#5931=CARTESIAN_POINT('Ctrl Pts',(0.,28.7039577513933,17.615279853344));
#5932=CARTESIAN_POINT('Ctrl Pts',(-2.,28.7039577513933,17.615279853344));
#5933=CARTESIAN_POINT('Ctrl Pts',(0.,28.4631276701503,17.4889963668824));
#5934=CARTESIAN_POINT('Ctrl Pts',(-2.,28.4631276701503,17.4889963668824));
#5935=CARTESIAN_POINT('Ctrl Pts',(0.,27.9507537257931,17.2203240825419));
#5936=CARTESIAN_POINT('Ctrl Pts',(-2.,27.9507537257931,17.2203240825419));
#5937=CARTESIAN_POINT('Ctrl Pts',(0.,27.6249303413716,16.7405987567362));
#5938=CARTESIAN_POINT('Ctrl Pts',(-2.,27.6249303413716,16.7405987567362));
#5939=CARTESIAN_POINT('Ctrl Pts',(0.,27.4522530585527,16.4863577485085));
#5940=CARTESIAN_POINT('Ctrl Pts',(-2.,27.4522530585527,16.4863577485085));
#5941=CARTESIAN_POINT('',(0.,28.7039577513933,17.615279853344));
#5942=CARTESIAN_POINT('Ctrl Pts',(0.,27.4522530585527,16.4863577485085));
#5943=CARTESIAN_POINT('Ctrl Pts',(0.,27.6249303413716,16.7405987567362));
#5944=CARTESIAN_POINT('Ctrl Pts',(0.,27.9507537257931,17.2203240825419));
#5945=CARTESIAN_POINT('Ctrl Pts',(0.,28.4631276701503,17.4889963668824));
#5946=CARTESIAN_POINT('Ctrl Pts',(0.,28.7039577513933,17.615279853344));
#5947=CARTESIAN_POINT('',(-2.,28.7039577513933,17.615279853344));
#5948=CARTESIAN_POINT('Ctrl Pts',(-2.,28.7039577513933,17.615279853344));
#5949=CARTESIAN_POINT('Ctrl Pts',(-2.,28.4631276701503,17.4889963668824));
#5950=CARTESIAN_POINT('Ctrl Pts',(-2.,27.9507537257931,17.2203240825419));
#5951=CARTESIAN_POINT('Ctrl Pts',(-2.,27.6249303413716,16.7405987567362));
#5952=CARTESIAN_POINT('Ctrl Pts',(-2.,27.4522530585527,16.4863577485085));
#5953=CARTESIAN_POINT('',(0.,28.7039577513933,17.615279853344));
#5954=CARTESIAN_POINT('Ctrl Pts',(0.,30.4160987883806,17.8199180960655));
#5955=CARTESIAN_POINT('Ctrl Pts',(-2.,30.4160987883806,17.8199180960655));
#5956=CARTESIAN_POINT('Ctrl Pts',(0.,30.0745052774594,17.8194533547164));
#5957=CARTESIAN_POINT('Ctrl Pts',(-2.,30.0745052774594,17.8194533547164));
#5958=CARTESIAN_POINT('Ctrl Pts',(0.,29.4947079166773,17.8186645346744));
#5959=CARTESIAN_POINT('Ctrl Pts',(-2.,29.4947079166773,17.8186645346744));
#5960=CARTESIAN_POINT('Ctrl Pts',(0.,28.9342260336379,17.6745059442902));
#5961=CARTESIAN_POINT('Ctrl Pts',(-2.,28.9342260336379,17.6745059442902));
#5962=CARTESIAN_POINT('Ctrl Pts',(0.,28.7039577513933,17.615279853344));
#5963=CARTESIAN_POINT('Ctrl Pts',(-2.,28.7039577513933,17.615279853344));
#5964=CARTESIAN_POINT('',(0.,30.4160987883806,17.8199180960655));
#5965=CARTESIAN_POINT('Ctrl Pts',(0.,28.7039577513933,17.615279853344));
#5966=CARTESIAN_POINT('Ctrl Pts',(0.,28.9342260336379,17.6745059442902));
#5967=CARTESIAN_POINT('Ctrl Pts',(0.,29.4947079166773,17.8186645346744));
#5968=CARTESIAN_POINT('Ctrl Pts',(0.,30.0745052774594,17.8194533547164));
#5969=CARTESIAN_POINT('Ctrl Pts',(0.,30.4160987883806,17.8199180960655));
#5970=CARTESIAN_POINT('',(-2.,30.4160987883806,17.8199180960655));
#5971=CARTESIAN_POINT('Ctrl Pts',(-2.,30.4160987883806,17.8199180960655));
#5972=CARTESIAN_POINT('Ctrl Pts',(-2.,30.0745052774594,17.8194533547164));
#5973=CARTESIAN_POINT('Ctrl Pts',(-2.,29.4947079166773,17.8186645346744));
#5974=CARTESIAN_POINT('Ctrl Pts',(-2.,28.9342260336379,17.6745059442902));
#5975=CARTESIAN_POINT('Ctrl Pts',(-2.,28.7039577513933,17.615279853344));
#5976=CARTESIAN_POINT('',(0.,30.4160987883806,17.8199180960655));
#5977=CARTESIAN_POINT('Origin',(0.,32.5170552283525,17.8199180960655));
#5978=CARTESIAN_POINT('',(0.,32.5170552283525,17.8199180960655));
#5979=CARTESIAN_POINT('',(0.,56.2585276141763,17.8199180960655));
#5980=CARTESIAN_POINT('',(-2.,32.5170552283525,17.8199180960655));
#5981=CARTESIAN_POINT('',(-2.,30.4160987883806,17.8199180960655));
#5982=CARTESIAN_POINT('',(0.,32.5170552283525,17.8199180960655));
#5983=CARTESIAN_POINT('Origin',(0.,32.5170552283525,10.1800814270973));
#5984=CARTESIAN_POINT('',(0.,32.5170552283525,5.09004071354866));
#5985=CARTESIAN_POINT('',(-2.,32.5170552283525,17.8199180960655));
#5986=CARTESIAN_POINT('Origin',(0.,33.840383246541,19.0000000596046));
#5987=CARTESIAN_POINT('',(-2.,33.840383246541,9.00000005960464));
#5988=CARTESIAN_POINT('',(0.,33.840383246541,9.00000005960464));
#5989=CARTESIAN_POINT('',(-2.,33.840383246541,19.0000000596046));
#5990=CARTESIAN_POINT('',(-2.,33.840383246541,9.00000005960464));
#5991=CARTESIAN_POINT('',(0.,33.840383246541,19.0000000596046));
#5992=CARTESIAN_POINT('Origin',(0.,30.3956353217363,19.0000000596046));
#5993=CARTESIAN_POINT('',(-2.,30.3956353217363,19.0000000596046));
#5994=CARTESIAN_POINT('',(-2.,33.840383246541,19.0000000596046));
#5995=CARTESIAN_POINT('',(0.,30.3956353217363,19.0000000596046));
#5996=CARTESIAN_POINT('Ctrl Pts',(0.,28.6152803450823,18.8567534089088));
#5997=CARTESIAN_POINT('Ctrl Pts',(-2.,28.6152803450823,18.8567534089088));
#5998=CARTESIAN_POINT('Ctrl Pts',(0.,28.8654544802129,18.8982985647306));
#5999=CARTESIAN_POINT('Ctrl Pts',(-2.,28.8654544802129,18.8982985647306));
#6000=CARTESIAN_POINT('Ctrl Pts',(0.,29.454471036323,18.9961135710358));
#6001=CARTESIAN_POINT('Ctrl Pts',(-2.,29.454471036323,18.9961135710358));
#6002=CARTESIAN_POINT('Ctrl Pts',(0.,30.0519339696093,18.9985807628922));
#6003=CARTESIAN_POINT('Ctrl Pts',(-2.,30.0519339696093,18.9985807628922));
#6004=CARTESIAN_POINT('Ctrl Pts',(0.,30.3956353217363,19.0000000596046));
#6005=CARTESIAN_POINT('Ctrl Pts',(-2.,30.3956353217363,19.0000000596046));
#6006=CARTESIAN_POINT('',(-2.,28.6152803450823,18.8567534089088));
#6007=CARTESIAN_POINT('Ctrl Pts',(-2.,28.6152803450823,18.8567534089088));
#6008=CARTESIAN_POINT('Ctrl Pts',(-2.,28.8654544802129,18.8982985647306));
#6009=CARTESIAN_POINT('Ctrl Pts',(-2.,29.454471036323,18.9961135710358));
#6010=CARTESIAN_POINT('Ctrl Pts',(-2.,30.0519339696093,18.9985807628922));
#6011=CARTESIAN_POINT('Ctrl Pts',(-2.,30.3956353217363,19.0000000596046));
#6012=CARTESIAN_POINT('',(0.,28.6152803450823,18.8567534089088));
#6013=CARTESIAN_POINT('Ctrl Pts',(0.,27.148705676198,18.1405183672905));
#6014=CARTESIAN_POINT('Ctrl Pts',(-2.,27.148705676198,18.1405183672905));
#6015=CARTESIAN_POINT('Ctrl Pts',(0.,27.3651340002443,18.3007617269454));
#6016=CARTESIAN_POINT('Ctrl Pts',(-2.,27.3651340002443,18.3007617269454));
#6017=CARTESIAN_POINT('Ctrl Pts',(0.,27.8095398396548,18.629799458357));
#6018=CARTESIAN_POINT('Ctrl Pts',(-2.,27.8095398396548,18.629799458357));
#6019=CARTESIAN_POINT('Ctrl Pts',(0.,28.3420869098921,18.7798026673691));
#6020=CARTESIAN_POINT('Ctrl Pts',(-2.,28.3420869098921,18.7798026673691));
#6021=CARTESIAN_POINT('Ctrl Pts',(0.,28.6152803450823,18.8567534089088));
#6022=CARTESIAN_POINT('Ctrl Pts',(-2.,28.6152803450823,18.8567534089088));
#6023=CARTESIAN_POINT('',(-2.,27.148705676198,18.1405183672905));
#6024=CARTESIAN_POINT('Ctrl Pts',(-2.,27.148705676198,18.1405183672905));
#6025=CARTESIAN_POINT('Ctrl Pts',(-2.,27.3651340002443,18.3007617269454));
#6026=CARTESIAN_POINT('Ctrl Pts',(-2.,27.8095398396548,18.629799458357));
#6027=CARTESIAN_POINT('Ctrl Pts',(-2.,28.3420869098921,18.7798026673691));
#6028=CARTESIAN_POINT('Ctrl Pts',(-2.,28.6152803450823,18.8567534089088));
#6029=CARTESIAN_POINT('',(0.,27.148705676198,18.1405183672905));
#6030=CARTESIAN_POINT('Ctrl Pts',(0.,25.9652125388384,16.4317873120308));
#6031=CARTESIAN_POINT('Ctrl Pts',(-2.,25.9652125388384,16.4317873120308));
#6032=CARTESIAN_POINT('Ctrl Pts',(0.,26.1100533717018,16.76089022833));
#6033=CARTESIAN_POINT('Ctrl Pts',(-2.,26.1100533717018,16.76089022833));
#6034=CARTESIAN_POINT('Ctrl Pts',(0.,26.3944602612117,17.4071108755252));
#6035=CARTESIAN_POINT('Ctrl Pts',(-2.,26.3944602612117,17.4071108755252));
#6036=CARTESIAN_POINT('Ctrl Pts',(0.,26.9004184699797,17.8990907185015));
#6037=CARTESIAN_POINT('Ctrl Pts',(-2.,26.9004184699797,17.8990907185015));
#6038=CARTESIAN_POINT('Ctrl Pts',(0.,27.148705676198,18.1405183672905));
#6039=CARTESIAN_POINT('Ctrl Pts',(-2.,27.148705676198,18.1405183672905));
#6040=CARTESIAN_POINT('',(-2.,25.9652125388384,16.4317873120308));
#6041=CARTESIAN_POINT('Ctrl Pts',(-2.,25.9652125388384,16.4317873120308));
#6042=CARTESIAN_POINT('Ctrl Pts',(-2.,26.1100533717018,16.76089022833));
#6043=CARTESIAN_POINT('Ctrl Pts',(-2.,26.3944602612117,17.4071108755252));
#6044=CARTESIAN_POINT('Ctrl Pts',(-2.,26.9004184699797,17.8990907185015));
#6045=CARTESIAN_POINT('Ctrl Pts',(-2.,27.148705676198,18.1405183672905));
#6046=CARTESIAN_POINT('',(0.,25.9652125388384,16.4317873120308));
#6047=CARTESIAN_POINT('Ctrl Pts',(0.,25.5729901343584,14.0545704960823));
#6048=CARTESIAN_POINT('Ctrl Pts',(-2.,25.5729901343584,14.0545704960823));
#6049=CARTESIAN_POINT('Ctrl Pts',(0.,25.5860245615286,14.47882895273));
#6050=CARTESIAN_POINT('Ctrl Pts',(-2.,25.5860245615286,14.47882895273));
#6051=CARTESIAN_POINT('Ctrl Pts',(0.,25.6109203093124,15.2891623409093));
#6052=CARTESIAN_POINT('Ctrl Pts',(-2.,25.6109203093124,15.2891623409093));
#6053=CARTESIAN_POINT('Ctrl Pts',(0.,25.8508842229926,16.0630679958707));
#6054=CARTESIAN_POINT('Ctrl Pts',(-2.,25.8508842229926,16.0630679958707));
#6055=CARTESIAN_POINT('Ctrl Pts',(0.,25.9652125388384,16.4317873120308));
#6056=CARTESIAN_POINT('Ctrl Pts',(-2.,25.9652125388384,16.4317873120308));
#6057=CARTESIAN_POINT('',(-2.,25.5729901343584,14.0545704960823));
#6058=CARTESIAN_POINT('Ctrl Pts',(-2.,25.5729901343584,14.0545704960823));
#6059=CARTESIAN_POINT('Ctrl Pts',(-2.,25.5860245615286,14.47882895273));
#6060=CARTESIAN_POINT('Ctrl Pts',(-2.,25.6109203093124,15.2891623409093));
#6061=CARTESIAN_POINT('Ctrl Pts',(-2.,25.8508842229926,16.0630679958707));
#6062=CARTESIAN_POINT('Ctrl Pts',(-2.,25.9652125388384,16.4317873120308));
#6063=CARTESIAN_POINT('',(0.,25.5729901343584,14.0545704960823));
#6064=CARTESIAN_POINT('Ctrl Pts',(0.,25.8390175849199,12.0354703068733));
#6065=CARTESIAN_POINT('Ctrl Pts',(-2.,25.8390175849199,12.0354703068733));
#6066=CARTESIAN_POINT('Ctrl Pts',(0.,25.7614893324035,12.3488894280419));
#6067=CARTESIAN_POINT('Ctrl Pts',(-2.,25.7614893324035,12.3488894280419));
#6068=CARTESIAN_POINT('Ctrl Pts',(0.,25.5975346881701,13.0116996790043));
#6069=CARTESIAN_POINT('Ctrl Pts',(-2.,25.5975346881701,13.0116996790043));
#6070=CARTESIAN_POINT('Ctrl Pts',(0.,25.5814624102806,13.6945929067061));
#6071=CARTESIAN_POINT('Ctrl Pts',(-2.,25.5814624102806,13.6945929067061));
#6072=CARTESIAN_POINT('Ctrl Pts',(0.,25.5729901343584,14.0545704960823));
#6073=CARTESIAN_POINT('Ctrl Pts',(-2.,25.5729901343584,14.0545704960823));
#6074=CARTESIAN_POINT('',(-2.,25.8390175849199,12.0354703068733));
#6075=CARTESIAN_POINT('Ctrl Pts',(-2.,25.8390175849199,12.0354703068733));
#6076=CARTESIAN_POINT('Ctrl Pts',(-2.,25.7614893324035,12.3488894280419));
#6077=CARTESIAN_POINT('Ctrl Pts',(-2.,25.5975346881701,13.0116996790043));
#6078=CARTESIAN_POINT('Ctrl Pts',(-2.,25.5814624102806,13.6945929067061));
#6079=CARTESIAN_POINT('Ctrl Pts',(-2.,25.5729901343584,14.0545704960823));
#6080=CARTESIAN_POINT('',(0.,25.8390175849199,12.0354703068733));
#6081=CARTESIAN_POINT('Ctrl Pts',(0.,26.5211474448442,10.5791273713112));
#6082=CARTESIAN_POINT('Ctrl Pts',(-2.,26.5211474448442,10.5791273713112));
#6083=CARTESIAN_POINT('Ctrl Pts',(0.,26.3862133942434,10.7924039692647));
#6084=CARTESIAN_POINT('Ctrl Pts',(-2.,26.3862133942434,10.7924039692647));
#6085=CARTESIAN_POINT('Ctrl Pts',(0.,26.0975125740661,11.2487241381147));
#6086=CARTESIAN_POINT('Ctrl Pts',(-2.,26.0975125740661,11.2487241381147));
#6087=CARTESIAN_POINT('Ctrl Pts',(0.,25.9288500163864,11.7620595087763));
#6088=CARTESIAN_POINT('Ctrl Pts',(-2.,25.9288500163864,11.7620595087763));
#6089=CARTESIAN_POINT('Ctrl Pts',(0.,25.8390175849199,12.0354703068733));
#6090=CARTESIAN_POINT('Ctrl Pts',(-2.,25.8390175849199,12.0354703068733));
#6091=CARTESIAN_POINT('',(-2.,26.5211474448442,10.5791273713112));
#6092=CARTESIAN_POINT('Ctrl Pts',(-2.,26.5211474448442,10.5791273713112));
#6093=CARTESIAN_POINT('Ctrl Pts',(-2.,26.3862133942434,10.7924039692647));
#6094=CARTESIAN_POINT('Ctrl Pts',(-2.,26.0975125740661,11.2487241381147));
#6095=CARTESIAN_POINT('Ctrl Pts',(-2.,25.9288500163864,11.7620595087763));
#6096=CARTESIAN_POINT('Ctrl Pts',(-2.,25.8390175849199,12.0354703068733));
#6097=CARTESIAN_POINT('',(0.,26.5211474448442,10.5791273713112));
#6098=CARTESIAN_POINT('Ctrl Pts',(0.,27.4317872077227,9.67189699411392));
#6099=CARTESIAN_POINT('Ctrl Pts',(-2.,27.4317872077227,9.67189699411392));
#6100=CARTESIAN_POINT('Ctrl Pts',(0.,27.2673446432259,9.79643230891559));
#6101=CARTESIAN_POINT('Ctrl Pts',(-2.,27.2673446432259,9.79643230891559));
#6102=CARTESIAN_POINT('Ctrl Pts',(0.,26.9228042535364,10.0573589493094));
#6103=CARTESIAN_POINT('Ctrl Pts',(-2.,26.9228042535364,10.0573589493094));
#6104=CARTESIAN_POINT('Ctrl Pts',(0.,26.6590282085159,10.4000146887212));
#6105=CARTESIAN_POINT('Ctrl Pts',(-2.,26.6590282085159,10.4000146887212));
#6106=CARTESIAN_POINT('Ctrl Pts',(0.,26.5211474448442,10.5791273713112));
#6107=CARTESIAN_POINT('Ctrl Pts',(-2.,26.5211474448442,10.5791273713112));
#6108=CARTESIAN_POINT('',(-2.,27.4317872077227,9.67189699411392));
#6109=CARTESIAN_POINT('Ctrl Pts',(-2.,27.4317872077227,9.67189699411392));
#6110=CARTESIAN_POINT('Ctrl Pts',(-2.,27.2673446432259,9.79643230891559));
#6111=CARTESIAN_POINT('Ctrl Pts',(-2.,26.9228042535364,10.0573589493094));
#6112=CARTESIAN_POINT('Ctrl Pts',(-2.,26.6590282085159,10.4000146887212));
#6113=CARTESIAN_POINT('Ctrl Pts',(-2.,26.5211474448442,10.5791273713112));
#6114=CARTESIAN_POINT('',(0.,27.4317872077227,9.67189699411392));
#6115=CARTESIAN_POINT('Ctrl Pts',(0.,28.6255132704973,9.17053252458572));
#6116=CARTESIAN_POINT('Ctrl Pts',(-2.,28.6255132704973,9.17053252458572));
#6117=CARTESIAN_POINT('Ctrl Pts',(0.,28.4054283576325,9.23114088479681));
#6118=CARTESIAN_POINT('Ctrl Pts',(-2.,28.4054283576325,9.23114088479681));
#6119=CARTESIAN_POINT('Ctrl Pts',(0.,27.9856251887391,9.34674890784049));
#6120=CARTESIAN_POINT('Ctrl Pts',(-2.,27.9856251887391,9.34674890784049));
#6121=CARTESIAN_POINT('Ctrl Pts',(0.,27.6103307596344,9.56707736055608));
#6122=CARTESIAN_POINT('Ctrl Pts',(-2.,27.6103307596344,9.56707736055608));
#6123=CARTESIAN_POINT('Ctrl Pts',(0.,27.4317872077227,9.67189699411392));
#6124=CARTESIAN_POINT('Ctrl Pts',(-2.,27.4317872077227,9.67189699411392));
#6125=CARTESIAN_POINT('',(-2.,28.6255132704973,9.17053252458572));
#6126=CARTESIAN_POINT('Ctrl Pts',(-2.,28.6255132704973,9.17053252458572));
#6127=CARTESIAN_POINT('Ctrl Pts',(-2.,28.4054283576325,9.23114088479681));
#6128=CARTESIAN_POINT('Ctrl Pts',(-2.,27.9856251887391,9.34674890784049));
#6129=CARTESIAN_POINT('Ctrl Pts',(-2.,27.6103307596344,9.56707736055608));
#6130=CARTESIAN_POINT('Ctrl Pts',(-2.,27.4317872077227,9.67189699411392));
#6131=CARTESIAN_POINT('',(0.,28.6255132704973,9.17053252458572));
#6132=CARTESIAN_POINT('Ctrl Pts',(0.,30.2319252043962,9.00000005960464));
#6133=CARTESIAN_POINT('Ctrl Pts',(-2.,30.2319252043962,9.00000005960464));
#6134=CARTESIAN_POINT('Ctrl Pts',(0.,29.9458744538467,9.00529657128857));
#6135=CARTESIAN_POINT('Ctrl Pts',(-2.,29.9458744538467,9.00529657128857));
#6136=CARTESIAN_POINT('Ctrl Pts',(0.,29.4052678063113,9.0153064363897));
#6137=CARTESIAN_POINT('Ctrl Pts',(-2.,29.4052678063113,9.0153064363897));
#6138=CARTESIAN_POINT('Ctrl Pts',(0.,28.8751365917422,9.12083989709894));
#6139=CARTESIAN_POINT('Ctrl Pts',(-2.,28.8751365917422,9.12083989709894));
#6140=CARTESIAN_POINT('Ctrl Pts',(0.,28.6255132704973,9.17053252458572));
#6141=CARTESIAN_POINT('Ctrl Pts',(-2.,28.6255132704973,9.17053252458572));
#6142=CARTESIAN_POINT('',(-2.,30.2319252043962,9.00000005960464));
#6143=CARTESIAN_POINT('Ctrl Pts',(-2.,30.2319252043962,9.00000005960464));
#6144=CARTESIAN_POINT('Ctrl Pts',(-2.,29.9458744538467,9.00529657128857));
#6145=CARTESIAN_POINT('Ctrl Pts',(-2.,29.4052678063113,9.0153064363897));
#6146=CARTESIAN_POINT('Ctrl Pts',(-2.,28.8751365917422,9.12083989709894));
#6147=CARTESIAN_POINT('Ctrl Pts',(-2.,28.6255132704973,9.17053252458572));
#6148=CARTESIAN_POINT('',(0.,30.2319252043962,9.00000005960464));
#6149=CARTESIAN_POINT('Origin',(0.,33.840383246541,9.00000005960464));
#6150=CARTESIAN_POINT('',(-2.,30.2319252043962,9.00000005960464));
#6151=CARTESIAN_POINT('Origin',(-2.,40.0000008493662,14.0034100413322));
#6152=CARTESIAN_POINT('Origin',(0.,80.,0.));
#6153=CARTESIAN_POINT('Origin',(150.,34.4236002862453,33.9999997615814));
#6154=CARTESIAN_POINT('',(150.,33.1002722680569,33.9999997615814));
#6155=CARTESIAN_POINT('',(150.,34.4236002862453,33.9999997615814));
#6156=CARTESIAN_POINT('',(150.,17.2118001431227,33.9999997615814));
#6157=CARTESIAN_POINT('',(152.,33.1002722680569,33.9999997615814));
#6158=CARTESIAN_POINT('',(150.,33.1002722680569,33.9999997615814));
#6159=CARTESIAN_POINT('',(152.,34.4236002862453,33.9999997615814));
#6160=CARTESIAN_POINT('',(152.,33.1002722680569,33.9999997615814));
#6161=CARTESIAN_POINT('',(150.,34.4236002862453,33.9999997615814));
#6162=CARTESIAN_POINT('Origin',(150.,34.4236002862453,28.2223737239838));
#6163=CARTESIAN_POINT('',(150.,34.4236002862453,28.2223737239838));
#6164=CARTESIAN_POINT('',(150.,34.4236002862453,14.1111868619919));
#6165=CARTESIAN_POINT('',(152.,34.4236002862453,28.2223737239838));
#6166=CARTESIAN_POINT('',(152.,34.4236002862453,33.9999997615814));
#6167=CARTESIAN_POINT('',(150.,34.4236002862453,28.2223737239838));
#6168=CARTESIAN_POINT('Ctrl Pts',(150.,34.082537740469,25.828104019165));
#6169=CARTESIAN_POINT('Ctrl Pts',(152.,34.082537740469,25.828104019165));
#6170=CARTESIAN_POINT('Ctrl Pts',(150.,34.181670515963,26.173298583384));
#6171=CARTESIAN_POINT('Ctrl Pts',(152.,34.181670515963,26.173298583384));
#6172=CARTESIAN_POINT('Ctrl Pts',(150.,34.4060029694205,26.9544564106062));
#6173=CARTESIAN_POINT('Ctrl Pts',(152.,34.4060029694205,26.9544564106062));
#6174=CARTESIAN_POINT('Ctrl Pts',(150.,34.4172970648776,27.768215650808));
#6175=CARTESIAN_POINT('Ctrl Pts',(152.,34.4172970648776,27.768215650808));
#6176=CARTESIAN_POINT('Ctrl Pts',(150.,34.4236002862453,28.2223737239838));
#6177=CARTESIAN_POINT('Ctrl Pts',(152.,34.4236002862453,28.2223737239838));
#6178=CARTESIAN_POINT('',(150.,34.082537740469,25.828104019165));
#6179=CARTESIAN_POINT('Ctrl Pts',(150.,34.4236002862453,28.2223737239838));
#6180=CARTESIAN_POINT('Ctrl Pts',(150.,34.4172970648776,27.768215650808));
#6181=CARTESIAN_POINT('Ctrl Pts',(150.,34.4060029694205,26.9544564106062));
#6182=CARTESIAN_POINT('Ctrl Pts',(150.,34.181670515963,26.173298583384));
#6183=CARTESIAN_POINT('Ctrl Pts',(150.,34.082537740469,25.828104019165));
#6184=CARTESIAN_POINT('',(152.,34.082537740469,25.828104019165));
#6185=CARTESIAN_POINT('Ctrl Pts',(152.,34.082537740469,25.828104019165));
#6186=CARTESIAN_POINT('Ctrl Pts',(152.,34.181670515963,26.173298583384));
#6187=CARTESIAN_POINT('Ctrl Pts',(152.,34.4060029694205,26.9544564106062));
#6188=CARTESIAN_POINT('Ctrl Pts',(152.,34.4172970648776,27.768215650808));
#6189=CARTESIAN_POINT('Ctrl Pts',(152.,34.4236002862453,28.2223737239838));
#6190=CARTESIAN_POINT('',(150.,34.082537740469,25.828104019165));
#6191=CARTESIAN_POINT('Ctrl Pts',(150.,32.8512953221798,24.3854022026062));
#6192=CARTESIAN_POINT('Ctrl Pts',(152.,32.8512953221798,24.3854022026062));
#6193=CARTESIAN_POINT('Ctrl Pts',(150.,33.1234950444107,24.5803259645737));
#6194=CARTESIAN_POINT('Ctrl Pts',(152.,33.1234950444107,24.5803259645737));
#6195=CARTESIAN_POINT('Ctrl Pts',(150.,33.6536424389844,24.9599675149053));
#6196=CARTESIAN_POINT('Ctrl Pts',(152.,33.6536424389844,24.9599675149053));
#6197=CARTESIAN_POINT('Ctrl Pts',(150.,33.9421580460121,25.5439583621876));
#6198=CARTESIAN_POINT('Ctrl Pts',(152.,33.9421580460121,25.5439583621876));
#6199=CARTESIAN_POINT('Ctrl Pts',(150.,34.082537740469,25.828104019165));
#6200=CARTESIAN_POINT('Ctrl Pts',(152.,34.082537740469,25.828104019165));
#6201=CARTESIAN_POINT('',(150.,32.8512953221798,24.3854022026062));
#6202=CARTESIAN_POINT('Ctrl Pts',(150.,34.082537740469,25.828104019165));
#6203=CARTESIAN_POINT('Ctrl Pts',(150.,33.9421580460121,25.5439583621876));
#6204=CARTESIAN_POINT('Ctrl Pts',(150.,33.6536424389844,24.9599675149053));
#6205=CARTESIAN_POINT('Ctrl Pts',(150.,33.1234950444107,24.5803259645737));
#6206=CARTESIAN_POINT('Ctrl Pts',(150.,32.8512953221798,24.3854022026062));
#6207=CARTESIAN_POINT('',(152.,32.8512953221798,24.3854022026062));
#6208=CARTESIAN_POINT('Ctrl Pts',(152.,32.8512953221798,24.3854022026062));
#6209=CARTESIAN_POINT('Ctrl Pts',(152.,33.1234950444107,24.5803259645737));
#6210=CARTESIAN_POINT('Ctrl Pts',(152.,33.6536424389844,24.9599675149053));
#6211=CARTESIAN_POINT('Ctrl Pts',(152.,33.9421580460121,25.5439583621876));
#6212=CARTESIAN_POINT('Ctrl Pts',(152.,34.082537740469,25.828104019165));
#6213=CARTESIAN_POINT('',(150.,32.8512953221798,24.3854022026062));
#6214=CARTESIAN_POINT('Ctrl Pts',(150.,30.5150066316128,23.8294672966003));
#6215=CARTESIAN_POINT('Ctrl Pts',(152.,30.5150066316128,23.8294672966003));
#6216=CARTESIAN_POINT('Ctrl Pts',(150.,30.9587404987229,23.8437583957777));
#6217=CARTESIAN_POINT('Ctrl Pts',(152.,30.9587404987229,23.8437583957777));
#6218=CARTESIAN_POINT('Ctrl Pts',(150.,31.7773163921588,23.8701218314862));
#6219=CARTESIAN_POINT('Ctrl Pts',(152.,31.7773163921588,23.8701218314862));
#6220=CARTESIAN_POINT('Ctrl Pts',(150.,32.5139680274458,24.223557189859));
#6221=CARTESIAN_POINT('Ctrl Pts',(152.,32.5139680274458,24.223557189859));
#6222=CARTESIAN_POINT('Ctrl Pts',(150.,32.8512953221798,24.3854022026062));
#6223=CARTESIAN_POINT('Ctrl Pts',(152.,32.8512953221798,24.3854022026062));
#6224=CARTESIAN_POINT('',(150.,30.5150066316128,23.8294672966003));
#6225=CARTESIAN_POINT('Ctrl Pts',(150.,32.8512953221798,24.3854022026062));
#6226=CARTESIAN_POINT('Ctrl Pts',(150.,32.5139680274458,24.223557189859));
#6227=CARTESIAN_POINT('Ctrl Pts',(150.,31.7773163921588,23.8701218314862));
#6228=CARTESIAN_POINT('Ctrl Pts',(150.,30.9587404987229,23.8437583957777));
#6229=CARTESIAN_POINT('Ctrl Pts',(150.,30.5150066316128,23.8294672966003));
#6230=CARTESIAN_POINT('',(152.,30.5150066316128,23.8294672966003));
#6231=CARTESIAN_POINT('Ctrl Pts',(152.,30.5150066316128,23.8294672966003));
#6232=CARTESIAN_POINT('Ctrl Pts',(152.,30.9587404987229,23.8437583957777));
#6233=CARTESIAN_POINT('Ctrl Pts',(152.,31.7773163921588,23.8701218314862));
#6234=CARTESIAN_POINT('Ctrl Pts',(152.,32.5139680274458,24.223557189859));
#6235=CARTESIAN_POINT('Ctrl Pts',(152.,32.8512953221798,24.3854022026062));
#6236=CARTESIAN_POINT('',(150.,30.5150066316128,23.8294672966003));
#6237=CARTESIAN_POINT('Ctrl Pts',(150.,28.2162342965603,24.3137788772583));
#6238=CARTESIAN_POINT('Ctrl Pts',(152.,28.2162342965603,24.3137788772583));
#6239=CARTESIAN_POINT('Ctrl Pts',(150.,28.5523163602979,24.1727843819389));
#6240=CARTESIAN_POINT('Ctrl Pts',(152.,28.5523163602979,24.1727843819389));
#6241=CARTESIAN_POINT('Ctrl Pts',(150.,29.2861278076824,23.8649328604));
#6242=CARTESIAN_POINT('Ctrl Pts',(152.,29.2861278076824,23.8649328604));
#6243=CARTESIAN_POINT('Ctrl Pts',(150.,30.0830635644121,23.8419332160297));
#6244=CARTESIAN_POINT('Ctrl Pts',(152.,30.0830635644121,23.8419332160297));
#6245=CARTESIAN_POINT('Ctrl Pts',(150.,30.5150066316128,23.8294672966003));
#6246=CARTESIAN_POINT('Ctrl Pts',(152.,30.5150066316128,23.8294672966003));
#6247=CARTESIAN_POINT('',(150.,28.2162342965603,24.3137788772583));
#6248=CARTESIAN_POINT('Ctrl Pts',(150.,30.5150066316128,23.8294672966003));
#6249=CARTESIAN_POINT('Ctrl Pts',(150.,30.0830635644121,23.8419332160297));
#6250=CARTESIAN_POINT('Ctrl Pts',(150.,29.2861278076824,23.8649328604));
#6251=CARTESIAN_POINT('Ctrl Pts',(150.,28.5523163602979,24.1727843819389));
#6252=CARTESIAN_POINT('Ctrl Pts',(150.,28.2162342965603,24.3137788772583));
#6253=CARTESIAN_POINT('',(152.,28.2162342965603,24.3137788772583));
#6254=CARTESIAN_POINT('Ctrl Pts',(152.,28.2162342965603,24.3137788772583));
#6255=CARTESIAN_POINT('Ctrl Pts',(152.,28.5523163602979,24.1727843819389));
#6256=CARTESIAN_POINT('Ctrl Pts',(152.,29.2861278076824,23.8649328604));
#6257=CARTESIAN_POINT('Ctrl Pts',(152.,30.0830635644121,23.8419332160297));
#6258=CARTESIAN_POINT('Ctrl Pts',(152.,30.5150066316128,23.8294672966003));
#6259=CARTESIAN_POINT('',(150.,28.2162342965603,24.3137788772583));
#6260=CARTESIAN_POINT('Ctrl Pts',(150.,26.9406543672085,25.7155525684357));
#6261=CARTESIAN_POINT('Ctrl Pts',(152.,26.9406543672085,25.7155525684357));
#6262=CARTESIAN_POINT('Ctrl Pts',(150.,27.090204653389,25.427292367461));
#6263=CARTESIAN_POINT('Ctrl Pts',(152.,27.090204653389,25.427292367461));
#6264=CARTESIAN_POINT('Ctrl Pts',(150.,27.3911494806011,24.847217139322));
#6265=CARTESIAN_POINT('Ctrl Pts',(152.,27.3911494806011,24.847217139322));
#6266=CARTESIAN_POINT('Ctrl Pts',(150.,27.9400846934222,24.4923166003121));
#6267=CARTESIAN_POINT('Ctrl Pts',(152.,27.9400846934222,24.4923166003121));
#6268=CARTESIAN_POINT('Ctrl Pts',(150.,28.2162342965603,24.3137788772583));
#6269=CARTESIAN_POINT('Ctrl Pts',(152.,28.2162342965603,24.3137788772583));
#6270=CARTESIAN_POINT('',(150.,26.9406543672085,25.7155525684357));
#6271=CARTESIAN_POINT('Ctrl Pts',(150.,28.2162342965603,24.3137788772583));
#6272=CARTESIAN_POINT('Ctrl Pts',(150.,27.9400846934222,24.4923166003121));
#6273=CARTESIAN_POINT('Ctrl Pts',(150.,27.3911494806011,24.847217139322));
#6274=CARTESIAN_POINT('Ctrl Pts',(150.,27.090204653389,25.427292367461));
#6275=CARTESIAN_POINT('Ctrl Pts',(150.,26.9406543672085,25.7155525684357));
#6276=CARTESIAN_POINT('',(152.,26.9406543672085,25.7155525684357));
#6277=CARTESIAN_POINT('Ctrl Pts',(152.,26.9406543672085,25.7155525684357));
#6278=CARTESIAN_POINT('Ctrl Pts',(152.,27.090204653389,25.427292367461));
#6279=CARTESIAN_POINT('Ctrl Pts',(152.,27.3911494806011,24.847217139322));
#6280=CARTESIAN_POINT('Ctrl Pts',(152.,27.9400846934222,24.4923166003121));
#6281=CARTESIAN_POINT('Ctrl Pts',(152.,28.2162342965603,24.3137788772583));
#6282=CARTESIAN_POINT('',(150.,26.9406543672085,25.7155525684357));
#6283=CARTESIAN_POINT('Ctrl Pts',(150.,26.5586625039577,28.2223737239838));
#6284=CARTESIAN_POINT('Ctrl Pts',(152.,26.5586625039577,28.2223737239838));
#6285=CARTESIAN_POINT('Ctrl Pts',(150.,26.5655083029552,27.7444804531572));
#6286=CARTESIAN_POINT('Ctrl Pts',(152.,26.5655083029552,27.7444804531572));
#6287=CARTESIAN_POINT('Ctrl Pts',(150.,26.5777487480776,26.8899963588863));
#6288=CARTESIAN_POINT('Ctrl Pts',(152.,26.5777487480776,26.8899963588863));
#6289=CARTESIAN_POINT('Ctrl Pts',(150.,26.8296400625757,26.0748196997616));
#6290=CARTESIAN_POINT('Ctrl Pts',(152.,26.8296400625757,26.0748196997616));
#6291=CARTESIAN_POINT('Ctrl Pts',(150.,26.9406543672085,25.7155525684357));
#6292=CARTESIAN_POINT('Ctrl Pts',(152.,26.9406543672085,25.7155525684357));
#6293=CARTESIAN_POINT('',(150.,26.5586625039577,28.2223737239838));
#6294=CARTESIAN_POINT('Ctrl Pts',(150.,26.9406543672085,25.7155525684357));
#6295=CARTESIAN_POINT('Ctrl Pts',(150.,26.8296400625757,26.0748196997616));
#6296=CARTESIAN_POINT('Ctrl Pts',(150.,26.5777487480776,26.8899963588863));
#6297=CARTESIAN_POINT('Ctrl Pts',(150.,26.5655083029552,27.7444804531572));
#6298=CARTESIAN_POINT('Ctrl Pts',(150.,26.5586625039577,28.2223737239838));
#6299=CARTESIAN_POINT('',(152.,26.5586625039577,28.2223737239838));
#6300=CARTESIAN_POINT('Ctrl Pts',(152.,26.5586625039577,28.2223737239838));
#6301=CARTESIAN_POINT('Ctrl Pts',(152.,26.5655083029552,27.7444804531572));
#6302=CARTESIAN_POINT('Ctrl Pts',(152.,26.5777487480776,26.8899963588863));
#6303=CARTESIAN_POINT('Ctrl Pts',(152.,26.8296400625757,26.0748196997616));
#6304=CARTESIAN_POINT('Ctrl Pts',(152.,26.9406543672085,25.7155525684357));
#6305=CARTESIAN_POINT('',(150.,26.5586625039577,28.2223737239838));
#6306=CARTESIAN_POINT('Origin',(150.,26.5586625039577,33.9999997615814));
#6307=CARTESIAN_POINT('',(150.,26.5586625039577,33.9999997615814));
#6308=CARTESIAN_POINT('',(150.,26.5586625039577,16.9999998807907));
#6309=CARTESIAN_POINT('',(152.,26.5586625039577,33.9999997615814));
#6310=CARTESIAN_POINT('',(152.,26.5586625039577,28.2223737239838));
#6311=CARTESIAN_POINT('',(150.,26.5586625039577,33.9999997615814));
#6312=CARTESIAN_POINT('Origin',(150.,27.8819914162159,33.9999997615814));
#6313=CARTESIAN_POINT('',(150.,27.8819914162159,33.9999997615814));
#6314=CARTESIAN_POINT('',(150.,13.9409957081079,33.9999997615814));
#6315=CARTESIAN_POINT('',(152.,27.8819914162159,33.9999997615814));
#6316=CARTESIAN_POINT('',(152.,26.5586625039577,33.9999997615814));
#6317=CARTESIAN_POINT('',(150.,27.8819914162159,33.9999997615814));
#6318=CARTESIAN_POINT('Origin',(150.,27.8819914162159,28.2291948795319));
#6319=CARTESIAN_POINT('',(150.,27.8819914162159,28.2291948795319));
#6320=CARTESIAN_POINT('',(150.,27.8819914162159,14.1145974397659));
#6321=CARTESIAN_POINT('',(152.,27.8819914162159,28.2291948795319));
#6322=CARTESIAN_POINT('',(152.,27.8819914162159,33.9999997615814));
#6323=CARTESIAN_POINT('',(150.,27.8819914162159,28.2291948795319));
#6324=CARTESIAN_POINT('Ctrl Pts',(150.,28.1241469085217,26.3090038299561));
#6325=CARTESIAN_POINT('Ctrl Pts',(152.,28.1241469085217,26.3090038299561));
#6326=CARTESIAN_POINT('Ctrl Pts',(150.,28.0539987375682,26.570554523331));
#6327=CARTESIAN_POINT('Ctrl Pts',(152.,28.0539987375682,26.570554523331));
#6328=CARTESIAN_POINT('Ctrl Pts',(150.,27.8856426234846,27.1982780658548));
#6329=CARTESIAN_POINT('Ctrl Pts',(152.,27.8856426234846,27.1982780658548));
#6330=CARTESIAN_POINT('Ctrl Pts',(150.,27.8833365996572,27.8493829091269));
#6331=CARTESIAN_POINT('Ctrl Pts',(152.,27.8833365996572,27.8493829091269));
#6332=CARTESIAN_POINT('Ctrl Pts',(150.,27.8819914162159,28.2291948795319));
#6333=CARTESIAN_POINT('Ctrl Pts',(152.,27.8819914162159,28.2291948795319));
#6334=CARTESIAN_POINT('',(150.,28.1241469085217,26.3090038299561));
#6335=CARTESIAN_POINT('Ctrl Pts',(150.,27.8819914162159,28.2291948795319));
#6336=CARTESIAN_POINT('Ctrl Pts',(150.,27.8833365996572,27.8493829091269));
#6337=CARTESIAN_POINT('Ctrl Pts',(150.,27.8856426234846,27.1982780658548));
#6338=CARTESIAN_POINT('Ctrl Pts',(150.,28.0539987375682,26.570554523331));
#6339=CARTESIAN_POINT('Ctrl Pts',(150.,28.1241469085217,26.3090038299561));
#6340=CARTESIAN_POINT('',(152.,28.1241469085217,26.3090038299561));
#6341=CARTESIAN_POINT('Ctrl Pts',(152.,28.1241469085217,26.3090038299561));
#6342=CARTESIAN_POINT('Ctrl Pts',(152.,28.0539987375682,26.570554523331));
#6343=CARTESIAN_POINT('Ctrl Pts',(152.,27.8856426234846,27.1982780658548));
#6344=CARTESIAN_POINT('Ctrl Pts',(152.,27.8833365996572,27.8493829091269));
#6345=CARTESIAN_POINT('Ctrl Pts',(152.,27.8819914162159,28.2291948795319));
#6346=CARTESIAN_POINT('',(150.,28.1241469085217,26.3090038299561));
#6347=CARTESIAN_POINT('Ctrl Pts',(150.,28.956343382597,25.3574347496033));
#6348=CARTESIAN_POINT('Ctrl Pts',(152.,28.956343382597,25.3574347496033));
#6349=CARTESIAN_POINT('Ctrl Pts',(150.,28.7744088478299,25.480008814332));
#6350=CARTESIAN_POINT('Ctrl Pts',(152.,28.7744088478299,25.480008814332));
#6351=CARTESIAN_POINT('Ctrl Pts',(150.,28.4127488508227,25.7236686337265));
#6352=CARTESIAN_POINT('Ctrl Pts',(152.,28.4127488508227,25.7236686337265));
#6353=CARTESIAN_POINT('Ctrl Pts',(150.,28.2199550182474,26.11468823298));
#6354=CARTESIAN_POINT('Ctrl Pts',(152.,28.2199550182474,26.11468823298));
#6355=CARTESIAN_POINT('Ctrl Pts',(150.,28.1241469085217,26.3090038299561));
#6356=CARTESIAN_POINT('Ctrl Pts',(152.,28.1241469085217,26.3090038299561));
#6357=CARTESIAN_POINT('',(150.,28.956343382597,25.3574347496033));
#6358=CARTESIAN_POINT('Ctrl Pts',(150.,28.1241469085217,26.3090038299561));
#6359=CARTESIAN_POINT('Ctrl Pts',(150.,28.2199550182474,26.11468823298));
#6360=CARTESIAN_POINT('Ctrl Pts',(150.,28.4127488508227,25.7236686337265));
#6361=CARTESIAN_POINT('Ctrl Pts',(150.,28.7744088478299,25.480008814332));
#6362=CARTESIAN_POINT('Ctrl Pts',(150.,28.956343382597,25.3574347496033));
#6363=CARTESIAN_POINT('',(152.,28.956343382597,25.3574347496033));
#6364=CARTESIAN_POINT('Ctrl Pts',(152.,28.956343382597,25.3574347496033));
#6365=CARTESIAN_POINT('Ctrl Pts',(152.,28.7744088478299,25.480008814332));
#6366=CARTESIAN_POINT('Ctrl Pts',(152.,28.4127488508227,25.7236686337265));
#6367=CARTESIAN_POINT('Ctrl Pts',(152.,28.2199550182474,26.11468823298));
#6368=CARTESIAN_POINT('Ctrl Pts',(152.,28.1241469085217,26.3090038299561));
#6369=CARTESIAN_POINT('',(150.,28.956343382597,25.3574347496033));
#6370=CARTESIAN_POINT('Ctrl Pts',(150.,30.3990446031094,25.0231921672821));
#6371=CARTESIAN_POINT('Ctrl Pts',(152.,30.3990446031094,25.0231921672821));
#6372=CARTESIAN_POINT('Ctrl Pts',(150.,30.1324910777992,25.033463674954));
#6373=CARTESIAN_POINT('Ctrl Pts',(152.,30.1324910777992,25.033463674954));
#6374=CARTESIAN_POINT('Ctrl Pts',(150.,29.6295099361003,25.0528458033642));
#6375=CARTESIAN_POINT('Ctrl Pts',(152.,29.6295099361003,25.0528458033642));
#6376=CARTESIAN_POINT('Ctrl Pts',(150.,29.171589904817,25.2600417477623));
#6377=CARTESIAN_POINT('Ctrl Pts',(152.,29.171589904817,25.2600417477623));
#6378=CARTESIAN_POINT('Ctrl Pts',(150.,28.956343382597,25.3574347496033));
#6379=CARTESIAN_POINT('Ctrl Pts',(152.,28.956343382597,25.3574347496033));
#6380=CARTESIAN_POINT('',(150.,30.3990446031094,25.0231921672821));
#6381=CARTESIAN_POINT('Ctrl Pts',(150.,28.956343382597,25.3574347496033));
#6382=CARTESIAN_POINT('Ctrl Pts',(150.,29.171589904817,25.2600417477623));
#6383=CARTESIAN_POINT('Ctrl Pts',(150.,29.6295099361003,25.0528458033642));
#6384=CARTESIAN_POINT('Ctrl Pts',(150.,30.1324910777992,25.033463674954));
#6385=CARTESIAN_POINT('Ctrl Pts',(150.,30.3990446031094,25.0231921672821));
#6386=CARTESIAN_POINT('',(152.,30.3990446031094,25.0231921672821));
#6387=CARTESIAN_POINT('Ctrl Pts',(152.,30.3990446031094,25.0231921672821));
#6388=CARTESIAN_POINT('Ctrl Pts',(152.,30.1324910777992,25.033463674954));
#6389=CARTESIAN_POINT('Ctrl Pts',(152.,29.6295099361003,25.0528458033642));
#6390=CARTESIAN_POINT('Ctrl Pts',(152.,29.171589904817,25.2600417477623));
#6391=CARTESIAN_POINT('Ctrl Pts',(152.,28.956343382597,25.3574347496033));
#6392=CARTESIAN_POINT('',(150.,30.3990446031094,25.0231921672821));
#6393=CARTESIAN_POINT('Ctrl Pts',(150.,32.4795357882977,25.6848561763763));
#6394=CARTESIAN_POINT('Ctrl Pts',(152.,32.4795357882977,25.6848561763763));
#6395=CARTESIAN_POINT('Ctrl Pts',(150.,32.2120114001582,25.4927151654262));
#6396=CARTESIAN_POINT('Ctrl Pts',(152.,32.2120114001582,25.4927151654262));
#6397=CARTESIAN_POINT('Ctrl Pts',(150.,31.5958206274061,25.050155446523));
#6398=CARTESIAN_POINT('Ctrl Pts',(152.,31.5958206274061,25.050155446523));
#6399=CARTESIAN_POINT('Ctrl Pts',(150.,30.8315185360616,25.0329357744249));
#6400=CARTESIAN_POINT('Ctrl Pts',(152.,30.8315185360616,25.0329357744249));
#6401=CARTESIAN_POINT('Ctrl Pts',(150.,30.3990446031094,25.0231921672821));
#6402=CARTESIAN_POINT('Ctrl Pts',(152.,30.3990446031094,25.0231921672821));
#6403=CARTESIAN_POINT('',(150.,32.4795357882977,25.6848561763763));
#6404=CARTESIAN_POINT('Ctrl Pts',(150.,30.3990446031094,25.0231921672821));
#6405=CARTESIAN_POINT('Ctrl Pts',(150.,30.8315185360616,25.0329357744249));
#6406=CARTESIAN_POINT('Ctrl Pts',(150.,31.5958206274061,25.050155446523));
#6407=CARTESIAN_POINT('Ctrl Pts',(150.,32.2120114001582,25.4927151654262));
#6408=CARTESIAN_POINT('Ctrl Pts',(150.,32.4795357882977,25.6848561763763));
#6409=CARTESIAN_POINT('',(152.,32.4795357882977,25.6848561763763));
#6410=CARTESIAN_POINT('Ctrl Pts',(152.,32.4795357882977,25.6848561763763));
#6411=CARTESIAN_POINT('Ctrl Pts',(152.,32.2120114001582,25.4927151654262));
#6412=CARTESIAN_POINT('Ctrl Pts',(152.,31.5958206274061,25.050155446523));
#6413=CARTESIAN_POINT('Ctrl Pts',(152.,30.8315185360616,25.0329357744249));
#6414=CARTESIAN_POINT('Ctrl Pts',(152.,30.3990446031094,25.0231921672821));
#6415=CARTESIAN_POINT('',(150.,32.4795357882977,25.6848561763763));
#6416=CARTESIAN_POINT('Ctrl Pts',(150.,33.1002722680569,28.2291948795319));
#6417=CARTESIAN_POINT('Ctrl Pts',(152.,33.1002722680569,28.2291948795319));
#6418=CARTESIAN_POINT('Ctrl Pts',(150.,33.1014572136556,27.6885501628551));
#6419=CARTESIAN_POINT('Ctrl Pts',(152.,33.1014572136556,27.6885501628551));
#6420=CARTESIAN_POINT('Ctrl Pts',(150.,33.1034444333848,26.781858877913));
#6421=CARTESIAN_POINT('Ctrl Pts',(152.,33.1034444333848,26.781858877913));
#6422=CARTESIAN_POINT('Ctrl Pts',(150.,32.6589754253523,26.0003603261613));
#6423=CARTESIAN_POINT('Ctrl Pts',(152.,32.6589754253523,26.0003603261613));
#6424=CARTESIAN_POINT('Ctrl Pts',(150.,32.4795357882977,25.6848561763763));
#6425=CARTESIAN_POINT('Ctrl Pts',(152.,32.4795357882977,25.6848561763763));
#6426=CARTESIAN_POINT('',(150.,33.1002722680569,28.2291948795319));
#6427=CARTESIAN_POINT('Ctrl Pts',(150.,32.4795357882977,25.6848561763763));
#6428=CARTESIAN_POINT('Ctrl Pts',(150.,32.6589754253523,26.0003603261613));
#6429=CARTESIAN_POINT('Ctrl Pts',(150.,33.1034444333848,26.781858877913));
#6430=CARTESIAN_POINT('Ctrl Pts',(150.,33.1014572136556,27.6885501628551));
#6431=CARTESIAN_POINT('Ctrl Pts',(150.,33.1002722680569,28.2291948795319));
#6432=CARTESIAN_POINT('',(152.,33.1002722680569,28.2291948795319));
#6433=CARTESIAN_POINT('Ctrl Pts',(152.,33.1002722680569,28.2291948795319));
#6434=CARTESIAN_POINT('Ctrl Pts',(152.,33.1014572136556,27.6885501628551));
#6435=CARTESIAN_POINT('Ctrl Pts',(152.,33.1034444333848,26.781858877913));
#6436=CARTESIAN_POINT('Ctrl Pts',(152.,32.6589754253523,26.0003603261613));
#6437=CARTESIAN_POINT('Ctrl Pts',(152.,32.4795357882977,25.6848561763763));
#6438=CARTESIAN_POINT('',(150.,33.1002722680569,28.2291948795319));
#6439=CARTESIAN_POINT('Origin',(150.,33.1002722680569,33.9999997615814));
#6440=CARTESIAN_POINT('',(150.,33.1002722680569,16.9999998807907));
#6441=CARTESIAN_POINT('',(152.,33.1002722680569,28.2291948795319));
#6442=CARTESIAN_POINT('Origin',(152.,39.9999986588955,28.999999165535));
#6443=CARTESIAN_POINT('Origin',(150.,37.4249647557735,27.3219645023346));
#6444=CARTESIAN_POINT('',(150.,36.176670640707,27.2128236293793));
#6445=CARTESIAN_POINT('',(150.,37.4249647557735,27.3219645023346));
#6446=CARTESIAN_POINT('',(150.,17.6690960649281,25.5946690445693));
#6447=CARTESIAN_POINT('',(152.,36.176670640707,27.2128236293793));
#6448=CARTESIAN_POINT('',(150.,36.176670640707,27.2128236293793));
#6449=CARTESIAN_POINT('',(152.,37.4249647557735,27.3219645023346));
#6450=CARTESIAN_POINT('',(152.,36.176670640707,27.2128236293793));
#6451=CARTESIAN_POINT('',(150.,37.4249647557735,27.3219645023346));
#6452=CARTESIAN_POINT('Ctrl Pts',(150.,37.8376530110836,26.0907232761383));
#6453=CARTESIAN_POINT('Ctrl Pts',(152.,37.8376530110836,26.0907232761383));
#6454=CARTESIAN_POINT('Ctrl Pts',(150.,37.7386576485551,26.2698258947742));
#6455=CARTESIAN_POINT('Ctrl Pts',(152.,37.7386576485551,26.2698258947742));
#6456=CARTESIAN_POINT('Ctrl Pts',(150.,37.5260852761729,26.6544122791349));
#6457=CARTESIAN_POINT('Ctrl Pts',(152.,37.5260852761729,26.6544122791349));
#6458=CARTESIAN_POINT('Ctrl Pts',(150.,37.4601785779279,27.0894986766677));
#6459=CARTESIAN_POINT('Ctrl Pts',(152.,37.4601785779279,27.0894986766677));
#6460=CARTESIAN_POINT('Ctrl Pts',(150.,37.4249647557735,27.3219645023346));
#6461=CARTESIAN_POINT('Ctrl Pts',(152.,37.4249647557735,27.3219645023346));
#6462=CARTESIAN_POINT('',(150.,37.8376530110836,26.0907232761383));
#6463=CARTESIAN_POINT('Ctrl Pts',(150.,37.4249647557735,27.3219645023346));
#6464=CARTESIAN_POINT('Ctrl Pts',(150.,37.4601785779279,27.0894986766677));
#6465=CARTESIAN_POINT('Ctrl Pts',(150.,37.5260852761729,26.6544122791349));
#6466=CARTESIAN_POINT('Ctrl Pts',(150.,37.7386576485551,26.2698258947742));
#6467=CARTESIAN_POINT('Ctrl Pts',(150.,37.8376530110836,26.0907232761383));
#6468=CARTESIAN_POINT('',(152.,37.8376530110836,26.0907232761383));
#6469=CARTESIAN_POINT('Ctrl Pts',(152.,37.8376530110836,26.0907232761383));
#6470=CARTESIAN_POINT('Ctrl Pts',(152.,37.7386576485551,26.2698258947742));
#6471=CARTESIAN_POINT('Ctrl Pts',(152.,37.5260852761729,26.6544122791349));
#6472=CARTESIAN_POINT('Ctrl Pts',(152.,37.4601785779279,27.0894986766677));
#6473=CARTESIAN_POINT('Ctrl Pts',(152.,37.4249647557735,27.3219645023346));
#6474=CARTESIAN_POINT('',(150.,37.8376530110836,26.0907232761383));
#6475=CARTESIAN_POINT('Ctrl Pts',(150.,38.8437913358212,25.3130960464478));
#6476=CARTESIAN_POINT('Ctrl Pts',(152.,38.8437913358212,25.3130960464478));
#6477=CARTESIAN_POINT('Ctrl Pts',(150.,38.6355266966037,25.4137359264435));
#6478=CARTESIAN_POINT('Ctrl Pts',(152.,38.6355266966037,25.4137359264435));
#6479=CARTESIAN_POINT('Ctrl Pts',(150.,38.2447020215859,25.6025944313772));
#6480=CARTESIAN_POINT('Ctrl Pts',(152.,38.2447020215859,25.6025944313772));
#6481=CARTESIAN_POINT('Ctrl Pts',(150.,37.9672534007134,25.9353078670884));
#6482=CARTESIAN_POINT('Ctrl Pts',(152.,37.9672534007134,25.9353078670884));
#6483=CARTESIAN_POINT('Ctrl Pts',(150.,37.8376530110836,26.0907232761383));
#6484=CARTESIAN_POINT('Ctrl Pts',(152.,37.8376530110836,26.0907232761383));
#6485=CARTESIAN_POINT('',(150.,38.8437913358212,25.3130960464478));
#6486=CARTESIAN_POINT('Ctrl Pts',(150.,37.8376530110836,26.0907232761383));
#6487=CARTESIAN_POINT('Ctrl Pts',(150.,37.9672534007134,25.9353078670884));
#6488=CARTESIAN_POINT('Ctrl Pts',(150.,38.2447020215859,25.6025944313772));
#6489=CARTESIAN_POINT('Ctrl Pts',(150.,38.6355266966037,25.4137359264435));
#6490=CARTESIAN_POINT('Ctrl Pts',(150.,38.8437913358212,25.3130960464478));
#6491=CARTESIAN_POINT('',(152.,38.8437913358212,25.3130960464478));
#6492=CARTESIAN_POINT('Ctrl Pts',(152.,38.8437913358212,25.3130960464478));
#6493=CARTESIAN_POINT('Ctrl Pts',(152.,38.6355266966037,25.4137359264435));
#6494=CARTESIAN_POINT('Ctrl Pts',(152.,38.2447020215859,25.6025944313772));
#6495=CARTESIAN_POINT('Ctrl Pts',(152.,37.9672534007134,25.9353078670884));
#6496=CARTESIAN_POINT('Ctrl Pts',(152.,37.8376530110836,26.0907232761383));
#6497=CARTESIAN_POINT('',(150.,38.8437913358212,25.3130960464478));
#6498=CARTESIAN_POINT('Ctrl Pts',(150.,40.3785799443722,25.016371011734));
#6499=CARTESIAN_POINT('Ctrl Pts',(152.,40.3785799443722,25.016371011734));
#6500=CARTESIAN_POINT('Ctrl Pts',(150.,40.105772359914,25.0269008052156));
#6501=CARTESIAN_POINT('Ctrl Pts',(152.,40.105772359914,25.0269008052156));
#6502=CARTESIAN_POINT('Ctrl Pts',(150.,39.5786898618987,25.0472450704342));
#6503=CARTESIAN_POINT('Ctrl Pts',(152.,39.5786898618987,25.0472450704342));
#6504=CARTESIAN_POINT('Ctrl Pts',(150.,39.0829472667997,25.226580921687));
#6505=CARTESIAN_POINT('Ctrl Pts',(152.,39.0829472667997,25.226580921687));
#6506=CARTESIAN_POINT('Ctrl Pts',(150.,38.8437913358212,25.3130960464478));
#6507=CARTESIAN_POINT('Ctrl Pts',(152.,38.8437913358212,25.3130960464478));
#6508=CARTESIAN_POINT('',(150.,40.3785799443722,25.016371011734));
#6509=CARTESIAN_POINT('Ctrl Pts',(150.,38.8437913358212,25.3130960464478));
#6510=CARTESIAN_POINT('Ctrl Pts',(150.,39.0829472667997,25.226580921687));
#6511=CARTESIAN_POINT('Ctrl Pts',(150.,39.5786898618987,25.0472450704342));
#6512=CARTESIAN_POINT('Ctrl Pts',(150.,40.105772359914,25.0269008052156));
#6513=CARTESIAN_POINT('Ctrl Pts',(150.,40.3785799443722,25.016371011734));
#6514=CARTESIAN_POINT('',(152.,40.3785799443722,25.016371011734));
#6515=CARTESIAN_POINT('Ctrl Pts',(152.,40.3785799443722,25.016371011734));
#6516=CARTESIAN_POINT('Ctrl Pts',(152.,40.105772359914,25.0269008052156));
#6517=CARTESIAN_POINT('Ctrl Pts',(152.,39.5786898618987,25.0472450704342));
#6518=CARTESIAN_POINT('Ctrl Pts',(152.,39.0829472667997,25.226580921687));
#6519=CARTESIAN_POINT('Ctrl Pts',(152.,38.8437913358212,25.3130960464478));
#6520=CARTESIAN_POINT('',(150.,40.3785799443722,25.016371011734));
#6521=CARTESIAN_POINT('Ctrl Pts',(150.,41.7155526578426,25.2414727210999));
#6522=CARTESIAN_POINT('Ctrl Pts',(152.,41.7155526578426,25.2414727210999));
#6523=CARTESIAN_POINT('Ctrl Pts',(150.,41.5091194995426,25.1758630650883));
#6524=CARTESIAN_POINT('Ctrl Pts',(152.,41.5091194995426,25.1758630650883));
#6525=CARTESIAN_POINT('Ctrl Pts',(150.,41.0743950249764,25.0376966800416));
#6526=CARTESIAN_POINT('Ctrl Pts',(152.,41.0743950249764,25.0376966800416));
#6527=CARTESIAN_POINT('Ctrl Pts',(150.,40.6181647971395,25.0237139211421));
#6528=CARTESIAN_POINT('Ctrl Pts',(152.,40.6181647971395,25.0237139211421));
#6529=CARTESIAN_POINT('Ctrl Pts',(150.,40.3785799443722,25.016371011734));
#6530=CARTESIAN_POINT('Ctrl Pts',(152.,40.3785799443722,25.016371011734));
#6531=CARTESIAN_POINT('',(150.,41.7155526578426,25.2414727210999));
#6532=CARTESIAN_POINT('Ctrl Pts',(150.,40.3785799443722,25.016371011734));
#6533=CARTESIAN_POINT('Ctrl Pts',(150.,40.6181647971395,25.0237139211421));
#6534=CARTESIAN_POINT('Ctrl Pts',(150.,41.0743950249764,25.0376966800416));
#6535=CARTESIAN_POINT('Ctrl Pts',(150.,41.5091194995426,25.1758630650883));
#6536=CARTESIAN_POINT('Ctrl Pts',(150.,41.7155526578426,25.2414727210999));
#6537=CARTESIAN_POINT('',(152.,41.7155526578426,25.2414727210999));
#6538=CARTESIAN_POINT('Ctrl Pts',(152.,41.7155526578426,25.2414727210999));
#6539=CARTESIAN_POINT('Ctrl Pts',(152.,41.5091194995426,25.1758630650883));
#6540=CARTESIAN_POINT('Ctrl Pts',(152.,41.0743950249764,25.0376966800416));
#6541=CARTESIAN_POINT('Ctrl Pts',(152.,40.6181647971395,25.0237139211421));
#6542=CARTESIAN_POINT('Ctrl Pts',(152.,40.3785799443722,25.016371011734));
#6543=CARTESIAN_POINT('',(150.,41.7155526578426,25.2414727210999));
#6544=CARTESIAN_POINT('Ctrl Pts',(150.,42.5784443318844,25.8587992191315));
#6545=CARTESIAN_POINT('Ctrl Pts',(152.,42.5784443318844,25.8587992191315));
#6546=CARTESIAN_POINT('Ctrl Pts',(150.,42.4659931271434,25.7328957402946));
#6547=CARTESIAN_POINT('Ctrl Pts',(152.,42.4659931271434,25.7328957402946));
#6548=CARTESIAN_POINT('Ctrl Pts',(150.,42.2250714787481,25.4631531996971));
#6549=CARTESIAN_POINT('Ctrl Pts',(152.,42.2250714787481,25.4631531996971));
#6550=CARTESIAN_POINT('Ctrl Pts',(150.,41.8927576126341,25.3185707154746));
#6551=CARTESIAN_POINT('Ctrl Pts',(152.,41.8927576126341,25.3185707154746));
#6552=CARTESIAN_POINT('Ctrl Pts',(150.,41.7155526578426,25.2414727210999));
#6553=CARTESIAN_POINT('Ctrl Pts',(152.,41.7155526578426,25.2414727210999));
#6554=CARTESIAN_POINT('',(150.,42.5784443318844,25.8587992191315));
#6555=CARTESIAN_POINT('Ctrl Pts',(150.,41.7155526578426,25.2414727210999));
#6556=CARTESIAN_POINT('Ctrl Pts',(150.,41.8927576126341,25.3185707154746));
#6557=CARTESIAN_POINT('Ctrl Pts',(150.,42.2250714787481,25.4631531996971));
#6558=CARTESIAN_POINT('Ctrl Pts',(150.,42.4659931271434,25.7328957402946));
#6559=CARTESIAN_POINT('Ctrl Pts',(150.,42.5784443318844,25.8587992191315));
#6560=CARTESIAN_POINT('',(152.,42.5784443318844,25.8587992191315));
#6561=CARTESIAN_POINT('Ctrl Pts',(152.,42.5784443318844,25.8587992191315));
#6562=CARTESIAN_POINT('Ctrl Pts',(152.,42.4659931271434,25.7328957402946));
#6563=CARTESIAN_POINT('Ctrl Pts',(152.,42.2250714787481,25.4631531996971));
#6564=CARTESIAN_POINT('Ctrl Pts',(152.,41.8927576126341,25.3185707154746));
#6565=CARTESIAN_POINT('Ctrl Pts',(152.,41.7155526578426,25.2414727210999));
#6566=CARTESIAN_POINT('',(150.,42.5784443318844,25.8587992191315));
#6567=CARTESIAN_POINT('Ctrl Pts',(150.,42.8615282475948,26.7148697376251));
#6568=CARTESIAN_POINT('Ctrl Pts',(152.,42.8615282475948,26.7148697376251));
#6569=CARTESIAN_POINT('Ctrl Pts',(150.,42.8492096736143,26.5625183578983));
#6570=CARTESIAN_POINT('Ctrl Pts',(152.,42.8492096736143,26.5625183578983));
#6571=CARTESIAN_POINT('Ctrl Pts',(150.,42.8242913831933,26.2543385367529));
#6572=CARTESIAN_POINT('Ctrl Pts',(152.,42.8242913831933,26.2543385367529));
#6573=CARTESIAN_POINT('Ctrl Pts',(150.,42.6610074367333,25.9916336541136));
#6574=CARTESIAN_POINT('Ctrl Pts',(152.,42.6610074367333,25.9916336541136));
#6575=CARTESIAN_POINT('Ctrl Pts',(150.,42.5784443318844,25.8587992191315));
#6576=CARTESIAN_POINT('Ctrl Pts',(152.,42.5784443318844,25.8587992191315));
#6577=CARTESIAN_POINT('',(150.,42.8615282475948,26.7148697376251));
#6578=CARTESIAN_POINT('Ctrl Pts',(150.,42.5784443318844,25.8587992191315));
#6579=CARTESIAN_POINT('Ctrl Pts',(150.,42.6610074367333,25.9916336541136));
#6580=CARTESIAN_POINT('Ctrl Pts',(150.,42.8242913831933,26.2543385367529));
#6581=CARTESIAN_POINT('Ctrl Pts',(150.,42.8492096736143,26.5625183578983));
#6582=CARTESIAN_POINT('Ctrl Pts',(150.,42.8615282475948,26.7148697376251));
#6583=CARTESIAN_POINT('',(152.,42.8615282475948,26.7148697376251));
#6584=CARTESIAN_POINT('Ctrl Pts',(152.,42.8615282475948,26.7148697376251));
#6585=CARTESIAN_POINT('Ctrl Pts',(152.,42.8492096736143,26.5625183578983));
#6586=CARTESIAN_POINT('Ctrl Pts',(152.,42.8242913831933,26.2543385367529));
#6587=CARTESIAN_POINT('Ctrl Pts',(152.,42.6610074367333,25.9916336541136));
#6588=CARTESIAN_POINT('Ctrl Pts',(152.,42.5784443318844,25.8587992191315));
#6589=CARTESIAN_POINT('',(150.,42.8615282475948,26.7148697376251));
#6590=CARTESIAN_POINT('Ctrl Pts',(150.,42.5886760652065,27.5368344783783));
#6591=CARTESIAN_POINT('Ctrl Pts',(152.,42.5886760652065,27.5368344783783));
#6592=CARTESIAN_POINT('Ctrl Pts',(150.,42.668252835145,27.4135936929008));
#6593=CARTESIAN_POINT('Ctrl Pts',(152.,42.668252835145,27.4135936929008));
#6594=CARTESIAN_POINT('Ctrl Pts',(150.,42.829884478731,27.1632742751995));
#6595=CARTESIAN_POINT('Ctrl Pts',(152.,42.829884478731,27.1632742751995));
#6596=CARTESIAN_POINT('Ctrl Pts',(150.,42.8508730604087,26.8658578927818));
#6597=CARTESIAN_POINT('Ctrl Pts',(152.,42.8508730604087,26.8658578927818));
#6598=CARTESIAN_POINT('Ctrl Pts',(150.,42.8615282475948,26.7148697376251));
#6599=CARTESIAN_POINT('Ctrl Pts',(152.,42.8615282475948,26.7148697376251));
#6600=CARTESIAN_POINT('',(150.,42.5886760652065,27.5368344783783));
#6601=CARTESIAN_POINT('Ctrl Pts',(150.,42.8615282475948,26.7148697376251));
#6602=CARTESIAN_POINT('Ctrl Pts',(150.,42.8508730604087,26.8658578927818));
#6603=CARTESIAN_POINT('Ctrl Pts',(150.,42.829884478731,27.1632742751995));
#6604=CARTESIAN_POINT('Ctrl Pts',(150.,42.668252835145,27.4135936929008));
#6605=CARTESIAN_POINT('Ctrl Pts',(150.,42.5886760652065,27.5368344783783));
#6606=CARTESIAN_POINT('',(152.,42.5886760652065,27.5368344783783));
#6607=CARTESIAN_POINT('Ctrl Pts',(152.,42.5886760652065,27.5368344783783));
#6608=CARTESIAN_POINT('Ctrl Pts',(152.,42.668252835145,27.4135936929008));
#6609=CARTESIAN_POINT('Ctrl Pts',(152.,42.829884478731,27.1632742751995));
#6610=CARTESIAN_POINT('Ctrl Pts',(152.,42.8508730604087,26.8658578927818));
#6611=CARTESIAN_POINT('Ctrl Pts',(152.,42.8615282475948,26.7148697376251));
#6612=CARTESIAN_POINT('',(150.,42.5886760652065,27.5368344783783));
#6613=CARTESIAN_POINT('Ctrl Pts',(150.,41.6882668435574,28.1268751621246));
#6614=CARTESIAN_POINT('Ctrl Pts',(152.,41.6882668435574,28.1268751621246));
#6615=CARTESIAN_POINT('Ctrl Pts',(150.,41.8762474159114,28.0502667308305));
#6616=CARTESIAN_POINT('Ctrl Pts',(152.,41.8762474159114,28.0502667308305));
#6617=CARTESIAN_POINT('Ctrl Pts',(150.,42.2158092305669,27.9118838244354));
#6618=CARTESIAN_POINT('Ctrl Pts',(152.,42.2158092305669,27.9118838244354));
#6619=CARTESIAN_POINT('Ctrl Pts',(150.,42.4735983557549,27.652585775265));
#6620=CARTESIAN_POINT('Ctrl Pts',(152.,42.4735983557549,27.652585775265));
#6621=CARTESIAN_POINT('Ctrl Pts',(150.,42.5886760652065,27.5368344783783));
#6622=CARTESIAN_POINT('Ctrl Pts',(152.,42.5886760652065,27.5368344783783));
#6623=CARTESIAN_POINT('',(150.,41.6882668435574,28.1268751621246));
#6624=CARTESIAN_POINT('Ctrl Pts',(150.,42.5886760652065,27.5368344783783));
#6625=CARTESIAN_POINT('Ctrl Pts',(150.,42.4735983557549,27.652585775265));
#6626=CARTESIAN_POINT('Ctrl Pts',(150.,42.2158092305669,27.9118838244354));
#6627=CARTESIAN_POINT('Ctrl Pts',(150.,41.8762474159114,28.0502667308305));
#6628=CARTESIAN_POINT('Ctrl Pts',(150.,41.6882668435574,28.1268751621246));
#6629=CARTESIAN_POINT('',(152.,41.6882668435574,28.1268751621246));
#6630=CARTESIAN_POINT('Ctrl Pts',(152.,41.6882668435574,28.1268751621246));
#6631=CARTESIAN_POINT('Ctrl Pts',(152.,41.8762474159114,28.0502667308305));
#6632=CARTESIAN_POINT('Ctrl Pts',(152.,42.2158092305669,27.9118838244354));
#6633=CARTESIAN_POINT('Ctrl Pts',(152.,42.4735983557549,27.652585775265));
#6634=CARTESIAN_POINT('Ctrl Pts',(152.,42.5886760652065,27.5368344783783));
#6635=CARTESIAN_POINT('',(150.,41.6882668435574,28.1268751621246));
#6636=CARTESIAN_POINT('Ctrl Pts',(150.,39.9079118669033,28.6145961284637));
#6637=CARTESIAN_POINT('Ctrl Pts',(152.,39.9079118669033,28.6145961284637));
#6638=CARTESIAN_POINT('Ctrl Pts',(150.,40.2876805029519,28.525051895435));
#6639=CARTESIAN_POINT('Ctrl Pts',(152.,40.2876805029519,28.525051895435));
#6640=CARTESIAN_POINT('Ctrl Pts',(150.,40.887110096941,28.3837146228076));
#6641=CARTESIAN_POINT('Ctrl Pts',(152.,40.887110096941,28.3837146228076));
#6642=CARTESIAN_POINT('Ctrl Pts',(150.,41.4734153133966,28.1957535075501));
#6643=CARTESIAN_POINT('Ctrl Pts',(152.,41.4734153133966,28.1957535075501));
#6644=CARTESIAN_POINT('Ctrl Pts',(150.,41.6882668435574,28.1268751621246));
#6645=CARTESIAN_POINT('Ctrl Pts',(152.,41.6882668435574,28.1268751621246));
#6646=CARTESIAN_POINT('',(150.,39.9079118669033,28.6145961284637));
#6647=CARTESIAN_POINT('Ctrl Pts',(150.,41.6882668435574,28.1268751621246));
#6648=CARTESIAN_POINT('Ctrl Pts',(150.,41.4734153133966,28.1957535075501));
#6649=CARTESIAN_POINT('Ctrl Pts',(150.,40.887110096941,28.3837146228076));
#6650=CARTESIAN_POINT('Ctrl Pts',(150.,40.2876805029519,28.525051895435));
#6651=CARTESIAN_POINT('Ctrl Pts',(150.,39.9079118669033,28.6145961284637));
#6652=CARTESIAN_POINT('',(152.,39.9079118669033,28.6145961284637));
#6653=CARTESIAN_POINT('Ctrl Pts',(152.,39.9079118669033,28.6145961284637));
#6654=CARTESIAN_POINT('Ctrl Pts',(152.,40.2876805029519,28.525051895435));
#6655=CARTESIAN_POINT('Ctrl Pts',(152.,40.887110096941,28.3837146228076));
#6656=CARTESIAN_POINT('Ctrl Pts',(152.,41.4734153133966,28.1957535075501));
#6657=CARTESIAN_POINT('Ctrl Pts',(152.,41.6882668435574,28.1268751621246));
#6658=CARTESIAN_POINT('',(150.,39.9079118669033,28.6145961284637));
#6659=CARTESIAN_POINT('Ctrl Pts',(150.,37.9774890840054,29.2387449741364));
#6660=CARTESIAN_POINT('Ctrl Pts',(152.,37.9774890840054,29.2387449741364));
#6661=CARTESIAN_POINT('Ctrl Pts',(150.,38.2284999150468,29.132048879155));
#6662=CARTESIAN_POINT('Ctrl Pts',(152.,38.2284999150468,29.132048879155));
#6663=CARTESIAN_POINT('Ctrl Pts',(150.,38.8527526179823,28.866700466067));
#6664=CARTESIAN_POINT('Ctrl Pts',(152.,38.8527526179823,28.866700466067));
#6665=CARTESIAN_POINT('Ctrl Pts',(150.,39.513093064725,28.708928365705));
#6666=CARTESIAN_POINT('Ctrl Pts',(152.,39.513093064725,28.708928365705));
#6667=CARTESIAN_POINT('Ctrl Pts',(150.,39.9079118669033,28.6145961284637));
#6668=CARTESIAN_POINT('Ctrl Pts',(152.,39.9079118669033,28.6145961284637));
#6669=CARTESIAN_POINT('',(150.,37.9774890840054,29.2387449741364));
#6670=CARTESIAN_POINT('Ctrl Pts',(150.,39.9079118669033,28.6145961284637));
#6671=CARTESIAN_POINT('Ctrl Pts',(150.,39.513093064725,28.708928365705));
#6672=CARTESIAN_POINT('Ctrl Pts',(150.,38.8527526179823,28.866700466067));
#6673=CARTESIAN_POINT('Ctrl Pts',(150.,38.2284999150468,29.132048879155));
#6674=CARTESIAN_POINT('Ctrl Pts',(150.,37.9774890840054,29.2387449741364));
#6675=CARTESIAN_POINT('',(152.,37.9774890840054,29.2387449741364));
#6676=CARTESIAN_POINT('Ctrl Pts',(152.,37.9774890840054,29.2387449741364));
#6677=CARTESIAN_POINT('Ctrl Pts',(152.,38.2284999150468,29.132048879155));
#6678=CARTESIAN_POINT('Ctrl Pts',(152.,38.8527526179823,28.866700466067));
#6679=CARTESIAN_POINT('Ctrl Pts',(152.,39.513093064725,28.708928365705));
#6680=CARTESIAN_POINT('Ctrl Pts',(152.,39.9079118669033,28.6145961284637));
#6681=CARTESIAN_POINT('',(150.,37.9774890840054,29.2387449741364));
#6682=CARTESIAN_POINT('Ctrl Pts',(150.,36.9099579751492,30.169849395752));
#6683=CARTESIAN_POINT('Ctrl Pts',(152.,36.9099579751492,30.169849395752));
#6684=CARTESIAN_POINT('Ctrl Pts',(150.,37.0481500282882,29.9890725051579));
#6685=CARTESIAN_POINT('Ctrl Pts',(152.,37.0481500282882,29.9890725051579));
#6686=CARTESIAN_POINT('Ctrl Pts',(150.,37.3403662710382,29.6068078050867));
#6687=CARTESIAN_POINT('Ctrl Pts',(152.,37.3403662710382,29.6068078050867));
#6688=CARTESIAN_POINT('Ctrl Pts',(150.,37.7575799994997,29.3657854105287));
#6689=CARTESIAN_POINT('Ctrl Pts',(152.,37.7575799994997,29.3657854105287));
#6690=CARTESIAN_POINT('Ctrl Pts',(150.,37.9774890840054,29.2387449741364));
#6691=CARTESIAN_POINT('Ctrl Pts',(152.,37.9774890840054,29.2387449741364));
#6692=CARTESIAN_POINT('',(150.,36.9099579751492,30.169849395752));
#6693=CARTESIAN_POINT('Ctrl Pts',(150.,37.9774890840054,29.2387449741364));
#6694=CARTESIAN_POINT('Ctrl Pts',(150.,37.7575799994997,29.3657854105287));
#6695=CARTESIAN_POINT('Ctrl Pts',(150.,37.3403662710382,29.6068078050867));
#6696=CARTESIAN_POINT('Ctrl Pts',(150.,37.0481500282882,29.9890725051579));
#6697=CARTESIAN_POINT('Ctrl Pts',(150.,36.9099579751492,30.169849395752));
#6698=CARTESIAN_POINT('',(152.,36.9099579751492,30.169849395752));
#6699=CARTESIAN_POINT('Ctrl Pts',(152.,36.9099579751492,30.169849395752));
#6700=CARTESIAN_POINT('Ctrl Pts',(152.,37.0481500282882,29.9890725051579));
#6701=CARTESIAN_POINT('Ctrl Pts',(152.,37.3403662710382,29.6068078050867));
#6702=CARTESIAN_POINT('Ctrl Pts',(152.,37.7575799994997,29.3657854105287));
#6703=CARTESIAN_POINT('Ctrl Pts',(152.,37.9774890840054,29.2387449741364));
#6704=CARTESIAN_POINT('',(150.,36.9099579751492,30.169849395752));
#6705=CARTESIAN_POINT('Ctrl Pts',(150.,36.5586625039577,31.4147341251373));
#6706=CARTESIAN_POINT('Ctrl Pts',(152.,36.5586625039577,31.4147341251373));
#6707=CARTESIAN_POINT('Ctrl Pts',(150.,36.5725633539784,31.1918006543542));
#6708=CARTESIAN_POINT('Ctrl Pts',(152.,36.5725633539784,31.1918006543542));
#6709=CARTESIAN_POINT('Ctrl Pts',(150.,36.6000259740604,30.7513716732086));
#6710=CARTESIAN_POINT('Ctrl Pts',(152.,36.6000259740604,30.7513716732086));
#6711=CARTESIAN_POINT('Ctrl Pts',(150.,36.8075012044642,30.3620879978333));
#6712=CARTESIAN_POINT('Ctrl Pts',(152.,36.8075012044642,30.3620879978333));
#6713=CARTESIAN_POINT('Ctrl Pts',(150.,36.9099579751492,30.169849395752));
#6714=CARTESIAN_POINT('Ctrl Pts',(152.,36.9099579751492,30.169849395752));
#6715=CARTESIAN_POINT('',(150.,36.5586625039577,31.4147341251373));
#6716=CARTESIAN_POINT('Ctrl Pts',(150.,36.9099579751492,30.169849395752));
#6717=CARTESIAN_POINT('Ctrl Pts',(150.,36.8075012044642,30.3620879978333));
#6718=CARTESIAN_POINT('Ctrl Pts',(150.,36.6000259740604,30.7513716732086));
#6719=CARTESIAN_POINT('Ctrl Pts',(150.,36.5725633539784,31.1918006543542));
#6720=CARTESIAN_POINT('Ctrl Pts',(150.,36.5586625039577,31.4147341251373));
#6721=CARTESIAN_POINT('',(152.,36.5586625039577,31.4147341251373));
#6722=CARTESIAN_POINT('Ctrl Pts',(152.,36.5586625039577,31.4147341251373));
#6723=CARTESIAN_POINT('Ctrl Pts',(152.,36.5725633539784,31.1918006543542));
#6724=CARTESIAN_POINT('Ctrl Pts',(152.,36.6000259740604,30.7513716732086));
#6725=CARTESIAN_POINT('Ctrl Pts',(152.,36.8075012044642,30.3620879978333));
#6726=CARTESIAN_POINT('Ctrl Pts',(152.,36.9099579751492,30.169849395752));
#6727=CARTESIAN_POINT('',(150.,36.5586625039577,31.4147341251373));
#6728=CARTESIAN_POINT('Ctrl Pts',(150.,36.988403648138,32.8301495313644));
#6729=CARTESIAN_POINT('Ctrl Pts',(152.,36.988403648138,32.8301495313644));
#6730=CARTESIAN_POINT('Ctrl Pts',(150.,36.8630659404658,32.6078957686607));
#6731=CARTESIAN_POINT('Ctrl Pts',(152.,36.8630659404658,32.6078957686607));
#6732=CARTESIAN_POINT('Ctrl Pts',(150.,36.6148697698101,32.1677845376407));
#6733=CARTESIAN_POINT('Ctrl Pts',(152.,36.6148697698101,32.1677845376407));
#6734=CARTESIAN_POINT('Ctrl Pts',(150.,36.5772730741139,31.6640737313344));
#6735=CARTESIAN_POINT('Ctrl Pts',(152.,36.5772730741139,31.6640737313344));
#6736=CARTESIAN_POINT('Ctrl Pts',(150.,36.5586625039577,31.4147341251373));
#6737=CARTESIAN_POINT('Ctrl Pts',(152.,36.5586625039577,31.4147341251373));
#6738=CARTESIAN_POINT('',(150.,36.988403648138,32.8301495313644));
#6739=CARTESIAN_POINT('Ctrl Pts',(150.,36.5586625039577,31.4147341251373));
#6740=CARTESIAN_POINT('Ctrl Pts',(150.,36.5772730741139,31.6640737313344));
#6741=CARTESIAN_POINT('Ctrl Pts',(150.,36.6148697698101,32.1677845376407));
#6742=CARTESIAN_POINT('Ctrl Pts',(150.,36.8630659404658,32.6078957686607));
#6743=CARTESIAN_POINT('Ctrl Pts',(150.,36.988403648138,32.8301495313644));
#6744=CARTESIAN_POINT('',(152.,36.988403648138,32.8301495313644));
#6745=CARTESIAN_POINT('Ctrl Pts',(152.,36.988403648138,32.8301495313644));
#6746=CARTESIAN_POINT('Ctrl Pts',(152.,36.8630659404658,32.6078957686607));
#6747=CARTESIAN_POINT('Ctrl Pts',(152.,36.6148697698101,32.1677845376407));
#6748=CARTESIAN_POINT('Ctrl Pts',(152.,36.5772730741139,31.6640737313344));
#6749=CARTESIAN_POINT('Ctrl Pts',(152.,36.5586625039577,31.4147341251373));
#6750=CARTESIAN_POINT('',(150.,36.988403648138,32.8301495313644));
#6751=CARTESIAN_POINT('Ctrl Pts',(150.,38.2435189187527,33.8294672966003));
#6752=CARTESIAN_POINT('Ctrl Pts',(152.,38.2435189187527,33.8294672966003));
#6753=CARTESIAN_POINT('Ctrl Pts',(150.,37.9875312767355,33.7065333793022));
#6754=CARTESIAN_POINT('Ctrl Pts',(152.,37.9875312767355,33.7065333793022));
#6755=CARTESIAN_POINT('Ctrl Pts',(150.,37.4924273425662,33.4687677371111));
#6756=CARTESIAN_POINT('Ctrl Pts',(152.,37.4924273425662,33.4687677371111));
#6757=CARTESIAN_POINT('Ctrl Pts',(150.,37.1525509606853,33.0381307500569));
#6758=CARTESIAN_POINT('Ctrl Pts',(152.,37.1525509606853,33.0381307500569));
#6759=CARTESIAN_POINT('Ctrl Pts',(150.,36.988403648138,32.8301495313644));
#6760=CARTESIAN_POINT('Ctrl Pts',(152.,36.988403648138,32.8301495313644));
#6761=CARTESIAN_POINT('',(150.,38.2435189187527,33.8294672966003));
#6762=CARTESIAN_POINT('Ctrl Pts',(150.,36.988403648138,32.8301495313644));
#6763=CARTESIAN_POINT('Ctrl Pts',(150.,37.1525509606853,33.0381307500569));
#6764=CARTESIAN_POINT('Ctrl Pts',(150.,37.4924273425662,33.4687677371111));
#6765=CARTESIAN_POINT('Ctrl Pts',(150.,37.9875312767355,33.7065333793022));
#6766=CARTESIAN_POINT('Ctrl Pts',(150.,38.2435189187527,33.8294672966003));
#6767=CARTESIAN_POINT('',(152.,38.2435189187527,33.8294672966003));
#6768=CARTESIAN_POINT('Ctrl Pts',(152.,38.2435189187527,33.8294672966003));
#6769=CARTESIAN_POINT('Ctrl Pts',(152.,37.9875312767355,33.7065333793022));
#6770=CARTESIAN_POINT('Ctrl Pts',(152.,37.4924273425662,33.4687677371111));
#6771=CARTESIAN_POINT('Ctrl Pts',(152.,37.1525509606853,33.0381307500569));
#6772=CARTESIAN_POINT('Ctrl Pts',(152.,36.988403648138,32.8301495313644));
#6773=CARTESIAN_POINT('',(150.,38.2435189187527,33.8294672966003));
#6774=CARTESIAN_POINT('Ctrl Pts',(150.,40.0784443318844,34.1705310344696));
#6775=CARTESIAN_POINT('Ctrl Pts',(152.,40.0784443318844,34.1705310344696));
#6776=CARTESIAN_POINT('Ctrl Pts',(150.,39.7542333813386,34.1581980440359));
#6777=CARTESIAN_POINT('Ctrl Pts',(152.,39.7542333813386,34.1581980440359));
#6778=CARTESIAN_POINT('Ctrl Pts',(150.,39.1256150639949,34.134285391853));
#6779=CARTESIAN_POINT('Ctrl Pts',(152.,39.1256150639949,34.134285391853));
#6780=CARTESIAN_POINT('Ctrl Pts',(150.,38.5313101011388,33.9289167279561));
#6781=CARTESIAN_POINT('Ctrl Pts',(152.,38.5313101011388,33.9289167279561));
#6782=CARTESIAN_POINT('Ctrl Pts',(150.,38.2435189187527,33.8294672966003));
#6783=CARTESIAN_POINT('Ctrl Pts',(152.,38.2435189187527,33.8294672966003));
#6784=CARTESIAN_POINT('',(150.,40.0784443318844,34.1705310344696));
#6785=CARTESIAN_POINT('Ctrl Pts',(150.,38.2435189187527,33.8294672966003));
#6786=CARTESIAN_POINT('Ctrl Pts',(150.,38.5313101011388,33.9289167279561));
#6787=CARTESIAN_POINT('Ctrl Pts',(150.,39.1256150639949,34.134285391853));
#6788=CARTESIAN_POINT('Ctrl Pts',(150.,39.7542333813386,34.1581980440359));
#6789=CARTESIAN_POINT('Ctrl Pts',(150.,40.0784443318844,34.1705310344696));
#6790=CARTESIAN_POINT('',(152.,40.0784443318844,34.1705310344696));
#6791=CARTESIAN_POINT('Ctrl Pts',(152.,40.0784443318844,34.1705310344696));
#6792=CARTESIAN_POINT('Ctrl Pts',(152.,39.7542333813386,34.1581980440359));
#6793=CARTESIAN_POINT('Ctrl Pts',(152.,39.1256150639949,34.134285391853));
#6794=CARTESIAN_POINT('Ctrl Pts',(152.,38.5313101011388,33.9289167279561));
#6795=CARTESIAN_POINT('Ctrl Pts',(152.,38.2435189187527,33.8294672966003));
#6796=CARTESIAN_POINT('',(150.,40.0784443318844,34.1705310344696));
#6797=CARTESIAN_POINT('Ctrl Pts',(150.,42.0395635068417,33.8124138116837));
#6798=CARTESIAN_POINT('Ctrl Pts',(152.,42.0395635068417,33.8124138116837));
#6799=CARTESIAN_POINT('Ctrl Pts',(150.,41.7373822252126,33.9167986608162));
#6800=CARTESIAN_POINT('Ctrl Pts',(152.,41.7373822252126,33.9167986608162));
#6801=CARTESIAN_POINT('Ctrl Pts',(150.,41.1024303246635,34.1361350736738));
#6802=CARTESIAN_POINT('Ctrl Pts',(152.,41.1024303246635,34.1361350736738));
#6803=CARTESIAN_POINT('Ctrl Pts',(150.,40.4305622641709,34.1587032998328));
#6804=CARTESIAN_POINT('Ctrl Pts',(152.,40.4305622641709,34.1587032998328));
#6805=CARTESIAN_POINT('Ctrl Pts',(150.,40.0784443318844,34.1705310344696));
#6806=CARTESIAN_POINT('Ctrl Pts',(152.,40.0784443318844,34.1705310344696));
#6807=CARTESIAN_POINT('',(150.,42.0395635068417,33.8124138116837));
#6808=CARTESIAN_POINT('Ctrl Pts',(150.,40.0784443318844,34.1705310344696));
#6809=CARTESIAN_POINT('Ctrl Pts',(150.,40.4305622641709,34.1587032998328));
#6810=CARTESIAN_POINT('Ctrl Pts',(150.,41.1024303246635,34.1361350736738));
#6811=CARTESIAN_POINT('Ctrl Pts',(150.,41.7373822252126,33.9167986608162));
#6812=CARTESIAN_POINT('Ctrl Pts',(150.,42.0395635068417,33.8124138116837));
#6813=CARTESIAN_POINT('',(152.,42.0395635068417,33.8124138116837));
#6814=CARTESIAN_POINT('Ctrl Pts',(152.,42.0395635068417,33.8124138116837));
#6815=CARTESIAN_POINT('Ctrl Pts',(152.,41.7373822252126,33.9167986608162));
#6816=CARTESIAN_POINT('Ctrl Pts',(152.,41.1024303246635,34.1361350736738));
#6817=CARTESIAN_POINT('Ctrl Pts',(152.,40.4305622641709,34.1587032998328));
#6818=CARTESIAN_POINT('Ctrl Pts',(152.,40.0784443318844,34.1705310344696));
#6819=CARTESIAN_POINT('',(150.,42.0395635068417,33.8124138116837));
#6820=CARTESIAN_POINT('Ctrl Pts',(150.,43.3458386361599,32.7585256099701));
#6821=CARTESIAN_POINT('Ctrl Pts',(152.,43.3458386361599,32.7585256099701));
#6822=CARTESIAN_POINT('Ctrl Pts',(150.,43.1734906545269,32.9778952186842));
#6823=CARTESIAN_POINT('Ctrl Pts',(152.,43.1734906545269,32.9778952186842));
#6824=CARTESIAN_POINT('Ctrl Pts',(150.,42.8191738941274,33.4288800712669));
#6825=CARTESIAN_POINT('Ctrl Pts',(152.,42.8191738941274,33.4288800712669));
#6826=CARTESIAN_POINT('Ctrl Pts',(150.,42.3040956258853,33.6822757392159));
#6827=CARTESIAN_POINT('Ctrl Pts',(152.,42.3040956258853,33.6822757392159));
#6828=CARTESIAN_POINT('Ctrl Pts',(150.,42.0395635068417,33.8124138116837));
#6829=CARTESIAN_POINT('Ctrl Pts',(152.,42.0395635068417,33.8124138116837));
#6830=CARTESIAN_POINT('',(150.,43.3458386361599,32.7585256099701));
#6831=CARTESIAN_POINT('Ctrl Pts',(150.,42.0395635068417,33.8124138116837));
#6832=CARTESIAN_POINT('Ctrl Pts',(150.,42.3040956258853,33.6822757392159));
#6833=CARTESIAN_POINT('Ctrl Pts',(150.,42.8191738941274,33.4288800712669));
#6834=CARTESIAN_POINT('Ctrl Pts',(150.,43.1734906545269,32.9778952186842));
#6835=CARTESIAN_POINT('Ctrl Pts',(150.,43.3458386361599,32.7585256099701));
#6836=CARTESIAN_POINT('',(152.,43.3458386361599,32.7585256099701));
#6837=CARTESIAN_POINT('Ctrl Pts',(152.,43.3458386361599,32.7585256099701));
#6838=CARTESIAN_POINT('Ctrl Pts',(152.,43.1734906545269,32.9778952186842));
#6839=CARTESIAN_POINT('Ctrl Pts',(152.,42.8191738941274,33.4288800712669));
#6840=CARTESIAN_POINT('Ctrl Pts',(152.,42.3040956258853,33.6822757392159));
#6841=CARTESIAN_POINT('Ctrl Pts',(152.,42.0395635068417,33.8124138116837));
#6842=CARTESIAN_POINT('',(150.,43.3458386361599,32.7585256099701));
#6843=CARTESIAN_POINT('Ctrl Pts',(150.,43.8369701802731,31.1828100681305));
#6844=CARTESIAN_POINT('Ctrl Pts',(152.,43.8369701802731,31.1828100681305));
#6845=CARTESIAN_POINT('Ctrl Pts',(150.,43.8091376496966,31.4666734236753));
#6846=CARTESIAN_POINT('Ctrl Pts',(152.,43.8091376496966,31.4666734236753));
#6847=CARTESIAN_POINT('Ctrl Pts',(150.,43.7542874767255,32.0260891084626));
#6848=CARTESIAN_POINT('Ctrl Pts',(152.,43.7542874767255,32.0260891084626));
#6849=CARTESIAN_POINT('Ctrl Pts',(150.,43.4806330564288,32.5168102620509));
#6850=CARTESIAN_POINT('Ctrl Pts',(152.,43.4806330564288,32.5168102620509));
#6851=CARTESIAN_POINT('Ctrl Pts',(150.,43.3458386361599,32.7585256099701));
#6852=CARTESIAN_POINT('Ctrl Pts',(152.,43.3458386361599,32.7585256099701));
#6853=CARTESIAN_POINT('',(150.,43.8369701802731,31.1828100681305));
#6854=CARTESIAN_POINT('Ctrl Pts',(150.,43.3458386361599,32.7585256099701));
#6855=CARTESIAN_POINT('Ctrl Pts',(150.,43.4806330564288,32.5168102620509));
#6856=CARTESIAN_POINT('Ctrl Pts',(150.,43.7542874767255,32.0260891084626));
#6857=CARTESIAN_POINT('Ctrl Pts',(150.,43.8091376496966,31.4666734236753));
#6858=CARTESIAN_POINT('Ctrl Pts',(150.,43.8369701802731,31.1828100681305));
#6859=CARTESIAN_POINT('',(152.,43.8369701802731,31.1828100681305));
#6860=CARTESIAN_POINT('Ctrl Pts',(152.,43.8369701802731,31.1828100681305));
#6861=CARTESIAN_POINT('Ctrl Pts',(152.,43.8091376496966,31.4666734236753));
#6862=CARTESIAN_POINT('Ctrl Pts',(152.,43.7542874767255,32.0260891084626));
#6863=CARTESIAN_POINT('Ctrl Pts',(152.,43.4806330564288,32.5168102620509));
#6864=CARTESIAN_POINT('Ctrl Pts',(152.,43.3458386361599,32.7585256099701));
#6865=CARTESIAN_POINT('',(150.,43.8369701802731,31.1828100681305));
#6866=CARTESIAN_POINT('Origin',(150.,42.5682114064693,31.0873115062714));
#6867=CARTESIAN_POINT('',(150.,42.5682114064693,31.0873115062714));
#6868=CARTESIAN_POINT('',(150.,20.2406419548567,29.4067313861856));
#6869=CARTESIAN_POINT('',(152.,42.5682114064693,31.0873115062714));
#6870=CARTESIAN_POINT('',(152.,43.8369701802731,31.1828100681305));
#6871=CARTESIAN_POINT('',(150.,42.5682114064693,31.0873115062714));
#6872=CARTESIAN_POINT('Ctrl Pts',(150.,41.8758521974087,32.5197803974152));
#6873=CARTESIAN_POINT('Ctrl Pts',(152.,41.8758521974087,32.5197803974152));
#6874=CARTESIAN_POINT('Ctrl Pts',(150.,42.0529979804964,32.3302207608882));
#6875=CARTESIAN_POINT('Ctrl Pts',(152.,42.0529979804964,32.3302207608882));
#6876=CARTESIAN_POINT('Ctrl Pts',(150.,42.4307147498605,31.9260347155712));
#6877=CARTESIAN_POINT('Ctrl Pts',(152.,42.4307147498605,31.9260347155712));
#6878=CARTESIAN_POINT('Ctrl Pts',(150.,42.5205226221976,31.3782108719615));
#6879=CARTESIAN_POINT('Ctrl Pts',(152.,42.5205226221976,31.3782108719615));
#6880=CARTESIAN_POINT('Ctrl Pts',(150.,42.5682114064693,31.0873115062714));
#6881=CARTESIAN_POINT('Ctrl Pts',(152.,42.5682114064693,31.0873115062714));
#6882=CARTESIAN_POINT('',(150.,41.8758521974087,32.5197803974152));
#6883=CARTESIAN_POINT('Ctrl Pts',(150.,42.5682114064693,31.0873115062714));
#6884=CARTESIAN_POINT('Ctrl Pts',(150.,42.5205226221976,31.3782108719615));
#6885=CARTESIAN_POINT('Ctrl Pts',(150.,42.4307147498605,31.9260347155712));
#6886=CARTESIAN_POINT('Ctrl Pts',(150.,42.0529979804964,32.3302207608882));
#6887=CARTESIAN_POINT('Ctrl Pts',(150.,41.8758521974087,32.5197803974152));
#6888=CARTESIAN_POINT('',(152.,41.8758521974087,32.5197803974152));
#6889=CARTESIAN_POINT('Ctrl Pts',(152.,41.8758521974087,32.5197803974152));
#6890=CARTESIAN_POINT('Ctrl Pts',(152.,42.0529979804964,32.3302207608882));
#6891=CARTESIAN_POINT('Ctrl Pts',(152.,42.4307147498605,31.9260347155712));
#6892=CARTESIAN_POINT('Ctrl Pts',(152.,42.5205226221976,31.3782108719615));
#6893=CARTESIAN_POINT('Ctrl Pts',(152.,42.5682114064693,31.0873115062714));
#6894=CARTESIAN_POINT('',(150.,41.8758521974087,32.5197803974152));
#6895=CARTESIAN_POINT('Ctrl Pts',(150.,40.133014768362,33.0040919780731));
#6896=CARTESIAN_POINT('Ctrl Pts',(152.,40.133014768362,33.0040919780731));
#6897=CARTESIAN_POINT('Ctrl Pts',(150.,40.4795785279197,32.9945236727465));
#6898=CARTESIAN_POINT('Ctrl Pts',(152.,40.4795785279197,32.9945236727465));
#6899=CARTESIAN_POINT('Ctrl Pts',(150.,41.1035875653238,32.9772953595377));
#6900=CARTESIAN_POINT('Ctrl Pts',(152.,41.1035875653238,32.9772953595377));
#6901=CARTESIAN_POINT('Ctrl Pts',(150.,41.6381682995173,32.6605921541925));
#6902=CARTESIAN_POINT('Ctrl Pts',(152.,41.6381682995173,32.6605921541925));
#6903=CARTESIAN_POINT('Ctrl Pts',(150.,41.8758521974087,32.5197803974152));
#6904=CARTESIAN_POINT('Ctrl Pts',(152.,41.8758521974087,32.5197803974152));
#6905=CARTESIAN_POINT('',(150.,40.133014768362,33.0040919780731));
#6906=CARTESIAN_POINT('Ctrl Pts',(150.,41.8758521974087,32.5197803974152));
#6907=CARTESIAN_POINT('Ctrl Pts',(150.,41.6381682995173,32.6605921541925));
#6908=CARTESIAN_POINT('Ctrl Pts',(150.,41.1035875653238,32.9772953595377));
#6909=CARTESIAN_POINT('Ctrl Pts',(150.,40.4795785279197,32.9945236727465));
#6910=CARTESIAN_POINT('Ctrl Pts',(150.,40.133014768362,33.0040919780731));
#6911=CARTESIAN_POINT('',(152.,40.133014768362,33.0040919780731));
#6912=CARTESIAN_POINT('Ctrl Pts',(152.,40.133014768362,33.0040919780731));
#6913=CARTESIAN_POINT('Ctrl Pts',(152.,40.4795785279197,32.9945236727465));
#6914=CARTESIAN_POINT('Ctrl Pts',(152.,41.1035875653238,32.9772953595377));
#6915=CARTESIAN_POINT('Ctrl Pts',(152.,41.6381682995173,32.6605921541925));
#6916=CARTESIAN_POINT('Ctrl Pts',(152.,41.8758521974087,32.5197803974152));
#6917=CARTESIAN_POINT('',(150.,40.133014768362,33.0040919780731));
#6918=CARTESIAN_POINT('Ctrl Pts',(150.,38.3833549916744,32.5641191005707));
#6919=CARTESIAN_POINT('Ctrl Pts',(152.,38.3833549916744,32.5641191005707));
#6920=CARTESIAN_POINT('Ctrl Pts',(150.,38.6157870958222,32.6918010226943));
#6921=CARTESIAN_POINT('Ctrl Pts',(152.,38.6157870958222,32.6918010226943));
#6922=CARTESIAN_POINT('Ctrl Pts',(150.,39.1573006039203,32.9892706249396));
#6923=CARTESIAN_POINT('Ctrl Pts',(152.,39.1573006039203,32.9892706249396));
#6924=CARTESIAN_POINT('Ctrl Pts',(150.,39.7784686741776,32.9987063302517));
#6925=CARTESIAN_POINT('Ctrl Pts',(152.,39.7784686741776,32.9987063302517));
#6926=CARTESIAN_POINT('Ctrl Pts',(150.,40.133014768362,33.0040919780731));
#6927=CARTESIAN_POINT('Ctrl Pts',(152.,40.133014768362,33.0040919780731));
#6928=CARTESIAN_POINT('',(150.,38.3833549916744,32.5641191005707));
#6929=CARTESIAN_POINT('Ctrl Pts',(150.,40.133014768362,33.0040919780731));
#6930=CARTESIAN_POINT('Ctrl Pts',(150.,39.7784686741776,32.9987063302517));
#6931=CARTESIAN_POINT('Ctrl Pts',(150.,39.1573006039203,32.9892706249396));
#6932=CARTESIAN_POINT('Ctrl Pts',(150.,38.6157870958222,32.6918010226943));
#6933=CARTESIAN_POINT('Ctrl Pts',(150.,38.3833549916744,32.5641191005707));
#6934=CARTESIAN_POINT('',(152.,38.3833549916744,32.5641191005707));
#6935=CARTESIAN_POINT('Ctrl Pts',(152.,38.3833549916744,32.5641191005707));
#6936=CARTESIAN_POINT('Ctrl Pts',(152.,38.6157870958222,32.6918010226943));
#6937=CARTESIAN_POINT('Ctrl Pts',(152.,39.1573006039203,32.9892706249396));
#6938=CARTESIAN_POINT('Ctrl Pts',(152.,39.7784686741776,32.9987063302517));
#6939=CARTESIAN_POINT('Ctrl Pts',(152.,40.133014768362,33.0040919780731));
#6940=CARTESIAN_POINT('',(150.,38.3833549916744,32.5641191005707));
#6941=CARTESIAN_POINT('Ctrl Pts',(150.,37.8342424333096,31.5034091472626));
#6942=CARTESIAN_POINT('Ctrl Pts',(152.,37.8342424333096,31.5034091472626));
#6943=CARTESIAN_POINT('Ctrl Pts',(150.,37.8602780339662,31.7052518504167));
#6944=CARTESIAN_POINT('Ctrl Pts',(152.,37.8602780339662,31.7052518504167));
#6945=CARTESIAN_POINT('Ctrl Pts',(150.,37.9143160143475,32.1241848405552));
#6946=CARTESIAN_POINT('Ctrl Pts',(152.,37.9143160143475,32.1241848405552));
#6947=CARTESIAN_POINT('Ctrl Pts',(150.,38.2232605268061,32.4139587869528));
#6948=CARTESIAN_POINT('Ctrl Pts',(152.,38.2232605268061,32.4139587869528));
#6949=CARTESIAN_POINT('Ctrl Pts',(150.,38.3833549916744,32.5641191005707));
#6950=CARTESIAN_POINT('Ctrl Pts',(152.,38.3833549916744,32.5641191005707));
#6951=CARTESIAN_POINT('',(150.,37.8342424333096,31.5034091472626));
#6952=CARTESIAN_POINT('Ctrl Pts',(150.,38.3833549916744,32.5641191005707));
#6953=CARTESIAN_POINT('Ctrl Pts',(150.,38.2232605268061,32.4139587869528));
#6954=CARTESIAN_POINT('Ctrl Pts',(150.,37.9143160143475,32.1241848405552));
#6955=CARTESIAN_POINT('Ctrl Pts',(150.,37.8602780339662,31.7052518504167));
#6956=CARTESIAN_POINT('Ctrl Pts',(150.,37.8342424333096,31.5034091472626));
#6957=CARTESIAN_POINT('',(152.,37.8342424333096,31.5034091472626));
#6958=CARTESIAN_POINT('Ctrl Pts',(152.,37.8342424333096,31.5034091472626));
#6959=CARTESIAN_POINT('Ctrl Pts',(152.,37.8602780339662,31.7052518504167));
#6960=CARTESIAN_POINT('Ctrl Pts',(152.,37.9143160143475,32.1241848405552));
#6961=CARTESIAN_POINT('Ctrl Pts',(152.,38.2232605268061,32.4139587869528));
#6962=CARTESIAN_POINT('Ctrl Pts',(152.,38.3833549916744,32.5641191005707));
#6963=CARTESIAN_POINT('',(150.,37.8342424333096,31.5034091472626));
#6964=CARTESIAN_POINT('Ctrl Pts',(150.,38.2230554521084,30.6166434288025));
#6965=CARTESIAN_POINT('Ctrl Pts',(152.,38.2230554521084,30.6166434288025));
#6966=CARTESIAN_POINT('Ctrl Pts',(150.,38.1096543962819,30.7413794465849));
#6967=CARTESIAN_POINT('Ctrl Pts',(152.,38.1096543962819,30.7413794465849));
#6968=CARTESIAN_POINT('Ctrl Pts',(150.,37.8807369622959,30.9931782407695));
#6969=CARTESIAN_POINT('Ctrl Pts',(152.,37.8807369622959,30.9931782407695));
#6970=CARTESIAN_POINT('Ctrl Pts',(150.,37.8498357908817,31.3322876595783));
#6971=CARTESIAN_POINT('Ctrl Pts',(152.,37.8498357908817,31.3322876595783));
#6972=CARTESIAN_POINT('Ctrl Pts',(150.,37.8342424333096,31.5034091472626));
#6973=CARTESIAN_POINT('Ctrl Pts',(152.,37.8342424333096,31.5034091472626));
#6974=CARTESIAN_POINT('',(150.,38.2230554521084,30.6166434288025));
#6975=CARTESIAN_POINT('Ctrl Pts',(150.,37.8342424333096,31.5034091472626));
#6976=CARTESIAN_POINT('Ctrl Pts',(150.,37.8498357908817,31.3322876595783));
#6977=CARTESIAN_POINT('Ctrl Pts',(150.,37.8807369622959,30.9931782407695));
#6978=CARTESIAN_POINT('Ctrl Pts',(150.,38.1096543962819,30.7413794465849));
#6979=CARTESIAN_POINT('Ctrl Pts',(150.,38.2230554521084,30.6166434288025));
#6980=CARTESIAN_POINT('',(152.,38.2230554521084,30.6166434288025));
#6981=CARTESIAN_POINT('Ctrl Pts',(152.,38.2230554521084,30.6166434288025));
#6982=CARTESIAN_POINT('Ctrl Pts',(152.,38.1096543962819,30.7413794465849));
#6983=CARTESIAN_POINT('Ctrl Pts',(152.,37.8807369622959,30.9931782407695));
#6984=CARTESIAN_POINT('Ctrl Pts',(152.,37.8498357908817,31.3322876595783));
#6985=CARTESIAN_POINT('Ctrl Pts',(152.,37.8342424333096,31.5034091472626));
#6986=CARTESIAN_POINT('',(150.,38.2230554521084,30.6166434288025));
#6987=CARTESIAN_POINT('Ctrl Pts',(150.,40.2182804048061,29.9038195610046));
#6988=CARTESIAN_POINT('Ctrl Pts',(152.,40.2182804048061,29.9038195610046));
#6989=CARTESIAN_POINT('Ctrl Pts',(150.,39.7726229028681,29.99699389803));
#6990=CARTESIAN_POINT('Ctrl Pts',(152.,39.7726229028681,29.99699389803));
#6991=CARTESIAN_POINT('Ctrl Pts',(150.,39.0721108751992,30.1434510842605));
#6992=CARTESIAN_POINT('Ctrl Pts',(152.,39.0721108751992,30.1434510842605));
#6993=CARTESIAN_POINT('Ctrl Pts',(150.,38.4495503156778,30.4904141714367));
#6994=CARTESIAN_POINT('Ctrl Pts',(152.,38.4495503156778,30.4904141714367));
#6995=CARTESIAN_POINT('Ctrl Pts',(150.,38.2230554521084,30.6166434288025));
#6996=CARTESIAN_POINT('Ctrl Pts',(152.,38.2230554521084,30.6166434288025));
#6997=CARTESIAN_POINT('',(150.,40.2182804048061,29.9038195610046));
#6998=CARTESIAN_POINT('Ctrl Pts',(150.,38.2230554521084,30.6166434288025));
#6999=CARTESIAN_POINT('Ctrl Pts',(150.,38.4495503156778,30.4904141714367));
#7000=CARTESIAN_POINT('Ctrl Pts',(150.,39.0721108751992,30.1434510842605));
#7001=CARTESIAN_POINT('Ctrl Pts',(150.,39.7726229028681,29.99699389803));
#7002=CARTESIAN_POINT('Ctrl Pts',(150.,40.2182804048061,29.9038195610046));
#7003=CARTESIAN_POINT('',(152.,40.2182804048061,29.9038195610046));
#7004=CARTESIAN_POINT('Ctrl Pts',(152.,40.2182804048061,29.9038195610046));
#7005=CARTESIAN_POINT('Ctrl Pts',(152.,39.7726229028681,29.99699389803));
#7006=CARTESIAN_POINT('Ctrl Pts',(152.,39.0721108751992,30.1434510842605));
#7007=CARTESIAN_POINT('Ctrl Pts',(152.,38.4495503156778,30.4904141714367));
#7008=CARTESIAN_POINT('Ctrl Pts',(152.,38.2230554521084,30.6166434288025));
#7009=CARTESIAN_POINT('',(150.,40.2182804048061,29.9038195610046));
#7010=CARTESIAN_POINT('Ctrl Pts',(150.,42.4317859113216,29.2660295963287));
#7011=CARTESIAN_POINT('Ctrl Pts',(152.,42.4317859113216,29.2660295963287));
#7012=CARTESIAN_POINT('Ctrl Pts',(150.,42.1487552840179,29.3695915442403));
#7013=CARTESIAN_POINT('Ctrl Pts',(152.,42.1487552840179,29.3695915442403));
#7014=CARTESIAN_POINT('Ctrl Pts',(150.,41.4263573270963,29.6339196146646));
#7015=CARTESIAN_POINT('Ctrl Pts',(152.,41.4263573270963,29.6339196146646));
#7016=CARTESIAN_POINT('Ctrl Pts',(150.,40.6751623046782,29.8017462592272));
#7017=CARTESIAN_POINT('Ctrl Pts',(152.,40.6751623046782,29.8017462592272));
#7018=CARTESIAN_POINT('Ctrl Pts',(150.,40.2182804048061,29.9038195610046));
#7019=CARTESIAN_POINT('Ctrl Pts',(152.,40.2182804048061,29.9038195610046));
#7020=CARTESIAN_POINT('',(150.,42.4317859113216,29.2660295963287));
#7021=CARTESIAN_POINT('Ctrl Pts',(150.,40.2182804048061,29.9038195610046));
#7022=CARTESIAN_POINT('Ctrl Pts',(150.,40.6751623046782,29.8017462592272));
#7023=CARTESIAN_POINT('Ctrl Pts',(150.,41.4263573270963,29.6339196146646));
#7024=CARTESIAN_POINT('Ctrl Pts',(150.,42.1487552840179,29.3695915442403));
#7025=CARTESIAN_POINT('Ctrl Pts',(150.,42.4317859113216,29.2660295963287));
#7026=CARTESIAN_POINT('',(152.,42.4317859113216,29.2660295963287));
#7027=CARTESIAN_POINT('Ctrl Pts',(152.,42.4317859113216,29.2660295963287));
#7028=CARTESIAN_POINT('Ctrl Pts',(152.,42.1487552840179,29.3695915442403));
#7029=CARTESIAN_POINT('Ctrl Pts',(152.,41.4263573270963,29.6339196146646));
#7030=CARTESIAN_POINT('Ctrl Pts',(152.,40.6751623046782,29.8017462592272));
#7031=CARTESIAN_POINT('Ctrl Pts',(152.,40.2182804048061,29.9038195610046));
#7032=CARTESIAN_POINT('',(150.,42.4317859113216,29.2660295963287));
#7033=CARTESIAN_POINT('Ctrl Pts',(150.,43.7210081517696,28.2462477684021));
#7034=CARTESIAN_POINT('Ctrl Pts',(152.,43.7210081517696,28.2462477684021));
#7035=CARTESIAN_POINT('Ctrl Pts',(150.,43.5545569129362,28.4469340412695));
#7036=CARTESIAN_POINT('Ctrl Pts',(152.,43.5545569129362,28.4469340412695));
#7037=CARTESIAN_POINT('Ctrl Pts',(150.,43.1976687349382,28.8772255715387));
#7038=CARTESIAN_POINT('Ctrl Pts',(152.,43.1976687349382,28.8772255715387));
#7039=CARTESIAN_POINT('Ctrl Pts',(150.,42.6982680735955,29.1307486707981));
#7040=CARTESIAN_POINT('Ctrl Pts',(152.,42.6982680735955,29.1307486707981));
#7041=CARTESIAN_POINT('Ctrl Pts',(150.,42.4317859113216,29.2660295963287));
#7042=CARTESIAN_POINT('Ctrl Pts',(152.,42.4317859113216,29.2660295963287));
#7043=CARTESIAN_POINT('',(150.,43.7210081517696,28.2462477684021));
#7044=CARTESIAN_POINT('Ctrl Pts',(150.,42.4317859113216,29.2660295963287));
#7045=CARTESIAN_POINT('Ctrl Pts',(150.,42.6982680735955,29.1307486707981));
#7046=CARTESIAN_POINT('Ctrl Pts',(150.,43.1976687349382,28.8772255715387));
#7047=CARTESIAN_POINT('Ctrl Pts',(150.,43.5545569129362,28.4469340412695));
#7048=CARTESIAN_POINT('Ctrl Pts',(150.,43.7210081517696,28.2462477684021));
#7049=CARTESIAN_POINT('',(152.,43.7210081517696,28.2462477684021));
#7050=CARTESIAN_POINT('Ctrl Pts',(152.,43.7210081517696,28.2462477684021));
#7051=CARTESIAN_POINT('Ctrl Pts',(152.,43.5545569129362,28.4469340412695));
#7052=CARTESIAN_POINT('Ctrl Pts',(152.,43.1976687349382,28.8772255715387));
#7053=CARTESIAN_POINT('Ctrl Pts',(152.,42.6982680735955,29.1307486707981));
#7054=CARTESIAN_POINT('Ctrl Pts',(152.,42.4317859113216,29.2660295963287));
#7055=CARTESIAN_POINT('',(150.,43.7210081517696,28.2462477684021));
#7056=CARTESIAN_POINT('Ctrl Pts',(150.,44.1371069848537,26.8240106105804));
#7057=CARTESIAN_POINT('Ctrl Pts',(152.,44.1371069848537,26.8240106105804));
#7058=CARTESIAN_POINT('Ctrl Pts',(150.,44.1212609149295,27.0822555610659));
#7059=CARTESIAN_POINT('Ctrl Pts',(152.,44.1212609149295,27.0822555610659));
#7060=CARTESIAN_POINT('Ctrl Pts',(150.,44.0902156904061,27.5882026197514));
#7061=CARTESIAN_POINT('Ctrl Pts',(152.,44.0902156904061,27.5882026197514));
#7062=CARTESIAN_POINT('Ctrl Pts',(150.,43.8423557093627,28.0299678628789));
#7063=CARTESIAN_POINT('Ctrl Pts',(152.,43.8423557093627,28.0299678628789));
#7064=CARTESIAN_POINT('Ctrl Pts',(150.,43.7210081517696,28.2462477684021));
#7065=CARTESIAN_POINT('Ctrl Pts',(152.,43.7210081517696,28.2462477684021));
#7066=CARTESIAN_POINT('',(150.,44.1371069848537,26.8240106105804));
#7067=CARTESIAN_POINT('Ctrl Pts',(150.,43.7210081517696,28.2462477684021));
#7068=CARTESIAN_POINT('Ctrl Pts',(150.,43.8423557093627,28.0299678628789));
#7069=CARTESIAN_POINT('Ctrl Pts',(150.,44.0902156904061,27.5882026197514));
#7070=CARTESIAN_POINT('Ctrl Pts',(150.,44.1212609149295,27.0822555610659));
#7071=CARTESIAN_POINT('Ctrl Pts',(150.,44.1371069848537,26.8240106105804));
#7072=CARTESIAN_POINT('',(152.,44.1371069848537,26.8240106105804));
#7073=CARTESIAN_POINT('Ctrl Pts',(152.,44.1371069848537,26.8240106105804));
#7074=CARTESIAN_POINT('Ctrl Pts',(152.,44.1212609149295,27.0822555610659));
#7075=CARTESIAN_POINT('Ctrl Pts',(152.,44.0902156904061,27.5882026197514));
#7076=CARTESIAN_POINT('Ctrl Pts',(152.,43.8423557093627,28.0299678628789));
#7077=CARTESIAN_POINT('Ctrl Pts',(152.,43.7210081517696,28.2462477684021));
#7078=CARTESIAN_POINT('',(150.,44.1371069848537,26.8240106105804));
#7079=CARTESIAN_POINT('Ctrl Pts',(150.,43.6800812184811,25.3199183940887));
#7080=CARTESIAN_POINT('Ctrl Pts',(152.,43.6800812184811,25.3199183940887));
#7081=CARTESIAN_POINT('Ctrl Pts',(150.,43.8133724507455,25.5571853692713));
#7082=CARTESIAN_POINT('Ctrl Pts',(152.,43.8133724507455,25.5571853692713));
#7083=CARTESIAN_POINT('Ctrl Pts',(150.,44.0762915655924,26.0251983213433));
#7084=CARTESIAN_POINT('Ctrl Pts',(152.,44.0762915655924,26.0251983213433));
#7085=CARTESIAN_POINT('Ctrl Pts',(150.,44.1170243601519,26.5602247548415));
#7086=CARTESIAN_POINT('Ctrl Pts',(152.,44.1170243601519,26.5602247548415));
#7087=CARTESIAN_POINT('Ctrl Pts',(150.,44.1371069848537,26.8240106105804));
#7088=CARTESIAN_POINT('Ctrl Pts',(152.,44.1371069848537,26.8240106105804));
#7089=CARTESIAN_POINT('',(150.,43.6800812184811,25.3199183940887));
#7090=CARTESIAN_POINT('Ctrl Pts',(150.,44.1371069848537,26.8240106105804));
#7091=CARTESIAN_POINT('Ctrl Pts',(150.,44.1170243601519,26.5602247548415));
#7092=CARTESIAN_POINT('Ctrl Pts',(150.,44.0762915655924,26.0251983213433));
#7093=CARTESIAN_POINT('Ctrl Pts',(150.,43.8133724507455,25.5571853692713));
#7094=CARTESIAN_POINT('Ctrl Pts',(150.,43.6800812184811,25.3199183940887));
#7095=CARTESIAN_POINT('',(152.,43.6800812184811,25.3199183940887));
#7096=CARTESIAN_POINT('Ctrl Pts',(152.,43.6800812184811,25.3199183940887));
#7097=CARTESIAN_POINT('Ctrl Pts',(152.,43.8133724507455,25.5571853692713));
#7098=CARTESIAN_POINT('Ctrl Pts',(152.,44.0762915655924,26.0251983213433));
#7099=CARTESIAN_POINT('Ctrl Pts',(152.,44.1170243601519,26.5602247548415));
#7100=CARTESIAN_POINT('Ctrl Pts',(152.,44.1371069848537,26.8240106105804));
#7101=CARTESIAN_POINT('',(150.,43.6800812184811,25.3199183940887));
#7102=CARTESIAN_POINT('Ctrl Pts',(150.,42.3669837415218,24.2216908931732));
#7103=CARTESIAN_POINT('Ctrl Pts',(152.,42.3669837415218,24.2216908931732));
#7104=CARTESIAN_POINT('Ctrl Pts',(150.,42.6332587454944,24.3617854631816));
#7105=CARTESIAN_POINT('Ctrl Pts',(152.,42.6332587454944,24.3617854631816));
#7106=CARTESIAN_POINT('Ctrl Pts',(150.,43.1503090915093,24.6338198066872));
#7107=CARTESIAN_POINT('Ctrl Pts',(152.,43.1503090915093,24.6338198066872));
#7108=CARTESIAN_POINT('Ctrl Pts',(150.,43.5070552460341,25.0958354927134));
#7109=CARTESIAN_POINT('Ctrl Pts',(152.,43.5070552460341,25.0958354927134));
#7110=CARTESIAN_POINT('Ctrl Pts',(150.,43.6800812184811,25.3199183940887));
#7111=CARTESIAN_POINT('Ctrl Pts',(152.,43.6800812184811,25.3199183940887));
#7112=CARTESIAN_POINT('',(150.,42.3669837415218,24.2216908931732));
#7113=CARTESIAN_POINT('Ctrl Pts',(150.,43.6800812184811,25.3199183940887));
#7114=CARTESIAN_POINT('Ctrl Pts',(150.,43.5070552460341,25.0958354927134));
#7115=CARTESIAN_POINT('Ctrl Pts',(150.,43.1503090915093,24.6338198066872));
#7116=CARTESIAN_POINT('Ctrl Pts',(150.,42.6332587454944,24.3617854631816));
#7117=CARTESIAN_POINT('Ctrl Pts',(150.,42.3669837415218,24.2216908931732));
#7118=CARTESIAN_POINT('',(152.,42.3669837415218,24.2216908931732));
#7119=CARTESIAN_POINT('Ctrl Pts',(152.,42.3669837415218,24.2216908931732));
#7120=CARTESIAN_POINT('Ctrl Pts',(152.,42.6332587454944,24.3617854631816));
#7121=CARTESIAN_POINT('Ctrl Pts',(152.,43.1503090915093,24.6338198066872));
#7122=CARTESIAN_POINT('Ctrl Pts',(152.,43.5070552460341,25.0958354927134));
#7123=CARTESIAN_POINT('Ctrl Pts',(152.,43.6800812184811,25.3199183940887));
#7124=CARTESIAN_POINT('',(150.,42.3669837415218,24.2216908931732));
#7125=CARTESIAN_POINT('Ctrl Pts',(150.,40.4399727284908,23.8294672966003));
#7126=CARTESIAN_POINT('Ctrl Pts',(152.,40.4399727284908,23.8294672966003));
#7127=CARTESIAN_POINT('Ctrl Pts',(150.,40.7829091120425,23.8435239513782));
#7128=CARTESIAN_POINT('Ctrl Pts',(152.,40.7829091120425,23.8435239513782));
#7129=CARTESIAN_POINT('Ctrl Pts',(150.,41.4467092846869,23.8707325250843));
#7130=CARTESIAN_POINT('Ctrl Pts',(152.,41.4467092846869,23.8707325250843));
#7131=CARTESIAN_POINT('Ctrl Pts',(150.,42.0671019943475,24.1073271750169));
#7132=CARTESIAN_POINT('Ctrl Pts',(152.,42.0671019943475,24.1073271750169));
#7133=CARTESIAN_POINT('Ctrl Pts',(150.,42.3669837415218,24.2216908931732));
#7134=CARTESIAN_POINT('Ctrl Pts',(152.,42.3669837415218,24.2216908931732));
#7135=CARTESIAN_POINT('',(150.,40.4399727284908,23.8294672966003));
#7136=CARTESIAN_POINT('Ctrl Pts',(150.,42.3669837415218,24.2216908931732));
#7137=CARTESIAN_POINT('Ctrl Pts',(150.,42.0671019943475,24.1073271750169));
#7138=CARTESIAN_POINT('Ctrl Pts',(150.,41.4467092846869,23.8707325250843));
#7139=CARTESIAN_POINT('Ctrl Pts',(150.,40.7829091120425,23.8435239513782));
#7140=CARTESIAN_POINT('Ctrl Pts',(150.,40.4399727284908,23.8294672966003));
#7141=CARTESIAN_POINT('',(152.,40.4399727284908,23.8294672966003));
#7142=CARTESIAN_POINT('Ctrl Pts',(152.,40.4399727284908,23.8294672966003));
#7143=CARTESIAN_POINT('Ctrl Pts',(152.,40.7829091120425,23.8435239513782));
#7144=CARTESIAN_POINT('Ctrl Pts',(152.,41.4467092846869,23.8707325250843));
#7145=CARTESIAN_POINT('Ctrl Pts',(152.,42.0671019943475,24.1073271750169));
#7146=CARTESIAN_POINT('Ctrl Pts',(152.,42.3669837415218,24.2216908931732));
#7147=CARTESIAN_POINT('',(150.,40.4399727284908,23.8294672966003));
#7148=CARTESIAN_POINT('Ctrl Pts',(150.,38.1650744378567,24.2251026630402));
#7149=CARTESIAN_POINT('Ctrl Pts',(152.,38.1650744378567,24.2251026630402));
#7150=CARTESIAN_POINT('Ctrl Pts',(150.,38.5045917186968,24.109896999548));
#7151=CARTESIAN_POINT('Ctrl Pts',(152.,38.5045917186968,24.109896999548));
#7152=CARTESIAN_POINT('Ctrl Pts',(150.,39.2413786081956,23.8598890404627));
#7153=CARTESIAN_POINT('Ctrl Pts',(152.,39.2413786081956,23.8598890404627));
#7154=CARTESIAN_POINT('Ctrl Pts',(150.,40.0200950434867,23.8401242914666));
#7155=CARTESIAN_POINT('Ctrl Pts',(152.,40.0200950434867,23.8401242914666));
#7156=CARTESIAN_POINT('Ctrl Pts',(150.,40.4399727284908,23.8294672966003));
#7157=CARTESIAN_POINT('Ctrl Pts',(152.,40.4399727284908,23.8294672966003));
#7158=CARTESIAN_POINT('',(150.,38.1650744378567,24.2251026630402));
#7159=CARTESIAN_POINT('Ctrl Pts',(150.,40.4399727284908,23.8294672966003));
#7160=CARTESIAN_POINT('Ctrl Pts',(150.,40.0200950434867,23.8401242914666));
#7161=CARTESIAN_POINT('Ctrl Pts',(150.,39.2413786081956,23.8598890404627));
#7162=CARTESIAN_POINT('Ctrl Pts',(150.,38.5045917186968,24.109896999548));
#7163=CARTESIAN_POINT('Ctrl Pts',(150.,38.1650744378567,24.2251026630402));
#7164=CARTESIAN_POINT('',(152.,38.1650744378567,24.2251026630402));
#7165=CARTESIAN_POINT('Ctrl Pts',(152.,38.1650744378567,24.2251026630402));
#7166=CARTESIAN_POINT('Ctrl Pts',(152.,38.5045917186968,24.109896999548));
#7167=CARTESIAN_POINT('Ctrl Pts',(152.,39.2413786081956,23.8598890404627));
#7168=CARTESIAN_POINT('Ctrl Pts',(152.,40.0200950434867,23.8401242914666));
#7169=CARTESIAN_POINT('Ctrl Pts',(152.,40.4399727284908,23.8294672966003));
#7170=CARTESIAN_POINT('',(150.,38.1650744378567,24.2251026630402));
#7171=CARTESIAN_POINT('Ctrl Pts',(150.,36.7257843911648,25.415415763855));
#7172=CARTESIAN_POINT('Ctrl Pts',(152.,36.7257843911648,25.415415763855));
#7173=CARTESIAN_POINT('Ctrl Pts',(150.,36.9181893247521,25.1663053760196));
#7174=CARTESIAN_POINT('Ctrl Pts',(152.,36.9181893247521,25.1663053760196));
#7175=CARTESIAN_POINT('Ctrl Pts',(150.,37.3081621855316,24.6613999726976));
#7176=CARTESIAN_POINT('Ctrl Pts',(152.,37.3081621855316,24.6613999726976));
#7177=CARTESIAN_POINT('Ctrl Pts',(150.,37.8769269918523,24.3718130819135));
#7178=CARTESIAN_POINT('Ctrl Pts',(152.,37.8769269918523,24.3718130819135));
#7179=CARTESIAN_POINT('Ctrl Pts',(150.,38.1650744378567,24.2251026630402));
#7180=CARTESIAN_POINT('Ctrl Pts',(152.,38.1650744378567,24.2251026630402));
#7181=CARTESIAN_POINT('',(150.,36.7257843911648,25.415415763855));
#7182=CARTESIAN_POINT('Ctrl Pts',(150.,38.1650744378567,24.2251026630402));
#7183=CARTESIAN_POINT('Ctrl Pts',(150.,37.8769269918523,24.3718130819135));
#7184=CARTESIAN_POINT('Ctrl Pts',(150.,37.3081621855316,24.6613999726976));
#7185=CARTESIAN_POINT('Ctrl Pts',(150.,36.9181893247521,25.1663053760196));
#7186=CARTESIAN_POINT('Ctrl Pts',(150.,36.7257843911648,25.415415763855));
#7187=CARTESIAN_POINT('',(152.,36.7257843911648,25.415415763855));
#7188=CARTESIAN_POINT('Ctrl Pts',(152.,36.7257843911648,25.415415763855));
#7189=CARTESIAN_POINT('Ctrl Pts',(152.,36.9181893247521,25.1663053760196));
#7190=CARTESIAN_POINT('Ctrl Pts',(152.,37.3081621855316,24.6613999726976));
#7191=CARTESIAN_POINT('Ctrl Pts',(152.,37.8769269918523,24.3718130819135));
#7192=CARTESIAN_POINT('Ctrl Pts',(152.,38.1650744378567,24.2251026630402));
#7193=CARTESIAN_POINT('',(150.,36.7257843911648,25.415415763855));
#7194=CARTESIAN_POINT('Ctrl Pts',(150.,36.176670640707,27.2128236293793));
#7195=CARTESIAN_POINT('Ctrl Pts',(152.,36.176670640707,27.2128236293793));
#7196=CARTESIAN_POINT('Ctrl Pts',(150.,36.2051091019868,26.8891892335887));
#7197=CARTESIAN_POINT('Ctrl Pts',(152.,36.2051091019868,26.8891892335887));
#7198=CARTESIAN_POINT('Ctrl Pts',(150.,36.2611893212825,26.2509870570013));
#7199=CARTESIAN_POINT('Ctrl Pts',(152.,36.2611893212825,26.2509870570013));
#7200=CARTESIAN_POINT('Ctrl Pts',(150.,36.5723930725476,25.6912890797015));
#7201=CARTESIAN_POINT('Ctrl Pts',(152.,36.5723930725476,25.6912890797015));
#7202=CARTESIAN_POINT('Ctrl Pts',(150.,36.7257843911648,25.415415763855));
#7203=CARTESIAN_POINT('Ctrl Pts',(152.,36.7257843911648,25.415415763855));
#7204=CARTESIAN_POINT('Ctrl Pts',(150.,36.7257843911648,25.415415763855));
#7205=CARTESIAN_POINT('Ctrl Pts',(150.,36.5723930725476,25.6912890797015));
#7206=CARTESIAN_POINT('Ctrl Pts',(150.,36.2611893212825,26.2509870570013));
#7207=CARTESIAN_POINT('Ctrl Pts',(150.,36.2051091019868,26.8891892335887));
#7208=CARTESIAN_POINT('Ctrl Pts',(150.,36.176670640707,27.2128236293793));
#7209=CARTESIAN_POINT('Ctrl Pts',(152.,36.176670640707,27.2128236293793));
#7210=CARTESIAN_POINT('Ctrl Pts',(152.,36.2051091019868,26.8891892335887));
#7211=CARTESIAN_POINT('Ctrl Pts',(152.,36.2611893212825,26.2509870570013));
#7212=CARTESIAN_POINT('Ctrl Pts',(152.,36.5723930725476,25.6912890797015));
#7213=CARTESIAN_POINT('Ctrl Pts',(152.,36.7257843911648,25.415415763855));
#7214=CARTESIAN_POINT('Origin',(152.,39.9999986588955,28.999999165535));
#7215=CARTESIAN_POINT('Origin',(150.,49.3758498132229,29.7980892658234));
#7216=CARTESIAN_POINT('',(150.,47.2135029733181,29.7980892658234));
#7217=CARTESIAN_POINT('',(150.,49.3758498132229,29.7980892658234));
#7218=CARTESIAN_POINT('',(150.,24.6879249066114,29.7980892658234));
#7219=CARTESIAN_POINT('',(152.,47.2135029733181,29.7980892658234));
#7220=CARTESIAN_POINT('',(150.,47.2135029733181,29.7980892658234));
#7221=CARTESIAN_POINT('',(152.,49.3758498132229,29.7980892658234));
#7222=CARTESIAN_POINT('',(152.,47.2135029733181,29.7980892658234));
#7223=CARTESIAN_POINT('',(150.,49.3758498132229,29.7980892658234));
#7224=CARTESIAN_POINT('Ctrl Pts',(150.,50.6377898156643,29.9140512943268));
#7225=CARTESIAN_POINT('Ctrl Pts',(152.,50.6377898156643,29.9140512943268));
#7226=CARTESIAN_POINT('Ctrl Pts',(150.,50.4694369187705,29.8805240612856));
#7227=CARTESIAN_POINT('Ctrl Pts',(152.,50.4694369187705,29.8805240612856));
#7228=CARTESIAN_POINT('Ctrl Pts',(150.,50.0534125982164,29.797673426676));
#7229=CARTESIAN_POINT('Ctrl Pts',(152.,50.0534125982164,29.797673426676));
#7230=CARTESIAN_POINT('Ctrl Pts',(150.,49.6286960022205,29.7979340870769));
#7231=CARTESIAN_POINT('Ctrl Pts',(152.,49.6286960022205,29.7979340870769));
#7232=CARTESIAN_POINT('Ctrl Pts',(150.,49.3758498132229,29.7980892658234));
#7233=CARTESIAN_POINT('Ctrl Pts',(152.,49.3758498132229,29.7980892658234));
#7234=CARTESIAN_POINT('',(150.,50.6377898156643,29.9140512943268));
#7235=CARTESIAN_POINT('Ctrl Pts',(150.,49.3758498132229,29.7980892658234));
#7236=CARTESIAN_POINT('Ctrl Pts',(150.,49.6286960022205,29.7979340870769));
#7237=CARTESIAN_POINT('Ctrl Pts',(150.,50.0534125982164,29.797673426676));
#7238=CARTESIAN_POINT('Ctrl Pts',(150.,50.4694369187705,29.8805240612856));
#7239=CARTESIAN_POINT('Ctrl Pts',(150.,50.6377898156643,29.9140512943268));
#7240=CARTESIAN_POINT('',(152.,50.6377898156643,29.9140512943268));
#7241=CARTESIAN_POINT('Ctrl Pts',(152.,50.6377898156643,29.9140512943268));
#7242=CARTESIAN_POINT('Ctrl Pts',(152.,50.4694369187705,29.8805240612856));
#7243=CARTESIAN_POINT('Ctrl Pts',(152.,50.0534125982164,29.797673426676));
#7244=CARTESIAN_POINT('Ctrl Pts',(152.,49.6286960022205,29.7979340870769));
#7245=CARTESIAN_POINT('Ctrl Pts',(152.,49.3758498132229,29.7980892658234));
#7246=CARTESIAN_POINT('',(150.,50.6377898156643,29.9140512943268));
#7247=CARTESIAN_POINT('Ctrl Pts',(150.,51.398359388113,30.4120051860809));
#7248=CARTESIAN_POINT('Ctrl Pts',(152.,51.398359388113,30.4120051860809));
#7249=CARTESIAN_POINT('Ctrl Pts',(150.,51.2986201369831,30.3031285946457));
#7250=CARTESIAN_POINT('Ctrl Pts',(152.,51.2986201369831,30.3031285946457));
#7251=CARTESIAN_POINT('Ctrl Pts',(150.,51.0878678945897,30.0730688585921));
#7252=CARTESIAN_POINT('Ctrl Pts',(152.,51.0878678945897,30.0730688585921));
#7253=CARTESIAN_POINT('Ctrl Pts',(150.,50.793072327935,29.9689143237222));
#7254=CARTESIAN_POINT('Ctrl Pts',(152.,50.793072327935,29.9689143237222));
#7255=CARTESIAN_POINT('Ctrl Pts',(150.,50.6377898156643,29.9140512943268));
#7256=CARTESIAN_POINT('Ctrl Pts',(152.,50.6377898156643,29.9140512943268));
#7257=CARTESIAN_POINT('',(150.,51.398359388113,30.4120051860809));
#7258=CARTESIAN_POINT('Ctrl Pts',(150.,50.6377898156643,29.9140512943268));
#7259=CARTESIAN_POINT('Ctrl Pts',(150.,50.793072327935,29.9689143237222));
#7260=CARTESIAN_POINT('Ctrl Pts',(150.,51.0878678945897,30.0730688585921));
#7261=CARTESIAN_POINT('Ctrl Pts',(150.,51.2986201369831,30.3031285946457));
#7262=CARTESIAN_POINT('Ctrl Pts',(150.,51.398359388113,30.4120051860809));
#7263=CARTESIAN_POINT('',(152.,51.398359388113,30.4120051860809));
#7264=CARTESIAN_POINT('Ctrl Pts',(152.,51.398359388113,30.4120051860809));
#7265=CARTESIAN_POINT('Ctrl Pts',(152.,51.2986201369831,30.3031285946457));
#7266=CARTESIAN_POINT('Ctrl Pts',(152.,51.0878678945897,30.0730688585921));
#7267=CARTESIAN_POINT('Ctrl Pts',(152.,50.793072327935,29.9689143237222));
#7268=CARTESIAN_POINT('Ctrl Pts',(152.,50.6377898156643,29.9140512943268));
#7269=CARTESIAN_POINT('',(150.,51.398359388113,30.4120051860809));
#7270=CARTESIAN_POINT('Ctrl Pts',(150.,51.6541586816311,31.2851297855377));
#7271=CARTESIAN_POINT('Ctrl Pts',(152.,51.6541586816311,31.2851297855377));
#7272=CARTESIAN_POINT('Ctrl Pts',(150.,51.645931172548,31.1208732212969));
#7273=CARTESIAN_POINT('Ctrl Pts',(152.,51.645931172548,31.1208732212969));
#7274=CARTESIAN_POINT('Ctrl Pts',(150.,51.6302987076536,30.8087818035585));
#7275=CARTESIAN_POINT('Ctrl Pts',(152.,51.6302987076536,30.8087818035585));
#7276=CARTESIAN_POINT('Ctrl Pts',(150.,51.4729120228918,30.5395417431));
#7277=CARTESIAN_POINT('Ctrl Pts',(152.,51.4729120228918,30.5395417431));
#7278=CARTESIAN_POINT('Ctrl Pts',(150.,51.398359388113,30.4120051860809));
#7279=CARTESIAN_POINT('Ctrl Pts',(152.,51.398359388113,30.4120051860809));
#7280=CARTESIAN_POINT('',(150.,51.6541586816311,31.2851297855377));
#7281=CARTESIAN_POINT('Ctrl Pts',(150.,51.398359388113,30.4120051860809));
#7282=CARTESIAN_POINT('Ctrl Pts',(150.,51.4729120228918,30.5395417431));
#7283=CARTESIAN_POINT('Ctrl Pts',(150.,51.6302987076536,30.8087818035585));
#7284=CARTESIAN_POINT('Ctrl Pts',(150.,51.645931172548,31.1208732212969));
#7285=CARTESIAN_POINT('Ctrl Pts',(150.,51.6541586816311,31.2851297855377));
#7286=CARTESIAN_POINT('',(152.,51.6541586816311,31.2851297855377));
#7287=CARTESIAN_POINT('Ctrl Pts',(152.,51.6541586816311,31.2851297855377));
#7288=CARTESIAN_POINT('Ctrl Pts',(152.,51.645931172548,31.1208732212969));
#7289=CARTESIAN_POINT('Ctrl Pts',(152.,51.6302987076536,30.8087818035585));
#7290=CARTESIAN_POINT('Ctrl Pts',(152.,51.4729120228918,30.5395417431));
#7291=CARTESIAN_POINT('Ctrl Pts',(152.,51.398359388113,30.4120051860809));
#7292=CARTESIAN_POINT('',(150.,51.6541586816311,31.2851297855377));
#7293=CARTESIAN_POINT('Ctrl Pts',(150.,51.4154158532619,32.1616637706757));
#7294=CARTESIAN_POINT('Ctrl Pts',(152.,51.4154158532619,32.1616637706757));
#7295=CARTESIAN_POINT('Ctrl Pts',(150.,51.4850337106677,32.0282715590231));
#7296=CARTESIAN_POINT('Ctrl Pts',(152.,51.4850337106677,32.0282715590231));
#7297=CARTESIAN_POINT('Ctrl Pts',(150.,51.6283207534746,31.7537245354084));
#7298=CARTESIAN_POINT('Ctrl Pts',(152.,51.6283207534746,31.7537245354084));
#7299=CARTESIAN_POINT('Ctrl Pts',(150.,51.6453852108925,31.4442448005404));
#7300=CARTESIAN_POINT('Ctrl Pts',(152.,51.6453852108925,31.4442448005404));
#7301=CARTESIAN_POINT('Ctrl Pts',(150.,51.6541586816311,31.2851297855377));
#7302=CARTESIAN_POINT('Ctrl Pts',(152.,51.6541586816311,31.2851297855377));
#7303=CARTESIAN_POINT('',(150.,51.4154158532619,32.1616637706757));
#7304=CARTESIAN_POINT('Ctrl Pts',(150.,51.6541586816311,31.2851297855377));
#7305=CARTESIAN_POINT('Ctrl Pts',(150.,51.6453852108925,31.4442448005404));
#7306=CARTESIAN_POINT('Ctrl Pts',(150.,51.6283207534746,31.7537245354084));
#7307=CARTESIAN_POINT('Ctrl Pts',(150.,51.4850337106677,32.0282715590231));
#7308=CARTESIAN_POINT('Ctrl Pts',(150.,51.4154158532619,32.1616637706757));
#7309=CARTESIAN_POINT('',(152.,51.4154158532619,32.1616637706757));
#7310=CARTESIAN_POINT('Ctrl Pts',(152.,51.4154158532619,32.1616637706757));
#7311=CARTESIAN_POINT('Ctrl Pts',(152.,51.4850337106677,32.0282715590231));
#7312=CARTESIAN_POINT('Ctrl Pts',(152.,51.6283207534746,31.7537245354084));
#7313=CARTESIAN_POINT('Ctrl Pts',(152.,51.6453852108925,31.4442448005404));
#7314=CARTESIAN_POINT('Ctrl Pts',(152.,51.6541586816311,31.2851297855377));
#7315=CARTESIAN_POINT('',(150.,51.4154158532619,32.1616637706757));
#7316=CARTESIAN_POINT('Ctrl Pts',(150.,50.7332859933376,32.6800817251205));
#7317=CARTESIAN_POINT('Ctrl Pts',(152.,50.7332859933376,32.6800817251205));
#7318=CARTESIAN_POINT('Ctrl Pts',(150.,50.8721277382007,32.624191277344));
#7319=CARTESIAN_POINT('Ctrl Pts',(152.,50.8721277382007,32.624191277344));
#7320=CARTESIAN_POINT('Ctrl Pts',(150.,51.1469471472559,32.5135633113464));
#7321=CARTESIAN_POINT('Ctrl Pts',(152.,51.1469471472559,32.5135633113464));
#7322=CARTESIAN_POINT('Ctrl Pts',(150.,51.3265502066233,32.2781458020407));
#7323=CARTESIAN_POINT('Ctrl Pts',(152.,51.3265502066233,32.2781458020407));
#7324=CARTESIAN_POINT('Ctrl Pts',(150.,51.4154158532619,32.1616637706757));
#7325=CARTESIAN_POINT('Ctrl Pts',(152.,51.4154158532619,32.1616637706757));
#7326=CARTESIAN_POINT('',(150.,50.7332859933376,32.6800817251205));
#7327=CARTESIAN_POINT('Ctrl Pts',(150.,51.4154158532619,32.1616637706757));
#7328=CARTESIAN_POINT('Ctrl Pts',(150.,51.3265502066233,32.2781458020407));
#7329=CARTESIAN_POINT('Ctrl Pts',(150.,51.1469471472559,32.5135633113464));
#7330=CARTESIAN_POINT('Ctrl Pts',(150.,50.8721277382007,32.624191277344));
#7331=CARTESIAN_POINT('Ctrl Pts',(150.,50.7332859933376,32.6800817251205));
#7332=CARTESIAN_POINT('',(152.,50.7332859933376,32.6800817251205));
#7333=CARTESIAN_POINT('Ctrl Pts',(152.,50.7332859933376,32.6800817251205));
#7334=CARTESIAN_POINT('Ctrl Pts',(152.,50.8721277382007,32.624191277344));
#7335=CARTESIAN_POINT('Ctrl Pts',(152.,51.1469471472559,32.5135633113464));
#7336=CARTESIAN_POINT('Ctrl Pts',(152.,51.3265502066233,32.2781458020407));
#7337=CARTESIAN_POINT('Ctrl Pts',(152.,51.4154158532619,32.1616637706757));
#7338=CARTESIAN_POINT('',(150.,50.7332859933376,32.6800817251205));
#7339=CARTESIAN_POINT('Ctrl Pts',(150.,49.2121420800686,32.8199177980423));
#7340=CARTESIAN_POINT('Ctrl Pts',(152.,49.2121420800686,32.8199177980423));
#7341=CARTESIAN_POINT('Ctrl Pts',(150.,49.5198309905151,32.8205740540027));
#7342=CARTESIAN_POINT('Ctrl Pts',(152.,49.5198309905151,32.8205740540027));
#7343=CARTESIAN_POINT('Ctrl Pts',(150.,50.0319185662678,32.8216662627644));
#7344=CARTESIAN_POINT('Ctrl Pts',(152.,50.0319185662678,32.8216662627644));
#7345=CARTESIAN_POINT('Ctrl Pts',(150.,50.5332004121122,32.7204728573768));
#7346=CARTESIAN_POINT('Ctrl Pts',(152.,50.5332004121122,32.7204728573768));
#7347=CARTESIAN_POINT('Ctrl Pts',(150.,50.7332859933376,32.6800817251205));
#7348=CARTESIAN_POINT('Ctrl Pts',(152.,50.7332859933376,32.6800817251205));
#7349=CARTESIAN_POINT('',(150.,49.2121420800686,32.8199177980423));
#7350=CARTESIAN_POINT('Ctrl Pts',(150.,50.7332859933376,32.6800817251205));
#7351=CARTESIAN_POINT('Ctrl Pts',(150.,50.5332004121122,32.7204728573768));
#7352=CARTESIAN_POINT('Ctrl Pts',(150.,50.0319185662678,32.8216662627644));
#7353=CARTESIAN_POINT('Ctrl Pts',(150.,49.5198309905151,32.8205740540027));
#7354=CARTESIAN_POINT('Ctrl Pts',(150.,49.2121420800686,32.8199177980423));
#7355=CARTESIAN_POINT('',(152.,49.2121420800686,32.8199177980423));
#7356=CARTESIAN_POINT('Ctrl Pts',(152.,49.2121420800686,32.8199177980423));
#7357=CARTESIAN_POINT('Ctrl Pts',(152.,49.5198309905151,32.8205740540027));
#7358=CARTESIAN_POINT('Ctrl Pts',(152.,50.0319185662678,32.8216662627644));
#7359=CARTESIAN_POINT('Ctrl Pts',(152.,50.5332004121122,32.7204728573768));
#7360=CARTESIAN_POINT('Ctrl Pts',(152.,50.7332859933376,32.6800817251205));
#7361=CARTESIAN_POINT('',(150.,49.2121420800686,32.8199177980423));
#7362=CARTESIAN_POINT('Origin',(150.,47.2135029733181,32.8199177980423));
#7363=CARTESIAN_POINT('',(150.,47.2135029733181,32.8199177980423));
#7364=CARTESIAN_POINT('',(150.,23.606751486659,32.8199177980423));
#7365=CARTESIAN_POINT('',(152.,47.2135029733181,32.8199177980423));
#7366=CARTESIAN_POINT('',(152.,49.2121420800686,32.8199177980423));
#7367=CARTESIAN_POINT('',(150.,47.2135029733181,32.8199177980423));
#7368=CARTESIAN_POINT('Origin',(150.,47.2135029733181,29.7980892658234));
#7369=CARTESIAN_POINT('',(150.,47.2135029733181,14.8990446329117));
#7370=CARTESIAN_POINT('',(152.,47.2135029733181,32.8199177980423));
#7371=CARTESIAN_POINT('Origin',(150.,49.7032748162746,25.1800811290741));
#7372=CARTESIAN_POINT('',(150.,47.2135029733181,25.1800811290741));
#7373=CARTESIAN_POINT('',(150.,49.7032748162746,25.1800811290741));
#7374=CARTESIAN_POINT('',(150.,24.8516374081373,25.1800811290741));
#7375=CARTESIAN_POINT('',(152.,47.2135029733181,25.1800811290741));
#7376=CARTESIAN_POINT('',(150.,47.2135029733181,25.1800811290741));
#7377=CARTESIAN_POINT('',(152.,49.7032748162746,25.1800811290741));
#7378=CARTESIAN_POINT('',(152.,47.2135029733181,25.1800811290741));
#7379=CARTESIAN_POINT('',(150.,49.7032748162746,25.1800811290741));
#7380=CARTESIAN_POINT('Ctrl Pts',(150.,50.603681653738,25.2278304100037));
#7381=CARTESIAN_POINT('Ctrl Pts',(152.,50.603681653738,25.2278304100037));
#7382=CARTESIAN_POINT('Ctrl Pts',(150.,50.485559835376,25.2140479309991));
#7383=CARTESIAN_POINT('Ctrl Pts',(152.,50.485559835376,25.2140479309991));
#7384=CARTESIAN_POINT('Ctrl Pts',(150.,50.1865873974303,25.1791637630606));
#7385=CARTESIAN_POINT('Ctrl Pts',(152.,50.1865873974303,25.1791637630606));
#7386=CARTESIAN_POINT('Ctrl Pts',(150.,49.8854406759244,25.179735363673));
#7387=CARTESIAN_POINT('Ctrl Pts',(152.,49.8854406759244,25.179735363673));
#7388=CARTESIAN_POINT('Ctrl Pts',(150.,49.7032748162746,25.1800811290741));
#7389=CARTESIAN_POINT('Ctrl Pts',(152.,49.7032748162746,25.1800811290741));
#7390=CARTESIAN_POINT('',(150.,50.603681653738,25.2278304100037));
#7391=CARTESIAN_POINT('Ctrl Pts',(150.,49.7032748162746,25.1800811290741));
#7392=CARTESIAN_POINT('Ctrl Pts',(150.,49.8854406759244,25.179735363673));
#7393=CARTESIAN_POINT('Ctrl Pts',(150.,50.1865873974303,25.1791637630606));
#7394=CARTESIAN_POINT('Ctrl Pts',(150.,50.485559835376,25.2140479309991));
#7395=CARTESIAN_POINT('Ctrl Pts',(150.,50.603681653738,25.2278304100037));
#7396=CARTESIAN_POINT('',(152.,50.603681653738,25.2278304100037));
#7397=CARTESIAN_POINT('Ctrl Pts',(152.,50.603681653738,25.2278304100037));
#7398=CARTESIAN_POINT('Ctrl Pts',(152.,50.485559835376,25.2140479309991));
#7399=CARTESIAN_POINT('Ctrl Pts',(152.,50.1865873974303,25.1791637630606));
#7400=CARTESIAN_POINT('Ctrl Pts',(152.,49.8854406759244,25.179735363673));
#7401=CARTESIAN_POINT('Ctrl Pts',(152.,49.7032748162746,25.1800811290741));
#7402=CARTESIAN_POINT('',(150.,50.603681653738,25.2278304100037));
#7403=CARTESIAN_POINT('Ctrl Pts',(150.,51.3676653802395,25.5006814002991));
#7404=CARTESIAN_POINT('Ctrl Pts',(152.,51.3676653802395,25.5006814002991));
#7405=CARTESIAN_POINT('Ctrl Pts',(150.,51.2547616060085,25.4408311882924));
#7406=CARTESIAN_POINT('Ctrl Pts',(152.,51.2547616060085,25.4408311882924));
#7407=CARTESIAN_POINT('Ctrl Pts',(150.,51.0135394250363,25.3129594783321));
#7408=CARTESIAN_POINT('Ctrl Pts',(152.,51.0135394250363,25.3129594783321));
#7409=CARTESIAN_POINT('Ctrl Pts',(150.,50.7459997047238,25.2573904279786));
#7410=CARTESIAN_POINT('Ctrl Pts',(152.,50.7459997047238,25.2573904279786));
#7411=CARTESIAN_POINT('Ctrl Pts',(150.,50.603681653738,25.2278304100037));
#7412=CARTESIAN_POINT('Ctrl Pts',(152.,50.603681653738,25.2278304100037));
#7413=CARTESIAN_POINT('',(150.,51.3676653802395,25.5006814002991));
#7414=CARTESIAN_POINT('Ctrl Pts',(150.,50.603681653738,25.2278304100037));
#7415=CARTESIAN_POINT('Ctrl Pts',(150.,50.7459997047238,25.2573904279786));
#7416=CARTESIAN_POINT('Ctrl Pts',(150.,51.0135394250363,25.3129594783321));
#7417=CARTESIAN_POINT('Ctrl Pts',(150.,51.2547616060085,25.4408311882924));
#7418=CARTESIAN_POINT('Ctrl Pts',(150.,51.3676653802395,25.5006814002991));
#7419=CARTESIAN_POINT('',(152.,51.3676653802395,25.5006814002991));
#7420=CARTESIAN_POINT('Ctrl Pts',(152.,51.3676653802395,25.5006814002991));
#7421=CARTESIAN_POINT('Ctrl Pts',(152.,51.2547616060085,25.4408311882924));
#7422=CARTESIAN_POINT('Ctrl Pts',(152.,51.0135394250363,25.3129594783321));
#7423=CARTESIAN_POINT('Ctrl Pts',(152.,50.7459997047238,25.2573904279786));
#7424=CARTESIAN_POINT('Ctrl Pts',(152.,50.603681653738,25.2278304100037));
#7425=CARTESIAN_POINT('',(150.,51.3676653802395,25.5006814002991));
#7426=CARTESIAN_POINT('Ctrl Pts',(150.,51.8724404275417,26.0566163063049));
#7427=CARTESIAN_POINT('Ctrl Pts',(152.,51.8724404275417,26.0566163063049));
#7428=CARTESIAN_POINT('Ctrl Pts',(150.,51.8039363430804,25.9434785462224));
#7429=CARTESIAN_POINT('Ctrl Pts',(152.,51.8039363430804,25.9434785462224));
#7430=CARTESIAN_POINT('Ctrl Pts',(150.,51.6717234724581,25.7251226897226));
#7431=CARTESIAN_POINT('Ctrl Pts',(152.,51.6717234724581,25.7251226897226));
#7432=CARTESIAN_POINT('Ctrl Pts',(150.,51.4665374104974,25.5736640523874));
#7433=CARTESIAN_POINT('Ctrl Pts',(152.,51.4665374104974,25.5736640523874));
#7434=CARTESIAN_POINT('Ctrl Pts',(150.,51.3676653802395,25.5006814002991));
#7435=CARTESIAN_POINT('Ctrl Pts',(152.,51.3676653802395,25.5006814002991));
#7436=CARTESIAN_POINT('',(150.,51.8724404275417,26.0566163063049));
#7437=CARTESIAN_POINT('Ctrl Pts',(150.,51.3676653802395,25.5006814002991));
#7438=CARTESIAN_POINT('Ctrl Pts',(150.,51.4665374104974,25.5736640523874));
#7439=CARTESIAN_POINT('Ctrl Pts',(150.,51.6717234724581,25.7251226897226));
#7440=CARTESIAN_POINT('Ctrl Pts',(150.,51.8039363430804,25.9434785462224));
#7441=CARTESIAN_POINT('Ctrl Pts',(150.,51.8724404275417,26.0566163063049));
#7442=CARTESIAN_POINT('',(152.,51.8724404275417,26.0566163063049));
#7443=CARTESIAN_POINT('Ctrl Pts',(152.,51.8724404275417,26.0566163063049));
#7444=CARTESIAN_POINT('Ctrl Pts',(152.,51.8039363430804,25.9434785462224));
#7445=CARTESIAN_POINT('Ctrl Pts',(152.,51.6717234724581,25.7251226897226));
#7446=CARTESIAN_POINT('Ctrl Pts',(152.,51.4665374104974,25.5736640523874));
#7447=CARTESIAN_POINT('Ctrl Pts',(152.,51.3676653802395,25.5006814002991));
#7448=CARTESIAN_POINT('',(150.,51.8724404275417,26.0566163063049));
#7449=CARTESIAN_POINT('Ctrl Pts',(150.,52.0702563226223,26.8990445137024));
#7450=CARTESIAN_POINT('Ctrl Pts',(152.,52.0702563226223,26.8990445137024));
#7451=CARTESIAN_POINT('Ctrl Pts',(150.,52.0632900141078,26.7469789770989));
#7452=CARTESIAN_POINT('Ctrl Pts',(152.,52.0632900141078,26.7469789770989));
#7453=CARTESIAN_POINT('Ctrl Pts',(150.,52.0498493153464,26.4535858456817));
#7454=CARTESIAN_POINT('Ctrl Pts',(152.,52.0498493153464,26.4535858456817));
#7455=CARTESIAN_POINT('Ctrl Pts',(150.,51.930116010736,26.1856710001099));
#7456=CARTESIAN_POINT('Ctrl Pts',(152.,51.930116010736,26.1856710001099));
#7457=CARTESIAN_POINT('Ctrl Pts',(150.,51.8724404275417,26.0566163063049));
#7458=CARTESIAN_POINT('Ctrl Pts',(152.,51.8724404275417,26.0566163063049));
#7459=CARTESIAN_POINT('',(150.,52.0702563226223,26.8990445137024));
#7460=CARTESIAN_POINT('Ctrl Pts',(150.,51.8724404275417,26.0566163063049));
#7461=CARTESIAN_POINT('Ctrl Pts',(150.,51.930116010736,26.1856710001099));
#7462=CARTESIAN_POINT('Ctrl Pts',(150.,52.0498493153464,26.4535858456817));
#7463=CARTESIAN_POINT('Ctrl Pts',(150.,52.0632900141078,26.7469789770989));
#7464=CARTESIAN_POINT('Ctrl Pts',(150.,52.0702563226223,26.8990445137024));
#7465=CARTESIAN_POINT('',(152.,52.0702563226223,26.8990445137024));
#7466=CARTESIAN_POINT('Ctrl Pts',(152.,52.0702563226223,26.8990445137024));
#7467=CARTESIAN_POINT('Ctrl Pts',(152.,52.0632900141078,26.7469789770989));
#7468=CARTESIAN_POINT('Ctrl Pts',(152.,52.0498493153464,26.4535858456817));
#7469=CARTESIAN_POINT('Ctrl Pts',(152.,51.930116010736,26.1856710001099));
#7470=CARTESIAN_POINT('Ctrl Pts',(152.,51.8724404275417,26.0566163063049));
#7471=CARTESIAN_POINT('',(150.,52.0702563226223,26.8990445137024));
#7472=CARTESIAN_POINT('Ctrl Pts',(150.,51.7837630212307,27.8710782527924));
#7473=CARTESIAN_POINT('Ctrl Pts',(152.,51.7837630212307,27.8710782527924));
#7474=CARTESIAN_POINT('Ctrl Pts',(150.,51.8673032191742,27.7248649599835));
#7475=CARTESIAN_POINT('Ctrl Pts',(152.,51.8673032191742,27.7248649599835));
#7476=CARTESIAN_POINT('Ctrl Pts',(150.,52.0393288527461,27.4237831460633));
#7477=CARTESIAN_POINT('Ctrl Pts',(152.,52.0393288527461,27.4237831460633));
#7478=CARTESIAN_POINT('Ctrl Pts',(150.,52.0597514690156,27.0772777328053));
#7479=CARTESIAN_POINT('Ctrl Pts',(152.,52.0597514690156,27.0772777328053));
#7480=CARTESIAN_POINT('Ctrl Pts',(150.,52.0702563226223,26.8990445137024));
#7481=CARTESIAN_POINT('Ctrl Pts',(152.,52.0702563226223,26.8990445137024));
#7482=CARTESIAN_POINT('',(150.,51.7837630212307,27.8710782527924));
#7483=CARTESIAN_POINT('Ctrl Pts',(150.,52.0702563226223,26.8990445137024));
#7484=CARTESIAN_POINT('Ctrl Pts',(150.,52.0597514690156,27.0772777328053));
#7485=CARTESIAN_POINT('Ctrl Pts',(150.,52.0393288527461,27.4237831460633));
#7486=CARTESIAN_POINT('Ctrl Pts',(150.,51.8673032191742,27.7248649599835));
#7487=CARTESIAN_POINT('Ctrl Pts',(150.,51.7837630212307,27.8710782527924));
#7488=CARTESIAN_POINT('',(152.,51.7837630212307,27.8710782527924));
#7489=CARTESIAN_POINT('Ctrl Pts',(152.,51.7837630212307,27.8710782527924));
#7490=CARTESIAN_POINT('Ctrl Pts',(152.,51.8673032191742,27.7248649599835));
#7491=CARTESIAN_POINT('Ctrl Pts',(152.,52.0393288527461,27.4237831460633));
#7492=CARTESIAN_POINT('Ctrl Pts',(152.,52.0597514690156,27.0772777328053));
#7493=CARTESIAN_POINT('Ctrl Pts',(152.,52.0702563226223,26.8990445137024));
#7494=CARTESIAN_POINT('',(150.,51.7837630212307,27.8710782527924));
#7495=CARTESIAN_POINT('Ctrl Pts',(150.,50.9890852868557,28.4508860111237));
#7496=CARTESIAN_POINT('Ctrl Pts',(152.,50.9890852868557,28.4508860111237));
#7497=CARTESIAN_POINT('Ctrl Pts',(150.,51.1483985164428,28.3861497778979));
#7498=CARTESIAN_POINT('Ctrl Pts',(152.,51.1483985164428,28.3861497778979));
#7499=CARTESIAN_POINT('Ctrl Pts',(150.,51.4617035608688,28.2588396450274));
#7500=CARTESIAN_POINT('Ctrl Pts',(152.,51.4617035608688,28.2588396450274));
#7501=CARTESIAN_POINT('Ctrl Pts',(150.,51.6776323682981,27.9988601527363));
#7502=CARTESIAN_POINT('Ctrl Pts',(152.,51.6776323682981,27.9988601527363));
#7503=CARTESIAN_POINT('Ctrl Pts',(150.,51.7837630212307,27.8710782527924));
#7504=CARTESIAN_POINT('Ctrl Pts',(152.,51.7837630212307,27.8710782527924));
#7505=CARTESIAN_POINT('',(150.,50.9890852868557,28.4508860111237));
#7506=CARTESIAN_POINT('Ctrl Pts',(150.,51.7837630212307,27.8710782527924));
#7507=CARTESIAN_POINT('Ctrl Pts',(150.,51.6776323682981,27.9988601527363));
#7508=CARTESIAN_POINT('Ctrl Pts',(150.,51.4617035608688,28.2588396450274));
#7509=CARTESIAN_POINT('Ctrl Pts',(150.,51.1483985164428,28.3861497778979));
#7510=CARTESIAN_POINT('Ctrl Pts',(150.,50.9890852868557,28.4508860111237));
#7511=CARTESIAN_POINT('',(152.,50.9890852868557,28.4508860111237));
#7512=CARTESIAN_POINT('Ctrl Pts',(152.,50.9890852868557,28.4508860111237));
#7513=CARTESIAN_POINT('Ctrl Pts',(152.,51.1483985164428,28.3861497778979));
#7514=CARTESIAN_POINT('Ctrl Pts',(152.,51.4617035608688,28.2588396450274));
#7515=CARTESIAN_POINT('Ctrl Pts',(152.,51.6776323682981,27.9988601527363));
#7516=CARTESIAN_POINT('Ctrl Pts',(152.,51.7837630212307,27.8710782527924));
#7517=CARTESIAN_POINT('',(150.,50.9890852868557,28.4508860111237));
#7518=CARTESIAN_POINT('Ctrl Pts',(150.,49.5259200036526,28.6180078983307));
#7519=CARTESIAN_POINT('Ctrl Pts',(152.,49.5259200036526,28.6180078983307));
#7520=CARTESIAN_POINT('Ctrl Pts',(150.,49.8085113001038,28.6160452423674));
#7521=CARTESIAN_POINT('Ctrl Pts',(152.,49.8085113001038,28.6160452423674));
#7522=CARTESIAN_POINT('Ctrl Pts',(150.,50.3027755045167,28.6126124735581));
#7523=CARTESIAN_POINT('Ctrl Pts',(152.,50.3027755045167,28.6126124735581));
#7524=CARTESIAN_POINT('Ctrl Pts',(150.,50.7832975688795,28.4993791559064));
#7525=CARTESIAN_POINT('Ctrl Pts',(152.,50.7832975688795,28.4993791559064));
#7526=CARTESIAN_POINT('Ctrl Pts',(150.,50.9890852868557,28.4508860111237));
#7527=CARTESIAN_POINT('Ctrl Pts',(152.,50.9890852868557,28.4508860111237));
#7528=CARTESIAN_POINT('',(150.,49.5259200036526,28.6180078983307));
#7529=CARTESIAN_POINT('Ctrl Pts',(150.,50.9890852868557,28.4508860111237));
#7530=CARTESIAN_POINT('Ctrl Pts',(150.,50.7832975688795,28.4993791559064));
#7531=CARTESIAN_POINT('Ctrl Pts',(150.,50.3027755045167,28.6126124735581));
#7532=CARTESIAN_POINT('Ctrl Pts',(150.,49.8085113001038,28.6160452423674));
#7533=CARTESIAN_POINT('Ctrl Pts',(150.,49.5259200036526,28.6180078983307));
#7534=CARTESIAN_POINT('',(152.,49.5259200036526,28.6180078983307));
#7535=CARTESIAN_POINT('Ctrl Pts',(152.,49.5259200036526,28.6180078983307));
#7536=CARTESIAN_POINT('Ctrl Pts',(152.,49.8085113001038,28.6160452423674));
#7537=CARTESIAN_POINT('Ctrl Pts',(152.,50.3027755045167,28.6126124735581));
#7538=CARTESIAN_POINT('Ctrl Pts',(152.,50.7832975688795,28.4993791559064));
#7539=CARTESIAN_POINT('Ctrl Pts',(152.,50.9890852868557,28.4508860111237));
#7540=CARTESIAN_POINT('',(150.,49.5259200036526,28.6180078983307));
#7541=CARTESIAN_POINT('Origin',(150.,47.2135029733181,28.6180078983307));
#7542=CARTESIAN_POINT('',(150.,47.2135029733181,28.6180078983307));
#7543=CARTESIAN_POINT('',(150.,23.606751486659,28.6180078983307));
#7544=CARTESIAN_POINT('',(152.,47.2135029733181,28.6180078983307));
#7545=CARTESIAN_POINT('',(152.,49.5259200036526,28.6180078983307));
#7546=CARTESIAN_POINT('',(150.,47.2135029733181,28.6180078983307));
#7547=CARTESIAN_POINT('Origin',(150.,47.2135029733181,25.1800811290741));
#7548=CARTESIAN_POINT('',(150.,47.2135029733181,12.590040564537));
#7549=CARTESIAN_POINT('',(152.,47.2135029733181,28.6180078983307));
#7550=CARTESIAN_POINT('Origin',(150.,45.8901749551296,33.9999997615814));
#7551=CARTESIAN_POINT('',(150.,45.8901749551296,23.9999997615814));
#7552=CARTESIAN_POINT('',(150.,45.8901749551296,33.9999997615814));
#7553=CARTESIAN_POINT('',(150.,45.8901749551296,16.9999998807907));
#7554=CARTESIAN_POINT('',(152.,45.8901749551296,23.9999997615814));
#7555=CARTESIAN_POINT('',(150.,45.8901749551296,23.9999997615814));
#7556=CARTESIAN_POINT('',(152.,45.8901749551296,33.9999997615814));
#7557=CARTESIAN_POINT('',(152.,45.8901749551296,23.9999997615814));
#7558=CARTESIAN_POINT('',(150.,45.8901749551296,33.9999997615814));
#7559=CARTESIAN_POINT('Origin',(150.,49.641882032156,33.9999997615814));
#7560=CARTESIAN_POINT('',(150.,49.641882032156,33.9999997615814));
#7561=CARTESIAN_POINT('',(150.,24.820941016078,33.9999997615814));
#7562=CARTESIAN_POINT('',(152.,49.641882032156,33.9999997615814));
#7563=CARTESIAN_POINT('',(152.,45.8901749551296,33.9999997615814));
#7564=CARTESIAN_POINT('',(150.,49.641882032156,33.9999997615814));
#7565=CARTESIAN_POINT('Ctrl Pts',(150.,51.4802180230618,33.6964529752731));
#7566=CARTESIAN_POINT('Ctrl Pts',(152.,51.4802180230618,33.6964529752731));
#7567=CARTESIAN_POINT('Ctrl Pts',(150.,51.2138127921239,33.7847315220222));
#7568=CARTESIAN_POINT('Ctrl Pts',(152.,51.2138127921239,33.7847315220222));
#7569=CARTESIAN_POINT('Ctrl Pts',(150.,50.6179895237125,33.982169132648));
#7570=CARTESIAN_POINT('Ctrl Pts',(152.,50.6179895237125,33.982169132648));
#7571=CARTESIAN_POINT('Ctrl Pts',(150.,49.9894101982534,33.9936514384437));
#7572=CARTESIAN_POINT('Ctrl Pts',(152.,49.9894101982534,33.9936514384437));
#7573=CARTESIAN_POINT('Ctrl Pts',(150.,49.641882032156,33.9999997615814));
#7574=CARTESIAN_POINT('Ctrl Pts',(152.,49.641882032156,33.9999997615814));
#7575=CARTESIAN_POINT('',(150.,51.4802180230618,33.6964529752731));
#7576=CARTESIAN_POINT('Ctrl Pts',(150.,49.641882032156,33.9999997615814));
#7577=CARTESIAN_POINT('Ctrl Pts',(150.,49.9894101982534,33.9936514384437));
#7578=CARTESIAN_POINT('Ctrl Pts',(150.,50.6179895237125,33.982169132648));
#7579=CARTESIAN_POINT('Ctrl Pts',(150.,51.2138127921239,33.7847315220222));
#7580=CARTESIAN_POINT('Ctrl Pts',(150.,51.4802180230618,33.6964529752731));
#7581=CARTESIAN_POINT('',(152.,51.4802180230618,33.6964529752731));
#7582=CARTESIAN_POINT('Ctrl Pts',(152.,51.4802180230618,33.6964529752731));
#7583=CARTESIAN_POINT('Ctrl Pts',(152.,51.2138127921239,33.7847315220222));
#7584=CARTESIAN_POINT('Ctrl Pts',(152.,50.6179895237125,33.982169132648));
#7585=CARTESIAN_POINT('Ctrl Pts',(152.,49.9894101982534,33.9936514384437));
#7586=CARTESIAN_POINT('Ctrl Pts',(152.,49.641882032156,33.9999997615814));
#7587=CARTESIAN_POINT('',(150.,51.4802180230618,33.6964529752731));
#7588=CARTESIAN_POINT('Ctrl Pts',(150.,52.5647984445095,32.7619367837906));
#7589=CARTESIAN_POINT('Ctrl Pts',(152.,52.5647984445095,32.7619367837906));
#7590=CARTESIAN_POINT('Ctrl Pts',(150.,52.4210188595119,32.9588499633656));
#7591=CARTESIAN_POINT('Ctrl Pts',(152.,52.4210188595119,32.9588499633656));
#7592=CARTESIAN_POINT('Ctrl Pts',(150.,52.1321152949463,33.3545175366868));
#7593=CARTESIAN_POINT('Ctrl Pts',(152.,52.1321152949463,33.3545175366868));
#7594=CARTESIAN_POINT('Ctrl Pts',(150.,51.6981901947455,33.5821214489134));
#7595=CARTESIAN_POINT('Ctrl Pts',(152.,51.6981901947455,33.5821214489134));
#7596=CARTESIAN_POINT('Ctrl Pts',(150.,51.4802180230618,33.6964529752731));
#7597=CARTESIAN_POINT('Ctrl Pts',(152.,51.4802180230618,33.6964529752731));
#7598=CARTESIAN_POINT('',(150.,52.5647984445095,32.7619367837906));
#7599=CARTESIAN_POINT('Ctrl Pts',(150.,51.4802180230618,33.6964529752731));
#7600=CARTESIAN_POINT('Ctrl Pts',(150.,51.6981901947455,33.5821214489134));
#7601=CARTESIAN_POINT('Ctrl Pts',(150.,52.1321152949463,33.3545175366868));
#7602=CARTESIAN_POINT('Ctrl Pts',(150.,52.4210188595119,32.9588499633656));
#7603=CARTESIAN_POINT('Ctrl Pts',(150.,52.5647984445095,32.7619367837906));
#7604=CARTESIAN_POINT('',(152.,52.5647984445095,32.7619367837906));
#7605=CARTESIAN_POINT('Ctrl Pts',(152.,52.5647984445095,32.7619367837906));
#7606=CARTESIAN_POINT('Ctrl Pts',(152.,52.4210188595119,32.9588499633656));
#7607=CARTESIAN_POINT('Ctrl Pts',(152.,52.1321152949463,33.3545175366868));
#7608=CARTESIAN_POINT('Ctrl Pts',(152.,51.6981901947455,33.5821214489134));
#7609=CARTESIAN_POINT('Ctrl Pts',(152.,51.4802180230618,33.6964529752731));
#7610=CARTESIAN_POINT('',(150.,52.5647984445095,32.7619367837906));
#7611=CARTESIAN_POINT('Ctrl Pts',(150.,52.9570256173611,31.4420187473297));
#7612=CARTESIAN_POINT('Ctrl Pts',(152.,52.9570256173611,31.4420187473297));
#7613=CARTESIAN_POINT('Ctrl Pts',(150.,52.9394150405717,31.6712701337945));
#7614=CARTESIAN_POINT('Ctrl Pts',(152.,52.9394150405717,31.6712701337945));
#7615=CARTESIAN_POINT('Ctrl Pts',(150.,52.9034757981859,32.139120860321));
#7616=CARTESIAN_POINT('Ctrl Pts',(152.,52.9034757981859,32.139120860321));
#7617=CARTESIAN_POINT('Ctrl Pts',(150.,52.6791847216194,32.551584381904));
#7618=CARTESIAN_POINT('Ctrl Pts',(152.,52.6791847216194,32.551584381904));
#7619=CARTESIAN_POINT('Ctrl Pts',(150.,52.5647984445095,32.7619367837906));
#7620=CARTESIAN_POINT('Ctrl Pts',(152.,52.5647984445095,32.7619367837906));
#7621=CARTESIAN_POINT('',(150.,52.9570256173611,31.4420187473297));
#7622=CARTESIAN_POINT('Ctrl Pts',(150.,52.5647984445095,32.7619367837906));
#7623=CARTESIAN_POINT('Ctrl Pts',(150.,52.6791847216194,32.551584381904));
#7624=CARTESIAN_POINT('Ctrl Pts',(150.,52.9034757981859,32.139120860321));
#7625=CARTESIAN_POINT('Ctrl Pts',(150.,52.9394150405717,31.6712701337945));
#7626=CARTESIAN_POINT('Ctrl Pts',(150.,52.9570256173611,31.4420187473297));
#7627=CARTESIAN_POINT('',(152.,52.9570256173611,31.4420187473297));
#7628=CARTESIAN_POINT('Ctrl Pts',(152.,52.9570256173611,31.4420187473297));
#7629=CARTESIAN_POINT('Ctrl Pts',(152.,52.9394150405717,31.6712701337945));
#7630=CARTESIAN_POINT('Ctrl Pts',(152.,52.9034757981859,32.139120860321));
#7631=CARTESIAN_POINT('Ctrl Pts',(152.,52.6791847216194,32.551584381904));
#7632=CARTESIAN_POINT('Ctrl Pts',(152.,52.5647984445095,32.7619367837906));
#7633=CARTESIAN_POINT('',(150.,52.9570256173611,31.4420187473297));
#7634=CARTESIAN_POINT('Ctrl Pts',(150.,52.6091395318508,30.2346527576447));
#7635=CARTESIAN_POINT('Ctrl Pts',(152.,52.6091395318508,30.2346527576447));
#7636=CARTESIAN_POINT('Ctrl Pts',(150.,52.7106042934694,30.4254725321858));
#7637=CARTESIAN_POINT('Ctrl Pts',(152.,52.7106042934694,30.4254725321858));
#7638=CARTESIAN_POINT('Ctrl Pts',(150.,52.9116342516348,30.8035396628942));
#7639=CARTESIAN_POINT('Ctrl Pts',(152.,52.9116342516348,30.8035396628942));
#7640=CARTESIAN_POINT('Ctrl Pts',(150.,52.941990776715,31.2305373094678));
#7641=CARTESIAN_POINT('Ctrl Pts',(152.,52.941990776715,31.2305373094678));
#7642=CARTESIAN_POINT('Ctrl Pts',(150.,52.9570256173611,31.4420187473297));
#7643=CARTESIAN_POINT('Ctrl Pts',(152.,52.9570256173611,31.4420187473297));
#7644=CARTESIAN_POINT('',(150.,52.6091395318508,30.2346527576447));
#7645=CARTESIAN_POINT('Ctrl Pts',(150.,52.9570256173611,31.4420187473297));
#7646=CARTESIAN_POINT('Ctrl Pts',(150.,52.941990776715,31.2305373094678));
#7647=CARTESIAN_POINT('Ctrl Pts',(150.,52.9116342516348,30.8035396628942));
#7648=CARTESIAN_POINT('Ctrl Pts',(150.,52.7106042934694,30.4254725321858));
#7649=CARTESIAN_POINT('Ctrl Pts',(150.,52.6091395318508,30.2346527576447));
#7650=CARTESIAN_POINT('',(152.,52.6091395318508,30.2346527576447));
#7651=CARTESIAN_POINT('Ctrl Pts',(152.,52.6091395318508,30.2346527576447));
#7652=CARTESIAN_POINT('Ctrl Pts',(152.,52.7106042934694,30.4254725321858));
#7653=CARTESIAN_POINT('Ctrl Pts',(152.,52.9116342516348,30.8035396628942));
#7654=CARTESIAN_POINT('Ctrl Pts',(152.,52.941990776715,31.2305373094678));
#7655=CARTESIAN_POINT('Ctrl Pts',(152.,52.9570256173611,31.4420187473297));
#7656=CARTESIAN_POINT('',(150.,52.6091395318508,30.2346527576447));
#7657=CARTESIAN_POINT('Ctrl Pts',(150.,51.5586625039577,29.3206000328064));
#7658=CARTESIAN_POINT('Ctrl Pts',(152.,51.5586625039577,29.3206000328064));
#7659=CARTESIAN_POINT('Ctrl Pts',(150.,51.7752534008688,29.4411879370269));
#7660=CARTESIAN_POINT('Ctrl Pts',(152.,51.7752534008688,29.4411879370269));
#7661=CARTESIAN_POINT('Ctrl Pts',(150.,52.1902813150469,29.6722564956667));
#7662=CARTESIAN_POINT('Ctrl Pts',(152.,52.1902813150469,29.6722564956667));
#7663=CARTESIAN_POINT('Ctrl Pts',(150.,52.4736517949975,30.05273488259));
#7664=CARTESIAN_POINT('Ctrl Pts',(152.,52.4736517949975,30.05273488259));
#7665=CARTESIAN_POINT('Ctrl Pts',(150.,52.6091395318508,30.2346527576447));
#7666=CARTESIAN_POINT('Ctrl Pts',(152.,52.6091395318508,30.2346527576447));
#7667=CARTESIAN_POINT('',(150.,51.5586625039577,29.3206000328064));
#7668=CARTESIAN_POINT('Ctrl Pts',(150.,52.6091395318508,30.2346527576447));
#7669=CARTESIAN_POINT('Ctrl Pts',(150.,52.4736517949975,30.05273488259));
#7670=CARTESIAN_POINT('Ctrl Pts',(150.,52.1902813150469,29.6722564956667));
#7671=CARTESIAN_POINT('Ctrl Pts',(150.,51.7752534008688,29.4411879370269));
#7672=CARTESIAN_POINT('Ctrl Pts',(150.,51.5586625039577,29.3206000328064));
#7673=CARTESIAN_POINT('',(152.,51.5586625039577,29.3206000328064));
#7674=CARTESIAN_POINT('Ctrl Pts',(152.,51.5586625039577,29.3206000328064));
#7675=CARTESIAN_POINT('Ctrl Pts',(152.,51.7752534008688,29.4411879370269));
#7676=CARTESIAN_POINT('Ctrl Pts',(152.,52.1902813150469,29.6722564956667));
#7677=CARTESIAN_POINT('Ctrl Pts',(152.,52.4736517949975,30.05273488259));
#7678=CARTESIAN_POINT('Ctrl Pts',(152.,52.6091395318508,30.2346527576447));
#7679=CARTESIAN_POINT('',(150.,51.5586625039577,29.3206000328064));
#7680=CARTESIAN_POINT('Ctrl Pts',(150.,52.9536114633083,28.4133696556091));
#7681=CARTESIAN_POINT('Ctrl Pts',(152.,52.9536114633083,28.4133696556091));
#7682=CARTESIAN_POINT('Ctrl Pts',(150.,52.7675233929724,28.61316707855));
#7683=CARTESIAN_POINT('Ctrl Pts',(152.,52.7675233929724,28.61316707855));
#7684=CARTESIAN_POINT('Ctrl Pts',(150.,52.3785999469644,29.030743025753));
#7685=CARTESIAN_POINT('Ctrl Pts',(152.,52.3785999469644,29.030743025753));
#7686=CARTESIAN_POINT('Ctrl Pts',(150.,51.8397099732759,29.2212466260419));
#7687=CARTESIAN_POINT('Ctrl Pts',(152.,51.8397099732759,29.2212466260419));
#7688=CARTESIAN_POINT('Ctrl Pts',(150.,51.5586625039577,29.3206000328064));
#7689=CARTESIAN_POINT('Ctrl Pts',(152.,51.5586625039577,29.3206000328064));
#7690=CARTESIAN_POINT('',(150.,52.9536114633083,28.4133696556091));
#7691=CARTESIAN_POINT('Ctrl Pts',(150.,51.5586625039577,29.3206000328064));
#7692=CARTESIAN_POINT('Ctrl Pts',(150.,51.8397099732759,29.2212466260419));
#7693=CARTESIAN_POINT('Ctrl Pts',(150.,52.3785999469644,29.030743025753));
#7694=CARTESIAN_POINT('Ctrl Pts',(150.,52.7675233929724,28.61316707855));
#7695=CARTESIAN_POINT('Ctrl Pts',(150.,52.9536114633083,28.4133696556091));
#7696=CARTESIAN_POINT('',(152.,52.9536114633083,28.4133696556091));
#7697=CARTESIAN_POINT('Ctrl Pts',(152.,52.9536114633083,28.4133696556091));
#7698=CARTESIAN_POINT('Ctrl Pts',(152.,52.7675233929724,28.61316707855));
#7699=CARTESIAN_POINT('Ctrl Pts',(152.,52.3785999469644,29.030743025753));
#7700=CARTESIAN_POINT('Ctrl Pts',(152.,51.8397099732759,29.2212466260419));
#7701=CARTESIAN_POINT('Ctrl Pts',(152.,51.5586625039577,29.3206000328064));
#7702=CARTESIAN_POINT('',(150.,52.9536114633083,28.4133696556091));
#7703=CARTESIAN_POINT('Ctrl Pts',(150.,53.4413348138332,26.8990445137024));
#7704=CARTESIAN_POINT('Ctrl Pts',(152.,53.4413348138332,26.8990445137024));
#7705=CARTESIAN_POINT('Ctrl Pts',(150.,53.4228413251433,27.1779828356519));
#7706=CARTESIAN_POINT('Ctrl Pts',(152.,53.4228413251433,27.1779828356519));
#7707=CARTESIAN_POINT('Ctrl Pts',(150.,53.3866424908824,27.7239718729027));
#7708=CARTESIAN_POINT('Ctrl Pts',(152.,53.3866424908824,27.7239718729027));
#7709=CARTESIAN_POINT('Ctrl Pts',(150.,53.0958446632205,28.1869303327827));
#7710=CARTESIAN_POINT('Ctrl Pts',(152.,53.0958446632205,28.1869303327827));
#7711=CARTESIAN_POINT('Ctrl Pts',(150.,52.9536114633083,28.4133696556091));
#7712=CARTESIAN_POINT('Ctrl Pts',(152.,52.9536114633083,28.4133696556091));
#7713=CARTESIAN_POINT('',(150.,53.4413348138332,26.8990445137024));
#7714=CARTESIAN_POINT('Ctrl Pts',(150.,52.9536114633083,28.4133696556091));
#7715=CARTESIAN_POINT('Ctrl Pts',(150.,53.0958446632205,28.1869303327827));
#7716=CARTESIAN_POINT('Ctrl Pts',(150.,53.3866424908824,27.7239718729027));
#7717=CARTESIAN_POINT('Ctrl Pts',(150.,53.4228413251433,27.1779828356519));
#7718=CARTESIAN_POINT('Ctrl Pts',(150.,53.4413348138332,26.8990445137024));
#7719=CARTESIAN_POINT('',(152.,53.4413348138332,26.8990445137024));
#7720=CARTESIAN_POINT('Ctrl Pts',(152.,53.4413348138332,26.8990445137024));
#7721=CARTESIAN_POINT('Ctrl Pts',(152.,53.4228413251433,27.1779828356519));
#7722=CARTESIAN_POINT('Ctrl Pts',(152.,53.3866424908824,27.7239718729027));
#7723=CARTESIAN_POINT('Ctrl Pts',(152.,53.0958446632205,28.1869303327827));
#7724=CARTESIAN_POINT('Ctrl Pts',(152.,52.9536114633083,28.4133696556091));
#7725=CARTESIAN_POINT('',(150.,53.4413348138332,26.8990445137024));
#7726=CARTESIAN_POINT('Ctrl Pts',(150.,53.1446085870266,25.5927693843842));
#7727=CARTESIAN_POINT('Ctrl Pts',(152.,53.1446085870266,25.5927693843842));
#7728=CARTESIAN_POINT('Ctrl Pts',(150.,53.2311506053332,25.7994143485017));
#7729=CARTESIAN_POINT('Ctrl Pts',(152.,53.2311506053332,25.7994143485017));
#7730=CARTESIAN_POINT('Ctrl Pts',(150.,53.4062157575496,26.2174347830355));
#7731=CARTESIAN_POINT('Ctrl Pts',(152.,53.4062157575496,26.2174347830355));
#7732=CARTESIAN_POINT('Ctrl Pts',(150.,53.4295404774161,26.6701336225973));
#7733=CARTESIAN_POINT('Ctrl Pts',(152.,53.4295404774161,26.6701336225973));
#7734=CARTESIAN_POINT('Ctrl Pts',(150.,53.4413348138332,26.8990445137024));
#7735=CARTESIAN_POINT('Ctrl Pts',(152.,53.4413348138332,26.8990445137024));
#7736=CARTESIAN_POINT('',(150.,53.1446085870266,25.5927693843842));
#7737=CARTESIAN_POINT('Ctrl Pts',(150.,53.4413348138332,26.8990445137024));
#7738=CARTESIAN_POINT('Ctrl Pts',(150.,53.4295404774161,26.6701336225973));
#7739=CARTESIAN_POINT('Ctrl Pts',(150.,53.4062157575496,26.2174347830355));
#7740=CARTESIAN_POINT('Ctrl Pts',(150.,53.2311506053332,25.7994143485017));
#7741=CARTESIAN_POINT('Ctrl Pts',(150.,53.1446085870266,25.5927693843842));
#7742=CARTESIAN_POINT('',(152.,53.1446085870266,25.5927693843842));
#7743=CARTESIAN_POINT('Ctrl Pts',(152.,53.1446085870266,25.5927693843842));
#7744=CARTESIAN_POINT('Ctrl Pts',(152.,53.2311506053332,25.7994143485017));
#7745=CARTESIAN_POINT('Ctrl Pts',(152.,53.4062157575496,26.2174347830355));
#7746=CARTESIAN_POINT('Ctrl Pts',(152.,53.4295404774161,26.6701336225973));
#7747=CARTESIAN_POINT('Ctrl Pts',(152.,53.4413348138332,26.8990445137024));
#7748=CARTESIAN_POINT('',(150.,53.1446085870266,25.5927693843842));
#7749=CARTESIAN_POINT('Ctrl Pts',(150.,52.4113236367702,24.6616637706757));
#7750=CARTESIAN_POINT('Ctrl Pts',(152.,52.4113236367702,24.6616637706757));
#7751=CARTESIAN_POINT('Ctrl Pts',(150.,52.5533924630684,24.7872804661665));
#7752=CARTESIAN_POINT('Ctrl Pts',(152.,52.5533924630684,24.7872804661665));
#7753=CARTESIAN_POINT('Ctrl Pts',(150.,52.8538447438483,25.0529391869971));
#7754=CARTESIAN_POINT('Ctrl Pts',(152.,52.8538447438483,25.0529391869971));
#7755=CARTESIAN_POINT('Ctrl Pts',(150.,53.0442411169674,25.4064278139157));
#7756=CARTESIAN_POINT('Ctrl Pts',(152.,53.0442411169674,25.4064278139157));
#7757=CARTESIAN_POINT('Ctrl Pts',(150.,53.1446085870266,25.5927693843842));
#7758=CARTESIAN_POINT('Ctrl Pts',(152.,53.1446085870266,25.5927693843842));
#7759=CARTESIAN_POINT('',(150.,52.4113236367702,24.6616637706757));
#7760=CARTESIAN_POINT('Ctrl Pts',(150.,53.1446085870266,25.5927693843842));
#7761=CARTESIAN_POINT('Ctrl Pts',(150.,53.0442411169674,25.4064278139157));
#7762=CARTESIAN_POINT('Ctrl Pts',(150.,52.8538447438483,25.0529391869971));
#7763=CARTESIAN_POINT('Ctrl Pts',(150.,52.5533924630684,24.7872804661665));
#7764=CARTESIAN_POINT('Ctrl Pts',(150.,52.4113236367702,24.6616637706757));
#7765=CARTESIAN_POINT('',(152.,52.4113236367702,24.6616637706757));
#7766=CARTESIAN_POINT('Ctrl Pts',(152.,52.4113236367702,24.6616637706757));
#7767=CARTESIAN_POINT('Ctrl Pts',(152.,52.5533924630684,24.7872804661665));
#7768=CARTESIAN_POINT('Ctrl Pts',(152.,52.8538447438483,25.0529391869971));
#7769=CARTESIAN_POINT('Ctrl Pts',(152.,53.0442411169674,25.4064278139157));
#7770=CARTESIAN_POINT('Ctrl Pts',(152.,53.1446085870266,25.5927693843842));
#7771=CARTESIAN_POINT('',(150.,52.4113236367702,24.6616637706757));
#7772=CARTESIAN_POINT('Ctrl Pts',(150.,51.3165055215359,24.1671216487885));
#7773=CARTESIAN_POINT('Ctrl Pts',(152.,51.3165055215359,24.1671216487885));
#7774=CARTESIAN_POINT('Ctrl Pts',(150.,51.5220603889062,24.2261284400585));
#7775=CARTESIAN_POINT('Ctrl Pts',(152.,51.5220603889062,24.2261284400585));
#7776=CARTESIAN_POINT('Ctrl Pts',(150.,51.9113417647746,24.3378759514896));
#7777=CARTESIAN_POINT('Ctrl Pts',(152.,51.9113417647746,24.3378759514896));
#7778=CARTESIAN_POINT('Ctrl Pts',(150.,52.2510118397421,24.5578459923583));
#7779=CARTESIAN_POINT('Ctrl Pts',(152.,52.2510118397421,24.5578459923583));
#7780=CARTESIAN_POINT('Ctrl Pts',(150.,52.4113236367702,24.6616637706757));
#7781=CARTESIAN_POINT('Ctrl Pts',(152.,52.4113236367702,24.6616637706757));
#7782=CARTESIAN_POINT('',(150.,51.3165055215359,24.1671216487885));
#7783=CARTESIAN_POINT('Ctrl Pts',(150.,52.4113236367702,24.6616637706757));
#7784=CARTESIAN_POINT('Ctrl Pts',(150.,52.2510118397421,24.5578459923583));
#7785=CARTESIAN_POINT('Ctrl Pts',(150.,51.9113417647746,24.3378759514896));
#7786=CARTESIAN_POINT('Ctrl Pts',(150.,51.5220603889062,24.2261284400585));
#7787=CARTESIAN_POINT('Ctrl Pts',(150.,51.3165055215359,24.1671216487885));
#7788=CARTESIAN_POINT('',(152.,51.3165055215359,24.1671216487885));
#7789=CARTESIAN_POINT('Ctrl Pts',(152.,51.3165055215359,24.1671216487885));
#7790=CARTESIAN_POINT('Ctrl Pts',(152.,51.5220603889062,24.2261284400585));
#7791=CARTESIAN_POINT('Ctrl Pts',(152.,51.9113417647746,24.3378759514896));
#7792=CARTESIAN_POINT('Ctrl Pts',(152.,52.2510118397421,24.5578459923583));
#7793=CARTESIAN_POINT('Ctrl Pts',(152.,52.4113236367702,24.6616637706757));
#7794=CARTESIAN_POINT('',(150.,51.3165055215359,24.1671216487885));
#7795=CARTESIAN_POINT('Ctrl Pts',(150.,49.7032748162746,23.9999997615814));
#7796=CARTESIAN_POINT('Ctrl Pts',(152.,49.7032748162746,23.9999997615814));
#7797=CARTESIAN_POINT('Ctrl Pts',(150.,49.9979261946219,24.0042526928651));
#7798=CARTESIAN_POINT('Ctrl Pts',(152.,49.9979261946219,24.0042526928651));
#7799=CARTESIAN_POINT('Ctrl Pts',(150.,50.5408814464565,24.0120895860408));
#7800=CARTESIAN_POINT('Ctrl Pts',(152.,50.5408814464565,24.0120895860408));
#7801=CARTESIAN_POINT('Ctrl Pts',(150.,51.0731080603896,24.1184712630134));
#7802=CARTESIAN_POINT('Ctrl Pts',(152.,51.0731080603896,24.1184712630134));
#7803=CARTESIAN_POINT('Ctrl Pts',(150.,51.3165055215359,24.1671216487885));
#7804=CARTESIAN_POINT('Ctrl Pts',(152.,51.3165055215359,24.1671216487885));
#7805=CARTESIAN_POINT('',(150.,49.7032748162746,23.9999997615814));
#7806=CARTESIAN_POINT('Ctrl Pts',(150.,51.3165055215359,24.1671216487885));
#7807=CARTESIAN_POINT('Ctrl Pts',(150.,51.0731080603896,24.1184712630134));
#7808=CARTESIAN_POINT('Ctrl Pts',(150.,50.5408814464565,24.0120895860408));
#7809=CARTESIAN_POINT('Ctrl Pts',(150.,49.9979261946219,24.0042526928651));
#7810=CARTESIAN_POINT('Ctrl Pts',(150.,49.7032748162746,23.9999997615814));
#7811=CARTESIAN_POINT('',(152.,49.7032748162746,23.9999997615814));
#7812=CARTESIAN_POINT('Ctrl Pts',(152.,49.7032748162746,23.9999997615814));
#7813=CARTESIAN_POINT('Ctrl Pts',(152.,49.9979261946219,24.0042526928651));
#7814=CARTESIAN_POINT('Ctrl Pts',(152.,50.5408814464565,24.0120895860408));
#7815=CARTESIAN_POINT('Ctrl Pts',(152.,51.0731080603896,24.1184712630134));
#7816=CARTESIAN_POINT('Ctrl Pts',(152.,51.3165055215359,24.1671216487885));
#7817=CARTESIAN_POINT('',(150.,49.7032748162746,23.9999997615814));
#7818=CARTESIAN_POINT('Origin',(150.,45.8901749551296,23.9999997615814));
#7819=CARTESIAN_POINT('',(150.,22.9450874775648,23.9999997615814));
#7820=CARTESIAN_POINT('',(152.,49.7032748162746,23.9999997615814));
#7821=CARTESIAN_POINT('Origin',(152.,39.9999986588955,28.999999165535));
#7822=CARTESIAN_POINT('Origin',(150.,0.,0.));
#7823=CARTESIAN_POINT('',(150.,5.,5.));
#7824=CARTESIAN_POINT('',(150.,5.,65.));
#7825=CARTESIAN_POINT('',(150.,5.,0.));
#7826=CARTESIAN_POINT('',(150.,75.,5.));
#7827=CARTESIAN_POINT('',(150.,20.,5.));
#7828=CARTESIAN_POINT('',(150.,75.,65.));
#7829=CARTESIAN_POINT('',(150.,75.,0.));
#7830=CARTESIAN_POINT('',(150.,20.,65.));
#7831=CARTESIAN_POINT('',(150.,33.75,50.));
#7832=CARTESIAN_POINT('Origin',(150.,40.,50.));
#7833=CARTESIAN_POINT('Origin',(150.,0.,0.));
#7834=CARTESIAN_POINT('Origin',(145.,75.,5.));
#7835=CARTESIAN_POINT('',(145.,80.,5.));
#7836=CARTESIAN_POINT('Origin',(145.,75.,5.));
#7837=CARTESIAN_POINT('',(145.,75.,0.));
#7838=CARTESIAN_POINT('Origin',(145.,75.,5.));
#7839=CARTESIAN_POINT('Origin',(145.,75.,5.));
#7840=CARTESIAN_POINT('Origin',(5.,75.,5.));
#7841=CARTESIAN_POINT('',(5.,75.,0.));
#7842=CARTESIAN_POINT('',(5.,80.,5.));
#7843=CARTESIAN_POINT('Origin',(5.,75.,5.));
#7844=CARTESIAN_POINT('Origin',(5.,75.,5.));
#7845=CARTESIAN_POINT('Origin',(5.,75.,5.));
#7846=CARTESIAN_POINT('Origin',(145.,75.,65.));
#7847=CARTESIAN_POINT('',(145.,75.,70.));
#7848=CARTESIAN_POINT('Origin',(145.,75.,65.));
#7849=CARTESIAN_POINT('',(145.,80.,65.));
#7850=CARTESIAN_POINT('Origin',(145.,75.,65.));
#7851=CARTESIAN_POINT('Origin',(145.,75.,65.));
#7852=CARTESIAN_POINT('Origin',(145.,75.,0.));
#7853=CARTESIAN_POINT('',(145.,80.,0.));
#7854=CARTESIAN_POINT('Origin',(145.,5.,5.));
#7855=CARTESIAN_POINT('',(145.,0.,5.));
#7856=CARTESIAN_POINT('Origin',(145.,5.,5.));
#7857=CARTESIAN_POINT('',(145.,5.,0.));
#7858=CARTESIAN_POINT('Origin',(145.,5.,5.));
#7859=CARTESIAN_POINT('Origin',(145.,5.,5.));
#7860=CARTESIAN_POINT('Origin',(5.,75.,65.));
#7861=CARTESIAN_POINT('',(5.,80.,65.));
#7862=CARTESIAN_POINT('',(5.,75.,70.));
#7863=CARTESIAN_POINT('Origin',(5.,75.,65.));
#7864=CARTESIAN_POINT('Origin',(5.,75.,65.));
#7865=CARTESIAN_POINT('Origin',(5.,75.,65.));
#7866=CARTESIAN_POINT('Origin',(5.,75.,0.));
#7867=CARTESIAN_POINT('',(5.,80.,0.));
#7868=CARTESIAN_POINT('Origin',(5.,5.,5.));
#7869=CARTESIAN_POINT('',(5.,0.,5.));
#7870=CARTESIAN_POINT('Origin',(5.,5.,5.));
#7871=CARTESIAN_POINT('',(5.,5.,0.));
#7872=CARTESIAN_POINT('Origin',(5.,5.,5.));
#7873=CARTESIAN_POINT('Origin',(5.,5.,5.));
#7874=CARTESIAN_POINT('Origin',(5.,60.,5.));
#7875=CARTESIAN_POINT('',(5.,60.,0.));
#7876=CARTESIAN_POINT('Origin',(37.5,5.,5.));
#7877=CARTESIAN_POINT('',(37.5,0.,5.));
#7878=CARTESIAN_POINT('',(37.5,5.,0.));
#7879=CARTESIAN_POINT('Origin',(145.,5.,65.));
#7880=CARTESIAN_POINT('',(145.,0.,65.));
#7881=CARTESIAN_POINT('',(145.,5.,70.));
#7882=CARTESIAN_POINT('Origin',(145.,5.,65.));
#7883=CARTESIAN_POINT('Origin',(145.,5.,65.));
#7884=CARTESIAN_POINT('Origin',(145.,5.,65.));
#7885=CARTESIAN_POINT('Origin',(145.,5.,0.));
#7886=CARTESIAN_POINT('',(145.,0.,0.));
#7887=CARTESIAN_POINT('Origin',(145.,20.,65.));
#7888=CARTESIAN_POINT('',(145.,20.,70.));
#7889=CARTESIAN_POINT('Origin',(5.,5.,65.));
#7890=CARTESIAN_POINT('',(5.,5.,70.));
#7891=CARTESIAN_POINT('Origin',(5.,5.,65.));
#7892=CARTESIAN_POINT('',(5.,0.,65.));
#7893=CARTESIAN_POINT('Origin',(5.,5.,65.));
#7894=CARTESIAN_POINT('Origin',(5.,5.,65.));
#7895=CARTESIAN_POINT('Origin',(5.,5.,0.));
#7896=CARTESIAN_POINT('',(5.,0.,0.));
#7897=CARTESIAN_POINT('Origin',(37.5,5.,65.));
#7898=CARTESIAN_POINT('',(37.5,5.,70.));
#7899=CARTESIAN_POINT('',(37.5,0.,65.));
#7900=CARTESIAN_POINT('Origin',(5.,60.,65.));
#7901=CARTESIAN_POINT('',(5.,60.,70.));
#7902=CARTESIAN_POINT('Origin',(112.5,75.,65.));
#7903=CARTESIAN_POINT('',(112.5,75.,70.));
#7904=CARTESIAN_POINT('',(112.5,80.,65.));
#7905=CARTESIAN_POINT('Origin',(145.,20.,5.));
#7906=CARTESIAN_POINT('',(145.,20.,0.));
#7907=CARTESIAN_POINT('Origin',(112.5,75.,5.));
#7908=CARTESIAN_POINT('',(112.5,80.,5.));
#7909=CARTESIAN_POINT('',(112.5,75.,0.));
#7910=CARTESIAN_POINT('Origin',(150.,80.,0.));
#7911=CARTESIAN_POINT('Origin',(0.,80.,0.));
#7912=CARTESIAN_POINT('Origin',(75.,40.,0.));
#7913=CARTESIAN_POINT('Origin',(0.,0.,0.));
#7914=CARTESIAN_POINT('Origin',(150.,0.,0.));
#7915=CARTESIAN_POINT('Origin',(75.,40.,70.));
#7916=CARTESIAN_POINT('',(140.,10.,70.));
#7917=CARTESIAN_POINT('',(10.,10.,70.));
#7918=CARTESIAN_POINT('',(107.5,10.,70.));
#7919=CARTESIAN_POINT('',(10.,70.,70.));
#7920=CARTESIAN_POINT('',(10.,25.,70.));
#7921=CARTESIAN_POINT('',(140.,70.,70.));
#7922=CARTESIAN_POINT('',(42.5,70.,70.));
#7923=CARTESIAN_POINT('',(140.,55.,70.));
#7924=CARTESIAN_POINT('Origin',(10.,70.,70.));
#7925=CARTESIAN_POINT('',(140.,70.,65.));
#7926=CARTESIAN_POINT('',(10.,70.,65.));
#7927=CARTESIAN_POINT('',(42.5,70.,65.));
#7928=CARTESIAN_POINT('',(140.,70.,70.));
#7929=CARTESIAN_POINT('',(10.,70.,70.));
#7930=CARTESIAN_POINT('Origin',(10.,10.,70.));
#7931=CARTESIAN_POINT('',(10.,10.,65.));
#7932=CARTESIAN_POINT('',(10.,25.,65.));
#7933=CARTESIAN_POINT('',(10.,10.,70.));
#7934=CARTESIAN_POINT('Origin',(140.,10.,70.));
#7935=CARTESIAN_POINT('',(140.,10.,65.));
#7936=CARTESIAN_POINT('',(107.5,10.,65.));
#7937=CARTESIAN_POINT('',(140.,10.,70.));
#7938=CARTESIAN_POINT('Origin',(140.,70.,70.));
#7939=CARTESIAN_POINT('',(140.,55.,65.));
#7940=CARTESIAN_POINT('Origin',(150.,40.,50.));
#7941=CARTESIAN_POINT('',(145.,33.75,50.));
#7942=CARTESIAN_POINT('',(150.,33.75,50.));
#7943=CARTESIAN_POINT('Origin',(145.,40.,50.));
#7944=CARTESIAN_POINT('Origin',(0.,40.,35.));
#7945=CARTESIAN_POINT('',(5.,52.5,35.));
#7946=CARTESIAN_POINT('',(0.,52.5,35.));
#7947=CARTESIAN_POINT('Origin',(5.,40.,35.));
#7948=CARTESIAN_POINT('Origin',(150.,75.,0.));
#7949=CARTESIAN_POINT('',(145.,75.,5.));
#7950=CARTESIAN_POINT('',(5.,75.,5.));
#7951=CARTESIAN_POINT('',(112.5,75.,5.));
#7952=CARTESIAN_POINT('',(145.,75.,65.));
#7953=CARTESIAN_POINT('',(145.,75.,0.));
#7954=CARTESIAN_POINT('',(5.,75.,65.));
#7955=CARTESIAN_POINT('',(112.5,75.,65.));
#7956=CARTESIAN_POINT('',(5.,75.,0.));
#7957=CARTESIAN_POINT('Origin',(145.,0.,0.));
#7958=CARTESIAN_POINT('',(145.,5.,5.));
#7959=CARTESIAN_POINT('',(145.,20.,5.));
#7960=CARTESIAN_POINT('',(145.,5.,65.));
#7961=CARTESIAN_POINT('',(145.,5.,0.));
#7962=CARTESIAN_POINT('',(145.,20.,65.));
#7963=CARTESIAN_POINT('Origin',(0.,5.,0.));
#7964=CARTESIAN_POINT('',(5.,5.,5.));
#7965=CARTESIAN_POINT('',(37.5,5.,5.));
#7966=CARTESIAN_POINT('',(5.,5.,65.));
#7967=CARTESIAN_POINT('',(5.,5.,0.));
#7968=CARTESIAN_POINT('',(37.5,5.,65.));
#7969=CARTESIAN_POINT('Origin',(5.,80.,0.));
#7970=CARTESIAN_POINT('',(5.,60.,5.));
#7971=CARTESIAN_POINT('',(5.,60.,65.));
#7972=CARTESIAN_POINT('Origin',(75.,40.,65.));
#7973=CARTESIAN_POINT('Origin',(75.,40.,5.));
#7974=UNCERTAINTY_MEASURE_WITH_UNIT(LENGTH_MEASURE(0.01),#7978,
'DISTANCE_ACCURACY_VALUE',
'Maximum model space distance between geometric entities at asserted c
onnectivities');
#7975=UNCERTAINTY_MEASURE_WITH_UNIT(LENGTH_MEASURE(0.01),#7978,
'DISTANCE_ACCURACY_VALUE',
'Maximum model space distance between geometric entities at asserted c
onnectivities');
#7976=(
GEOMETRIC_REPRESENTATION_CONTEXT(3)
GLOBAL_UNCERTAINTY_ASSIGNED_CONTEXT((#7974))
GLOBAL_UNIT_ASSIGNED_CONTEXT((#7978,#7980,#7981))
REPRESENTATION_CONTEXT('','3D')
);
#7977=(
GEOMETRIC_REPRESENTATION_CONTEXT(3)
GLOBAL_UNCERTAINTY_ASSIGNED_CONTEXT((#7975))
GLOBAL_UNIT_ASSIGNED_CONTEXT((#7978,#7980,#7981))
REPRESENTATION_CONTEXT('','3D')
);
#7978=(
LENGTH_UNIT()
NAMED_UNIT(*)
SI_UNIT(.MILLI.,.METRE.)
);
#7979=(
LENGTH_UNIT()
NAMED_UNIT(*)
SI_UNIT($,.METRE.)
);
#7980=(
NAMED_UNIT(*)
PLANE_ANGLE_UNIT()
SI_UNIT($,.RADIAN.)
);
#7981=(
NAMED_UNIT(*)
SI_UNIT($,.STERADIAN.)
SOLID_ANGLE_UNIT()
);
#7982=SHAPE_DEFINITION_REPRESENTATION(#7983,#7984);
#7983=PRODUCT_DEFINITION_SHAPE('',$,#7986);
#7984=SHAPE_REPRESENTATION('',(#3954),#7976);
#7985=PRODUCT_DEFINITION_CONTEXT('part definition',#7990,'design');
#7986=PRODUCT_DEFINITION('CaseOBDCar','CaseOBDCar v4',#7987,#7985);
#7987=PRODUCT_DEFINITION_FORMATION('',$,#7992);
#7988=PRODUCT_RELATED_PRODUCT_CATEGORY('CaseOBDCar v4','CaseOBDCar v4',
(#7992));
#7989=APPLICATION_PROTOCOL_DEFINITION('international standard',
'automotive_design',2009,#7990);
#7990=APPLICATION_CONTEXT(
'Core Data for Automotive Mechanical Design Process');
#7991=PRODUCT_CONTEXT('part definition',#7990,'mechanical');
#7992=PRODUCT('CaseOBDCar','CaseOBDCar v4',$,(#7991));
#7993=PRESENTATION_STYLE_ASSIGNMENT((#7994));
#7994=SURFACE_STYLE_USAGE(.BOTH.,#7995);
#7995=SURFACE_SIDE_STYLE('',(#7996));
#7996=SURFACE_STYLE_FILL_AREA(#7997);
#7997=FILL_AREA_STYLE('Acier - Satin\X\E9',(#7998));
#7998=FILL_AREA_STYLE_COLOUR('Acier - Satin\X\E9',#7999);
#7999=COLOUR_RGB('Acier - Satin\X\E9',0.627450980392157,0.627450980392157,
0.627450980392157);
ENDSEC;
END-ISO-10303-21;
